iteration,feasibility_error,optimality_error
0,0.6256906493091724,1.5845436978815753e-08
1,0.5326763799477329,0.0015392148297365838
2,0.3437729265551144,0.004382134472227903
3,0.46755204320163685,0.007163524028062728
4,0.46406219420666783,0.012856930746346343
5,0.23922905183080348,0.02413319028067638
6,0.2448302606728344,0.0318308960555196
7,0.2676627170921473,0.03132987673501219
8,0.13923602218616116,0.06755280740303406
9,0.13831960986573094,0.06483693522902274
10,0.16800956963329014,0.06431175864141427
11,0.2031954928245702,0.0761073677770799
12,0.12584077889393022,0.10196081332271005
13,0.09493086686239187,0.09541275654794733
14,0.11563400075921924,0.11206124752699147
15,0.039540989111119036,0.16384420859733118
16,0.05680437134351591,0.17153053933058263
17,0.06308337898259675,0.13496628570963098
18,0.07092790812804796,0.13532204577863213
19,0.04297271603870972,0.16050910423264741
20,0.02788829978422255,0.17874853427495527
21,0.0446170110030881,0.08583603519923705
22,0.033513761406817194,0.1630795790521622
23,0.033618890181684326,0.2108243953105994
24,0.00229734886554699,0.2392015245129462
25,0.014438559986581641,0.16326810980270293
26,0.01417951499932364,0.2069087229217311
27,0.0022148839344400782,0.1595299119488998
28,9.566039583850301e-05,0.16494667965712603
29,0.0012408586403316027,0.14819018741116158
30,0.010262791288521712,0.16770177889416008
31,0.005067505953146359,0.16320966737623047
32,0.007453634146255862,0.12211455213473581
33,0.016843851246989755,0.11229979956388077
34,0.046157180632031745,0.0993189349413039
35,0.007186316531776676,0.12080506260668215
36,0.018355292460979732,0.08745382671993203
37,0.03254849972343066,0.08531581430499474
38,0.02044524894608343,0.09478388856778358
39,0.019318039294703344,0.1225881968201893
40,0.03535612384570993,0.08175875029615397
41,0.02940266808337491,0.07781654023978402
42,0.03614262585433856,0.09061066556434062
43,0.027854086821304455,0.10979034295584678
44,0.05853565338377544,0.046069364404929924
45,0.0696625253781574,0.05464597361836854
46,0.0996146976107277,0.03550919734102414
47,0.05742307295822253,0.03481743353581935
48,0.08148649733113066,0.05379387079745631
49,0.04395877208127461,0.06454463489180459
50,0.06175381114509309,0.07304946637686041
51,0.048031732476294386,0.0735558603934986
52,0.03732818497834503,0.05433339166589892
53,0.03338862426479927,0.06033441864583572
54,0.04468600090629491,0.06737530169135249
55,0.022582960455105505,0.10120320810638961
56,0.029710286860900468,0.0734508925395631
57,0.019376468049389573,0.07429914570209797
58,0.020290063658602954,0.13728623673405183
59,0.042295512065775025,0.12309378605891015
60,0.05183563925511147,0.15166334471750184
61,0.03040286976208412,0.09442074724624709
62,0.023081609781675404,0.08138501862889864
63,0.021584122228383757,0.09221521957574054
64,0.054566998531287464,0.07055142252993134
65,0.02853702130390341,0.09515846101117698
66,0.06572058070975083,0.06716781488897695
67,0.04551697267437168,0.06330770201262514
68,0.025313521918512872,0.086832828934571
69,0.04049661170250717,0.0700461685562329
70,0.053084371220211,0.06174371909892662
71,0.054635577803574364,0.06186457041376788
72,0.050960708292409916,0.07732398672654676
73,0.026854328364855757,0.13254907393003124
74,0.020564438594625995,0.08184017116708751
75,0.017781444494553697,0.06537039215793163
76,0.03226901071623597,0.0660852611192936
77,0.01108156816184896,0.07222701467373766
78,0.03481931214612077,0.05921564775923829
79,0.01754665214081041,0.05278094369812537
80,0.03635375250070299,0.0978155936440811
81,0.06956405961386979,0.1037285304360303
82,0.018136166121314964,0.09513634422510835
83,0.0289088719769645,0.07668110035800212
84,0.03711954643555925,0.06978676067131727
85,0.026535076682890037,0.08006325040355843
86,0.026356549195255614,0.08578506821945205
87,0.06708966147293928,0.0646480337108727
88,0.027087526367532366,0.07146013968073266
89,0.05302854128565795,0.05185704360102489
90,0.028022508187687072,0.08681711382526745
91,0.018106294615022455,0.07449877453280652
92,0.07075208956643918,0.06152172828499782
93,0.021210366329668235,0.06430998635629097
94,0.03947754794511342,0.06271319300637784
95,0.021522528645409822,0.06920890980973228
96,0.03945295654911263,0.06942599330837824
97,0.04595399712809311,0.11222656525490841
98,0.012860475700880501,0.09661212980992288
99,0.03111323201456696,0.058906490006743056
100,0.012832829648425652,0.10816678852465489
101,0.028299996227115858,0.09437833633274258
102,0.028764890257344272,0.08690038345372993
103,0.030310389086108957,0.07673471307523201
104,0.0344844163632809,0.06863117983633919
105,0.022405848027629183,0.0817929878956504
106,0.05032399778814684,0.05931419093983468
107,0.011640259598081617,0.0951108556585012
108,0.0351845930430535,0.0741030162262554
109,0.056052499487779524,0.032338774374919506
110,0.04039217424253214,0.050391015134674776
111,0.032298900313328154,0.06193743446693112
112,0.04158345376892706,0.05416640581523576
113,0.03907787555041468,0.07418773952501989
114,0.036108836919185615,0.0833694674067682
115,0.06805918192410687,0.07377142357042148
116,0.019943402229452758,0.05478026890550105
117,0.01127337340702303,0.08102153235251847
118,0.006654188366258401,0.08167898714601447
119,0.010488816999380432,0.12132963834105705
120,0.013091103686470476,0.09950384855067702
121,0.010016362834242471,0.09890113663106997
122,0.008108364399379947,0.11690534111351226
123,0.01359496915276251,0.04189476322005142
124,0.009970715946179745,0.08111695342080256
125,0.03348950044990135,0.057790182163048494
126,0.0627538164191034,0.06573440210827447
127,0.02556591250593686,0.05136007166820863
128,0.047994844869040675,0.06115925108851339
129,0.05274211678579415,0.04118737349176619
130,0.044068647035328805,0.04304862749350403
131,0.07399660595940889,0.055693192452024094
132,0.034422626306524984,0.04269225254939033
133,0.03436443555669506,0.0765248608264167
134,0.02104119598066491,0.0642835642594341
135,0.03115221997447141,0.07651026148201956
136,0.03650707302785595,0.06649064951128342
137,0.0397349026464476,0.06519361082876214
138,0.0380821359465126,0.05299458983773889
139,0.008157019709564985,0.07539118067166935
140,0.02073578924930009,0.08038906305742795
141,0.02483861301675591,0.10227548158384873
142,0.025287258056770883,0.12436142137809958
143,0.008303123599135523,0.060870874283089425
144,0.011833757962858696,0.0802258692624523
145,0.02523311169736954,0.09469730946218076
146,0.03842474927158681,0.0784027016020044
147,0.01857697036182766,0.08468250448121357
148,0.0359270736397162,0.06912670570665416
149,0.018386062038399296,0.07244529425729733
150,0.02716750499451172,0.11137586504061024
151,0.03673745617520293,0.06465462278077132
152,0.049234361067676556,0.0834780494943847
153,0.0669733629918325,0.09335738532205214
154,0.04584573754759148,0.04279616095373901
155,0.036037022565144246,0.06642983090858832
156,0.036875719154414156,0.06257496368579897
157,0.016612901337088284,0.08801636676309765
158,0.04815316437079501,0.0734768909463286
159,0.02355234059047456,0.05096927451466604
160,0.05420902487837004,0.06268581119861438
161,0.0751494996153966,0.06752689426878017
162,0.02438451870501185,0.08474460359429282
163,0.022282766912337007,0.046711056648403894
164,0.015114203430218931,0.07125013737431676
165,0.02079799889133956,0.08628376276687022
166,0.014998704605270974,0.07249678293077895
167,0.011825133251234179,0.0724815575556005
168,0.01162875634548799,0.0901335790736459
169,0.027445624629132626,0.0991849783634718
170,0.024528194805184575,0.07391955330676957
171,0.03538729261793234,0.06554574002614648
172,0.017061005158758403,0.0701324186324407
173,0.016961419684586112,0.05010621755840297
174,0.030196312535395075,0.09279836437317819
175,0.045862170650410865,0.08997950636160408
176,0.04186766292969716,0.06765697632540163
177,0.02284451222585861,0.0574226660482881
178,0.022200074261864402,0.06994305752487028
179,0.03040348018915383,0.044074930466218167
180,0.04612563321335811,0.05717448084791319
181,0.06394593928750528,0.04917915151559609
182,0.028452824694308692,0.04737394846989451
183,0.027626332213922782,0.08170068756535577
184,0.022966375751096852,0.05134671477378908
185,0.029435589775104406,0.042800642705225454
186,0.030688843704837276,0.06058295735359474
187,0.02046417811807294,0.0502658584797969
188,0.014634641223806595,0.08390681606967469
189,0.014358710083386267,0.08689172017632245
190,0.04742515536281938,0.07654502885329409
191,0.024695672928507967,0.054999733475515955
192,0.012004352079114515,0.05770802198711058
193,0.033105391389470135,0.05427085076669578
194,0.0293958725508876,0.07306218257485426
195,0.0368226483787952,0.05089893378392637
196,0.012095461081981165,0.049978386529867726
197,0.019237792859794035,0.08967534246289773
198,0.03529687946184142,0.08189599159576055
199,0.040157155374286206,0.05563728237580304
200,0.01949256517279841,0.10068397240210708
201,0.021786666898107248,0.06292259406533178
202,0.022671249754712353,0.05230748560512625
203,0.04001769769669371,0.05410104691792503
204,0.019014085661281602,0.044189485673650906
205,0.0864272913266001,0.11993131495002218
206,0.008193505394300176,0.06088261518567747
207,0.04355030471027113,0.049722156204548694
208,0.06424729261090122,0.05943300420453291
209,0.0317904604778593,0.11599704065241956
210,0.018201019151784372,0.07628860893506184
211,0.0305952842161356,0.08201913219387409
212,0.0359859820127845,0.05653836895721215
213,0.015642417014442297,0.11024788766239184
214,0.05074760112652074,0.07745881173127782
215,0.03519945500807276,0.0385946338252444
216,0.03698593760455065,0.06908048575077134
217,0.026255065482033272,0.06041171437534496
218,0.035179817867309324,0.06268918590823414
219,0.03561301960293678,0.075980786744292
220,0.025764751681687553,0.06127802798498092
221,0.019243160663565916,0.06153676549721852
222,0.04319851030275101,0.057388250217900914
223,0.013728638509284357,0.07341160210136298
224,0.016642190563760855,0.07209550038145256
225,0.016466315907187362,0.0692070112372729
226,0.035633438648572956,0.09184431520282206
227,0.029205829582422262,0.059918630085865836
228,0.009120113904225137,0.07281741821891931
229,0.01676779196633876,0.06605716168899238
230,0.018921448582963293,0.04912542917258204
231,0.025878419179473835,0.0743072436123163
232,0.037697521511747,0.059437418473707294
233,0.04026341942488774,0.050403088074389514
234,0.02768287429162945,0.0540641494067724
235,0.019656044804236748,0.06142472778015645
236,0.021440266384115086,0.06421993276614603
237,0.014507176451305054,0.05713371434868616
238,0.023648094948918896,0.067993595763076
239,0.042385318682625815,0.06641128025104569
240,0.03611028092575843,0.044311811277601997
241,0.03454999703542782,0.06444273669047308
242,0.025831837922187215,0.06479170992259954
243,0.01998791298096393,0.04342432362120036
244,0.03787077406140201,0.06591458429330697
245,0.02771953086629404,0.09554013036780999
246,0.02030300876746846,0.06366716671818519
247,0.03678000424115543,0.10185017188440366
248,0.04618441155662025,0.09011991721206174
249,0.032586128900512656,0.08707535005272331
250,0.017739188229029115,0.07522348044707278
251,0.02986107009567995,0.04921996197662304
252,0.011638679666220253,0.0576873693201988
253,0.057545148464635494,0.04991257570276456
254,0.04286248846524806,0.050714368854161335
255,0.05238870192687861,0.07539213112534061
256,0.03880319277387425,0.06792362862680833
257,0.06953056961379424,0.04145322070553755
258,0.03948417613941361,0.05840116201805656
259,0.02998115273852125,0.062087313933726324
260,0.03173440982367378,0.04731763529881822
261,0.029091972908945368,0.05748402668341629
262,0.015207485746768152,0.059849421793992975
263,0.01580653652373852,0.11277210066711381
264,0.04308722819071487,0.09651612965918627
265,0.015392994234250919,0.07920245898721949
266,0.022083009807949767,0.07138960834361197
267,0.02749128837530329,0.06873715804688109
268,0.05062048659535806,0.09376795425573335
269,0.04284298708902018,0.08246546644794135
270,0.015934062222459883,0.0744761323569292
271,0.02162918959536474,0.0927371855668399
272,0.05694692197993373,0.08843625417037743
273,0.02115979338970458,0.09947726747479768
274,0.03240148676434352,0.060608047256174045
275,0.04835881820131496,0.09021597219997084
276,0.029011479452979102,0.0995603643183099
277,0.03415949104697726,0.04464397670776801
278,0.025000169665716544,0.05115169365853234
279,0.02356309372118356,0.06785886099141157
280,0.025084285501378742,0.046043143469436214
281,0.026899639718976964,0.0578997397427054
282,0.022135520704223016,0.06383401129314951
283,0.02689913030937451,0.04709627931128066
284,0.019897562250032523,0.071140160845694
285,0.01683819842930342,0.06272091786069572
286,0.007457936695302495,0.07138848172150547
287,0.02127523198673938,0.0650455960900732
288,0.025645034085495372,0.05693908948837865
289,0.0414265298873936,0.07104873553382252
290,0.016357698339021082,0.07151849498497781
291,0.01143415559579844,0.0636096650120566
292,0.02506784738015762,0.06420235775727721
293,0.018717830509558456,0.07498118472436112
294,0.030950664940587336,0.045854646579065544
295,0.02920677337780379,0.04208549639228798
296,0.03498145006633511,0.04794549123096325
297,0.013952566758316548,0.05529506431664677
298,0.030182668957582804,0.046872105341283964
299,0.03244123172312934,0.04008369936541972
300,0.02073695590308087,0.0518018036993624
301,0.02069193680266738,0.05453908786817161
302,0.015256887801402169,0.05055139051061782
303,0.020713094898611333,0.04426300851621373
304,0.05551326861884379,0.06904447643372323
305,0.028635438338580455,0.06130498358611627
306,0.03819828970835632,0.05908359015709825
307,0.017694588514412243,0.05499427222788711
308,0.014587174551611784,0.038477906042717974
309,0.04806400279613184,0.07328106309270392
310,0.024106476521327507,0.04337204666957208
311,0.012526924690646634,0.04989830397798528
312,0.010502751827287687,0.04115088031102255
313,0.016022481802588126,0.04914927043447161
314,0.030459921077382424,0.109022618621557
315,0.06571567452752612,0.06048584540180444
316,0.030586546614323713,0.05960846576111902
317,0.03091763887753395,0.05530816529729369
318,0.0440138296573406,0.05057147557862097
319,0.019294635476757638,0.05936665119885185
320,0.024644363349842293,0.07253484592104915
321,0.02189089037327474,0.04187737110154895
322,0.03351950489913463,0.057515518333150946
323,0.025384548585378443,0.08177666724132453
324,0.029817543073148017,0.056605278891963574
325,0.014294405528003339,0.06301518313508056
326,0.021578262904436308,0.049114748303290746
327,0.023503363389072995,0.05450552602497242
328,0.04327277064481178,0.07316507200133822
329,0.009111396053178747,0.061515880788187316
330,0.019008920870256917,0.07880251325713268
331,0.017909089888619004,0.07717701567849602
332,0.03185939938970494,0.1017302537850273
333,0.01602152726700784,0.05030298308073341
334,0.023146213388210022,0.05888845848306825
335,0.04258157655707536,0.06168104297710506
336,0.02057225624980634,0.040101247488390605
337,0.021219520605865554,0.055213761927965184
338,0.05116294570017379,0.05649787010643706
339,0.00783009550878629,0.061676068673562214
340,0.017908542852817927,0.06700119579425175
341,0.03122022100999518,0.044134565606272914
342,0.025557193899566174,0.055143668310538775
343,0.02928248362175548,0.07500647106340323
344,0.02860050001039117,0.06005246363505947
345,0.03035729951309105,0.05220682925851019
346,0.034333364864791056,0.08935920578933271
347,0.05056921361709057,0.05380123776126794
348,0.0873014838611867,0.07234882647993408
349,0.03652183425034059,0.07549557843940545
350,0.016109248733374045,0.06787796663091929
351,0.025588513181179204,0.0582367467037825
352,0.02570000977911333,0.0943061550645069
353,0.034942034353333935,0.05236438183877743
354,0.01274209495078638,0.04863703797063431
355,0.028543851348083044,0.05792454825727894
356,0.03333397859751728,0.0830165198665999
357,0.023926969831330133,0.06886634990890135
358,0.03568723595409322,0.07298595764841276
359,0.007055409621366537,0.07148057691042227
360,0.013249615282381647,0.09400064653782314
361,0.054568938668093536,0.108394997159592
362,0.008035779591563999,0.08177867169912616
363,0.015358256398983278,0.05775611555571439
364,0.02701166709304695,0.06102415829251237
365,0.018886190659379992,0.0867010565114071
366,0.02557977650904331,0.06068479781687854
367,0.009048403337629086,0.07693678350266374
368,0.022981306859680157,0.08154400032557411
369,0.06020229705279665,0.10369449995698017
370,0.01715752710798626,0.050225590584055936
371,0.024240503831941335,0.03924603513324517
372,0.04287547203911124,0.043915597427591414
373,0.040427407243236346,0.041164762451990876
374,0.04758545251736935,0.06613529648109713
375,0.02592618109335108,0.052808730693059795
376,0.032812927859493364,0.04840323536687111
377,0.039860494780916376,0.058813508825768475
378,0.02394111037843893,0.03641776842528995
379,0.027143571249408357,0.054748552919761016
380,0.021996980115678657,0.05234169577750166
381,0.022601982907613793,0.047990659779821115
382,0.02950942591943394,0.058715270150822785
383,0.007546683285846209,0.1202081132792986
384,0.015994136554896905,0.0547163762649037
385,0.023629022496696822,0.13994692777850645
386,0.00440842677101494,0.09627831466144994
387,0.00563817250427472,0.09221268702028361
388,0.007077561850580422,0.06391678976963913
389,0.026612620259009286,0.05493505047667852
390,0.008528754841002273,0.057182770201443266
391,0.01756218194839218,0.050492157460679386
392,0.01227884706060605,0.04657554849873998
393,0.019254394999293805,0.05745729597298963
394,0.030450104575783593,0.05364393080709115
395,0.02932373332869607,0.05597662885743195
396,0.012292802672436329,0.059598077264114833
397,0.023673225693502154,0.056950823347431824
398,0.04535400313395665,0.051140746838962976
399,0.02670898682080113,0.0794426758884396
400,0.026508537889455716,0.03315706687679193
401,0.021050116062702073,0.05970413099688904
402,0.018111094255280024,0.028814556507906125
403,0.039103305051062305,0.09150271793733393
404,0.01846000527878167,0.04840091217910425
405,0.025643357206149558,0.05668505979272781
406,0.01828290597498212,0.055276308522032906
407,0.03476985149481148,0.05334719623311071
408,0.038530164808895755,0.05592419977733643
409,0.029378680158266213,0.05775620001085959
410,0.006335770009825273,0.061931836570518574
411,0.01168651606813297,0.05943098919850772
412,0.031114759655805745,0.052012617829851164
413,0.030977750226229252,0.0667580646249299
414,0.026771128809868094,0.0647160944677989
415,0.021656194757082425,0.053492325164916366
416,0.029477937668717147,0.071314498164626
417,0.029728701188113434,0.053710198981556066
418,0.028089967554657588,0.048687504181932
419,0.025652699736247637,0.05199335912466683
420,0.03140246817018782,0.05258305527267202
421,0.014875766784054405,0.07549468125511659
422,0.023859793966045817,0.08497835120177484
423,0.0210310255553073,0.056136708414790126
424,0.028546904383669424,0.06633341723962334
425,0.030050811629518625,0.07966442612496248
426,0.035970310737651355,0.04740833293348271
427,0.011651410283693717,0.05741734641607054
428,0.031045154130269578,0.06211060313025613
429,0.03686101110692303,0.04704445656076619
430,0.015376834528253234,0.04784011113607948
431,0.025932172119342334,0.05451171560692677
432,0.015193107861608829,0.0520596375931033
433,0.008930945207433602,0.04631023040720288
434,0.03298824039367629,0.058087986310729645
435,0.03394274299546454,0.043977519721475455
436,0.021557475263618998,0.03791447292802181
437,0.011394911633670013,0.07001371124159496
438,0.021147464417746977,0.05406751224973344
439,0.01584200598751585,0.0680994848664241
440,0.026891330101345774,0.08254584152366483
441,0.046835345830414155,0.0459728904565164
442,0.022805634199727223,0.050324038342498933
443,0.02735197138317083,0.04581536158507784
444,0.021247398716073382,0.0561694969089884
445,0.027608843071184927,0.06165741387948915
446,0.01601267961839483,0.10754068591622545
447,0.01961417457944381,0.036979662560969406
448,0.027079317129573025,0.07188123355587842
449,0.010198662263350238,0.13686744956723446
450,0.005373094470057216,0.04189623538889265
451,0.005837575999276861,0.03341394626988208
452,0.007206353792259905,0.04828050951900531
453,0.018518015830862114,0.056117851890971536
454,0.019103323099227954,0.06629114297552756
455,0.01645691596069969,0.07427027665129347
456,0.01494539303827108,0.05434891556617833
457,0.027610205319645725,0.04272836333628421
458,0.0052951910826061445,0.06666882451729125
459,0.043483049897865,0.04476916471890035
460,0.044529414290240994,0.06371841744853275
461,0.02791543455580084,0.037274709127095414
462,0.04129860996669311,0.03789063908404256
463,0.03872557565283763,0.04786217924772009
464,0.017729986565730743,0.0458648138113635
465,0.025732380444107836,0.053125190103721874
466,0.01970037532177418,0.03875864139887788
467,0.04062436917800521,0.0681111604315116
468,0.03703322909705061,0.06294650743371637
469,0.04565397136027861,0.05517818080175651
470,0.031808885229048345,0.06849556890834028
471,0.019871195328479727,0.05694781082971275
472,0.02694674492942622,0.045228372235160054
473,0.021048968627302714,0.05074293810179006
474,0.025809356466365774,0.11406412952743163
475,0.022808845618476393,0.044243216689250096
476,0.019394833095715262,0.052875371787588166
477,0.029924098330850888,0.0742607153100605
478,0.012802785564843914,0.0935515478935031
479,0.023468315850990833,0.041237371005655034
480,0.012910114899152753,0.05842600434210985
481,0.019825777312542873,0.0651522852022714
482,0.03348514050925653,0.06487251373824815
483,0.02683266847206502,0.051221358349400524
484,0.015942507257656766,0.06287370795707907
485,0.01982887030223889,0.05840078905578808
486,0.021656480702170484,0.0467402686337802
487,0.009973378708563083,0.055471010937657377
488,0.030020557347684124,0.058630463593864666
489,0.017136360314856786,0.04733811239535529
490,0.008339599695347524,0.07481720058364973
491,0.0523757158569609,0.06887646696583323
492,0.030419704705979822,0.05722707697919427
493,0.05156686697247478,0.047214797003817754
494,0.03274199717774904,0.06062441457673944
495,0.0448757813706027,0.05274217566446284
496,0.02245491183793358,0.0539962395837811
497,0.025505267350401425,0.048456433424261446
498,0.029188032939864276,0.09319611702392418
499,0.027536145126438583,0.05512639429766116
500,0.023718029359316856,0.05041821790246013
501,0.016825736003200333,0.08142343098652201
502,0.028221373455918134,0.06964321743721358
503,0.02799157280535144,0.10258828578167489
504,0.010735387253397413,0.06173323929867919
505,0.012243355257781937,0.06522684800077613
506,0.023609283863946496,0.10230087742380556
507,0.014263953929797549,0.0772122442290112
508,0.0412889114787912,0.047985371605919445
509,0.010314766632140315,0.03682937492691121
510,0.013884680323260625,0.05759973637797113
511,0.025346167038464373,0.05040073647297306
512,0.029552364266655192,0.05555010214396861
513,0.025794631352048264,0.06709551914220835
514,0.024686966135786123,0.06543160661446257
515,0.025782373665611216,0.03906196520517815
516,0.022173418133092055,0.07399106612814119
517,0.0451804180676062,0.07360688867816674
518,0.03749964746526571,0.04552748813038695
519,0.021874371377052334,0.05580378535584319
520,0.03340702370974823,0.06462589168613998
521,0.023914954831556926,0.04887358860159898
522,0.020503697384285244,0.05583108663361671
523,0.0227666585459653,0.04927042359515449
524,0.017546710296383206,0.04874710151122421
525,0.056240678311410386,0.05903936480199066
526,0.01053168028915418,0.0724859933984338
527,0.008679116053553431,0.05113757678090151
528,0.006232309582630234,0.0759687103528141
529,0.012192242940814479,0.05732257453880359
530,0.020894333252367735,0.10083542280907844
531,0.01493855130952719,0.0585279135216201
532,0.03631788341506886,0.06767398084880842
533,0.01886774356545475,0.08485681859670934
534,0.03469692350138206,0.06495914181989644
535,0.012837717473288456,0.08753612129624018
536,0.02365743505164085,0.10384789681475137
537,0.021297070137867052,0.042823374880843645
538,0.03567240592208023,0.051440023729219575
539,0.02966901144964725,0.04462141216975718
540,0.026266796217023006,0.06414763267596377
541,0.02964560777289447,0.04858183802979599
542,0.022384167330201665,0.04105718602670257
543,0.02667954575522395,0.046276563259247644
544,0.026671848703780865,0.04813632479509275
545,0.032393192083677524,0.03497860802245445
546,0.04355746213567324,0.05265680407595789
547,0.03517010766553862,0.053094338025844436
548,0.012134683652483623,0.06997707385967768
549,0.022727854003415593,0.03566259204813946
550,0.026101035082030058,0.03428248231789186
551,0.030344284320331316,0.050818482182206366
552,0.012836661632070553,0.04154308954887082
553,0.023832726226467493,0.07003655289284262
554,0.023565625525986872,0.06406130843129697
555,0.01382917583883906,0.064328002178601
556,0.016785036592826295,0.03840745721307759
557,0.013376048282022636,0.054319012672129026
558,0.025984781615220665,0.08124726947892182
559,0.03452805247478296,0.08783886889154861
560,0.007527328021336017,0.060484008411366065
561,0.015710600053426806,0.07547275563947788
562,0.0370159539723461,0.0849125797328305
563,0.01431503376617573,0.06898791824281691
564,0.05253988626595201,0.06327796022820438
565,0.03379609752062231,0.058577936033813414
566,0.02810606661204157,0.06554879833994466
567,0.021616700729300286,0.046405485597270126
568,0.03559409751875651,0.05954234700425872
569,0.01706804079773182,0.04146185065458092
570,0.03942161681269151,0.04504218130094375
571,0.025111974797048752,0.043637709994065216
572,0.027242374804352387,0.05285180569903317
573,0.03211157596111223,0.08066497879449346
574,0.032090865703933776,0.066878681337839
575,0.017972445460322433,0.07793738655640682
576,0.01287113680465792,0.055027529074834415
577,0.01608785160535791,0.03044567031437881
578,0.009784786537898193,0.03616385726157203
579,0.03061305276988247,0.0482592179859218
580,0.019756346499967367,0.09185076018993583
581,0.012181259769415781,0.06269022669411589
582,0.02307282517758698,0.05732822323654974
583,0.028315249507409056,0.08062074940584572
584,0.009380234590464333,0.055289045195168036
585,0.024914068936660438,0.06089253557165466
586,0.037439198968819004,0.04223431735280967
587,0.020576176267235662,0.04591270641390874
588,0.01662816792501662,0.05354767825656647
589,0.023900895214789136,0.06567178754166646
590,0.019092510427115596,0.047086792996467085
591,0.022890926586092878,0.043061371251622606
592,0.016834375730474447,0.03638596694895939
593,0.019093335936023078,0.04073445573596394
594,0.016092145017013924,0.05348418975790953
595,0.037368312581294076,0.06895332490231344
596,0.02555955778733035,0.0601285146712957
597,0.01586415899461304,0.049885412739355726
598,0.024991063381569294,0.043463670679465716
599,0.0204552800339155,0.04921615844527969
600,0.024804265239065273,0.06523289984135673
601,0.015473244321878831,0.04660845554019183
602,0.02214293981285693,0.055641407886874494
603,0.020122200107417245,0.050111675074700664
604,0.024313545897053635,0.05087994080656968
605,0.05717368131157391,0.06001749061200392
606,0.029626186136862496,0.05465192639163776
607,0.027834068559304686,0.06929986550265414
608,0.03575804313059832,0.05368648094133738
609,0.012795141743550162,0.05668795132119114
610,0.012434281173638631,0.058454800244947425
611,0.02019186064141146,0.03991868277045411
612,0.008935178256748404,0.046309546233511224
613,0.01824514965635462,0.06518454968459911
614,0.012014682630081616,0.07945937159297474
615,0.011866963830969383,0.050854896410393646
616,0.015694958030009268,0.07678271082077795
617,0.02503425647232056,0.05476365955492765
618,0.023980415285017324,0.061743543745670426
619,0.025901057415958748,0.05250708983919874
620,0.024069468938676467,0.06350035672867897
621,0.01818951580287022,0.055274975511852086
622,0.022698634112009012,0.05407040738149052
623,0.021064498185331886,0.05919802877639565
624,0.013666342654124933,0.06702209806580221
625,0.03099025842234783,0.05558374991832587
626,0.01798826080806198,0.04983072781710038
627,0.014552069010187949,0.054957154937761106
628,0.0239565630097755,0.048314847682877825
629,0.054102358523924865,0.05486820187365682
630,0.022826826207136924,0.037398940370211
631,0.025627028568340787,0.04865231721425776
632,0.021776454758176574,0.039273037424579514
633,0.01576382086236511,0.06135441543398493
634,0.024608046161682256,0.06460398679333514
635,0.01414990783000797,0.07063882475187945
636,0.02924805899464905,0.040449809077003525
637,0.020021469312309446,0.05021309798312692
638,0.03343499876448646,0.05329122240379688
639,0.04078555611725494,0.05327689020657698
640,0.017962547100505776,0.06434333921982044
641,0.04001518757854411,0.04174405719276974
642,0.01869532313798256,0.05678883058413839
643,0.01626597727088248,0.04901699803185285
644,0.018713011965294093,0.05620190141426488
645,0.027453942430653997,0.05961679872387119
646,0.014760627661880285,0.06041901638853823
647,0.023785366097952232,0.07977514073347665
648,0.014193717628992733,0.049043048940893515
649,0.01716088975412666,0.05220703509291155
650,0.02103124979579779,0.04172958857015477
651,0.012927131781522792,0.040287250522488105
652,0.02864488030221551,0.058861706821994736
653,0.04077524814793847,0.0579287606995409
654,0.032569973445069934,0.05799977915390564
655,0.030464387570755393,0.061567646478906245
656,0.020236789789875864,0.04980214675501243
657,0.02906460097778373,0.05094986251591904
658,0.033875391134792834,0.06334861614181596
659,0.01906222005564716,0.06748754557515088
660,0.026787145605148666,0.0650740545091976
661,0.020168483061111183,0.04191623818079306
662,0.018621340416784538,0.0712245672648724
663,0.020179467654437955,0.05161331020691701
664,0.01944155311063718,0.10510593424424197
665,0.014570335560227512,0.059100143243559666
666,0.031384060973686304,0.08160870947819872
667,0.011338465969087337,0.051608444732461345
668,0.020795213640416144,0.06762680590956542
669,0.03446333578609099,0.04767606935846177
670,0.011179883525273137,0.04940298419306604
671,0.025829517757824078,0.05373468027494958
672,0.012291793398106826,0.06618359737240262
673,0.04188372177595967,0.046855903002545156
674,0.02071866245165806,0.06816619684383522
675,0.020316280493142793,0.06278919210591392
676,0.024742821183091315,0.0632337381676642
677,0.032507285084183705,0.04262556281631887
678,0.028497808653687357,0.04918312526509949
679,0.03898382936764856,0.06007766056351025
680,0.03200900832131435,0.07707826660452073
681,0.03654956294092489,0.0762311405046754
682,0.021906244663815105,0.06588532823971074
683,0.02241199945821082,0.042415833464398256
684,0.01998006382556911,0.05650746731293791
685,0.027133780171590904,0.07852335818223245
686,0.011868795359777142,0.03810011314430279
687,0.028200425640105845,0.04163334891175815
688,0.0205681093430982,0.056859602825717385
689,0.04529608980477571,0.05683130086070001
690,0.03937505532166532,0.05808815776324502
691,0.04403232331031984,0.05527775174849215
692,0.03595407148682158,0.04915402342127676
693,0.017160284699698807,0.05139018068315826
694,0.010042938340914513,0.05490063152239544
695,0.014520752284761733,0.060452475638465814
696,0.026859896395409796,0.06903580331773347
697,0.023563625079129014,0.05996068708965132
698,0.02087154206907922,0.09841436203250149
699,0.02300610407845291,0.05710153603178018
700,0.015593938845633553,0.06640644381709199
701,0.016476757234514566,0.08099395803699345
702,0.012784725508644004,0.052800857106343996
703,0.014082164773397583,0.06272919535020392
704,0.016006319755466066,0.04174965838330677
705,0.0422739545863432,0.07789061507012908
706,0.01836113212630523,0.06818841506981368
707,0.02961041007989598,0.07020807694722907
708,0.030222985679874453,0.07697376284393614
709,0.028374709864495928,0.05688534849417387
710,0.018220920656050146,0.0593064475967883
711,0.014107246918932781,0.0357903700105329
712,0.03438293464309286,0.0641757348678592
713,0.02123883005909936,0.048984697320281434
714,0.012555199672806721,0.07306068456980166
715,0.016888365805966973,0.05179663201492018
716,0.022270042968995974,0.04341591554526503
717,0.03342093878010403,0.048965882394168124
718,0.015078755350292782,0.06640344361434428
719,0.025382979267952428,0.06238023294215728
720,0.021834267814805863,0.06453575251068298
721,0.02852006381392015,0.05751132643474046
722,0.02082055059420576,0.05552981001689574
723,0.019849883656990874,0.05600622562105956
724,0.01728390513610126,0.05373716129011347
725,0.029991440570868232,0.05111215219746603
726,0.02618233065796301,0.04909519915180402
727,0.015836974249178615,0.03897466876581745
728,0.02398621301945165,0.04318090147548242
729,0.02404848117118276,0.04657823163057694
730,0.029956236350606957,0.059804477901368704
731,0.01509325883275503,0.0532561735639524
732,0.02517753596906085,0.06613423642593347
733,0.05917321991301092,0.05565895185717364
734,0.01741294216935649,0.04896163719104787
735,0.0156431596521515,0.06591871531978775
736,0.012773733216318884,0.06477028257479056
737,0.03165637841449797,0.09336520167755598
738,0.004012888772050875,0.06884715263406989
739,0.014174819280246309,0.08641492493268871
740,0.01839557789185824,0.05473822310879669
741,0.015225602053846682,0.055675635428349766
742,0.019461311159224476,0.06402297306629283
743,0.008024911262691309,0.045101765876150744
744,0.022683427685267845,0.07326820680133632
745,0.029398626282458252,0.08772516144463068
746,0.020674830590265234,0.044048386766891344
747,0.04438328478864256,0.09411644878312513
748,0.023633293833070473,0.05890352312489285
749,0.0335650035413824,0.06097773744808033
750,0.02480137265045713,0.04157357963219559
751,0.0431110156837076,0.06506191865593652
752,0.020703529377267674,0.04017813442141674
753,0.02296992421107551,0.07402654638428065
754,0.016310988309386303,0.05604870901028557
755,0.016814910939923187,0.05844275501219252
756,0.015565112787855254,0.06380760172518035
757,0.020664284299506893,0.07431171951778488
758,0.00994707013131498,0.0662012622185948
759,0.029893586051218553,0.053626147072415364
760,0.017226212539563746,0.04163332699583277
761,0.01582669687382909,0.05888955438680684
762,0.0209154055705847,0.07233136864880672
763,0.020952089923048218,0.06198203685546999
764,0.012754130131821056,0.08205655490278514
765,0.009182142531671596,0.05682520735559717
766,0.013970814326132458,0.08133540125058593
767,0.04272868393472301,0.06337809594862183
768,0.022406478557511645,0.04366034016090475
769,0.020355585201283458,0.05109737868432082
770,0.03745529947924526,0.049711971338764684
771,0.03291951062100829,0.04675780388305645
772,0.01886127837015622,0.0792071753573075
773,0.022772494714687817,0.04481144276164704
774,0.028008051010341716,0.055904343039208514
775,0.0451196845500749,0.06502874396955448
776,0.022881059937476644,0.05796226878689176
777,0.035955793445241635,0.0624264960878792
778,0.037657338892554904,0.04988892694436834
779,0.01933229660138099,0.054078129908087726
780,0.025572108890502973,0.041088354749124444
781,0.022613009085347493,0.0463459814969274
782,0.021680982064309684,0.058467576379467784
783,0.020740418329916438,0.05279948761469946
784,0.024624269532603188,0.05558249431537615
785,0.033103341577635816,0.04902071871854643
786,0.03244794627102846,0.052985032147023735
787,0.015567171690001373,0.06108781749976743
788,0.01826029225795621,0.05181807132936309
789,0.036642211046096475,0.05960721452368558
790,0.016775264289641132,0.07245035984490354
791,0.03725067037493979,0.05899276754888489
792,0.017878527903141348,0.10207521474854749
793,0.02082121558763284,0.059001287858454265
794,0.021076271826605996,0.06356045084886919
795,0.015471577523819745,0.049170812020530724
796,0.020740010304367423,0.05281476003634883
797,0.03686068357674515,0.0450613626604209
798,0.02503355726535945,0.05469287305933454
799,0.026276722815235992,0.07160385386168633
800,0.014544414059803367,0.12290165884866204
801,0.036377438417679715,0.054553592142345175
802,0.05430013158225461,0.050651801412188745
803,0.01392898633680593,0.05803254332100852
804,0.01068137141943941,0.07388574923208023
805,0.016661404803881032,0.05709660900362962
806,0.013892173979923629,0.061523489331509786
807,0.015107148990714825,0.06179745162048105
808,0.023863274986631433,0.08857326366322245
809,0.022915567473646762,0.07128197585843114
810,0.03439811272630374,0.054835563436492124
811,0.021076433538584644,0.06094790105451344
812,0.021642559235738018,0.054701172575564706
813,0.03982404308274453,0.06452421805003661
814,0.029714907626326708,0.044733879976357194
815,0.021471248979860715,0.060770518788667814
816,0.03941195154311628,0.06018490021951107
817,0.017860993807305353,0.07313596731774664
818,0.03391810529714748,0.11392786956942197
819,0.0161153617842244,0.04380468114021807
820,0.03257206985053689,0.04914254125144818
821,0.015338628866809367,0.06014963252215575
822,0.018804842872641198,0.047943708065158686
823,0.030014737689279994,0.06371461595376081
824,0.023366202565977934,0.055001075224185375
825,0.021418051081778026,0.04394044341242406
826,0.022203295657876224,0.04738261670231162
827,0.015458106337439248,0.0622138038221571
828,0.013205578361794854,0.056887114875674626
829,0.03703607497265327,0.06940978568294369
830,0.039501111850005606,0.058037106433921924
831,0.025625103278855154,0.03975656668360131
832,0.020761722364522884,0.04167558924954487
833,0.01433879590298282,0.04644756295820437
834,0.01316493735211204,0.06024168927615677
835,0.00876586427742618,0.05348458507055659
836,0.017171696217003585,0.04495737921627766
837,0.008549015000265501,0.07199336938449179
838,0.02265731932877833,0.0747156940053304
839,0.017862080248700746,0.05603926628675454
840,0.018666977558558513,0.046622542078796354
841,0.020370312387230655,0.06513324954108261
842,0.02184644974815263,0.04277252050742913
843,0.018250394727232885,0.07147938843003139
844,0.00970619642405989,0.04976042900044455
845,0.02050550831657945,0.07041265517061918
846,0.02477043790408646,0.06384910376127335
847,0.020105287776583696,0.04534168117486803
848,0.023749001465496047,0.0398266054198259
849,0.031527194117835534,0.05996054821163351
850,0.02959558931225253,0.05360051961777773
851,0.03174465138410687,0.04934292461459094
852,0.0341236222255113,0.043376647257141444
853,0.026933061020247794,0.06077851081007738
854,0.030264015794456117,0.05400662786005836
855,0.02141951957331063,0.058794084558452066
856,0.026412505441268098,0.04937663361040065
857,0.049397405372096664,0.053417997497161855
858,0.014203877955490959,0.06109651819151501
859,0.04006657403862701,0.06579850183210063
860,0.017988177477172573,0.08234744546773064
861,0.016256586607070952,0.06355699586191915
862,0.031083821937981527,0.058846426306438625
863,0.011098709983446706,0.04511125596427656
864,0.023645465993443582,0.049858375961504775
865,0.02100453262787318,0.06229834598487968
866,0.011401468911686002,0.054945103775569375
867,0.01863581277332196,0.07019168168763242
868,0.016346989016406962,0.07566416144399006
869,0.025563899943191516,0.08751708134549585
870,0.017486637612754426,0.053742820589774344
871,0.016412604810161605,0.056879148199222684
872,0.007260014019250781,0.0429779076354198
873,0.026524503191417415,0.06858938317173843
874,0.026569729922773993,0.06594692491483183
875,0.015791885300903346,0.04079025984901217
876,0.04626432970766684,0.07156274748680976
877,0.03917758759311832,0.042792830081172656
878,0.023913333012511206,0.05559610673420016
879,0.03658108092067625,0.06401706578182254
880,0.027876634256480393,0.05000485390715347
881,0.043182395097091764,0.07017804297806089
882,0.025133106580750648,0.06422288357464748
883,0.0164494741585335,0.044078087337779175
884,0.02841626948495141,0.05263033343467016
885,0.025557062140609144,0.06648948984261067
886,0.028778559636290252,0.05762731877867511
887,0.016748115002042933,0.050091019083405
888,0.023232167462463538,0.06208059793372748
889,0.02924506594341871,0.041943649305028724
890,0.028907344906443266,0.062064836612549294
891,0.01864879114156617,0.05213300051948839
892,0.02280389595827087,0.062076290933781704
893,0.020040632397490765,0.06707963302675597
894,0.01390548207217332,0.04992224959033417
895,0.02582601308411069,0.054946321822868995
896,0.023294749365299766,0.05910235534661889
897,0.03971603541065846,0.05649455720644797
898,0.014767586630359179,0.050512571247182454
899,0.014062527692059767,0.06094908800041674
900,0.013338717833654605,0.0643077391636878
901,0.02131905615704492,0.07767530306377787
902,0.0245855516789118,0.11114663243373486
903,0.02972585111780628,0.03911966147401012
904,0.02036044486380942,0.06620633267206016
905,0.01922608462203566,0.07136603618738892
906,0.0148564786677518,0.051980831509144364
907,0.022994610811395505,0.03614076834226535
908,0.01994367035124879,0.055089906111843924
909,0.03286309925789815,0.06850175079439234
910,0.027336913598063745,0.06813534346151835
911,0.022737489575724773,0.04838821179412739
912,0.021609387880621122,0.06328136410184373
913,0.013844837701690921,0.05776621015701435
914,0.014442154693152237,0.04560621686874033
915,0.012948158855242746,0.04965443695823644
916,0.015573384483819896,0.046932521572781376
917,0.028063305938683215,0.045193191325977156
918,0.025107535900289423,0.056701155550403566
919,0.018053439296093033,0.04917740398927922
920,0.023551814004091873,0.039601132903312304
921,0.013880814746174955,0.04963412582321975
922,0.02817884749672121,0.045896510212899505
923,0.02846138326027879,0.05036554587341571
924,0.022987481034316446,0.06739918903973446
925,0.015737856394908576,0.05527382221010054
926,0.03380402793428123,0.07445338180160477
927,0.023624537669433388,0.050701014930074124
928,0.026792961548838656,0.047314894613154995
929,0.027221362662452207,0.06580779344155005
930,0.022985270140430208,0.05171884947415839
931,0.0451143907584757,0.052578949441337765
932,0.015132328817178726,0.053344320239511335
933,0.027577232790174655,0.04210846280394235
934,0.03531191164499847,0.04490312376628719
935,0.027658634580285862,0.06109903308226986
936,0.01826265886046465,0.0474564147817966
937,0.023607462152878456,0.05853307120309556
938,0.012717940388764686,0.0541519930009181
939,0.009122867284816837,0.05946030643419115
940,0.02189370720804727,0.04585081312999722
941,0.01725048726571765,0.05219662871989817
942,0.017432632993917906,0.04642395001350707
943,0.0174807428213969,0.04044567682043764
944,0.03164353423837746,0.08666447860032798
945,0.020384781254803665,0.05086036170280812
946,0.03076945769141264,0.07007293854696937
947,0.020448089600416778,0.07548343515783412
948,0.015780691770368758,0.05169383703070126
949,0.04240950645391064,0.057508375518480544
950,0.017310578792045204,0.05440792321714774
951,0.015475099323822156,0.07866430251977036
952,0.03196255069816714,0.045089490859753216
953,0.03021897789672071,0.03785146702196448
954,0.031318265560989704,0.04709863617052603
955,0.03495100615559577,0.06670104010177669
956,0.018933884225340553,0.06552558510801736
957,0.036031732767166855,0.06903332362785117
958,0.024810956516274758,0.04466411442186499
959,0.015233487759431508,0.060379779467353824
960,0.017156500144828214,0.045720442960348516
961,0.017092247608902558,0.05271254742869186
962,0.027065977805270144,0.051767080875648276
963,0.016220675145262202,0.05888588416044462
964,0.01564806508837375,0.07369469114563769
965,0.03150493085253331,0.06745088491004621
966,0.016471547189279897,0.05646624029794597
967,0.016906864849380043,0.06044854669038857
968,0.014020414504342963,0.04581739918910691
969,0.019687479828691203,0.0450571125959402
970,0.024656547220787518,0.06964125473015663
971,0.026484336243154338,0.08103150919234207
972,0.02405292409666232,0.04071723717662337
973,0.01997402245558628,0.04212982333770291
974,0.027514016580790248,0.056550390206155154
975,0.025163301243404188,0.050352121848495635
976,0.02115553971545707,0.05696654531039457
977,0.028164262272359172,0.05707012903645831
978,0.026057875802386454,0.06329903815583982
979,0.01952066509879991,0.05046057455596183
980,0.021323277689322472,0.05988836629753281
981,0.019856213151165463,0.05618602664118571
982,0.021636936304493565,0.06372731809328164
983,0.02817926087156428,0.0393416660989658
984,0.04884252722742241,0.055082731108115755
985,0.024663100088033258,0.05027157090349327
986,0.0269073588687218,0.057752156652852625
987,0.0274232985864212,0.05680284861343449
988,0.027141069713231644,0.054835822300400766
989,0.024795604428433343,0.0565384139482498
990,0.04259791761899795,0.04078119616023235
991,0.030673081547655245,0.049645061423285265
992,0.021782558818271635,0.056538329848347446
993,0.01532227854130167,0.06274170689877205
994,0.024672674384262527,0.04859311297221967
995,0.015217492473115957,0.05288601304036645
996,0.009930677326136696,0.04172929855141707
997,0.01197778404191137,0.047703171837477944
998,0.02850594113896666,0.06404620711965453
999,0.017448374181597396,0.047873189173834145
1000,0.0237672580191015,0.06323635902233789
1001,0.01732022690332186,0.08312121151892882
1002,0.013767635259396942,0.04972208265872086
1003,0.02489972922487445,0.0841533214763821
1004,0.01545376535267956,0.06071523618752093
1005,0.0076079140815940765,0.05904754198440801
1006,0.02929495603957173,0.05434083796924539
1007,0.016027504007171244,0.06488329144711608
1008,0.027987540381222736,0.043802057520093564
1009,0.027312547985471957,0.06048122663498114
1010,0.015850021556908945,0.06011025599865996
1011,0.01048286425143645,0.06791250610408471
1012,0.025112063525450784,0.06413552669854439
1013,0.024852925108560697,0.05280229029566349
1014,0.019914874842451087,0.06359419911329152
1015,0.022739999176262155,0.0548229677360914
1016,0.017354853855738688,0.05913724560302039
1017,0.023530541466968452,0.046622235014818526
1018,0.02135428183530774,0.04945493467549065
1019,0.025608226796810084,0.04952176829045449
1020,0.033490915704154745,0.048939438337667264
1021,0.01713070924841788,0.05593917740552943
1022,0.021665272718382787,0.043513732763936615
1023,0.03901113146557524,0.05820846333923069
1024,0.018219981365176247,0.04726876971697966
1025,0.01635470070749861,0.054635017682337327
1026,0.03380251454321396,0.06609325205611837
1027,0.028496275836660274,0.055825520984817634
1028,0.027130436484794993,0.05142593977545598
1029,0.017602108310277143,0.05209072219507899
1030,0.01579284775074746,0.04558513838744751
1031,0.014948410486683087,0.04000569090931507
1032,0.027215717999128624,0.050490312867761594
1033,0.018751696638270806,0.0668409739213654
1034,0.021905369245774808,0.05556651627440826
1035,0.024180272873747088,0.06465491901175861
1036,0.024092406969347915,0.052101473753103256
1037,0.013038285751627651,0.09494083302370761
1038,0.021958826548090542,0.0401440797146047
1039,0.013678623176603587,0.05909065494688606
1040,0.028857438191290708,0.06318656722723674
1041,0.013063326897545762,0.053399940645815915
1042,0.019431762422183637,0.11816016078791552
1043,0.021471724051100708,0.05885558287573961
1044,0.021160276201778034,0.04615880447406234
1045,0.023977078970739075,0.08684506172443697
1046,0.010831748259860925,0.07975867839951574
1047,0.023979312379585643,0.07102143099767366
1048,0.025696788782425498,0.05598227710020165
1049,0.020749988646469736,0.05658834151502266
1050,0.022599551290007753,0.05849388107784801
1051,0.02967973919889948,0.06913896263429577
1052,0.014506529827761586,0.06273037663286762
1053,0.031195752812763627,0.06610456696488629
1054,0.03502276873871607,0.054126777236449035
1055,0.029383494015929313,0.055277072158048
1056,0.022986876336550822,0.0519500931791407
1057,0.0204756866585957,0.056156176261162004
1058,0.022196016010951374,0.05582946316846608
1059,0.03225512231548333,0.05715159400208719
1060,0.02325268884967023,0.07304339231121698
1061,0.02779781533479786,0.04897831297490183
1062,0.015053308221303073,0.051988471072950654
1063,0.0202785963069084,0.04031013424850972
1064,0.021958168058693994,0.06313488978511803
1065,0.01760259701881096,0.06065776640813669
1066,0.021557641793466333,0.05911200195983115
1067,0.010079737785903304,0.05353409061302933
1068,0.012392921663693978,0.04936216148504554
1069,0.021723711823774864,0.058024136109289526
1070,0.023638223305975512,0.057976919829141556
1071,0.01806301470849286,0.06226881904812697
1072,0.02393912618981937,0.0627563243328302
1073,0.019042191727415444,0.061371909139996204
1074,0.024516781248496294,0.04003891216763899
1075,0.018547193335116365,0.05311778454679786
1076,0.02835023674052509,0.04580905800181868
1077,0.02040116370602228,0.06090498963904214
1078,0.01929287305555403,0.052307585564358695
1079,0.022191382605472803,0.05031826005466337
1080,0.017572768303503128,0.06053406941330195
1081,0.014637538150906895,0.04726682658429623
1082,0.013021578014922286,0.06026679976984798
1083,0.02202089212457381,0.046338092159479066
1084,0.015395013591438569,0.055862630834392635
1085,0.02835234107434167,0.06048519057065779
1086,0.03232595693160506,0.023160957147254482
1087,0.019899821553924894,0.04664184135248647
1088,0.02676289674490534,0.051297573639096365
1089,0.025885452288222727,0.045030215311121224
1090,0.010855762923693696,0.08127565836227389
1091,0.022611664115971847,0.05822048887857629
1092,0.020566992433465436,0.05483767620166729
1093,0.011181020185264005,0.035972021423763954
1094,0.009704664794950269,0.08403087779513463
1095,0.018920924015400385,0.06326299301583906
1096,0.016090505740461534,0.04153986601663528
1097,0.030319149103389523,0.06061774430244309
1098,0.03396401319058244,0.07137990337936823
1099,0.021168453486281182,0.0621893162278257
1100,0.015251971698376348,0.08242174498399309
1101,0.018727145022875456,0.06920318853197337
1102,0.021503557216503374,0.058340019943611376
1103,0.012826179148915241,0.057881446964481
1104,0.019792757006545165,0.03555078060355297
1105,0.019968239787611426,0.0702067101020547
1106,0.023176427959092315,0.04692882007908176
1107,0.032456223474862426,0.043039322965837366
1108,0.021508697655059444,0.036705840842429026
1109,0.025396279289528655,0.04046578521536965
1110,0.016964697263847448,0.04540752912023208
1111,0.025140295268936314,0.052390174310641115
1112,0.040834499048992806,0.04243509705450894
1113,0.028848177143292963,0.07776989413674422
1114,0.04333389082185707,0.06283047066451018
1115,0.05412181066683689,0.07699794239221162
1116,0.010815218493374204,0.06598774459849713
1117,0.011810951729689705,0.04679568857745161
1118,0.0196402677122636,0.041555110962803045
1119,0.016383726387075873,0.05020318850958779
1120,0.042228941329786475,0.06452239130589106
1121,0.011028130337068098,0.048654043175107464
1122,0.019594732899322568,0.057303981964090915
1123,0.015578126873635087,0.04807523000677905
1124,0.05312724277615649,0.0660420071395217
1125,0.013694981779119389,0.07626530977973496
1126,0.024033228894226415,0.07256859119239784
1127,0.018288636865879646,0.043622013054298414
1128,0.0356467215353698,0.0458130532818035
1129,0.01689738263039643,0.059524770780976816
1130,0.02027338508520294,0.05264172683265463
1131,0.025395471961726618,0.06814295729378499
1132,0.024760038826051125,0.050605764777278205
1133,0.022465406897123025,0.04639240492389332
1134,0.020858895038591275,0.061872679256173284
1135,0.020946102423654273,0.04689710401847442
1136,0.016143788901415438,0.06310292990041103
1137,0.016497026102535086,0.0683404475907793
1138,0.02611494382241919,0.06112574440618324
1139,0.02038471560615281,0.05250617200322683
1140,0.013433533603369385,0.047320453341418066
1141,0.03603752295590695,0.07326979679734975
1142,0.024879135628971195,0.03693656653514702
1143,0.019027401379132853,0.046952389002460425
1144,0.017366462743252892,0.04998948997289552
1145,0.025314698287526315,0.05019527721965148
1146,0.02067590048834263,0.04735312170427033
1147,0.05668727535813512,0.06166835020227827
1148,0.02681620079026528,0.05719736303881412
1149,0.01433122909533143,0.038235216329496786
1150,0.015209866816532936,0.04648821635183067
1151,0.017937829016259007,0.04484092257186797
1152,0.05204234054445017,0.053315810952724974
1153,0.013566173775218904,0.035845752585236965
1154,0.02848646085625468,0.07014237732649052
1155,0.022621264728925214,0.03800345417019658
1156,0.012074354422403769,0.04318994139132976
1157,0.017993475274273706,0.03984633652617474
1158,0.014815815953305701,0.06288126110325047
1159,0.03165006575475581,0.060435330040263024
1160,0.04729536221260744,0.06260852790562227
1161,0.020192554112319686,0.05692042858000329
1162,0.018157131545587925,0.03953412669561034
1163,0.029819274555757808,0.04992162645595455
1164,0.03157183416701022,0.05997664584897024
1165,0.01825466091000493,0.05013306625745717
1166,0.021962178686197414,0.10079338599253922
1167,0.013490675939847553,0.06301533769172515
1168,0.02841829258914004,0.05209555613022101
1169,0.01659349088163329,0.0466576247478378
1170,0.020841741846503847,0.06985044201987868
1171,0.021329843597722564,0.061834753932872334
1172,0.029107375582673276,0.04517851353728969
1173,0.022729526481393106,0.072239548900158
1174,0.01792892594531675,0.06266499648835502
1175,0.028953005581871746,0.04233743259274766
1176,0.04319733768386159,0.07426855847356928
1177,0.023160406794063546,0.06575174556954551
1178,0.01378433893885595,0.050769388786905685
1179,0.023425195010637848,0.0549429364228727
1180,0.02114957611931938,0.050096476304035666
1181,0.021400219489076337,0.039711256621255096
1182,0.02026821577561767,0.05811454063060969
1183,0.020754218907116644,0.06413801350316585
1184,0.010231629562302119,0.06559998216666037
1185,0.017353407151074748,0.06466376193521704
1186,0.010856494900824508,0.07969508638963405
1187,0.0379245950775002,0.0681895078413258
1188,0.0249286710834582,0.06320949093515464
1189,0.01688430655040869,0.02849712641589022
1190,0.014150414120234059,0.04281996822034064
1191,0.01562251841705818,0.06142371313063933
1192,0.027447604140310538,0.08966429121125045
1193,0.02457179879701255,0.04718147707435221
1194,0.01910937084360127,0.049011549738665526
1195,0.012810579172187107,0.048264581708726634
1196,0.05310924601893169,0.0514042671201674
1197,0.010574439586416786,0.0800962300140053
1198,0.024302350417632276,0.043222934620544634
1199,0.018521189573132864,0.050591151742078254
1200,0.023015510030319843,0.06257555462085723
1201,0.016751412661972644,0.0606436995778288
1202,0.018146546475521247,0.03787520427114951
1203,0.013836696097470931,0.0523048737294656
1204,0.03481718420892507,0.04881577605231119
1205,0.01603736732535489,0.043992641221044765
1206,0.011815538690725625,0.046321520918626596
1207,0.01605605087860449,0.05494236773921063
1208,0.024006320526484964,0.054074946270892287
1209,0.022894318307246097,0.04886850833601966
1210,0.019251222507999374,0.06229530062856562
1211,0.03636058998369054,0.064891707725652
1212,0.017522812949905927,0.0523025493410606
1213,0.015848248890461707,0.05283713787911651
1214,0.045353947326301575,0.05463062278766904
1215,0.02425879560601825,0.08343010321756054
1216,0.03224390193353898,0.059557768327295764
1217,0.024077845677403998,0.0633753341413524
1218,0.015853920556843464,0.05723125767813927
1219,0.018249553321036446,0.0492579576093942
1220,0.011232924921199192,0.07280993561257287
1221,0.017651673361355594,0.07192037573404804
1222,0.013973947951975521,0.07467498776452829
1223,0.021578894492550127,0.046541668031133
1224,0.028472770397958175,0.05004871266188013
1225,0.021155159329180762,0.04932614709142785
1226,0.02591753046562047,0.04725316085748382
1227,0.02885943044784779,0.028189349590933957
1228,0.023735640175504575,0.04668731591097103
1229,0.042468560814486765,0.053014325349404263
1230,0.04296963863870148,0.07209886460617543
1231,0.03244475922655011,0.053043095880938224
1232,0.033595702839861,0.06111072855202678
1233,0.03167743927822137,0.05308265577196628
1234,0.016084627765917736,0.050863221463364174
1235,0.03529931012309951,0.06477727105582527
1236,0.029386740991217675,0.04875971781867835
1237,0.017439818688775,0.06403194193562035
1238,0.02624349453301127,0.05169342112457378
1239,0.025036542192849804,0.049350542792333245
1240,0.03743358360259214,0.059642985233256195
1241,0.014433956219542951,0.07800611048000362
1242,0.013230634068755626,0.05880889321506912
1243,0.008874028744090788,0.0466502891438221
1244,0.01003055939275055,0.056550881267665054
1245,0.02312401283911773,0.043024755672230415
1246,0.025783048263708867,0.08159739107520206
1247,0.046869565739475094,0.05717884596204045
1248,0.026296216519369777,0.061610419488569594
1249,0.021720706055509686,0.06600330780006737
1250,0.02294463468215907,0.06421509921897368
1251,0.02427518758861442,0.05036898016779956
1252,0.009435597380481919,0.06532467453792942
1253,0.019234271961653025,0.0467963188822993
1254,0.02973759368757342,0.06092067241006921
1255,0.013233131101394577,0.057472724539164244
1256,0.05792405221761591,0.04960160075818506
1257,0.029253206562482575,0.05314636985780775
1258,0.011259243740011493,0.07583950895701658
1259,0.021812898194197298,0.05667873635235846
1260,0.052684707224716555,0.0686714421899172
1261,0.02401002869465203,0.05528542021350796
1262,0.025582096364172857,0.08909851379540447
1263,0.014856657504030797,0.04992692095331546
1264,0.016364131671122297,0.05399241269667889
1265,0.016992284942880295,0.05748622300225184
1266,0.025129155282777583,0.0642678059765941
1267,0.027337777528699047,0.05079876048223587
1268,0.02986016531974084,0.05748480794384505
1269,0.02371659987410926,0.04883365896392556
1270,0.025192233482937528,0.06405605964365883
1271,0.02650335713302865,0.06418693190684087
1272,0.033365633851531615,0.056635533873383624
1273,0.014908383818572206,0.04556269841947303
1274,0.04483655363839207,0.052938632121209576
1275,0.012803958344736138,0.043614647717842535
1276,0.020081560604733217,0.05981487198097616
1277,0.02628569074287551,0.07168452562905951
1278,0.023914928777732436,0.054455690972244064
1279,0.027372970627727516,0.057507919016871134
1280,0.01781241905778778,0.06174823926460939
1281,0.017357942715700733,0.045393513883623914
1282,0.015707305316794946,0.055124303757114856
1283,0.02698930053528278,0.06568388286432221
1284,0.019371487497921416,0.04263567314630303
1285,0.02309478941294413,0.04367514823714456
1286,0.02230728260340964,0.06155248932726994
1287,0.030832433536077137,0.03993193174196432
1288,0.04430039691101101,0.0808001828667169
1289,0.010392576173041157,0.07538297874862236
1290,0.023529562282032537,0.05698724960409692
1291,0.016774228906413155,0.07954948937579982
1292,0.022908214492489615,0.06273500430645951
1293,0.025446217351943166,0.05659905763565609
1294,0.022135745885594915,0.0699029652825801
1295,0.010991436090035785,0.03617111582413248
1296,0.027574625140120202,0.046528490553114595
1297,0.04791985114894003,0.05483414701593118
1298,0.0335336649006835,0.06267619896957648
1299,0.022715362827187575,0.05044526309636275
1300,0.01732326649258246,0.08733153324682597
1301,0.02383798808032606,0.07710969863614432
1302,0.037649363878577036,0.062405541268083876
1303,0.024913001311155866,0.05380314912809545
1304,0.024034250275244234,0.04785062660723886
1305,0.02557169005621701,0.05468423580565784
1306,0.022797418912183648,0.049214812408774226
1307,0.02087960465004866,0.05102621508691601
1308,0.030896418965789114,0.05744891047776033
1309,0.016872175776615247,0.05740135797024102
1310,0.017264097351568072,0.04701696472201309
1311,0.036446992413948553,0.07337403943654337
1312,0.011636443002751627,0.06262309107112018
1313,0.02001809926325859,0.06327089450330643
1314,0.02076548640270121,0.06078134209937807
1315,0.026460097510550007,0.068085003795706
1316,0.01333951499499784,0.05378327827247289
1317,0.020383323136992593,0.06262067135520955
1318,0.02275775729903444,0.056882250948725156
1319,0.02228184279679131,0.049066570010290377
1320,0.02578011155826065,0.08908423635789141
1321,0.02685385673971861,0.06007245239978723
1322,0.019112917704354165,0.04990181616559753
1323,0.01647387661654539,0.04645673099531381
1324,0.01825344740001131,0.06261674290536552
1325,0.034797261238834955,0.07103862802341328
1326,0.02131151407399393,0.060239095882277584
1327,0.01939186571857083,0.04530486938802064
1328,0.02893761181168354,0.05937029649207498
1329,0.012418219702943037,0.06893801565535174
1330,0.024100631655849566,0.07412818650818999
1331,0.030585173374346256,0.05251820214170925
1332,0.022502014818612654,0.06302124692897029
1333,0.01694103293572471,0.05482970763611774
1334,0.020816723451262426,0.05315632646219467
1335,0.02618133341747751,0.05517854750632275
1336,0.023148688978215492,0.0451432707817395
1337,0.009307935184097919,0.057605560310176405
1338,0.021401101746203865,0.052455049985947334
1339,0.021225603687623478,0.04370789975455449
1340,0.018513556933932824,0.061966930703895445
1341,0.02951907140274938,0.049562900122836734
1342,0.012678929320306035,0.06627784653192012
1343,0.02032859520319475,0.053815625835788694
1344,0.01024805434858284,0.0747811633595057
1345,0.02340057436315796,0.07227327111361405
1346,0.019182787423628892,0.059766132018990385
1347,0.011433013402874776,0.06216056803098
1348,0.013045084302188441,0.043138565263772334
1349,0.018076275484181507,0.04383512809418416
1350,0.015410432588430658,0.06715070170413612
1351,0.03212487808225587,0.07586908299190977
1352,0.023298428597768883,0.06277387624381305
1353,0.030967703395920077,0.04616042319985997
1354,0.013449499454156058,0.03873509808423595
1355,0.014700189700438404,0.053193821193415314
1356,0.018726355147436126,0.05714196697952614
1357,0.01987574743229247,0.0540334700937587
1358,0.024020183419149133,0.03697611728796212
1359,0.034071130242045534,0.05275899072501822
1360,0.02745761688138029,0.052643611836853586
1361,0.01603791254319095,0.04324559956535432
1362,0.020519380048321097,0.053234162872633106
1363,0.028084245351968077,0.04246977837935339
1364,0.02711616705250014,0.04150564991210105
1365,0.022711212603760838,0.04645680615088616
1366,0.01755674160308911,0.039503350036056734
1367,0.03101292228216575,0.04055558234662094
1368,0.02309288910313347,0.07481208926286545
1369,0.03276246639279209,0.05421587458829711
1370,0.026101097478606065,0.062375293908211595
1371,0.02077792349117143,0.04325706022233542
1372,0.03482918942253376,0.0531284159614859
1373,0.036234651545735415,0.04860658404290478
1374,0.028479986306314403,0.052377990790118845
1375,0.0252671615762448,0.04973363147879753
1376,0.03037999877752741,0.0680909157349585
1377,0.014620002238463006,0.04107274514664839
1378,0.019931991854933554,0.0706733730307068
1379,0.03432643185249753,0.038025234767811895
1380,0.04289202374423629,0.06707071133011754
1381,0.018731685024725827,0.058324547270985294
1382,0.02367321504238981,0.05745273907296084
1383,0.022087818713957024,0.04360457931411681
1384,0.011350199805669522,0.04729831402724493
1385,0.01644869938565664,0.07820684290407948
1386,0.023060455198510146,0.06118430110153575
1387,0.02560765993817472,0.051454993136183735
1388,0.021278631321273573,0.07865987313170518
1389,0.025229012473786876,0.07018151898510772
1390,0.008382894668760051,0.048313882514637106
1391,0.018432116537206524,0.05522662407791082
1392,0.018613038412769376,0.05201483294263264
1393,0.022836743411286886,0.08651258015943152
1394,0.0225201466839101,0.061838790968949085
1395,0.016880581246898813,0.041130733352581016
1396,0.015882927851559436,0.059520344175602036
1397,0.01915626298078896,0.06560815405978332
1398,0.014282442237103099,0.06274810772000312
1399,0.03402253428363334,0.06189575457945353
1400,0.01760756244555879,0.07746738202437962
1401,0.012288930027917568,0.06644968286881957
1402,0.016597483999067058,0.054931318343338024
1403,0.019172965037404087,0.06744962304532877
1404,0.02747882122824127,0.0537060465893008
1405,0.012744585712155143,0.05680100145189044
1406,0.02797611305028456,0.05753855054654208
1407,0.03583666760711294,0.041034654275419864
1408,0.01840475472874957,0.0499209040612437
1409,0.02063614723118584,0.040677777691744355
1410,0.015660396065982213,0.046533534970282286
1411,0.026922602844021537,0.060182980881870886
1412,0.025749807215161374,0.05566870130556523
1413,0.02102432183831233,0.06370802630439067
1414,0.02825511168340039,0.05090696524017153
1415,0.017084925614893363,0.06967368122797353
1416,0.01884626851544591,0.040098943520701175
1417,0.03268152670729376,0.06947230561820332
1418,0.016284117249018886,0.03669731283086223
1419,0.01602520078642121,0.08369158309173774
1420,0.02375525717376098,0.05913899777642367
1421,0.018519053209128413,0.0564517709096353
1422,0.013582807240578823,0.04145265502930318
1423,0.020210442508718895,0.06601017767364903
1424,0.026865521099614025,0.053764825757260604
1425,0.022303677240156847,0.05693424636944409
1426,0.017957937823772755,0.05344351262010697
1427,0.02860703340040503,0.047271405440867685
1428,0.039501371518228044,0.05736103582710674
1429,0.01605312723021276,0.055794659176836674
1430,0.013859493944371614,0.03280891020821897
1431,0.025561844443015954,0.05963834391403866
1432,0.02486275001097793,0.05155667028325387
1433,0.016507273914001096,0.06524946600904592
1434,0.019407879874548815,0.04524100882310795
1435,0.02280046444328511,0.04163845632267646
1436,0.025168505510254884,0.05042950777286514
1437,0.024753579073460496,0.058132484424289664
1438,0.01873747392022815,0.038147249595308234
1439,0.018507467545846392,0.049805437449280114
1440,0.027638451244672003,0.04515109109592327
1441,0.019007724345163415,0.032651288970050166
1442,0.021097470970791735,0.06040202000209177
1443,0.02447723161247888,0.07267381368401162
1444,0.020617710184442375,0.044976194927946966
1445,0.026659830814540084,0.0784117422075984
1446,0.011495628580560092,0.04965611215334991
1447,0.052059881006866426,0.044389312695405504
1448,0.011070778182338488,0.05583194348211801
1449,0.015330395236849356,0.03986408560788047
1450,0.021652874106959066,0.05699033652507204
1451,0.02433671972377138,0.05286273413185388
1452,0.02488483505425515,0.03705721159179936
1453,0.025636653839860715,0.047564954047227805
1454,0.013366703893816828,0.04565052937116493
1455,0.018487040911418364,0.06209945556765726
1456,0.028085462769982982,0.049883437078292785
1457,0.01067365437484867,0.041705588822930906
1458,0.011466008733903096,0.06544371692516514
1459,0.016204427367256934,0.06227469140846417
1460,0.021939083077824547,0.045697632359568335
1461,0.02278042229258905,0.07302209231862547
1462,0.03091584712187115,0.06691157926290242
1463,0.025345051299677707,0.06610805248735274
1464,0.018740482085879712,0.029798907648304434
1465,0.03007888487623478,0.04580411720980546
1466,0.03184620972075066,0.06528707405509397
1467,0.023362703122685208,0.07371230886514134
1468,0.021260201563682062,0.055357120721630744
1469,0.024876383072353504,0.05914451007145304
1470,0.046782330218716896,0.0646800319398844
1471,0.015372025518492838,0.04431495902906479
1472,0.02063593123566124,0.06454376822067072
1473,0.03310912823483197,0.05606149339753852
1474,0.021602933325715792,0.04459609707195708
1475,0.03055511655821601,0.05790235614505427
1476,0.03420286380276233,0.057404465309216134
1477,0.02027076580460471,0.05066690633703904
1478,0.019550700879287796,0.06026959628416744
1479,0.020594796166965985,0.050176790835290475
1480,0.020539531810002423,0.05432005386929952
1481,0.017163089363311214,0.049246541804847555
1482,0.024744440342235944,0.059302171577706196
1483,0.026285486558522603,0.05916278583406201
1484,0.01575583232991699,0.05237658309590958
1485,0.02721444603615918,0.05179647427599856
1486,0.037803915067065305,0.05604902085728461
1487,0.01993153006943243,0.05380879070983551
1488,0.016550631407480112,0.048068751922870294
1489,0.020509763381333354,0.06446658809410667
1490,0.0173588932816227,0.039771823637202365
1491,0.01710355401746809,0.04379045926389288
1492,0.04311609421916655,0.05399159294537035
1493,0.012209696530765571,0.0766491203395515
1494,0.03892124091652116,0.05678279016679627
1495,0.014833759398048879,0.05270970352610079
1496,0.013879777491696055,0.0903636501449318
1497,0.017089916012574077,0.0409215716182418
1498,0.01327315526768253,0.05469766500546044
1499,0.013177787814125715,0.06281655096965709
1500,0.016032685305616565,0.04313639121992314
1501,0.013234386926694161,0.05905898944759702
1502,0.014649987572445467,0.04396283190061404
1503,0.04215844908241851,0.055961806970368726
1504,0.014472785259150347,0.03857948786047364
1505,0.015712417028102083,0.04807573464369567
1506,0.015183777083709415,0.05779073426203449
1507,0.014114492313175452,0.05526083306183388
1508,0.016179255508347336,0.04501629005588828
1509,0.03225342745968154,0.07636286333555824
1510,0.020922479793452863,0.041749843689131406
1511,0.01729359545676384,0.04100228811661962
1512,0.018184161307735865,0.04543716310539864
1513,0.01584749002406523,0.06773746002943144
1514,0.038615059233930056,0.03867514980563889
1515,0.029899539755839106,0.05115531168824026
1516,0.016674963781827038,0.049371405153148314
1517,0.035226225155253525,0.05680307050667377
1518,0.04401256538239748,0.06804576344531599
1519,0.020508617948353493,0.05252732662682522
1520,0.07299032776686233,0.08097220613866579
1521,0.0227279243852747,0.047137786039892514
1522,0.025941341187202895,0.0625672381380782
1523,0.03012817117590508,0.057368025535941676
1524,0.02200365649442558,0.05737696868919864
1525,0.030398539462705654,0.03930962681528056
1526,0.02195698717669421,0.043364586013678326
1527,0.026385047605385275,0.05630267285236607
1528,0.01528970000793761,0.05790964778764677
1529,0.01633715788838715,0.05937024348023769
1530,0.01807442585691084,0.05007045910878732
1531,0.012408579751194205,0.05088060199883563
1532,0.019113338444172248,0.041455765183063244
1533,0.018421492870417312,0.051998696808896606
1534,0.023971135036573925,0.06690805487719632
1535,0.036667979954269875,0.0892291467497649
1536,0.012305322847455375,0.04766579865603091
1537,0.017572386538092306,0.0538912027073814
1538,0.03888187622753867,0.050269894095952526
1539,0.029022419185464304,0.0594442324003191
1540,0.01727332239081741,0.04585929838770666
1541,0.03060299790820961,0.05116296036605755
1542,0.02090013374032176,0.053044235482710894
1543,0.02737051382678578,0.06640932559149522
1544,0.022311380153452732,0.046930703614269355
1545,0.019766334497328356,0.04376667452464209
1546,0.01972965129074708,0.0768934829368708
1547,0.0280593044073002,0.05329352482866493
1548,0.022457828802272272,0.04590329128704299
1549,0.02906039700756255,0.05319267514806888
1550,0.014101135292797164,0.052841728755200414
1551,0.01512662963804004,0.058005608110597386
1552,0.022499023584684124,0.05763421745268806
1553,0.021713969201672418,0.07117509357865141
1554,0.01782130327306292,0.06238240904321384
1555,0.013094657600533187,0.05690014204170737
1556,0.01166246585343269,0.055173899489967544
1557,0.017377554990937127,0.06912619320886655
1558,0.01952943284073275,0.04449789879202135
1559,0.04880824416712993,0.10549090987204214
1560,0.02340450802770148,0.0787740912459929
1561,0.021054866250186825,0.058120732451990946
1562,0.03385076245605282,0.05825687025063722
1563,0.014488990814420186,0.053754065474593486
1564,0.01856876640202339,0.05998552624693321
1565,0.01395146399129773,0.061274768694880945
1566,0.014040882755674612,0.06166390730971429
1567,0.012619858100135316,0.051516754677737586
1568,0.02307107563676868,0.06679552192037512
1569,0.020324533823144215,0.048809929398775265
1570,0.024501857676614003,0.05855700390112558
1571,0.032386998127916164,0.0724062419753528
1572,0.025557256464588646,0.08586345455690803
1573,0.014281913324585263,0.039524222356404085
1574,0.019354770147126724,0.059683088022130903
1575,0.035148492804808404,0.05562728855722641
1576,0.029087712876349214,0.049699257547844045
1577,0.01482789875419127,0.055510824324668716
1578,0.016364030123536925,0.03381176406811256
1579,0.029515477735480706,0.04783740293380658
1580,0.015316439487904716,0.04618762751615397
1581,0.01001375279955932,0.052924603352449175
1582,0.016373696596067525,0.04324772673901378
1583,0.028579915532241252,0.04812965812183906
1584,0.023299289392561456,0.05993549939697449
1585,0.018427236780088157,0.04713713823106794
1586,0.012712903505541334,0.0405345304385174
1587,0.016922339969580997,0.041423610766672773
1588,0.03544256705641303,0.05424907733561854
1589,0.02263308415367991,0.06705001786561146
1590,0.011977029768506004,0.04842467301517847
1591,0.015349238093655222,0.08941299606700336
1592,0.02352159999488158,0.04133423445139204
1593,0.025272049415926853,0.08734664386367637
1594,0.010498056480554975,0.04477097775329344
1595,0.01668306197761258,0.04788610181836823
1596,0.030544193539795456,0.049006394762892
1597,0.02035646992092049,0.04735075642774278
1598,0.019891585730084774,0.04815060479373915
1599,0.015617671862153506,0.051689230839067714
1600,0.013437935723461358,0.04702977458658749
1601,0.029857162451877434,0.062406503313572025
1602,0.02849337138492299,0.09306075574766161
1603,0.02084786178736502,0.05522043466353895
1604,0.028640594365441193,0.09399261304558353
1605,0.012768592680514362,0.0458936254822982
1606,0.018900028630017694,0.056750377268102385
1607,0.02227064709892178,0.05665307156116715
1608,0.014713216702450767,0.0496497853555167
1609,0.021078645728326444,0.060053573234336875
1610,0.0248558941313629,0.04875850457674174
1611,0.016666403285676774,0.040914688335032645
1612,0.02168535347436697,0.05446957068042585
1613,0.015341911976869904,0.05118522354201747
1614,0.013225606996901174,0.05174480901386356
1615,0.024822837000201645,0.05399001962904054
1616,0.011468805118070477,0.032685653638766465
1617,0.021790266176018713,0.058882384440503345
1618,0.016646893045345945,0.050777171767747264
1619,0.02209289384511859,0.05138044903628203
1620,0.02770032990585088,0.0446499891531627
1621,0.01899404729211284,0.04364703310241233
1622,0.013937329131987424,0.046332715801116885
1623,0.012618732059034542,0.04567603918159633
1624,0.035179962212819826,0.04240084939913791
1625,0.022948070483972547,0.07202217779605667
1626,0.020858578576468435,0.054642135128527475
1627,0.02488124215258261,0.06810952173009428
1628,0.023875409110773366,0.05326959696265957
1629,0.02256236528893336,0.04343474999748915
1630,0.022858335343348416,0.06185357269195448
1631,0.01345190470005391,0.03928043192667288
1632,0.019201338240421608,0.052507362477252996
1633,0.016489333640033937,0.07743880770762933
1634,0.03208183811058222,0.04713993347173951
1635,0.010693283381089902,0.05153531881899535
1636,0.023438273751452642,0.05252979043100081
1637,0.013086750819636492,0.04024200070145287
1638,0.01699725794798512,0.04896079647178053
1639,0.01589969125760401,0.047324848247560725
1640,0.01928719111184363,0.07089611058945795
1641,0.014963966075085296,0.04486918094051113
1642,0.02167956227115464,0.039179810710986696
1643,0.025778347009975288,0.045093535651983256
1644,0.024237258589168243,0.04091139994615307
1645,0.019501676900669774,0.06333989191690877
1646,0.02100229205596769,0.051384979603014184
1647,0.025811296511026868,0.04428295951576211
1648,0.01221509395509896,0.051045668381804556
1649,0.01938286948937603,0.0519660819388984
1650,0.021233632172865263,0.03859084155588335
1651,0.029632460815690282,0.047016788465701946
1652,0.024038993810345025,0.08215451640450132
1653,0.02922912430885539,0.038049054903632244
1654,0.022922926910792635,0.06811178910300723
1655,0.014003196180877683,0.057221229198493484
1656,0.019977544497771543,0.07572579414235309
1657,0.04774269412476078,0.06861746034275312
1658,0.017799937978890446,0.032146349285000465
1659,0.021057315993082592,0.07929172156447789
1660,0.025031669820778386,0.05007393596438597
1661,0.029310770334304983,0.06207776129145339
1662,0.021707896524950147,0.048813950694058715
1663,0.013683495729649262,0.03898678425896917
1664,0.03612017641382633,0.04633212562736597
1665,0.029285681654591722,0.06036666402145615
1666,0.030043334231060367,0.05760975166272216
1667,0.025712905947294983,0.06220106971858639
1668,0.016614509249214454,0.07350206296981261
1669,0.023910201280557267,0.06381622789428892
1670,0.019989924741681476,0.059241508379464076
1671,0.016605406251666698,0.06786759954569736
1672,0.010996960661179745,0.06131177440175365
1673,0.024857153154505443,0.043090624564493474
1674,0.03057488161491637,0.06333038468225344
1675,0.02182680025252858,0.05779930028475371
1676,0.019277651458444303,0.032537142298471745
1677,0.031295959826437826,0.04788958418528074
1678,0.019682618128223636,0.05667081815740791
1679,0.01634661795407885,0.05204380530053784
1680,0.030823364201174652,0.06919446590734198
1681,0.03834659708551605,0.04981342645669107
1682,0.025364935498340454,0.0419640584046253
1683,0.017044084157240912,0.03595416668197259
1684,0.02007404301862196,0.0598654515617816
1685,0.013815933101963588,0.049403500011914715
1686,0.014850523764508336,0.0417105607035487
1687,0.01784184502521477,0.04483901535919286
1688,0.02601854938137842,0.04727461353950086
1689,0.009529711274454214,0.05891742275832559
1690,0.032218289611091584,0.05812775500810366
1691,0.027674146083092942,0.06165667438035343
1692,0.021816955190657808,0.06603410990973309
1693,0.03521372005025649,0.10310837695093522
1694,0.025388944429120403,0.057517405464451
1695,0.01175182631958305,0.06526156463984652
1696,0.01757443872886046,0.0679582717166727
1697,0.023592555979882367,0.05295470793544643
1698,0.015364084971774702,0.07041539471414672
1699,0.012344930701051715,0.10592769935154515
1700,0.011363118909553304,0.0733754508450346
1701,0.030777784671024027,0.0830558583578631
1702,0.016949807978571943,0.0609091574204095
1703,0.01431525630391281,0.05314349677111446
1704,0.023753735129403108,0.049092524838415225
1705,0.02185533448621088,0.0850420602246776
1706,0.022691243887183594,0.062003246399463814
1707,0.01637015481595396,0.05355494733592626
1708,0.01719124643958497,0.06187937922025686
1709,0.019631722474856065,0.04589060665513734
1710,0.02350835111153055,0.05663208140490733
1711,0.024671384508770492,0.052088361017758766
1712,0.015359800153100164,0.050873205499067965
1713,0.022347805195988196,0.051738484002993385
1714,0.02201150681314537,0.04669564241667873
1715,0.009884119471940435,0.042297547989226046
1716,0.02219549265114712,0.04214965061126504
1717,0.012508100258731428,0.05793535780319872
1718,0.04295169392883381,0.03064550683068006
1719,0.02033581441888347,0.0834160198374179
1720,0.01757971237223789,0.0547365845076328
1721,0.024473869708741658,0.047365525380729155
1722,0.018542855044133947,0.05736791067910849
1723,0.020501131468430793,0.046669761062892896
1724,0.022150312242251297,0.06988711233461788
1725,0.021129359734951517,0.06428283133658959
1726,0.024309319635753227,0.03894656013799765
1727,0.01906468735790728,0.036487754915705876
1728,0.022126687442047144,0.05186253710132394
1729,0.015927483911798716,0.04668296357839675
1730,0.014526879756740739,0.04925536604708203
1731,0.04419658793842172,0.05581397963832807
1732,0.015437262275745836,0.07066610764516892
1733,0.03330251750199357,0.08119287106267159
1734,0.036368135714490935,0.05326900876591001
1735,0.019775611689252248,0.04489188250399658
1736,0.01605765966216213,0.05045034706279878
1737,0.02721430947037437,0.04199611899581446
1738,0.019462504247192498,0.03858174034957005
1739,0.01184996728311638,0.049482506814894044
1740,0.017534092633669864,0.04575706805672849
1741,0.020918736666955765,0.05482250817670032
1742,0.0336684808822699,0.06503655961743564
1743,0.021749939299762388,0.05077454744600326
1744,0.020574852549685396,0.07837390259004906
1745,0.042055229257914876,0.05970745807720962
1746,0.012963454757331653,0.06564923184899156
1747,0.032145192104470026,0.0652545302046198
1748,0.012313001086855783,0.05958397598956671
1749,0.014533883302271068,0.05808118432967468
1750,0.0089475334893495,0.07013852973443153
1751,0.015060032413439672,0.06574208809585964
1752,0.03252917205744052,0.051485220563803356
1753,0.026100289649563735,0.05688695106668961
1754,0.017283387038420247,0.0678253259396895
1755,0.018355290583210226,0.04898046614563752
1756,0.02159973383781553,0.06259797880498286
1757,0.0346254805564719,0.07229895237124062
1758,0.01647339431233521,0.042772545111882054
1759,0.021088841092060304,0.06360431633733672
1760,0.02602406749164401,0.03890928669237232
1761,0.011941709947964889,0.05351679465638718
1762,0.03560917147999778,0.056696332225961925
1763,0.021875091066409724,0.07033910278577961
1764,0.02482052788776549,0.05372356656960895
1765,0.02648093636686043,0.04671719534781799
1766,0.023346004618746825,0.050567961920985616
1767,0.02174797277943848,0.05698008972877888
1768,0.021497846584007694,0.0494738285311731
1769,0.030014990331389445,0.052820171778218045
1770,0.03532211173608219,0.049393466686747343
1771,0.025572008891547482,0.041439067958078925
1772,0.02988826642126947,0.04434922868032771
1773,0.01777265148501236,0.04251958637234973
1774,0.02847794818471316,0.055433349587181734
1775,0.026541760941428145,0.052638370821628776
1776,0.016713394723983248,0.0406434928145174
1777,0.013392590671631899,0.05145611724706628
1778,0.00912507574440989,0.03809378906558016
1779,0.028008030086273537,0.04853726114472448
1780,0.017530537230734392,0.048905379373627995
1781,0.020823574768206798,0.07090346674167036
1782,0.030414785526878124,0.05231527478648421
1783,0.02166062045772152,0.05348061031414686
1784,0.014839236449687173,0.04007516610678783
1785,0.02174637610767226,0.06071297396828328
1786,0.008477865647452735,0.04560169738128258
1787,0.017563571969473783,0.02925768870012765
1788,0.02660489116488358,0.07156603184611608
1789,0.01381282033560116,0.054565060455546356
1790,0.024845150472987226,0.058135441306740865
1791,0.01623419710230774,0.05370793180599178
1792,0.017431322819269884,0.059403609291290606
1793,0.02138200949782935,0.05209690037748416
1794,0.043857650912057476,0.0570288487571515
1795,0.03887977134393701,0.08443958645735146
1796,0.01710470255011699,0.05917990797594519
1797,0.02103981093320385,0.04640453959784139
1798,0.02586678523507198,0.04832066976444429
1799,0.03411763308109393,0.07484060522355529
1800,0.014183168275349814,0.06256904901187683
1801,0.020167298301946187,0.04598228577437705
1802,0.022274054235626468,0.04429859473645664
1803,0.018270873506480406,0.049507258665657444
1804,0.03792132990743097,0.0487739023890025
1805,0.018689406631651227,0.048706653507510245
1806,0.03140279038155852,0.044339453603001205
1807,0.029606800811497233,0.05804960529045774
1808,0.01336903231357075,0.048337432392943025
1809,0.014163578823873457,0.06303332212528624
1810,0.017807911328333623,0.05184703849428631
1811,0.015121108386515071,0.06183546585790859
1812,0.021234817122078215,0.0528231462071271
1813,0.014246034732908426,0.04933963470607672
1814,0.020010401833387165,0.0521063109409565
1815,0.021778189489068334,0.049531149307022994
1816,0.028529366495030312,0.05754686288660373
1817,0.014643236692787295,0.0428710598575533
1818,0.028778592810974335,0.05904117030589328
1819,0.01408305556454726,0.05295880493036224
1820,0.024371565543041474,0.06258202208055946
1821,0.020875714712018708,0.058068339936427904
1822,0.026869441205733906,0.09950422002053365
1823,0.017650221911588784,0.053619608227522216
1824,0.016271975214454365,0.054387843563751016
1825,0.02167686290174355,0.05549819124248017
1826,0.025086644798279985,0.06322598560415661
1827,0.027221611195308516,0.04777318580523099
1828,0.02849697417699769,0.07018886786919216
1829,0.02216483234580713,0.04845477710151361
1830,0.02558398891938578,0.054493489212379974
1831,0.015894858561692534,0.041420241151848274
1832,0.020082915360627906,0.050604815162597766
1833,0.029998877905139054,0.08231263544105594
1834,0.055137083319600995,0.05957855224591834
1835,0.02048141286672802,0.05495061311705357
1836,0.025996581449553094,0.07030066586510365
1837,0.027204205983732674,0.06629208233636975
1838,0.01793935592223023,0.057673008691385204
1839,0.015244600985317281,0.0556768799140742
1840,0.015425742164485308,0.05969200908232658
1841,0.020510469947673523,0.046234481894906476
1842,0.024505447389217134,0.07044469542701919
1843,0.04005186549497853,0.05030577508322915
1844,0.053873711485069586,0.05879472388742716
1845,0.023239362400227326,0.050480228200020634
1846,0.01635253824764957,0.031345482960027315
1847,0.016462334324545868,0.03280243444203538
1848,0.020903506548073377,0.049886485660316636
1849,0.019760913285750154,0.0594657411440628
1850,0.01883711857754802,0.06283784977023812
1851,0.017748932709414054,0.04626246258255604
1852,0.01623948069893987,0.04579608038987365
1853,0.03717357673069461,0.05970611774871207
1854,0.03781368165812812,0.053511699000130954
1855,0.015469479712366332,0.06351660672951749
1856,0.014702105838593896,0.04093553122703162
1857,0.019358231894624694,0.048725393153279485
1858,0.024929004293612337,0.06704133182182213
1859,0.024877755829884437,0.08223947715431017
1860,0.009694792341282385,0.06253288425150048
1861,0.022202907800731014,0.0785384425489176
1862,0.014366528848009083,0.048798527059427166
1863,0.012684168895556056,0.06634619976834673
1864,0.020029231115358165,0.05963257608557581
1865,0.03595213490765114,0.0546171607746776
1866,0.016164444819116542,0.04837309905380044
1867,0.0260704785630174,0.0550425924654522
1868,0.013670233461118555,0.08524153527091007
1869,0.033606590895277864,0.054970045388904654
1870,0.01879444003592969,0.05196080881366955
1871,0.008071298136685416,0.0465904764292911
1872,0.03841008780896085,0.047285849274154274
1873,0.010870924031771811,0.058947752969004064
1874,0.013729982698162524,0.04306576017119481
1875,0.019680469980546476,0.04726711673940482
1876,0.016165832573165843,0.06843953622484976
1877,0.03321773567626046,0.057766393487536184
1878,0.015229968033654421,0.04464720869891022
1879,0.01861012058099851,0.051919379412843046
1880,0.021414457505896708,0.05886547664288302
1881,0.01991122711456744,0.059204510165711426
1882,0.019710685869659975,0.04001733384115326
1883,0.02221755068104325,0.059913791008893
1884,0.035373785919994016,0.04896585392370086
1885,0.02282318102212515,0.055033147274972855
1886,0.02553617906479733,0.08481080917819635
1887,0.023950185343101227,0.05265445643913034
1888,0.017574683215967737,0.06320526377851783
1889,0.024900010142680108,0.042295162212656334
1890,0.01845326565013055,0.03799710876951226
1891,0.02589809243171219,0.046970303425272496
1892,0.0243737588340001,0.05349775898939111
1893,0.024776880557652047,0.04931153216898718
1894,0.0200904477103546,0.04551172894061859
1895,0.012379718722518696,0.056237345779281446
1896,0.022083722729855895,0.04966847969411945
1897,0.02094535133179462,0.04138140003942802
1898,0.016924705586966262,0.05714364185814758
1899,0.017352633779047288,0.059816301740906276
1900,0.014035166370672798,0.04437933616087845
1901,0.042239105287428864,0.06797560726077452
1902,0.028309963826827888,0.051120087185863215
1903,0.010376472477489391,0.04097304265527815
1904,0.026792755483834158,0.053755922688994824
1905,0.025048852698723926,0.061095570446969144
1906,0.0126227329961894,0.03786596349958037
1907,0.027693950169983494,0.05333808057860129
1908,0.022557772696501277,0.054868526785067144
1909,0.025717922952352774,0.04853799954773367
1910,0.02201482916158068,0.052892718325308286
1911,0.055547732457796074,0.055496249894343465
1912,0.020721588784030298,0.05506018827366708
1913,0.018763622562592213,0.05339141059678439
1914,0.028692418079277276,0.06834562348597006
1915,0.023040511414728276,0.055894508274028455
1916,0.025985683417254258,0.04396888813327952
1917,0.027191086324120223,0.04351380456653478
1918,0.01848691233679169,0.05733585986982989
1919,0.017166983120030493,0.06117617469222461
1920,0.017189367798226763,0.058628310894320884
1921,0.02050260549030613,0.04911579044737236
1922,0.01891504545539684,0.056104764431876064
1923,0.015912699999299198,0.05415228825623016
1924,0.02341612551312877,0.05718198496828227
1925,0.014083489865264582,0.057209016863493924
1926,0.02331385646970296,0.05914838923453511
1927,0.021278461368595847,0.04301812876124689
1928,0.01596018202824627,0.06999358227305347
1929,0.016510644337002715,0.0506268791391161
1930,0.028738312804023298,0.0646821878967985
1931,0.024216997635423215,0.04703348168460614
1932,0.01658892089531901,0.0661129125660646
1933,0.03083296962157851,0.043974626170760894
1934,0.015128372117527829,0.0363226336736439
1935,0.02392936928963561,0.06851493606361778
1936,0.01657068680719476,0.03823194216937667
1937,0.023061067554401137,0.058609569972887444
1938,0.030976924988246054,0.07055418823139327
1939,0.021957424609249817,0.05148998345774022
1940,0.013935570528589803,0.04396410590758885
1941,0.024441269377896067,0.05135649513945903
1942,0.02992757897150333,0.04367962463031231
1943,0.03633159787348869,0.05303912791274249
1944,0.022581140945504757,0.04572527082568149
1945,0.02194670981806639,0.04376641951806413
1946,0.019280930472691454,0.04275953737960078
1947,0.02329167210137598,0.0572039938801376
1948,0.024562819278200698,0.046657489749920865
1949,0.02470635975367658,0.030487128351184497
1950,0.025283013262551255,0.04730505428732176
1951,0.027879669979515537,0.046893871928597695
1952,0.031372125990377094,0.041346673198064725
1953,0.044440033789172884,0.061600093115825205
1954,0.024826698510061352,0.05795953691127483
1955,0.01798112700847898,0.03577475150970512
1956,0.020839913115450012,0.07283922439952059
1957,0.022638019352380523,0.038759292454036705
1958,0.022175847461730864,0.05638595298149601
1959,0.010653783031556093,0.04748206629876522
1960,0.014216530083265207,0.03321431870365299
1961,0.030453015463483262,0.052403017953841204
1962,0.012931677357749298,0.04675560636423561
1963,0.015517192931109036,0.05619576236692456
1964,0.01288344468463092,0.07101614547934174
1965,0.03036016103903523,0.06653377835041153
1966,0.01836108777290027,0.05336894739625145
1967,0.021892160668574717,0.05476578452161835
1968,0.017600675604906853,0.04967206175383628
1969,0.023874785012765437,0.04844218737599137
1970,0.025025206572452243,0.050550931170391965
1971,0.01575506143929681,0.044413883031750624
1972,0.054621473845020946,0.048757484333305116
1973,0.014218392087505768,0.06391495855457667
1974,0.02889826050165006,0.057078487707785626
1975,0.021664840735545584,0.065799361863637
1976,0.014843070019249116,0.03661782096402006
1977,0.01649781496201318,0.042080816316942514
1978,0.018694740801461742,0.04526693314079503
1979,0.03004380461459261,0.057077732905383614
1980,0.011745019180934341,0.05553940172253314
1981,0.033926646143894644,0.057448389280197604
1982,0.020802590571868933,0.05490431497617893
1983,0.019407881218457008,0.05589297323651259
1984,0.014214995931260327,0.04875244229088573
1985,0.021123700052947673,0.04195207521503913
1986,0.023676755986130293,0.04172518691928892
1987,0.024319046256059147,0.07894193504919127
1988,0.016985869437255538,0.0771203320237372
1989,0.017521336146179466,0.06112067994096242
1990,0.017838096706710056,0.03854447538486811
1991,0.024621207351432178,0.06482603158012366
1992,0.016955325595461826,0.04549278421948046
1993,0.013901596499438717,0.04822186994221778
1994,0.020012600815194084,0.055419129822406564
1995,0.012795180312348628,0.06953608161140289
1996,0.02048867697715462,0.06483035085147115
1997,0.018046440739747913,0.05994335226706788
1998,0.023952251609704264,0.04109054194995626
1999,0.014739025793234833,0.04447900810144748
2000,0.031236715484199692,0.05608735684455771
2001,0.031672266269857,0.03418863876300555
2002,0.02209191234152579,0.05046415249088849
2003,0.02684358437528735,0.05552773292569196
2004,0.023357263706407106,0.04857924466088914
2005,0.024675096936625448,0.04130037995535738
2006,0.02481201429552975,0.05264398943045567
2007,0.021938842793363222,0.05310705722446426
2008,0.03185513567461185,0.05606918903536381
2009,0.024186817818537886,0.050330557552899995
2010,0.010859020211837508,0.06769006429341506
2011,0.02404539434892571,0.05732709630649515
2012,0.01764629000778965,0.04452923308241332
2013,0.020117984817457125,0.052016328554368746
2014,0.02898721821801213,0.05817751837580939
2015,0.013516585118867394,0.03469273514211094
2016,0.026401945097309185,0.04849885927884643
2017,0.017124467480508183,0.06381387232813968
2018,0.014519883445572994,0.043703537668318464
2019,0.0196205887340322,0.07379435302976647
2020,0.017639466191781746,0.0773674240484817
2021,0.0262107954721303,0.04817578031734901
2022,0.014850180351695797,0.07415009328679557
2023,0.02273241654722917,0.08474827059058206
2024,0.01851070313636744,0.05198875099886541
2025,0.02042481093277167,0.045259331498391626
2026,0.02954338360394172,0.06585940453908046
2027,0.013932763186661737,0.08872570820955256
2028,0.017702710873887435,0.057024107375034994
2029,0.016881242878179017,0.06696049924640922
2030,0.01714883620264057,0.02969951334559187
2031,0.03754316679354123,0.0596803860513646
2032,0.023145799019110114,0.04906037938207325
2033,0.01691550516839496,0.06710240501504676
2034,0.02377269748164219,0.06370179427156929
2035,0.012828601388920278,0.04191468473408736
2036,0.026156927493591286,0.035859167375933705
2037,0.01659450641997837,0.044815133872818796
2038,0.020981468158389905,0.05934113838094853
2039,0.02340459145693877,0.06443773526521238
2040,0.04298031054846139,0.06777038985934337
2041,0.024336663463829056,0.05589198284177132
2042,0.025135092408618165,0.048994858321415924
2043,0.027559340214378017,0.05691215851332118
2044,0.012855427653088322,0.046611047869398174
2045,0.025795647376715813,0.060131336626188914
2046,0.02016262858734141,0.04576386578139027
2047,0.034067889645508824,0.07257327937334755
2048,0.029406734319636266,0.051329920578928157
2049,0.019087147100198504,0.05619983984270268
2050,0.03243911489541869,0.081441040922841
2051,0.01639651626070684,0.0513245807637831
2052,0.01469352915107496,0.04352766069246678
2053,0.013771274096855432,0.04142509142497713
2054,0.018574075632236803,0.053221460398158504
2055,0.02761626767871869,0.05229937449506836
2056,0.019041095006320344,0.0532880253241943
2057,0.01452878184144802,0.06038913538111299
2058,0.02101595765553227,0.05166679709816966
2059,0.03289238781568914,0.07061037843963199
2060,0.014702135768786956,0.055661241845196524
2061,0.017830014261542095,0.053291183704544894
2062,0.01688601784829695,0.02664006247586662
2063,0.025108063135108775,0.054491247671943875
2064,0.014963212996672401,0.06790980334845394
2065,0.0237867064350846,0.07482140018731183
2066,0.042715930415807644,0.07295772106081237
2067,0.031003666026797962,0.048865498444608156
2068,0.03545504068289913,0.08684700711038663
2069,0.013891444039519465,0.04673145004001819
2070,0.025485792890127233,0.06488884635443941
2071,0.02968992606164741,0.04835060352856672
2072,0.01450201604511437,0.06625272707712536
2073,0.012894349174139579,0.049765076192326556
2074,0.009303261402555881,0.0561769264322368
2075,0.017806088535622502,0.056450578901594266
2076,0.01769741285850084,0.04784479427710645
2077,0.03700986801670936,0.05986106732212811
2078,0.020477522893653604,0.054696159015019154
2079,0.013308705428331536,0.05059870122289439
2080,0.025328091713369912,0.06896158840694445
2081,0.014752710049589004,0.044611704915997315
2082,0.020060610280042513,0.04998043823451138
2083,0.018422484769139356,0.07894540369436107
2084,0.04344762409274223,0.07985854046607484
2085,0.011117949595042531,0.06388773339601543
2086,0.04117262687716999,0.048366619379862384
2087,0.028999697755615002,0.05194002595002326
2088,0.016425782977286505,0.06065434350371116
2089,0.027184405820660357,0.06273865686202164
2090,0.04035325233640109,0.061618624614242244
2091,0.022240574939168974,0.08135050197403433
2092,0.025786160876379693,0.08627273222090108
2093,0.015542797427601715,0.040893698995745076
2094,0.020382483124770492,0.024426418779857382
2095,0.009479625235389503,0.05791263753292945
2096,0.026542127864938314,0.07491751633590062
2097,0.01746265518278082,0.04113345537638108
2098,0.02425905642168642,0.05545614062340648
2099,0.01833483802670741,0.06221134071891809
2100,0.01478790236388198,0.054488806984566235
2101,0.020393630426951585,0.057748844901702144
2102,0.020345821935382275,0.06114774305937223
2103,0.02242233305288262,0.052820323676310336
2104,0.01661134904333671,0.03259386209200758
2105,0.021355675150027297,0.03459500607044552
2106,0.027569014922086115,0.06218990100533071
2107,0.025744259740861572,0.06023610111368593
2108,0.02064505575751538,0.04953695656633578
2109,0.0236528473690072,0.08573309044289512
2110,0.023544803502933725,0.060018033289184834
2111,0.03790957830159447,0.06260888253405604
2112,0.0182767446936855,0.05388001481241384
2113,0.01557835986208937,0.039881889186629806
2114,0.05737755345186113,0.08056557797329607
2115,0.01830295886868094,0.060474152698649634
2116,0.019413902087484006,0.053205661601979336
2117,0.014547649056221953,0.05740096673888312
2118,0.016349586280465244,0.025857941994103035
2119,0.01849589121754217,0.034706807436508204
2120,0.025689371264328593,0.033730846579300824
2121,0.02416035169031394,0.056574937936262525
2122,0.034364896075368086,0.06069064562057289
2123,0.02360580798170826,0.04261281337176054
2124,0.01992318882496562,0.0536365267600508
2125,0.014580629189794232,0.05143944692324004
2126,0.025216692516223393,0.04471088219151608
2127,0.019648475807288606,0.04844855402559475
2128,0.013396135287251587,0.05117711994877727
2129,0.020590823730442534,0.04003374477815317
2130,0.016302796562030417,0.05041592396640957
2131,0.029576619769287757,0.043530327619976446
2132,0.02101639604677134,0.048701368691648705
2133,0.023294784445504663,0.06181296687353533
2134,0.019704172958912972,0.055042044844409145
2135,0.028291186602735937,0.045090905727674484
2136,0.0176628543683892,0.04989424158545173
2137,0.03447463900669201,0.05090495774798004
2138,0.015608017537147759,0.052390849470894896
2139,0.01478598029422426,0.04460106687622665
2140,0.021522165949387512,0.07130189933428117
2141,0.01510200715245256,0.06016407114091118
2142,0.024737248929073374,0.03983298680506919
2143,0.018882638902576153,0.05224357688876232
2144,0.015491060207392987,0.055351823940677204
2145,0.016326356667291472,0.054654901461899275
2146,0.025670208588749476,0.046253399264205665
2147,0.02540428652678294,0.06339844125923398
2148,0.018224381994412665,0.053692420561471416
2149,0.021560684919555057,0.06817739610321098
2150,0.019432127475493905,0.05878298864706053
2151,0.018484375630822756,0.04870068235884314
2152,0.03159521377085412,0.04720628587624156
2153,0.04477830374737468,0.027813575789602335
2154,0.029976756168684063,0.05584612880552094
2155,0.01860851352148638,0.051238930599952805
2156,0.0261153641628365,0.04880906707228357
2157,0.021923665495496708,0.03524283516947744
2158,0.020903360704453974,0.04894048699533199
2159,0.018725462324836954,0.08203553189477321
2160,0.017552458975428887,0.03765596057266619
2161,0.021105711224878615,0.05742953698046976
2162,0.022555484634930498,0.06326587008874436
2163,0.023331469369890268,0.035470703957309786
2164,0.02065275602554798,0.05174146989714854
2165,0.030861863771196128,0.05641002646530765
2166,0.016896658123681154,0.054326805416908465
2167,0.058968128866699686,0.07686710930580816
2168,0.016604920141451335,0.052941452484333594
2169,0.02074024176017646,0.04319552475316555
2170,0.018291469975982407,0.053737525797625134
2171,0.02699230266983225,0.055099631195377724
2172,0.023068322464622374,0.06287763717925841
2173,0.07719723522503598,0.043070187025434324
2174,0.01847897447339566,0.057191736737001515
2175,0.01966401941088231,0.05957060739534412
2176,0.03314837807827018,0.053283007957982964
2177,0.01990729993763002,0.059355044816764874
2178,0.010755308551724095,0.055320318227798586
2179,0.0252045273364313,0.0581416014855976
2180,0.025353074625625138,0.06356305994425575
2181,0.02030220880486152,0.044695919840215315
2182,0.024658155470173374,0.057556079992380604
2183,0.030056956429797124,0.05996637366208732
2184,0.022065841463548893,0.05621466031942984
2185,0.02026251475189012,0.06594898601797343
2186,0.021969949464962415,0.06262499177853409
2187,0.013505952055433132,0.06267448213195788
2188,0.018482376372779778,0.07070324477221661
2189,0.011036960822966827,0.05379324221835565
2190,0.01901312592689303,0.05617989728668038
2191,0.016228410055807944,0.04130023760940727
2192,0.01339986880589765,0.038292955647052235
2193,0.01680795218689369,0.05204786939292976
2194,0.015408233610871883,0.050696646274415606
2195,0.01417247743147486,0.04901774694666875
2196,0.019768250111298045,0.03878830777942282
2197,0.03613012303687455,0.07027143604399179
2198,0.020976437174491824,0.054162530078104225
2199,0.014243901642688461,0.04789449266226339
2200,0.01656266910423783,0.054407022957805695
2201,0.011482175057210697,0.07582767531091045
2202,0.024878130738347836,0.06743350013621185
2203,0.018148418801440185,0.044771452725033516
2204,0.014965247868275145,0.05742307559898452
2205,0.01842643104801599,0.060926735742657834
2206,0.02610929715380826,0.05558698374848179
2207,0.01764997947060694,0.03950639789314523
2208,0.025360100718203004,0.04993557504495849
2209,0.013453340078778284,0.03827622742691564
2210,0.01195103173279985,0.04590195977361211
2211,0.02379730673187944,0.05484053337508262
2212,0.021474717134490822,0.05825959431739928
2213,0.011195256603287384,0.046027213028671306
2214,0.02949760548049052,0.08780617047018392
2215,0.014054862840163633,0.0582817067626046
2216,0.015840273107946567,0.07497302043552155
2217,0.020416951601955037,0.06261075853634733
2218,0.023902246343534873,0.05200043676114762
2219,0.01627223835595312,0.05370585547986543
2220,0.02110389517087651,0.0427479385767729
2221,0.023936104493957912,0.058694350376990036
2222,0.02846490335718375,0.06873860837861946
2223,0.017653810115774975,0.048236139842968685
2224,0.027910016965102393,0.04431849246118258
2225,0.023929374405797857,0.06410982670593841
2226,0.02684258502726844,0.07554425531342507
2227,0.015519621480103302,0.05781815128087634
2228,0.02631669652804719,0.06693859388465619
2229,0.012924828600270444,0.04456165572846272
2230,0.019634076328671018,0.060957455396235836
2231,0.02199134027107962,0.05354056802235594
2232,0.02496817226313355,0.048367827998979984
2233,0.027520380393791788,0.04686507465174831
2234,0.025702775936594025,0.05052111987485791
2235,0.02560894587989239,0.054521821679937486
2236,0.030646460457880137,0.0617030616512149
2237,0.023526570053086577,0.04754286451222056
2238,0.01802184185354159,0.04751310019019345
2239,0.020628408258757207,0.051600764404872095
2240,0.03307807496856729,0.04546284097280804
2241,0.024225829884720135,0.04510579184661487
2242,0.01648795964369369,0.052757943021073374
2243,0.01785921199797971,0.05968196396499607
2244,0.014826950026859888,0.0650507337520729
2245,0.017131153773452593,0.04009419519488688
2246,0.02172192239197611,0.05702166414975333
2247,0.01616939651593305,0.031857232500373124
2248,0.01728257372625883,0.043048341903587
2249,0.014903502030819969,0.05411832955135989
2250,0.02074850042055561,0.05804965088709032
2251,0.01448174528312258,0.06961651054663894
2252,0.019781921825016046,0.06214218147351406
2253,0.015811020824168947,0.051774612617438265
2254,0.017181631643586926,0.05161548049633096
2255,0.01666677527048668,0.05993862653587558
2256,0.023075958112115613,0.06038893534596162
2257,0.01402083351500382,0.042492507369417946
2258,0.028523149217772114,0.05960083683578147
2259,0.03293153774807269,0.055883642284127566
2260,0.024577154155830335,0.06309338667195845
2261,0.029009964358387094,0.04248257310645718
2262,0.010966633381280599,0.037958394112946305
2263,0.0217789176208103,0.05393901688164702
2264,0.03554604085240273,0.0589391659105824
2265,0.02517679285478928,0.04536717021813986
2266,0.01705775630223344,0.06408240908522904
2267,0.022591385412376746,0.05381649020800685
2268,0.038112708857000833,0.05675955942015929
2269,0.012677441752005478,0.05120470164574881
2270,0.020203739845811756,0.03607183192564188
2271,0.020419485136650744,0.04491500383909469
2272,0.033125511257441946,0.058450630500437833
2273,0.014677333858550088,0.06394830938399121
2274,0.012948047991092197,0.05084621489663855
2275,0.017310977513562583,0.030932212647556235
2276,0.02057275245272397,0.05622326711807501
2277,0.017723136939738666,0.04759668291175622
2278,0.01374809661730362,0.054900343466204926
2279,0.017985027720063718,0.05006195762173424
2280,0.03111661760420678,0.06535239899516333
2281,0.02107492357518965,0.04421477380173563
2282,0.02373659054454863,0.041461423458051164
2283,0.02416560870609862,0.04932895729609427
2284,0.017634267652728297,0.06558631539936936
2285,0.012901467405066503,0.046683581044498525
2286,0.013107087436786577,0.047424787619520674
2287,0.024499448582530666,0.05548059803299877
2288,0.017163084216087605,0.05113624741478288
2289,0.03348569087683595,0.043828098309696244
2290,0.0313421011432081,0.06415362444610882
2291,0.012116888673365566,0.048526114546103276
2292,0.028026496167678005,0.08576290659191331
2293,0.01966068150346361,0.028986770215945642
2294,0.026477357752053756,0.05824066829534389
2295,0.009269110228740926,0.05398140735137883
2296,0.021977524475920735,0.06800954722875656
2297,0.010784654626821712,0.03791824562740248
2298,0.012305458249584242,0.03897714844180671
2299,0.017357906826082747,0.049975068134042754
2300,0.024545733899555704,0.050092580626638884
2301,0.013964772532757033,0.04964190975785986
2302,0.02390645564252539,0.03998425636637059
2303,0.014717680418821514,0.04661909816020276
2304,0.01941668464686408,0.06760809168648432
2305,0.013949471052913826,0.0521438693861884
2306,0.02687210251870062,0.06229245427236574
2307,0.023601906651494333,0.050423876092873056
2308,0.016111412283902077,0.04372776235384604
2309,0.028255714179785115,0.05875732147778776
2310,0.019007651067437965,0.040922619962899726
2311,0.009864231886288785,0.059172643039463534
2312,0.006343006403871612,0.05121041041596027
2313,0.02026887386531547,0.07668137737905491
2314,0.015514149718482207,0.055411116792551125
2315,0.018952252573859154,0.04917548661260753
2316,0.02446508542658325,0.047017058890452636
2317,0.03209605811896436,0.05117248720913716
2318,0.028007443817675375,0.06514549401977267
2319,0.0173184314499181,0.04804030153246699
2320,0.011205703131184358,0.04488712186072108
2321,0.015133398553494678,0.05111403763228995
2322,0.02181469140731813,0.0607588197943005
2323,0.03903137995787583,0.04815892064589889
2324,0.014420251544114039,0.049711721972657885
2325,0.013075098379826941,0.07284995494334569
2326,0.020287648482790393,0.06285283868480095
2327,0.014289302959401742,0.08277771298155369
2328,0.025341137376400636,0.06125842245180812
2329,0.018645227146919713,0.05698823842352132
2330,0.01718937210756298,0.038133633095963244
2331,0.025710995618585235,0.05282896811231768
2332,0.02162221171250021,0.056331747824026446
2333,0.018209045234623855,0.06559395157271894
2334,0.025333661138978808,0.059553006956551385
2335,0.03410356871638256,0.049290034875878165
2336,0.0320885363786235,0.05955056926766845
2337,0.04524275033596591,0.062133697363725676
2338,0.03194772598786548,0.0591225246734459
2339,0.023819712320159267,0.05038087841577596
2340,0.018035220006377684,0.058308690903692416
2341,0.020325085185861607,0.06206252551132199
2342,0.019295463254270947,0.06044617066130322
2343,0.015444744244845002,0.05650770671358999
2344,0.023265373884197717,0.0791979868489532
2345,0.009516377183396858,0.053592126956698155
2346,0.013932098162951352,0.057216231870220235
2347,0.02355560244101816,0.055979626632715516
2348,0.026881664901161006,0.06627945089160354
2349,0.014115708667892387,0.0544136147085633
2350,0.02289965622766066,0.0864624626255545
2351,0.019908587836018683,0.03281937783566426
2352,0.02234585889878425,0.043870011419386463
2353,0.02016552689140581,0.05673608899967605
2354,0.0200653547460943,0.044928945101177425
2355,0.025329991167390205,0.0426848420751226
2356,0.02273746250825262,0.054018612387990855
2357,0.02165362960055761,0.0500538077784598
2358,0.020635882840071958,0.03357137367188423
2359,0.02547407118434883,0.055376353113381155
2360,0.02969225939717394,0.07764550603996732
2361,0.013745022951727116,0.0581648777162895
2362,0.017827490762619056,0.05577509639282178
2363,0.03244803051724463,0.04265502584103461
2364,0.022784133978514986,0.09113374768866338
2365,0.024449314255876927,0.07398120019608827
2366,0.023846201949280225,0.05538820460339672
2367,0.02419893143094118,0.07273541695441997
2368,0.03244981119586799,0.04329356754292798
2369,0.027797908958862444,0.05215857957920722
2370,0.018753083788744362,0.06264083145805048
2371,0.017027403706204747,0.043446103298938304
2372,0.014203113956012708,0.05070109214717918
2373,0.026105988717696243,0.06272015007140029
2374,0.018874988150644204,0.049948668604930614
2375,0.038663946886741095,0.049901171881971296
2376,0.02633455351258382,0.047973794537169184
2377,0.018537514337988028,0.033277485757313936
2378,0.015917157906910936,0.06744892785362262
2379,0.01725765749736559,0.047277939143007125
2380,0.00904661724088319,0.045544434360304635
2381,0.03295459612204175,0.07779652165901925
2382,0.02280758220941297,0.04305396987506374
2383,0.01721133031272318,0.04284289426569363
2384,0.021019451201342965,0.06046869697212818
2385,0.01897437193689103,0.06591631475858696
2386,0.022894847281695486,0.051257441627204435
2387,0.020543511819172595,0.0493219665654274
2388,0.020509317449228962,0.053009884389039724
2389,0.028326202831290087,0.05343661101838423
2390,0.028888915192284485,0.05114859056821261
2391,0.04125802291573747,0.040396388364908505
2392,0.028263028775282664,0.04689269960580491
2393,0.036932480817985856,0.06236683092150267
2394,0.021052473300411476,0.052200191398598994
2395,0.03276770453555173,0.0624316953377021
2396,0.020641544241443887,0.03722623375653858
2397,0.02200654497935148,0.06963126068603681
2398,0.027833839877519903,0.05729887832169491
2399,0.026751614689527303,0.04611676180725022
2400,0.025531538857081176,0.04737890056789648
2401,0.019945796905547576,0.058866921514160064
2402,0.015368457862224369,0.04831859386382928
2403,0.013127403145893779,0.0646461231301986
2404,0.029922968117338005,0.07075150057919154
2405,0.010923499506357447,0.056440890071808934
2406,0.027090185995592653,0.051472050603192605
2407,0.033132268549876775,0.0550875685494202
2408,0.019394141740901222,0.03150166023985184
2409,0.01929632292584865,0.053002991889671974
2410,0.021227904309336448,0.05088221043155695
2411,0.02260151684324208,0.048132053488876565
2412,0.019830147610217973,0.052160973647879645
2413,0.028518185751903555,0.04828743568433549
2414,0.017933605982058017,0.05422497869077569
2415,0.021454029306607003,0.056939877949531266
2416,0.014568274187641948,0.05511117922924328
2417,0.014948787583706788,0.07173942743487859
2418,0.0250690887742388,0.07177631944969483
2419,0.015601723675881978,0.051177452101081676
2420,0.014696034551192214,0.05157806969647511
2421,0.02616615303639964,0.05330856244433324
2422,0.018920705194019755,0.03908599935262102
2423,0.028725113132090058,0.059211763411655155
2424,0.012268359674352707,0.052280171957394976
2425,0.018647151078131866,0.07017189085772181
2426,0.026396906535501266,0.061145292433769184
2427,0.03205016546474695,0.05109066790318465
2428,0.02040447982623503,0.04740221835687208
2429,0.02659196793314929,0.07010373543515329
2430,0.030237275415330344,0.04427837369470122
2431,0.022949620905191686,0.054955768015905675
2432,0.029327534681871912,0.043883181182312235
2433,0.019105554269104374,0.059755845415698
2434,0.013990583762045919,0.03527473010289491
2435,0.025210570592373596,0.06295020803467244
2436,0.015181049680236772,0.044969374711410014
2437,0.026022282411564474,0.05698974236667436
2438,0.029483059777477894,0.053353758329187144
2439,0.021617097610509266,0.06678334472811177
2440,0.02001628987425743,0.070833012016477
2441,0.020162042917497208,0.038225946651120606
2442,0.021359705401336568,0.06408144613094553
2443,0.01768532568952022,0.04444588497476748
2444,0.016971419099129786,0.07078459127899965
2445,0.017075586210199976,0.05972992193753246
2446,0.01099637704742455,0.0736022465846396
2447,0.03845902596278736,0.060878582807668426
2448,0.018440910241777134,0.04182205682368273
2449,0.01267750696711551,0.04269269367250338
2450,0.022575105783551774,0.06241365715311251
2451,0.030849809802279155,0.07376255966662874
2452,0.016431794247739676,0.05274129877494974
2453,0.039888705368738835,0.04996604649251158
2454,0.01529720888677391,0.06290293881885849
2455,0.01831006571202153,0.06349572600943487
2456,0.025524805060004496,0.05868443321804032
2457,0.03141970252827147,0.04437736457807743
2458,0.03490735762545518,0.03532162009648662
2459,0.022262385270704583,0.03764505498177795
2460,0.01680842045963658,0.04187501885988785
2461,0.020005434597553707,0.07871876441933988
2462,0.0173262467657077,0.051309315444856285
2463,0.030451788696632783,0.046079624301826466
2464,0.017812183824620603,0.046247785875567375
2465,0.019266886441618995,0.049363744727245897
2466,0.029281921760939512,0.04711029969647066
2467,0.014677260866557079,0.054727382448904204
2468,0.02095446662258146,0.049795548516478196
2469,0.014610339586528583,0.061256752230945545
2470,0.023638030777257648,0.06494794849983544
2471,0.02151596026239738,0.04657273166491197
2472,0.023175238298625528,0.05397657632002487
2473,0.01588310675271676,0.07907406457141784
2474,0.010589577286630722,0.03927456297423674
2475,0.01955075717425732,0.06405964939342022
2476,0.031522490256337826,0.07550157318416219
2477,0.023336828496742835,0.03794434407665793
2478,0.019523633352613808,0.05884989820782771
2479,0.02854239615268524,0.0631754528191889
2480,0.02835428771658056,0.05675038102841263
2481,0.01607156976974544,0.058146994896496405
2482,0.022583239021429915,0.02785641460788314
2483,0.026725196046581152,0.08368070680096269
2484,0.01877720802748518,0.058357544647676673
2485,0.040680595677840214,0.055288428725442325
2486,0.049411760204983,0.07546090289787884
2487,0.019373564861778516,0.04390448735630614
2488,0.015830181405355286,0.05984733985226765
2489,0.016692297934113642,0.08706190532116746
2490,0.023814166849609006,0.050077269697559205
2491,0.018258113209586497,0.06576867585679069
2492,0.018418127558800523,0.054232631664642685
2493,0.03772097736033641,0.054515874519828866
2494,0.011082253234533683,0.055526870853279474
2495,0.023736521481287878,0.056406199104648336
2496,0.02663755375312951,0.06735582007678599
2497,0.025298142607526077,0.05661219445070159
2498,0.019247454295626427,0.060443455545340696
2499,0.0223581557611976,0.062468736539905236
2500,0.023642378165674993,0.07026912150834495
2501,0.02553781104968093,0.05282027788496522
2502,0.02911384368925017,0.05475299298457944
2503,0.012272902275999501,0.06685614692337317
2504,0.01732549693654553,0.05274689752294356
2505,0.02502747719802174,0.07855830388516065
2506,0.01707759327261084,0.04534890351006975
2507,0.029758905496253443,0.05315775752921528
2508,0.02744566590877783,0.0726619255986705
2509,0.04209303908883144,0.05669048398509693
2510,0.020453855554676017,0.03948985687395206
2511,0.028747607504342434,0.055697905693819695
2512,0.012497340064520683,0.04080420007509945
2513,0.012152762583135272,0.07362733019155972
2514,0.012823670016582266,0.04102382802197311
2515,0.024721152281655723,0.05585671395828565
2516,0.013143012432424536,0.04360997960357044
2517,0.02416875729285319,0.0450435537219821
2518,0.017063662150185174,0.04718857941263249
2519,0.03069979105344597,0.06098501185137539
2520,0.011485327807028975,0.03629462569045374
2521,0.021116713943682,0.05753509562551088
2522,0.011800824035630467,0.07291381211243304
2523,0.016050756928391672,0.0625131660903788
2524,0.021757814272773016,0.06350885832050507
2525,0.011197046310840807,0.038050762357436936
2526,0.022089921615500135,0.04326759497279455
2527,0.024564090422595445,0.05391646926438679
2528,0.025551505066646274,0.04035706422093483
2529,0.03053417611924027,0.0727031186873644
2530,0.02694653500032584,0.054985063165201735
2531,0.03039697786473844,0.06121201001455138
2532,0.021311013515236343,0.051390632684267114
2533,0.02277670393604395,0.050451007743597516
2534,0.029968945796614594,0.054544837226227834
2535,0.013622434180870384,0.04110628450388277
2536,0.02064133298336823,0.05456492024774203
2537,0.021630578607042154,0.03994229866256023
2538,0.012624465872627022,0.04460560007565126
2539,0.028815437936898853,0.05936358500656016
2540,0.015555476266523744,0.040318782851572345
2541,0.029490210206533942,0.05654129092653463
2542,0.01300110336966429,0.05570268747337303
2543,0.013379604252446367,0.053539115796926995
2544,0.026461803856996785,0.04760137317423108
2545,0.0308153479070367,0.08318192359259892
2546,0.02157989169043617,0.05144454008288792
2547,0.019373820130161576,0.05524369033667098
2548,0.02376710391802581,0.058316931877101165
2549,0.017859424854619204,0.05332897099459367
2550,0.017916863559570687,0.046445489846279164
2551,0.012678663455273844,0.03414878495556389
2552,0.02530389711067813,0.05166589308512463
2553,0.037146222730236586,0.04997385107795479
2554,0.022230678703978008,0.0428444320327652
2555,0.028171057940819564,0.05188926017927218
2556,0.018647748826609887,0.07055729268392676
2557,0.027536872776781296,0.07063806394521271
2558,0.025554356653651227,0.04675866866960007
2559,0.018541702303966307,0.06525017426912712
2560,0.030996061486159094,0.056564231991639485
2561,0.02625953100347846,0.05301230157521212
2562,0.018529580804878824,0.06721206992252692
2563,0.015089573710614375,0.04907102693867962
2564,0.026493658803090275,0.050153603335808795
2565,0.020570298776874572,0.03696620149336205
2566,0.026823386513137315,0.06472726641643207
2567,0.015292384534126867,0.07197744049509945
2568,0.014923026852486925,0.0437430356538838
2569,0.0310244652726278,0.05766304299109897
2570,0.022365032412216684,0.07077259104404617
2571,0.020763357991629174,0.0625537299461927
2572,0.012272929507737779,0.04290112430684282
2573,0.013831233743343054,0.04685852452790104
2574,0.02241716435464645,0.05396186502457765
2575,0.0230908072342564,0.05073486802725915
2576,0.03761634481424111,0.05562953822378589
2577,0.01659639963688436,0.05264073302789369
2578,0.013678674165567839,0.05219694523593699
2579,0.030358319618694233,0.05915657406962096
2580,0.020819334805107725,0.04711564065886015
2581,0.025080206106304164,0.06155561822273092
2582,0.02087338906961111,0.06436763286018322
2583,0.015599718826730849,0.04459252214522342
2584,0.0113080675057119,0.04894321095868107
2585,0.01844890878570096,0.03470845605262563
2586,0.02278690153161606,0.05803109638104653
2587,0.01706736526803347,0.043397604500555464
2588,0.025616182721278163,0.050042292491898205
2589,0.018129040964771952,0.05597471246341897
2590,0.02027899786143995,0.05244164819064311
2591,0.036339006575844095,0.053073287874209084
2592,0.017696027000403316,0.04743813910653344
2593,0.02727917678004323,0.04472843530333637
2594,0.019515257040846955,0.06066646810952256
2595,0.02646430476438094,0.054013167242610405
2596,0.01899994678254244,0.04810779263496227
2597,0.03934979178333552,0.05429477525982024
2598,0.015854414116076895,0.04030239091070697
2599,0.02316382246160929,0.04971867759111096
2600,0.01441521914354497,0.060887314832249496
2601,0.03680386157232764,0.050793899029912964
2602,0.01571109255704369,0.06485057376185249
2603,0.023215646821778697,0.04669570776616196
2604,0.02401141940919045,0.06765040976400266
2605,0.05718371021898296,0.05167420353217189
2606,0.01971763001459394,0.06126760517565715
2607,0.018344805490958446,0.05942666246042203
2608,0.016691053277605786,0.045951082717132774
2609,0.01947184031046241,0.05122715368027294
2610,0.020632928310672656,0.0687261821595448
2611,0.0249832558418709,0.0670106641789474
2612,0.026036560035754164,0.08920435959423804
2613,0.028236239487224174,0.061470704484478715
2614,0.008929295177154543,0.032717996093649386
2615,0.025554770781591313,0.04537893872503999
2616,0.02044589963906088,0.05421044830334143
2617,0.03308841464319779,0.06301894963794367
2618,0.03823381116156354,0.0622511536248043
2619,0.017041806509300764,0.05758753976486935
2620,0.014343170320108262,0.045774608674249685
2621,0.012072352719090818,0.043806644171253246
2622,0.02278343440372679,0.061857359134233375
2623,0.01682657313358461,0.06937064253153609
2624,0.018928687162054463,0.041338670802927836
2625,0.01745780859093371,0.09271098986447139
2626,0.024051581983688758,0.07447765667681548
2627,0.016753590320690275,0.05659029625590486
2628,0.025488066695292837,0.05905864453115528
2629,0.024911055228727677,0.061026557292635585
2630,0.016588605451830003,0.05554461668328023
2631,0.028050409597033935,0.0559712849645855
2632,0.02004726843418106,0.05120328011876327
2633,0.02578957998535301,0.038706068101962
2634,0.017635193771131204,0.047438860212588585
2635,0.023418390623940032,0.06282892873345718
2636,0.01958998797701215,0.057251736099783096
2637,0.01050322024450665,0.06268642157486311
2638,0.02285176137808094,0.038929058921999105
2639,0.020336644823254927,0.06366212530002173
2640,0.028630511606498793,0.0600211101645318
2641,0.016381430631394,0.05344958187516624
2642,0.012098837579813183,0.04914228457911585
2643,0.027155926170022337,0.05207725050675094
2644,0.015873241348748127,0.04809799569346208
2645,0.044001174836716755,0.04378424005248993
2646,0.022170968513465523,0.06898450496579032
2647,0.03681085788710551,0.0471486389507513
2648,0.010725190797667242,0.04544172801121756
2649,0.014080800542850345,0.05837279380841459
2650,0.02295431833435856,0.050549901316158885
2651,0.010973660058169937,0.04236656314909706
2652,0.018605671314410002,0.06455145274669354
2653,0.02260187477316229,0.05182367166587298
2654,0.015716309481648243,0.044379394880809574
2655,0.031580867129391975,0.05575113858303965
2656,0.01694515355024326,0.0433418500978622
2657,0.02458976423317667,0.05826831362978907
2658,0.015426070812032377,0.06476719550285605
2659,0.03399044663546894,0.06131336069329838
2660,0.04217619599029981,0.05557790607431454
2661,0.027043108999258703,0.06088593464189879
2662,0.008331432418477752,0.05310703269643783
2663,0.015661352508656853,0.05293283475847615
2664,0.01639323100292232,0.05816631862176732
2665,0.023086264134078754,0.0444049414439762
2666,0.010634924286734787,0.058697042444763946
2667,0.014510178311378533,0.04728512998615947
2668,0.026647495471291777,0.06466169500947042
2669,0.015187620611189298,0.04136423852557885
2670,0.02277370431301524,0.057282635862601995
2671,0.013584613742085042,0.05947129553546237
2672,0.021366979341138015,0.06513949345559893
2673,0.010367436903397902,0.05817487664060747
2674,0.021354348233488227,0.036435276048996414
2675,0.019308548147601908,0.07180516698554529
2676,0.01887508157563932,0.060502773396373465
2677,0.025951081612129483,0.058321039478267146
2678,0.014193834521283444,0.06981886793340975
2679,0.016892674180437512,0.04900186924852381
2680,0.023356792564695472,0.05892844472412106
2681,0.017253844205266284,0.05327967056212938
2682,0.021510240598448856,0.0543692427611849
2683,0.018496415765905865,0.059387738157859075
2684,0.011077289606419183,0.03994387394226515
2685,0.026121824355728268,0.0472907261449654
2686,0.018691128199270112,0.08450207352274534
2687,0.01126982413827111,0.04101752741858443
2688,0.02157354467437676,0.046077895829302114
2689,0.030689753298939915,0.049812426142096335
2690,0.022835199784626403,0.07030678506229122
2691,0.02087402499168714,0.0460879667039649
2692,0.027677226173949465,0.08421115563946263
2693,0.03009700691862451,0.052603619123316715
2694,0.021636928510656878,0.048715837108164545
2695,0.01810630213608798,0.05969844346379597
2696,0.022694565491956652,0.07423759851392671
2697,0.026769924407701526,0.05406708545093284
2698,0.03234062814491465,0.0955592220661089
2699,0.03311259847897625,0.04336719705740769
2700,0.018629742284427677,0.06432686663695779
2701,0.0198291960224574,0.0459225679642724
2702,0.016350464136747622,0.05156501245491927
2703,0.02492869976931804,0.054992609760693034
2704,0.020506907568423154,0.04553820568200919
2705,0.037879779044289845,0.06140258104057263
2706,0.02152145451830034,0.048198866920492044
2707,0.020088944985058824,0.05792699732261669
2708,0.02018512414508444,0.036369333616036
2709,0.018361123663151763,0.05947277673409407
2710,0.016696933991297267,0.0589453080460908
2711,0.014320582614328147,0.07872219748030687
2712,0.013383574164277401,0.05689593777567251
2713,0.028727064384427892,0.06865489673571973
2714,0.013731755635877002,0.04656565890398281
2715,0.029751370018764472,0.04636770172349857
2716,0.023124972451925657,0.05021621730466627
2717,0.03552542697832267,0.05840584277576971
2718,0.01130140800035589,0.03706587818227855
2719,0.024971403888362335,0.06199563077240936
2720,0.019657554248089754,0.02794412176123322
2721,0.03847892530435676,0.0681856195642835
2722,0.056879435073247074,0.06359068078843877
2723,0.017134804072036706,0.050835943567359265
2724,0.017697768346121173,0.07318127700139024
2725,0.021308888592692834,0.06211570839164709
2726,0.01617665667445704,0.058008572311030716
2727,0.019377829641053775,0.05737472350886567
2728,0.020097962011457145,0.07032580998746679
2729,0.028802808740787323,0.053224614205092
2730,0.02889285562392192,0.06315084837750506
2731,0.022373263437361467,0.07291736825940731
2732,0.024771465472871883,0.05141211086262349
2733,0.02453197293882339,0.041630206192885995
2734,0.01619346324113947,0.05913859759597508
2735,0.02824040416937949,0.05926759685345759
2736,0.026994315532596357,0.03886309030652948
2737,0.02994295667519034,0.08368797646614727
2738,0.02081232627470807,0.07258812487868695
2739,0.019120689421180084,0.039719906497292075
2740,0.012653012849341888,0.0515218595658446
2741,0.023999702849596655,0.04795173881859677
2742,0.02731737121275248,0.0728099338252648
2743,0.018218460749772562,0.06777483924619195
2744,0.010826596055257813,0.04418745679651589
2745,0.020744888239945424,0.0936157841669812
2746,0.018014396011500265,0.04861536543097181
2747,0.017079455019980202,0.04862659003573285
2748,0.014697486174714563,0.04373479534798932
2749,0.013590217183091396,0.05220254716999775
2750,0.023205906344186743,0.05831376502877581
2751,0.020511041318440938,0.0452649590392229
2752,0.03426409094068421,0.07022064081715823
2753,0.01859934976096589,0.05252329944153495
2754,0.01984416802660118,0.03476891482334107
2755,0.01791072007660578,0.03993722467342733
2756,0.0212547774454335,0.04772824069608015
2757,0.021273026199114937,0.04445536026675608
2758,0.016140854958222057,0.04178933063278473
2759,0.013557535917142843,0.055976302886537106
2760,0.014412556036517718,0.04703703673318441
2761,0.015885258481601005,0.0399678922353167
2762,0.013328068875654901,0.06202315647624037
2763,0.027372895664653053,0.05915919502678937
2764,0.01820614335668924,0.047807258713703886
2765,0.02350450629765576,0.09779043718404996
2766,0.0115989128556458,0.0435341729003887
2767,0.03047479911224274,0.09779364787525124
2768,0.027446733655611386,0.06451826924793318
2769,0.012411036098503303,0.055595045522121155
2770,0.02078030614723123,0.06725085066622928
2771,0.015056474932318577,0.04317878455147811
2772,0.01615908968783987,0.06214114675775317
2773,0.013638935628002747,0.06328712335436816
2774,0.03604414747271745,0.046198921018747396
2775,0.016307953745171435,0.03427930241050097
2776,0.02217930067570582,0.03938064864222162
2777,0.026988298920261878,0.06587506200213326
2778,0.01609704096516144,0.05222068226175386
2779,0.033069110841303255,0.050775694623919045
2780,0.017725121555995215,0.058540738498452795
2781,0.018947525721255482,0.06180681307976452
2782,0.019507764248474616,0.04711965354071401
2783,0.03582258708229812,0.06361706567878572
2784,0.020654117989329885,0.06058823264009298
2785,0.03101241357478987,0.06630775830270041
2786,0.020238569552780163,0.08046251765300831
2787,0.03435000106729205,0.06822170122259574
2788,0.01682612277686144,0.05424501959614373
2789,0.02116298460826296,0.05387448872530661
2790,0.02165051802277847,0.06283257918803846
2791,0.01582033533979026,0.03309213171956906
2792,0.014382102916006867,0.06239414379468059
2793,0.020603973126054942,0.04623396705710677
2794,0.017454638051717677,0.05333145279013973
2795,0.027082925255332905,0.03615842547375267
2796,0.017895859424811037,0.04396667308416909
2797,0.014195496253263227,0.07830827118705357
2798,0.01799118109699657,0.043501639396587695
2799,0.01866105133753061,0.05153737475618328
2800,0.028627742642216358,0.05687565715899091
2801,0.020716546023571467,0.05252283041272998
2802,0.020820369117649618,0.04847357045383919
2803,0.023455029426673782,0.0947159089546981
2804,0.017124335738542582,0.046790903866045064
2805,0.030069204050394715,0.04932250183709499
2806,0.008900611561238126,0.05075460111160509
2807,0.02890727902470157,0.04720768839999518
2808,0.016484909616400614,0.06231265910163778
2809,0.029081637229601016,0.03983815615026957
2810,0.02449233250592121,0.05486396134367697
2811,0.026871857009959282,0.0633583429351358
2812,0.030542963134593825,0.04137750540626312
2813,0.019937124941493776,0.04876445022254669
2814,0.016558664717717945,0.04330135058051551
2815,0.009423580114759062,0.0569950316059869
2816,0.015451652084875233,0.05505552570081821
2817,0.01938075301287766,0.05928392695364115
2818,0.012096033299321601,0.05322217562157428
2819,0.02500060289350671,0.0549360257998526
2820,0.012760034619959065,0.049097085294741
2821,0.01305257494408255,0.0683028466859092
2822,0.0251024609675707,0.04850356935068517
2823,0.028196161125250974,0.0463360627151706
2824,0.019526852267846447,0.04315369330059557
2825,0.017555158983124014,0.044428810082427016
2826,0.023718301534252025,0.08361428045508336
2827,0.021824156159102635,0.06011813258214608
2828,0.02071642349302492,0.06668934337707051
2829,0.02115043435917328,0.06091893893516087
2830,0.01850535957695454,0.06208165025960921
2831,0.033745404356931644,0.03592597370693511
2832,0.017482279931508405,0.06937708043044209
2833,0.02284434689978294,0.05193786389277404
2834,0.04328164838531522,0.0633242200155349
2835,0.03620908193529273,0.046738961467688654
2836,0.014850444715709494,0.037389943195424304
2837,0.02713276529133685,0.05551172326605214
2838,0.023251269598873543,0.0443236118952263
2839,0.017019698614820142,0.050884602762826046
2840,0.024347389138212477,0.08413659982099934
2841,0.020295738563749336,0.04941080704239615
2842,0.02569200239553233,0.08093786089085535
2843,0.03454036164311155,0.04932869676460839
2844,0.023933871557822256,0.051189576806274346
2845,0.033957624881702723,0.05925424994691638
2846,0.0244821243611003,0.04615471874906003
2847,0.022198022376718418,0.0584159662562018
2848,0.03169719022074689,0.08051661406994376
2849,0.03367924174200996,0.05995404912716259
2850,0.01671652657130692,0.0723075330374406
2851,0.05206391226635393,0.05915482507711453
2852,0.0439977417316258,0.06285076350702397
2853,0.018743118795705928,0.0493371670850612
2854,0.016520648199134905,0.05770461959608422
2855,0.02313764815452417,0.06506747352457415
2856,0.013950145283786087,0.0668493506328888
2857,0.01746953634675166,0.06907597769282393
2858,0.02283455896076093,0.04212347218868386
2859,0.014467826167672301,0.054987275825130855
2860,0.031448545261754855,0.07001151547047106
2861,0.022448669216493033,0.03273192601196682
2862,0.021626254287443792,0.042376480221926714
2863,0.022188975400887097,0.03818249002638277
2864,0.024627982699810327,0.053890443873882234
2865,0.021778758013170797,0.049499812931893004
2866,0.015061213218336455,0.05818665929074789
2867,0.01904423412334617,0.06018847753787779
2868,0.015397596545036083,0.04122750196400721
2869,0.02249381962489841,0.06357696524329004
2870,0.013978748312022596,0.04859172534362221
2871,0.01767322385142082,0.026750905666099525
2872,0.023043853425602227,0.06810006997356684
2873,0.01290656075440924,0.05680206347572673
2874,0.017028522238836132,0.03652738958540467
2875,0.013805154323821997,0.029935411176675752
2876,0.02047708971067951,0.053780255851463954
2877,0.017318064229016262,0.07063660129131837
2878,0.01505339439527109,0.05636936977358258
2879,0.019836008599666402,0.05598668670961365
2880,0.03295727702746525,0.07861624660652078
2881,0.018813435281693772,0.04042383299896149
2882,0.020218605891456576,0.04336900431670637
2883,0.019932780598093766,0.04873594465402831
2884,0.0157635390003403,0.05276350981742619
2885,0.019470881815038147,0.05394411482882236
2886,0.027402156864817524,0.06223450636620378
2887,0.021370993702128444,0.04697649906120943
2888,0.020437113321847503,0.05867477488238789
2889,0.017178688727346063,0.05689457952607661
2890,0.013442785743400444,0.045434050332749144
2891,0.01794439568938896,0.03848300167506044
2892,0.01564644801788932,0.062399331607563696
2893,0.026054456011440286,0.06113895991797926
2894,0.024814273101762947,0.057165323168350456
2895,0.023821063139614514,0.07107071374805207
2896,0.0272849917641191,0.06879223979691033
2897,0.02011804054194372,0.05807158521642394
2898,0.014880270593013932,0.04846681594383085
2899,0.029226592931109668,0.05752104239268302
2900,0.03595492706070497,0.05127972081351889
2901,0.014788967337361236,0.04399427618534796
2902,0.019317256048736037,0.06717633847748784
2903,0.016518682100446682,0.04771254792239441
2904,0.01607834684641649,0.05431106331571841
2905,0.015497905332182505,0.052903963885255666
2906,0.017569001162191653,0.05970220952924537
2907,0.027392185741326815,0.08395494370459135
2908,0.020143464594270563,0.06445159723978774
2909,0.013428684763271631,0.050526621730064
2910,0.02573891278227239,0.12183241286720099
2911,0.018007518862217322,0.04986777081175719
2912,0.0201069739920644,0.0845217090667194
2913,0.013925322835104075,0.06222754637628839
2914,0.024445190780535673,0.05265210181425101
2915,0.030439461151523472,0.05465611783538599
2916,0.029550233896885946,0.0632332129284126
2917,0.03808093909058617,0.045636630703425364
2918,0.021388705883764358,0.04622184170786036
2919,0.018321251972622955,0.04797004532946403
2920,0.023074761961418635,0.05077524170407057
2921,0.01570272589128155,0.054298548548338044
2922,0.017737239996550414,0.07035824948119525
2923,0.013219197820178606,0.05288486573706225
2924,0.03263047228679043,0.06660392668310312
2925,0.016289225950281504,0.04736268057074109
2926,0.028394511884822882,0.05410052547161371
2927,0.007641442984315349,0.05101602718363258
2928,0.03420845574806152,0.040767454113026035
2929,0.02927575022056755,0.06969439029421147
2930,0.0303877686599322,0.06507717024973318
2931,0.03442567124707271,0.06561045729259717
2932,0.027119767900674243,0.03298761448540536
2933,0.033925474919741454,0.05379435000737274
2934,0.025640933246582898,0.038472458059724865
2935,0.01562609774677212,0.055665431511708933
2936,0.014738461404322343,0.03334386980005742
2937,0.02306188029783485,0.047635568858963494
2938,0.03836244109274614,0.07665266559170346
2939,0.017083988946261057,0.03987214666307423
2940,0.017113986115973232,0.07141573099836697
2941,0.025875898876861193,0.03864308450982091
2942,0.020522993688416338,0.04278216797839843
2943,0.016855668571715037,0.04463600682336694
2944,0.02456139872084411,0.05183203689811306
2945,0.02825963461460862,0.05463757222012786
2946,0.020357227897546896,0.04768568157546863
2947,0.03636387891205177,0.045730609073417645
2948,0.01574680804948774,0.055477790343841926
2949,0.022765802038274916,0.05339002902812867
2950,0.021045442871231113,0.05484577198600499
2951,0.01319757937790391,0.061041226865741476
2952,0.022915542316759335,0.040616997996196724
2953,0.017678962109683876,0.05184133083225075
2954,0.016599268208287648,0.044063317842103523
2955,0.01900671343154744,0.04514074744034366
2956,0.015089921938427883,0.047418755852844635
2957,0.016514494274936523,0.050988990497906624
2958,0.019093747775250903,0.06317106117626446
2959,0.027714442100766828,0.037622135997397985
2960,0.02155430922926532,0.04652181340170746
2961,0.03077466814757739,0.04334064458165177
2962,0.018815375112258354,0.05895985520437184
2963,0.021984016329263233,0.0543611101115709
2964,0.017138314940031676,0.03714666714537961
2965,0.03575889435518721,0.0699085998773975
2966,0.02563619544397021,0.05835817108164615
2967,0.018653070793110973,0.050389092211786925
2968,0.024833352566065895,0.06408182953482061
2969,0.033499583638615965,0.05530259117714693
2970,0.021766403178589844,0.04663954512949368
2971,0.02549876809096065,0.04932393349004763
2972,0.01765402368075648,0.07754116634275574
2973,0.015346173447952619,0.05300996580831798
2974,0.03431627767732203,0.06996836257005722
2975,0.018677134841409693,0.04738104180932803
2976,0.013297874906378385,0.03711599083592241
2977,0.015586665734958503,0.07397975765849496
2978,0.017123716121714923,0.055094916396816594
2979,0.012245683417293004,0.055038124405833645
2980,0.031179586248342373,0.07816000241452498
2981,0.01716536271582966,0.03826024124671822
2982,0.01003715543993812,0.050067585592455284
2983,0.05055363691590931,0.05589033953847263
2984,0.01470490471405859,0.058022424052306176
2985,0.01846786252963861,0.04663586029070212
2986,0.017524655370438208,0.05090103086278363
2987,0.036747518943160244,0.08884197598094927
2988,0.021803132947748143,0.05243756935541847
2989,0.013078664664085507,0.032232402694101055
2990,0.011745726133635578,0.04594765095934885
2991,0.01651914388963777,0.06889124213468242
2992,0.02072746554139863,0.053635642850038155
2993,0.03297039865048832,0.08680178834137621
2994,0.020748285123022462,0.06732560868169178
2995,0.016614940819696923,0.053794524408259436
2996,0.016040509141420113,0.09224510018533348
2997,0.01934617750368538,0.05645593295437686
2998,0.017651630966664205,0.06339424092343676
2999,0.012233179597831096,0.04565140458064542
3000,0.02887579340493272,0.09089902313233976
3001,0.02216517648050878,0.05506421915204091
3002,0.021174195684755592,0.05095871940542849
3003,0.021680468350322057,0.05483850208118365
3004,0.017426534552453365,0.07558023003217959
3005,0.015676550327545388,0.05188573947228248
3006,0.01405213188484702,0.06633403336351555
3007,0.015507539264195097,0.06034619666484816
3008,0.03096651477641985,0.055496685178718495
3009,0.015501893061959987,0.06504199171406748
3010,0.018230283578131747,0.05844657158602168
3011,0.01152201288385061,0.046012023930265954
3012,0.01414140747397012,0.040969488030288825
3013,0.016121707111883044,0.05148322544892316
3014,0.01606487372054619,0.03382010359488998
3015,0.017673244406981495,0.043059870235810004
3016,0.022260937623484533,0.03684520895827961
3017,0.020690639776871397,0.062974213336618
3018,0.02863069001746185,0.07466616616123996
3019,0.0246980705976928,0.032294665257097586
3020,0.041428801041313364,0.060933559773287106
3021,0.03325194435660647,0.040677418705978574
3022,0.02330735524271942,0.056566439047181984
3023,0.01967961725070276,0.04523682535889902
3024,0.0223954681984842,0.04043337509558899
3025,0.0317258820712817,0.05491410207585192
3026,0.015055878354076768,0.05451501638262782
3027,0.02279354971356823,0.08227535958551302
3028,0.014821838000342133,0.05742218555005129
3029,0.01838713428567398,0.031725796402422374
3030,0.016234536086979248,0.04669805563390922
3031,0.03437695913773847,0.045557281881332984
3032,0.02165165969304951,0.044918278399260665
3033,0.01397457071780057,0.06705328766539029
3034,0.02462050087702738,0.03824916585606115
3035,0.022076226503478364,0.05120421829892197
3036,0.018913681762495912,0.04840073416304125
3037,0.02927236382685279,0.05271636189493872
3038,0.028525609195929336,0.04580794795247164
3039,0.013201536958675708,0.07016402731463207
3040,0.0204386340234432,0.054445170194727964
3041,0.028429982250144037,0.059603907228695595
3042,0.019376790980622085,0.05923001512054743
3043,0.01686783744707672,0.04682452318505748
3044,0.021190554664970215,0.07391477684122116
3045,0.016594238947353557,0.05914823872826302
3046,0.03043460154660357,0.05736199107463788
3047,0.02515587012577912,0.053916896622737874
3048,0.01874598093642862,0.04862629321363798
3049,0.0133695870487361,0.04085644353474606
3050,0.011377853710912442,0.034037032599475374
3051,0.023511734649867094,0.03657752419230444
3052,0.017245061173991497,0.053404567602131935
3053,0.013221339801105956,0.04726264341989603
3054,0.016577235465023824,0.05284722459664235
3055,0.027200853252021557,0.052743351861005795
3056,0.019938438461744316,0.0433864416261003
3057,0.022078796147097828,0.05722104768956122
3058,0.02317823789962492,0.06452764830265624
3059,0.030293908120905908,0.04803850482007153
3060,0.04061995363951936,0.05545129290578444
3061,0.023813802761665902,0.04059461413279222
3062,0.023081482001894974,0.047814014858883785
3063,0.022549528226212052,0.044181074960992495
3064,0.03046164350509477,0.07536196742930833
3065,0.017539302748648955,0.03741577937470846
3066,0.021883861474932046,0.05650265429982591
3067,0.03310273650714862,0.08056034147414833
3068,0.01973743712396695,0.048685195604559584
3069,0.025091975162132202,0.05510927807584077
3070,0.020451454461520153,0.05565634303402186
3071,0.01867091936584109,0.06266573319711698
3072,0.021907471192936522,0.05652802783217419
3073,0.02062802511340905,0.06078086876200145
3074,0.026864639494743766,0.06678743971938333
3075,0.018688160920380916,0.048444091634705456
3076,0.023599007539645625,0.05560844178877524
3077,0.014156138651868053,0.0561340164087634
3078,0.0361310446369132,0.053838885915507693
3079,0.016933156252537062,0.06801563676719292
3080,0.02015532183808433,0.0477891131545257
3081,0.059311355831860924,0.06508599302037309
3082,0.010322485831441448,0.06164541805102571
3083,0.025854204255256325,0.04842268758336713
3084,0.019683669126316142,0.06292345786239567
3085,0.011248148129626002,0.053152910692149
3086,0.01833762376594948,0.04698716778193563
3087,0.02036660242276875,0.05354271938133124
3088,0.015685836654440188,0.051719061403289475
3089,0.0169662250346,0.05307201647869816
3090,0.022981909760420343,0.05536565168172911
3091,0.041680259639411056,0.07255567643110221
3092,0.04531478124799119,0.038702296388492236
3093,0.029287235664030322,0.053225240032089526
3094,0.015122149481743495,0.05284019244284893
3095,0.024568484918105326,0.04933719976920634
3096,0.020072515825411346,0.05993402084174388
3097,0.023541360835069258,0.05766715328363181
3098,0.011678564571581312,0.05711290448928818
3099,0.01857350231640099,0.04843514438799673
3100,0.02623854267016593,0.03956176613543961
3101,0.019335179168391472,0.06282333760072564
3102,0.01871167151310783,0.056845971421983825
3103,0.03179220230365603,0.07068922254500101
3104,0.013417929933425955,0.04713815837142557
3105,0.01458551815937347,0.09009568214204812
3106,0.017625598872558466,0.0711876182753417
3107,0.01773305869705785,0.06443581057055493
3108,0.025247600528794642,0.057930241884275924
3109,0.01934546422747452,0.05276070463602935
3110,0.07605330748371412,0.056553509542179886
3111,0.020701104739324558,0.03646308243623483
3112,0.013988088545021711,0.05757341716776257
3113,0.028820459987610073,0.047991626488164234
3114,0.022257307661373762,0.06048926588567727
3115,0.015415418613018076,0.06565771540826405
3116,0.01781003437558606,0.04495634043370505
3117,0.017010233560653103,0.041568768449482575
3118,0.0184431169656983,0.04483650652094339
3119,0.011614149147405627,0.07255601984791943
3120,0.013106231773428964,0.05481663323492227
3121,0.017082656455761402,0.0676419998278414
3122,0.026519272812386183,0.06397983115770647
3123,0.03243772893355764,0.031292752601522554
3124,0.01915022650703548,0.044335732995651154
3125,0.01560654455530095,0.06042569766395789
3126,0.015477830843995066,0.050462050406444366
3127,0.015275376410887664,0.06873227950555573
3128,0.017604253825323563,0.07008811075796935
3129,0.015664693610100297,0.04081765269868483
3130,0.028955798593798782,0.05096815310530927
3131,0.02166321482992703,0.055286399648542865
3132,0.04048991717020487,0.06545624960458028
3133,0.06574934154531308,0.04992016269766018
3134,0.04481978217128629,0.060013988217916335
3135,0.03198494954399534,0.060238521036083716
3136,0.03472478830033246,0.058345310107316056
3137,0.025919219570134627,0.05527413482467757
3138,0.012798335874043214,0.06069802646928271
3139,0.03191163709993836,0.05312255734613158
3140,0.018570137451590352,0.05709502997121927
3141,0.00940457350866109,0.03649565467627387
3142,0.017893069806412316,0.05476649758320157
3143,0.015920824657193713,0.09813647241592253
3144,0.012705809448028953,0.05482660791040151
3145,0.015203143599848784,0.044647532504048626
3146,0.02224841596350872,0.0360788485246134
3147,0.013178287844790262,0.041976838764891326
3148,0.02624240792461309,0.04662841568213517
3149,0.022002725637124257,0.0617515813871402
3150,0.018235040162195126,0.06676239738838916
3151,0.020200775301422245,0.057829292414083154
3152,0.02868695561938898,0.06529509483058336
3153,0.01982246759813314,0.04925539268925518
3154,0.018827438052130458,0.0605947782419417
3155,0.01228403086619765,0.053798587805831445
3156,0.019440388803274092,0.09476109946724583
3157,0.01776787931298154,0.05345871791176083
3158,0.025789645553423206,0.05396883281025117
3159,0.022409914554517695,0.04168974827215418
3160,0.02034094365121621,0.05529743853706115
3161,0.01795851094625214,0.07686986193680717
3162,0.024443553217019243,0.05238506503043903
3163,0.02463361614684401,0.057142686485129525
3164,0.02504278348861541,0.04214785271611184
3165,0.03678963109787172,0.05903577910262351
3166,0.028274502707090143,0.06327311718844018
3167,0.012439782340768974,0.05268448467993931
3168,0.01372715106907677,0.07117325900862966
3169,0.01825822464366305,0.07467273599318928
3170,0.01970579354644406,0.06574001515874067
3171,0.03628170089201322,0.06085612926724951
3172,0.01734056106836201,0.0553141495611884
3173,0.013910924901143035,0.0419789091934547
3174,0.019710330993307518,0.05955112498581331
3175,0.024163607614528945,0.04544669690322644
3176,0.02309771879400049,0.07681899315394271
3177,0.01707644554495643,0.061984782719750775
3178,0.01814304443884027,0.0540918964525244
3179,0.023375866733567008,0.038616102511432146
3180,0.035206878815622365,0.05704534779513315
3181,0.024046757829036897,0.04933460653869245
3182,0.02329522926975086,0.05527142577058038
3183,0.020277283995411993,0.04670699698778055
3184,0.016005408006304834,0.04556248224711968
3185,0.01891096417955743,0.048564225046248403
3186,0.013919781092371486,0.04517973474161524
3187,0.021888922095880618,0.06071459896074278
3188,0.016849822174897097,0.07379243777663737
3189,0.016099423902751573,0.046096378266179294
3190,0.058517365935790405,0.06133116605513315
3191,0.009746596064151602,0.053136104521719
3192,0.021328206521050195,0.07700937276002137
3193,0.01831280206373825,0.049305304830650265
3194,0.019174007097012818,0.04773959697681992
3195,0.02702916511851582,0.04624508637274599
3196,0.022711618364210387,0.06300554305808141
3197,0.021234663614669063,0.03918643197444339
3198,0.01881771580526846,0.058334937938652597
3199,0.021425890290688487,0.03266587526375556
3200,0.016644843051361848,0.04928545552552285
3201,0.01830891164475271,0.05009944268648329
3202,0.012627643110459946,0.06778572523817004
3203,0.03782434015442281,0.056043964131904954
3204,0.02054780033459166,0.03915808155608935
3205,0.020237453172706723,0.04366287561858786
3206,0.014516048862469447,0.04431134004464543
3207,0.02621355547414013,0.0668253181194972
3208,0.02002957044301389,0.058079662451319125
3209,0.02337302116897109,0.049146739938711666
3210,0.021862684008263772,0.0560397045331066
3211,0.024547269760650636,0.042113391629599616
3212,0.01959899170309817,0.047473766496558635
3213,0.02816804987608992,0.06051492491444055
3214,0.0215276885773663,0.05383086837789695
3215,0.017304925961760836,0.04260220021407595
3216,0.01758496910459058,0.05634749304393715
3217,0.011014788386761154,0.039104201980667934
3218,0.0403539543743315,0.06476223675532745
3219,0.025538266439408708,0.05156107875639424
3220,0.01041635427078161,0.08677200497268626
3221,0.011968068956671,0.0613997251907738
3222,0.01527005412103024,0.056483155962076155
3223,0.014497204049065265,0.047790346066294474
3224,0.021372132713289194,0.05751830765375968
3225,0.017366561459281334,0.042774348225602145
3226,0.02129654432352807,0.04990014437367818
3227,0.021884287651964304,0.058449222837984004
3228,0.017793435122834374,0.02512372865333107
3229,0.02051023445114605,0.035460195187758274
3230,0.01825712893370341,0.05414646969481749
3231,0.017543028385001266,0.043169353970386105
3232,0.029770828641202254,0.05182930267871183
3233,0.026825566206517316,0.05425197714388389
3234,0.015071105629325293,0.033587602213266614
3235,0.0298519379671717,0.04257395413879476
3236,0.01979070651264935,0.05194440909979554
3237,0.026389454255569628,0.05360245567550933
3238,0.03958092192870489,0.03647160964551009
3239,0.017121407390554958,0.06125462566533757
3240,0.017763568315383647,0.0457466652013108
3241,0.025878366072364423,0.04764261380175841
3242,0.02643488496760207,0.050833616511048396
3243,0.021212017892967516,0.03975335325708234
3244,0.052252708169986166,0.06105246052321996
3245,0.028956329765839162,0.056676135677106186
3246,0.029809617117375193,0.04835638413947726
3247,0.01607623426009433,0.03933788906495652
3248,0.01999880800160975,0.06059884429892772
3249,0.01775586132739558,0.05225841546286681
3250,0.040237511606093124,0.06398093077940993
3251,0.023498565144981703,0.05106886827974299
3252,0.02553872908412355,0.05400219303007047
3253,0.027281224723521003,0.06208801693295915
3254,0.026052244362194246,0.0568903519664036
3255,0.03312610606857812,0.05752349888944169
3256,0.05222541883001732,0.05100024137791717
3257,0.01877712047699009,0.04685580413177188
3258,0.032157796013202615,0.06082566683600721
3259,0.016216196327073315,0.06838795902397635
3260,0.022590842080579803,0.05759442699785763
3261,0.025190611910400368,0.05187309249342404
3262,0.013271899032223436,0.03523818131871337
3263,0.020010567889570233,0.05741577016699748
3264,0.04114507911073086,0.06733285479880534
3265,0.018894414710894095,0.08104840789722155
3266,0.014925308511149205,0.039424948664627445
3267,0.014265171542080263,0.04901089952857526
3268,0.02526388626420406,0.058545309784733136
3269,0.017063806289545656,0.05237676323305248
3270,0.012575709089718778,0.03785460889296286
3271,0.016565583185895363,0.0646229049348755
3272,0.026623778828226873,0.04818700362059441
3273,0.022900365454219803,0.03990106346764904
3274,0.022800884922584252,0.08318287581116257
3275,0.021774093298973007,0.06152789780878942
3276,0.021591182494278858,0.06692182552101807
3277,0.022192655639561788,0.04139685163646289
3278,0.018324890900064984,0.048217737011231644
3279,0.01965171613496817,0.04219318287440336
3280,0.02769126239555163,0.05335427264632686
3281,0.02663640154976148,0.058579874560434064
3282,0.01893463631478721,0.058384465968034864
3283,0.021280147189698145,0.05547306970379598
3284,0.016636601471303764,0.06043345953346358
3285,0.009730141855550522,0.04052703800640967
3286,0.032949575471820126,0.056844781598867876
3287,0.03318403974443782,0.07333257443562786
3288,0.02524424404458232,0.05402284842009156
3289,0.028116758678534564,0.06221094008878544
3290,0.0201037797137463,0.06232558822756975
3291,0.015638513953349788,0.0522302906428335
3292,0.01045328071487584,0.056007580672372374
3293,0.026844723354926162,0.05872881617683497
3294,0.02128762875282048,0.05318005482822513
3295,0.029552251627292716,0.06648605005900007
3296,0.02257222175518919,0.04717202717540273
3297,0.024443954943349878,0.06606214173436027
3298,0.03876508852566337,0.05724488263077021
3299,0.01723412029118353,0.06948850926830999
3300,0.019177599478245946,0.03685000972815572
3301,0.020936027076177834,0.061277509163710435
3302,0.023155642513908115,0.03141236024378619
3303,0.025483198093143828,0.05421232699760772
3304,0.02033324721711863,0.055421108587618374
3305,0.017128506043078844,0.050011800534213224
3306,0.01853986281273577,0.06948182751370106
3307,0.023275202638028177,0.03567993075824319
3308,0.014950825294597458,0.04611509010042766
3309,0.009831849285383526,0.05597950862371368
3310,0.010995334154359918,0.05224762940377912
3311,0.01253960515233475,0.052834654400837934
3312,0.02736191111511484,0.06754750880386523
3313,0.029631166765289235,0.050468979148396875
3314,0.027189887365426917,0.058144814758621655
3315,0.02386364595389281,0.05017051412865594
3316,0.023960902321422246,0.06227574512385847
3317,0.05220517499631414,0.07504129612557457
3318,0.016016709966182655,0.08051041246216775
3319,0.02090761048661319,0.05715388192896087
3320,0.02129007206710035,0.04710278185309943
3321,0.020546370693886762,0.047094406386553954
3322,0.02013168955979493,0.055695617153309306
3323,0.015251920056541626,0.04722087657931395
3324,0.012245818661978413,0.06051981187617481
3325,0.015246347894637677,0.046562152421636714
3326,0.015648069181813273,0.05244386435807182
3327,0.015197578152592215,0.04749046958672423
3328,0.020739736913202838,0.0675676472513032
3329,0.029186602151609883,0.043070514240840164
3330,0.019457801972426154,0.053732114800792576
3331,0.022275073818949314,0.06386452405424455
3332,0.0174085828437908,0.05207049170484073
3333,0.0213823897936473,0.05156369143429742
3334,0.022113626393845693,0.05195644940202255
3335,0.019547817513780943,0.049181826129815066
3336,0.02504166241610566,0.051219900792853844
3337,0.03905610594157545,0.06766758253695838
3338,0.022861130792044177,0.05537690850258797
3339,0.00912124817600916,0.04849040214387934
3340,0.03323546055175971,0.052530201283948065
3341,0.02107879812464744,0.05177922263147041
3342,0.012274216079297517,0.04598341717761495
3343,0.01603288239439571,0.07214488813916813
3344,0.029104902890840164,0.04847806979369623
3345,0.022743050973164397,0.05065498946371063
3346,0.017415421682385787,0.04994867133219819
3347,0.014297342890974632,0.04481900089992644
3348,0.015552109130514835,0.04578699984141743
3349,0.01573588616173091,0.04212056791519867
3350,0.02226245333678421,0.05666933166082664
3351,0.025269686146111983,0.05641812307527164
3352,0.02288710946594801,0.05074865016174928
3353,0.01861620420754755,0.055807425585407945
3354,0.013584258315477734,0.03167317662650341
3355,0.013680907554975997,0.031895511679067685
3356,0.018361564358982296,0.03459316581464252
3357,0.01998705169661964,0.05219104782793662
3358,0.014276952158333306,0.04735447966962456
3359,0.01490248564969885,0.06928795331963383
3360,0.022802991326822664,0.07652797351814236
3361,0.0422633130618792,0.06587126946357978
3362,0.019721390280475544,0.09292172834712704
3363,0.024495039674241104,0.07337495125422115
3364,0.015288783327967896,0.05178795293591767
3365,0.03058704761551111,0.05383643875690905
3366,0.014860269774771106,0.043203545773268466
3367,0.014856399822149336,0.0540392711896015
3368,0.0251264047595913,0.05279259354617155
3369,0.02609188775558958,0.06489250760207387
3370,0.023077454102093733,0.05904231251619923
3371,0.014187137383941175,0.05554780272641022
3372,0.025975923996620975,0.06028094032707337
3373,0.022216528247610872,0.057446492371372025
3374,0.023203395289643294,0.042075134912359376
3375,0.019611448490468877,0.07961292588293188
3376,0.016949778872956588,0.06818998884809498
3377,0.024976124520533275,0.03430911841960535
3378,0.012148315090846622,0.04112036064374224
3379,0.018129904859403766,0.048976491258817846
3380,0.015527800416111107,0.056933062456968914
3381,0.011129459413105008,0.048772955766059535
3382,0.018330270672978374,0.04743922403401066
3383,0.035706499281086164,0.045804864449514406
3384,0.05101468476723725,0.07050457653921978
3385,0.03381769896876378,0.052981812359138104
3386,0.02111634207499714,0.057972744465981385
3387,0.019442388772382645,0.0547076036367943
3388,0.01673681622861788,0.049911839071286435
3389,0.027736376619713968,0.0568230503208274
3390,0.023060790625467665,0.05211704526277534
3391,0.018898377765688323,0.0749316462715671
3392,0.0142683450902921,0.028431093200583516
3393,0.017101258916237073,0.031989214131501464
3394,0.017884066816937504,0.049053866929462786
3395,0.019892149465738643,0.057546897297026785
3396,0.025782810004469955,0.07798462821511508
3397,0.02234238542776731,0.06012035822327313
3398,0.016712118047717866,0.07123908686850758
3399,0.020182671935131513,0.051598906663159444
3400,0.01429048622301819,0.06726375503277064
3401,0.01783347543988501,0.05520620904541526
3402,0.017841326693358365,0.0574796108450086
3403,0.014346380752741123,0.051122848266372804
3404,0.023080503578508913,0.049445507242381816
3405,0.02391685478870927,0.06794450363747707
3406,0.010005321262239755,0.08219056881267094
3407,0.02620494871484676,0.07578578241337396
3408,0.025492972095526773,0.04814947594975011
3409,0.007003084061494128,0.061394365602818836
3410,0.02033806446038954,0.04581996432488957
3411,0.020618830430313633,0.05491212599383862
3412,0.03446011504800328,0.07464480528793609
3413,0.03295828417597035,0.06627333556006919
3414,0.011668617934925877,0.04353027329613846
3415,0.021316187249600674,0.06005130914796447
3416,0.015571806456852097,0.06956366890577494
3417,0.01949390025228114,0.041363432046021165
3418,0.023786604376891566,0.04238222421720644
3419,0.01762739611009516,0.0456985145329335
3420,0.01977059075143747,0.06533524844718533
3421,0.020838452583127293,0.05696268926917342
3422,0.01845506135826509,0.04914743084601359
3423,0.011641507350765154,0.03447417499705732
3424,0.02848321974723772,0.04178586361894595
3425,0.02131056779133733,0.061809680155686775
3426,0.01783867481237929,0.04178987579836682
3427,0.02971354362122627,0.06479599799302707
3428,0.015942007580373938,0.05390227115239072
3429,0.011524519810737778,0.046602889333383246
3430,0.026112094667363476,0.0741746641504233
3431,0.021183199049462878,0.06574265905939645
3432,0.01958667984037429,0.05446828093574788
3433,0.02245501742531911,0.045198085680065024
3434,0.007835269637409352,0.05404314365082293
3435,0.01735516747458177,0.039601752324867685
3436,0.022276839696418055,0.07515979387242426
3437,0.03172823943527345,0.050362824540180075
3438,0.02026779253997923,0.04873480344774189
3439,0.03390028685853003,0.08232919853017769
3440,0.017318431230970485,0.061306587474129794
3441,0.01971904106605213,0.049456641196768035
3442,0.03209334292841413,0.0654969688264365
3443,0.019348280646970497,0.057771038180047106
3444,0.01905609760938907,0.06216384735354896
3445,0.018855613041450787,0.048590927733227846
3446,0.028113368879629178,0.043403670228100606
3447,0.024313658857934742,0.05883025418903248
3448,0.02371906873254717,0.04936409883588128
3449,0.014402326994330666,0.04630705945411732
3450,0.013674515504008715,0.045880270194358995
3451,0.01831773689500943,0.04711904858816671
3452,0.018623631062673614,0.06366042955139574
3453,0.023369581239115797,0.05909400967453121
3454,0.03743630161423925,0.059980342211302946
3455,0.02549001669142799,0.05071637822930941
3456,0.018694957135088505,0.04580299858585774
3457,0.017669948751765186,0.046598705322860166
3458,0.020367234029524253,0.05879111679645157
3459,0.0176236659139267,0.05817880744875709
3460,0.031086879256790313,0.039741752641327954
3461,0.01712394366846542,0.059805866236072196
3462,0.05004091292864877,0.07635415654859337
3463,0.014721895173500874,0.055957153088718355
3464,0.01945296423922696,0.028778183961747267
3465,0.020489019971345536,0.05979698979638346
3466,0.02343279797390237,0.06548645051197312
3467,0.025792610760222507,0.05682435501589644
3468,0.037265545329977334,0.04450751603135688
3469,0.014568508507756131,0.05815260765096442
3470,0.0215972393333419,0.04772583722948531
3471,0.0379272416816633,0.08516755105822672
3472,0.013949446876991366,0.0599700041079518
3473,0.017415920884044183,0.05035928846162574
3474,0.023985475738228,0.05064477332296246
3475,0.015659960175106114,0.05948997148949669
3476,0.013973187534880369,0.05471288242213158
3477,0.015314819842492847,0.048910495371047226
3478,0.01375874663448814,0.04665782073447002
3479,0.01602810781346092,0.053602189643068676
3480,0.01480536931683916,0.06022994279676888
3481,0.02831456801035884,0.05864899808901781
3482,0.035387144291474985,0.048414725513786804
3483,0.013263710279708789,0.046350547996615754
3484,0.0161540778150988,0.040833028684018065
3485,0.016633629687575313,0.04693525667994219
3486,0.02030421653113582,0.04283280561432765
3487,0.0206437587081425,0.0468966469292082
3488,0.02379053383030248,0.04917400571600019
3489,0.016167979413430636,0.054997035808811524
3490,0.027805500229350067,0.04754631338482305
3491,0.050019564450555394,0.050207513368676515
3492,0.01820831591096518,0.03273236570755821
3493,0.015411481185848916,0.06444951040283035
3494,0.0202538491634451,0.03688757079684942
3495,0.017367721866992498,0.06920424394904152
3496,0.016096401284203202,0.06538956326530752
3497,0.018959335182095968,0.04904184902999074
3498,0.020597428308662423,0.044387465332442005
3499,0.025107637755565567,0.04013182419387884
3500,0.02049938574424792,0.05302966832968171
3501,0.01322396525362251,0.06323099506260459
3502,0.019021138300659064,0.06918823310276302
3503,0.020641361527715837,0.07721546201519207
3504,0.015948164312085483,0.038099851890868376
3505,0.023218736511495825,0.04552577769810915
3506,0.021741221464402227,0.049649312367783936
3507,0.0193761311737871,0.06036234344716513
3508,0.037696460060552835,0.04138519515085116
3509,0.0218063222138596,0.052229317748264247
3510,0.012458040291527764,0.05963701290619842
3511,0.042873405427572654,0.12138281957279647
3512,0.025759861473885898,0.05212209060049298
3513,0.01541560126117471,0.039542450566180644
3514,0.012419088370935907,0.055410977961440816
3515,0.03182471402494209,0.05462246724698022
3516,0.021287962224586093,0.04543298636984581
3517,0.01970497045109591,0.0549870873340342
3518,0.024075692954167182,0.076017151152959
3519,0.01849159368630227,0.06314205461124638
3520,0.018881807414110562,0.041814193776131214
3521,0.06468285807794494,0.0521525469841666
3522,0.010339290234477619,0.04246224177736088
3523,0.023173938521175025,0.07189447172280312
3524,0.02211823588473165,0.046250648277560646
3525,0.016016586396095253,0.04276590072852402
3526,0.019898416985510675,0.05112728128557259
3527,0.0195102060962625,0.04320650196213974
3528,0.010831050020651413,0.05931876303271303
3529,0.014890188419807188,0.05375193250981338
3530,0.015239259950477715,0.05642254128145646
3531,0.01742352462281836,0.04028528343792862
3532,0.024653470406636804,0.06683038499963986
3533,0.020665057035888276,0.05544082316311041
3534,0.0180604295734889,0.06503586873773352
3535,0.026713826585855572,0.04594146073986257
3536,0.016997903017847444,0.06781499628166097
3537,0.010443643739295292,0.048340967471392084
3538,0.010079305937224128,0.0589778326786888
3539,0.012648834289329232,0.05657487697834063
3540,0.01865732709681729,0.06091360080987392
3541,0.03635374924969619,0.08180757206116505
3542,0.015379139349544095,0.06948126835191663
3543,0.029288761646816472,0.06120387804351204
3544,0.02334349493531901,0.06192451397258623
3545,0.016182300121720467,0.05641323998529873
3546,0.030658988602291447,0.037437746285189095
3547,0.022693462703642808,0.044147198906688466
3548,0.006735435935825296,0.03690970863296025
3549,0.01994443120206023,0.05081214158093478
3550,0.01394161755086735,0.03637823006389574
3551,0.01663194673616889,0.05976077485458048
3552,0.012550168810513613,0.05216032238990239
3553,0.022865265538321106,0.0427380207210153
3554,0.02754294022254082,0.049453750127294555
3555,0.03256003047813382,0.05764650853888247
3556,0.017409915962337593,0.051542711463123336
3557,0.018382681275068164,0.09196948302467667
3558,0.02516375957867867,0.04488003383786976
3559,0.01413867597818888,0.08979015021528987
3560,0.02173460473529178,0.058890524752727075
3561,0.03962184694062536,0.06858194497091251
3562,0.021722220198864942,0.052806249292178704
3563,0.020643630580761168,0.051939409211096854
3564,0.012510748208338043,0.05469271859276046
3565,0.019754451082570647,0.04841000469133653
3566,0.01675055533102002,0.05444223382838995
3567,0.017992140009294208,0.053174651319069156
3568,0.024936329123847783,0.038223025799755464
3569,0.02432234379411952,0.040061661240293214
3570,0.014767381758757839,0.05352536834310645
3571,0.023525675599810697,0.05041169762419953
3572,0.026523662302277182,0.047518769382097925
3573,0.031806531913929834,0.054247493312443905
3574,0.028651121133620876,0.044729898910022325
3575,0.011900485151229724,0.04597989321421497
3576,0.016422663222520898,0.04028530844353577
3577,0.024477031175200867,0.05445288448764473
3578,0.021287391149889718,0.06577884831145783
3579,0.019646617278431224,0.05325204489330485
3580,0.02334840153462714,0.04125503371466719
3581,0.026580520786987177,0.06371099349035282
3582,0.026278266443739862,0.06724928883176166
3583,0.022375885275993945,0.08142482474929578
3584,0.028108638976572384,0.049451262725543
3585,0.02236549453114849,0.05168771335361014
3586,0.021794575804505004,0.030164135764741768
3587,0.019841583876251862,0.06794828989519759
3588,0.02907921108778912,0.05251869282586578
3589,0.01275900387434297,0.048561057225286586
3590,0.01401207580954378,0.05153356903291123
3591,0.019106971893262912,0.0501708116653253
3592,0.03290252687273951,0.059073136491395506
3593,0.013379867801430504,0.04689604104005581
3594,0.01676626767184961,0.07787304575624811
3595,0.01478717316932937,0.05582423943304462
3596,0.017821939100672365,0.05739104470915415
3597,0.012876442592411358,0.0531066677707468
3598,0.032719445677233006,0.06252409601006657
3599,0.012749642988530102,0.03493015018538845
3600,0.07571654971779361,0.061035509314159374
3601,0.01655791021000652,0.05806815238899082
3602,0.022203094738175,0.046316810410400415
3603,0.016949477774171013,0.05318335770073682
3604,0.015625034278019114,0.048386461726872644
3605,0.02194113481164092,0.05073038478375331
3606,0.015302700609463954,0.05740839344345829
3607,0.01626764650031763,0.05278152608384074
3608,0.03276556296499136,0.05428578882584623
3609,0.031086997238425108,0.054523216667011674
3610,0.025184773886531453,0.07790154993793648
3611,0.031265256464818,0.049488220989124455
3612,0.028873515076177202,0.05614720801628842
3613,0.023108960871478502,0.04620242941956873
3614,0.01734687010356664,0.059474533001662944
3615,0.01716878103373087,0.05278141550257239
3616,0.02345377695919033,0.044356696471638445
3617,0.01379880737551375,0.048873967477895526
3618,0.02796844799310418,0.06563241998943457
3619,0.02736525652467089,0.042526975429629015
3620,0.01901301807354271,0.052779764120244016
3621,0.02976718949414332,0.05643473549685827
3622,0.014040776041329023,0.03771873044760169
3623,0.024918050748978415,0.04554059391282415
3624,0.01579076718572765,0.05400158583060246
3625,0.02098538624927458,0.03156346021195742
3626,0.015779903242694716,0.06008388909310302
3627,0.02185529870673439,0.06715216733279895
3628,0.012438916576090272,0.04564909028153399
3629,0.013217803789792495,0.055579395534503334
3630,0.020759646505302043,0.05220316871773956
3631,0.020726729581918932,0.07715537444436511
3632,0.011166410167736021,0.06325168869864638
3633,0.019495230941318397,0.053807630985813426
3634,0.041198641664097986,0.059534643283302796
3635,0.02282663958886184,0.061718388298655745
3636,0.01742262169739445,0.04488764343701096
3637,0.030281145834244464,0.05615893384576778
3638,0.029069539417597833,0.0704270388625473
3639,0.013570204431394865,0.06267530682588436
3640,0.017939933781025662,0.03880347396827246
3641,0.01977708278578148,0.052586523919767564
3642,0.013720389931153786,0.057268662201709286
3643,0.01745654725031537,0.07834788133352522
3644,0.024160643135623865,0.057723236920486136
3645,0.015217672383938658,0.03631982373528175
3646,0.01829342518775884,0.053148517406319484
3647,0.025599515382792103,0.06101300629103912
3648,0.02327967422553487,0.05961856659329762
3649,0.029000954535039467,0.05227190573969678
3650,0.018500834823742433,0.04993503922863707
3651,0.04075448102508967,0.05292901182179813
3652,0.017012236351847062,0.049590531998994186
3653,0.024431580289122356,0.04116560259210702
3654,0.029500378555119142,0.05752212976717517
3655,0.03121899849803762,0.03889660541191924
3656,0.016370867918920586,0.044681654200312754
3657,0.01693596772407736,0.06072087996001038
3658,0.013301219581559956,0.04488361491898537
3659,0.023938455502619457,0.06296979961291715
3660,0.021761599045503816,0.050740183735199784
3661,0.025076127447648488,0.04598754622016594
3662,0.02430526063814335,0.05602948561332597
3663,0.02000902590933995,0.05143670619143747
3664,0.018609476316351015,0.03887434147093747
3665,0.027273566802122427,0.06466015001454105
3666,0.02207860076883776,0.060771392559766234
3667,0.020201663574070047,0.03740360520840663
3668,0.022702073026238678,0.04788742563550381
3669,0.03248040870285555,0.06124366277246835
3670,0.013288931394982493,0.051912496999768416
3671,0.029909066194676526,0.07455889965456863
3672,0.016156198704444385,0.08299248653336079
3673,0.022961389020161278,0.053647365108979085
3674,0.023127867680890885,0.07069494614678852
3675,0.016216870564749356,0.06235188005481363
3676,0.026900843202620765,0.053196214062153656
3677,0.01711965629728886,0.03993356167627544
3678,0.01702155412387754,0.05432137932112232
3679,0.027982005777226603,0.04632129954171906
3680,0.042945702637256,0.06217789171686883
3681,0.02451541096519609,0.05356107330049581
3682,0.01776703656113829,0.04639996600961418
3683,0.023644586141122498,0.05096194088695343
3684,0.041820052916001584,0.06597180323236594
3685,0.024150148326942466,0.0813541678728678
3686,0.028385873119210498,0.05706790699307738
3687,0.017568693906724813,0.04413796145128471
3688,0.01683512893232392,0.04878926712367138
3689,0.02969477995690972,0.061165467891011106
3690,0.024345853448950627,0.05818843489385323
3691,0.02269655158202129,0.06121563286784135
3692,0.025489694490451218,0.03216184031937455
3693,0.0477598021448401,0.08680198520424048
3694,0.025636005139634228,0.06587331905401549
3695,0.02478911283966728,0.05431535543000903
3696,0.02573650698205533,0.06204699143182941
3697,0.0251454661678409,0.053334498124715156
3698,0.041048997654586104,0.0680447376000231
3699,0.028991808755617646,0.05417280702302705
3700,0.021827234830064043,0.062306145927371194
3701,0.015657821233911066,0.04990867676587516
3702,0.01015669050157514,0.035179898938405195
3703,0.02051666375819208,0.05228594069530116
3704,0.013088823197093242,0.05324454570940959
3705,0.028689185708378306,0.06672384748267439
3706,0.026051497417811913,0.05774806615516539
3707,0.028987989429387396,0.0399231431997665
3708,0.016024431514415495,0.0545153227863
3709,0.014777611112305043,0.04150782955616734
3710,0.02879290495957423,0.058761112592921196
3711,0.026963502660811423,0.049890484211492205
3712,0.010958437284189016,0.060997371959578606
3713,0.049004575861861466,0.07207077365904498
3714,0.01877232368272223,0.0574104924329504
3715,0.015462344411501142,0.04997246008991741
3716,0.014181525189015639,0.046330872497476965
3717,0.016875584933104367,0.04701744241359909
3718,0.014215752594587946,0.04465291783363166
3719,0.022679253499483243,0.07125761041380779
3720,0.014589726179997922,0.05122155221121855
3721,0.03892557238876268,0.06093998955470229
3722,0.022491491137282046,0.05416816666033597
3723,0.018051696391713324,0.056772161243017545
3724,0.016727466238819298,0.03420131199946814
3725,0.018849429447560895,0.04788958136444111
3726,0.01876888181573694,0.05415145095181186
3727,0.026117436456818462,0.056023782093331836
3728,0.01665994657617624,0.04267835009113896
3729,0.018854699209471634,0.04521536741577429
3730,0.05391674051845972,0.044905916907054776
3731,0.026549041063874252,0.06403356612973009
3732,0.017755122410258613,0.04925439762512982
3733,0.015584525194684262,0.04902093123018436
3734,0.027897480859940194,0.055579107623448885
3735,0.01596791785388837,0.0553144148882655
3736,0.01921002629875075,0.06516722695594869
3737,0.0486839629866308,0.06649482077997355
3738,0.017241171286582837,0.045834872212247
3739,0.013128486793987303,0.03909858228008281
3740,0.019367822425576418,0.0536786056991296
3741,0.015586473253348535,0.09499598808958344
3742,0.026591323332485928,0.04736749047376468
3743,0.021891570031587582,0.05657900823018499
3744,0.019451383119232283,0.044922752802319776
3745,0.012691590688901369,0.06727675698639123
3746,0.013967713061410291,0.05836523267548518
3747,0.023812267528781808,0.057691716193032004
3748,0.020211807205737658,0.0511308800041347
3749,0.020823748593194125,0.05430884996227253
3750,0.01903648086768075,0.038416079142902314
3751,0.016204139582479838,0.05989028435749948
3752,0.013449966243838993,0.04489943490855804
3753,0.02500617165560971,0.056099296962803614
3754,0.012536175904542438,0.04019995725880795
3755,0.02319934840299989,0.07334116423376004
3756,0.02368160277367429,0.049619130814994396
3757,0.015900249747135994,0.056985606353058084
3758,0.028696140899581724,0.051230915812898264
3759,0.02379710792118943,0.038248654937019955
3760,0.019744747066086133,0.038052042088878364
3761,0.012307909507844156,0.04661109535816204
3762,0.017987873368300152,0.05583055235163805
3763,0.012158033396472527,0.05624095508609452
3764,0.014688696315771932,0.05709061742222959
3765,0.018248063740169986,0.043243732079522645
3766,0.013992763368672454,0.042530899025617026
3767,0.0161004795311666,0.06492145779107082
3768,0.015371854733019321,0.06986513650835237
3769,0.018329326592809943,0.05346026769134343
3770,0.022380354942744762,0.058323762233775646
3771,0.02857734131509783,0.060479030820221234
3772,0.03339917063588823,0.07947827367317996
3773,0.02372928358797465,0.045150690993030894
3774,0.0194766792509037,0.049570463966101395
3775,0.020270025654608184,0.07022402593999913
3776,0.038599336102235836,0.05798795891505696
3777,0.017295173128534555,0.05164968029258158
3778,0.029567686658065657,0.061537525267815196
3779,0.021518688896198578,0.05807332530723355
3780,0.01972021343762942,0.05417327177189979
3781,0.01982846959952952,0.052490684593683244
3782,0.01097762212463155,0.04701189553145025
3783,0.01713768390547417,0.03875326674803151
3784,0.020584498792573288,0.08828330030543259
3785,0.02007809124348875,0.05577503678507876
3786,0.03356612984797897,0.059919105698613674
3787,0.015823595762310676,0.04360052014009036
3788,0.01968722727835973,0.06231243097244716
3789,0.02480530965198395,0.042995415512098754
3790,0.024438574682401033,0.040402421949101014
3791,0.028326524975355056,0.042927498167738255
3792,0.015717250375629557,0.05160178879800186
3793,0.02161828807929698,0.04456139521187789
3794,0.015485229036359509,0.034826295396491395
3795,0.02127147303308614,0.057722502135136966
3796,0.022253776696604693,0.060616565277487544
3797,0.018580868023515783,0.0576035454895526
3798,0.024534464081069046,0.06311770538986046
3799,0.01823613577928001,0.05187142570911892
3800,0.014285538878817838,0.049765896570687494
3801,0.01887294155100185,0.04320162443568786
3802,0.012384937224308496,0.06436595794924237
3803,0.017154341926324326,0.04189667933912971
3804,0.01717712679110314,0.039787279613083926
3805,0.019730624286133303,0.03377983784658002
3806,0.013563182575487776,0.0637901792764331
3807,0.014916633270959911,0.04012376546622917
3808,0.02094134606321614,0.049058688060664414
3809,0.017499164961100887,0.0616639659947821
3810,0.02142446320551747,0.05124840190293406
3811,0.014684996853156378,0.04349619860548204
3812,0.023986991258874647,0.06315088705827682
3813,0.037997375683918366,0.05733924924433507
3814,0.018900945951003358,0.057127897918376
3815,0.02902650303495259,0.05594516817899853
3816,0.01994472121093965,0.051125961659574566
3817,0.011760211902581095,0.05137655112853212
3818,0.018188166552538312,0.0511294510611297
3819,0.02073524402545033,0.036111347930415455
3820,0.022457472318341314,0.052768517829324346
3821,0.017346721964186195,0.056062360887086236
3822,0.01724443615956364,0.06149811130895851
3823,0.009618256512986468,0.049508533028675694
3824,0.017126155341156,0.051065634355526336
3825,0.025777658265290413,0.05310040338899868
3826,0.013398483765209667,0.04891151149930917
3827,0.015003800932337408,0.05955026300445373
3828,0.015489041747272052,0.04644304379080153
3829,0.01651794609982632,0.04291087247813535
3830,0.023634194068181832,0.04615585993544271
3831,0.03916835995354987,0.08806341145416295
3832,0.0213287700557455,0.06453715178977346
3833,0.026185051832768428,0.05971789515361242
3834,0.012184469136617714,0.05181742335387395
3835,0.022861072363967522,0.06373629546642214
3836,0.019871951118381314,0.040076125083480345
3837,0.017091085697016253,0.04799054906058326
3838,0.021517011478708215,0.054390418725749574
3839,0.0146431741424722,0.06314230444052675
3840,0.015914775736452818,0.0676037659319024
3841,0.026848008526462436,0.07345676371088598
3842,0.01895969714329711,0.04101587713730712
3843,0.019806568343324803,0.04425455069041747
3844,0.016332382203694068,0.04866677048106564
3845,0.031666924441608756,0.051579433514087863
3846,0.013214728574944575,0.040722038764881965
3847,0.025093692966932372,0.05953920257494108
3848,0.01643676873385533,0.06240555438815606
3849,0.017890060166493263,0.05701326358261213
3850,0.015567180034850392,0.052046667182564864
3851,0.014701813158655699,0.05817656685360986
3852,0.020989832381216326,0.06200622139079807
3853,0.01081843708183454,0.039882115578348365
3854,0.018085605752636274,0.053319643109029424
3855,0.021413243328146276,0.055840977375338795
3856,0.015532839221875127,0.03361744024506292
3857,0.019983830338043615,0.04835288628027628
3858,0.020943798471187037,0.06086502597912647
3859,0.02297279002307212,0.06478998777998057
3860,0.030217232451136538,0.03976162535470108
3861,0.02376324004429764,0.048486022094622806
3862,0.02015418427801747,0.030629517375459252
3863,0.020400538149165422,0.05975694048974515
3864,0.020405507408711613,0.05057933478101497
3865,0.02469336972306117,0.06553507030053422
3866,0.027203128775167007,0.056410766946236125
3867,0.03608178553851945,0.050375433305870305
3868,0.03925344809982571,0.06683105321955879
3869,0.03410620463174111,0.06005117981069515
3870,0.012531902057908433,0.037058273636025034
3871,0.017937244844736463,0.045220498384215636
3872,0.027692337982754864,0.0461890867123581
3873,0.016908180642180855,0.04859368896630889
3874,0.0208552052456983,0.04753555859592012
3875,0.016615247476787626,0.05204273781397042
3876,0.026814465330963533,0.0449181518791875
3877,0.017503125791139013,0.04939328023019971
3878,0.01770992611149962,0.03947999444318201
3879,0.018479650050464088,0.041948647096050944
3880,0.03581968919754606,0.05035748725030308
3881,0.02059833699379993,0.05730469754040198
3882,0.020479859831313244,0.05127421389031785
3883,0.03417474778446454,0.048522390432830936
3884,0.02142129737270218,0.043720141203138996
3885,0.036018266552521126,0.05694877510833715
3886,0.015105915212024312,0.045362302314954334
3887,0.015097122704100309,0.05234582019420251
3888,0.01479856902506665,0.0548347255994853
3889,0.030067835197893734,0.05806391597075403
3890,0.04165020408741123,0.07726875714775859
3891,0.017246628313208744,0.042053074375344994
3892,0.013539780690674111,0.05948932574548027
3893,0.03882519695656157,0.040436521931345476
3894,0.018881453475130365,0.03988996500786161
3895,0.01736118449147365,0.038801362113844357
3896,0.033799590388391816,0.05218401494420969
3897,0.01879166302835027,0.06179815245176043
3898,0.012987222637363406,0.03765428762603434
3899,0.027608937432187636,0.05731107073796698
3900,0.023411955153454553,0.032459181238155756
3901,0.023252779353215142,0.06838765481109522
3902,0.03959000499686493,0.06536884879984566
3903,0.012726595699123858,0.05350189364686495
3904,0.024848847032619994,0.03301028575534309
3905,0.014228704372314478,0.04323136512039566
3906,0.0253779067983233,0.05783204689173365
3907,0.033563624356080325,0.05040866296283652
3908,0.01714679033499412,0.04573561818703451
3909,0.030589562173035222,0.04881830014242026
3910,0.017687086032865694,0.04752469548911542
3911,0.01897680878915144,0.06379792742075067
3912,0.016885573715921812,0.06858741985272086
3913,0.02059906565153224,0.026811237808777255
3914,0.016676817633447815,0.03322718359127085
3915,0.036366781708114256,0.06384136569006371
3916,0.015345028578978829,0.05441192696665329
3917,0.030316588637955968,0.05421286175156013
3918,0.019331813849281242,0.04603256007518739
3919,0.02378170863550937,0.04898216014638155
3920,0.024918407622613787,0.046768388295558794
3921,0.020750721983817878,0.059635611490471106
3922,0.017721985659773967,0.055583926372396564
3923,0.00971758896902205,0.06438199365985646
3924,0.019064942339281316,0.048861558462566825
3925,0.026497449952081184,0.07184520960114212
3926,0.02206912710746618,0.04536898330707837
3927,0.019896396218603108,0.051041214885976294
3928,0.02322529358809941,0.05251313516936621
3929,0.028961866302330223,0.05720623577379
3930,0.022362746155142204,0.08023085782500206
3931,0.014041815669976287,0.03900399314142529
3932,0.025833611735869424,0.04268114832516375
3933,0.04560388687757299,0.05307665659412659
3934,0.01865268567944881,0.04822811384960033
3935,0.028704083876700814,0.09052120653007974
3936,0.02678353352737813,0.036932817123299745
3937,0.015737826648083156,0.037077267005411405
3938,0.01967787274781344,0.06230757665570872
3939,0.019366907254643222,0.05495770856972489
3940,0.01851353791268211,0.06359994564913048
3941,0.020994968261292195,0.0501721510172878
3942,0.01778032633701776,0.08092373716500716
3943,0.02036315053879061,0.05179210287124599
3944,0.024127072588530613,0.04288001580875573
3945,0.010504327215134368,0.05622968655860583
3946,0.014123572015502297,0.06675721549671067
3947,0.03147799024086745,0.038659758612326296
3948,0.021087117299907716,0.05847986224304955
3949,0.01832803799094278,0.05331155859317849
3950,0.017523164417608234,0.06632482959826955
3951,0.022716386786271903,0.07008602632985128
3952,0.01413829639217247,0.04291698592293358
3953,0.018900851329703105,0.048000839819829604
3954,0.021252322477145938,0.0843591399957413
3955,0.01567002528240995,0.054701653168131976
3956,0.017018652450372772,0.03830389264639764
3957,0.023830467526092535,0.059924687610077354
3958,0.021482175263684723,0.04363414121579489
3959,0.02422923487066812,0.054836533420144586
3960,0.02182674093429272,0.05718204217945392
3961,0.015265704102876363,0.04274665372929972
3962,0.026387242150662137,0.03556590817030117
3963,0.01343880682356325,0.05875788015137832
3964,0.018492045036027662,0.05225444698500509
3965,0.018217762549957422,0.059131763542248444
3966,0.013881771980174998,0.08980457428975963
3967,0.027738147348320853,0.03988510460252868
3968,0.019627477083999405,0.062131047329387075
3969,0.01667203781388046,0.032111398277964304
3970,0.01888206509548789,0.04459151834441605
3971,0.02880073305750228,0.04695637726867465
3972,0.015672158569528125,0.05166828858162286
3973,0.01937224713025807,0.06304975769239153
3974,0.03372512778490001,0.05722658987672417
3975,0.025863614681965064,0.035850865881862794
3976,0.009339664205205864,0.03870052927281324
3977,0.01793807394321194,0.052293824186652314
3978,0.026491494169154934,0.0468337520363026
3979,0.013194189773496408,0.053996430513889325
3980,0.019171470009313164,0.037695459455993986
3981,0.01780288030513219,0.05105312820888436
3982,0.025122319993627903,0.06563347397912979
3983,0.026508736616488882,0.05701265933144167
3984,0.016206106726879697,0.039906988710646275
3985,0.029989914201200535,0.047000372611596085
3986,0.021598272034812366,0.04860223689448085
3987,0.01794079870671773,0.05445665471230696
3988,0.018381883347335735,0.050669939375932026
3989,0.03068496241800515,0.06128999813822059
3990,0.009938228645122607,0.05110949382860632
3991,0.02417170440344557,0.053316152604992506
3992,0.01345453379946774,0.06088401762685031
3993,0.016800981184788857,0.04973800596205687
3994,0.01928115101058099,0.042160826854398724
3995,0.01173382147903728,0.04455770729995876
3996,0.025346436899567688,0.0598654452971572
3997,0.020252443020161447,0.03844028013783805
3998,0.02209187125963404,0.047799652342360416
3999,0.015212534783016677,0.044995759220346515
4000,0.017437473803708654,0.05095180718005968
4001,0.012407614204061083,0.056169381330430736
4002,0.015574198002502393,0.08156139868977831
4003,0.01766348623086334,0.04030131458764894
4004,0.019725443329116268,0.042000247532801654
4005,0.011940977182399929,0.06008494398493854
4006,0.01679374679536277,0.06581357506095885
4007,0.021990628911862386,0.051359946761949625
4008,0.020397628882148074,0.05882525281309595
4009,0.022404785739636363,0.06561956549678115
4010,0.03555841892568517,0.07563783362681485
4011,0.023876881271896216,0.05965714659094596
4012,0.02290447688689556,0.055195671802158626
4013,0.024824648624966045,0.044646001429593685
4014,0.01751365336556792,0.06605986912948224
4015,0.01619379795456229,0.042162631117382145
4016,0.025623833881358516,0.055330576687851483
4017,0.018618739500633474,0.04957655455960147
4018,0.01811172262454086,0.044649385587963906
4019,0.027372973285590907,0.04217131005658737
4020,0.04600267563279973,0.053128945040176234
4021,0.023587742008065737,0.07703250396766108
4022,0.029209727349492648,0.06093779692816731
4023,0.01854635666709441,0.05039155174195084
4024,0.012319204597496197,0.04422369141893253
4025,0.01837163687720776,0.06097873756924695
4026,0.02361210946113826,0.06991759530521777
4027,0.0323232032623872,0.056658414385461355
4028,0.013096885018440267,0.06361297557751268
4029,0.028447636520370762,0.08206213980966702
4030,0.019320527182846898,0.054048709264638894
4031,0.01570904685146855,0.06817816137720323
4032,0.014383969073831876,0.039873139500845985
4033,0.019452195983151906,0.06172528977381975
4034,0.024738339833442077,0.060103213131630306
4035,0.027096676361957117,0.07145091698045176
4036,0.02525934700970588,0.051375000993335786
4037,0.020077562961388584,0.054356107413336185
4038,0.01917989330869456,0.058519726257576475
4039,0.022511728198555018,0.046896642323476505
4040,0.02465952206554788,0.09431802427501125
4041,0.026538818798317654,0.07005219594550251
4042,0.03530134872809324,0.05233220799861619
4043,0.021049692941747123,0.06654386969347637
4044,0.02510579571642242,0.05847387078340372
4045,0.015532553432548479,0.04113862329115566
4046,0.03039209091775723,0.05456479872632891
4047,0.035132428560787084,0.05019776352091776
4048,0.020410175304823832,0.04534531709216857
4049,0.01727280042325551,0.06020102664120982
4050,0.022009780288244834,0.046476250222969896
4051,0.013472564374687988,0.048013449788012946
4052,0.015969682577492365,0.04789636291864507
4053,0.009459422913888545,0.06379550697817081
4054,0.029010142360778233,0.05319661626786509
4055,0.010858413603511705,0.042923782147780275
4056,0.03156834948388288,0.07576401407445928
4057,0.018691209579465986,0.0503527288516582
4058,0.03294337178000781,0.06295871887446743
4059,0.02100362459996416,0.047508858323558965
4060,0.025708370222764662,0.07749651814053164
4061,0.014711581148687458,0.037384724791943706
4062,0.016917376789298947,0.04805618912025916
4063,0.02645104989580137,0.06168492219825746
4064,0.022892001663727318,0.05743276887855905
4065,0.01876155518121841,0.06679813899291087
4066,0.020143227956889855,0.06973558997464312
4067,0.018969725091139512,0.05539908444927489
4068,0.011966485639429566,0.0513242607542696
4069,0.023158305461260926,0.052517951113673626
4070,0.015664337751331865,0.060921109094569305
4071,0.02327638146101194,0.047673506487140443
4072,0.014663465520500671,0.045409011247472035
4073,0.03096075847840431,0.05615992249437663
4074,0.030468966332620445,0.055378274121298275
4075,0.013600689920794135,0.05691787985438377
4076,0.016504310781709945,0.04877143750006696
4077,0.023021435751945346,0.04774674990006256
4078,0.019158600388288496,0.05480162865217383
4079,0.014507059691263315,0.05275412207346475
4080,0.03139525968204703,0.06278786244951554
4081,0.016438881536524695,0.07018392710470507
4082,0.025074164550751177,0.06164778728545154
4083,0.020601850612113008,0.06463635099051418
4084,0.030516382712329333,0.06879343113817726
4085,0.02666824913485985,0.04591319049006847
4086,0.027440367960548523,0.07476955778502607
4087,0.016194552979267647,0.053381411197901886
4088,0.0216589132910024,0.07737301843359883
4089,0.01246389835802568,0.05123460209878106
4090,0.016420132039655668,0.04627568600178831
4091,0.023318829526241633,0.04469153078909274
4092,0.021662499992947618,0.05290115861503597
4093,0.017917150808439548,0.048642020926584574
4094,0.0348688388299233,0.05476830992636241
4095,0.020719674492557086,0.05891153509018104
4096,0.027633970574579406,0.0473495267920091
4097,0.023950845755079636,0.03482415356633208
4098,0.013927028182952439,0.041779828576303635
4099,0.01904953300924583,0.054637927455625825
4100,0.014500800542248104,0.04347307611672133
4101,0.018086243348189115,0.051783429281142455
4102,0.01840027886859892,0.05453558065790043
4103,0.019188088355610835,0.06637769426942433
4104,0.020408702493371296,0.07015504959283086
4105,0.02164752766846702,0.05227860820086808
4106,0.013472082216229546,0.07656924026901636
4107,0.019355669559431982,0.06356226974438631
4108,0.018098916144540306,0.06504908867799834
4109,0.020657211437801117,0.04980312647543572
4110,0.034056678492884684,0.06859825464157558
4111,0.012100581931135895,0.06517592229608424
4112,0.043528102495025985,0.03908741179410504
4113,0.011887182427685694,0.05242260249043679
4114,0.018174036987157045,0.06347043955923475
4115,0.02222378087647946,0.05349300923864341
4116,0.022704916066753154,0.06032547110013731
4117,0.03473362028101309,0.05346587073123866
4118,0.022821036733637234,0.05987102439439571
4119,0.017882854903747344,0.05661189496310536
4120,0.020761804079180823,0.04081284271087659
4121,0.012781008780495595,0.03323111783381604
4122,0.013643917732633773,0.05740547032325164
4123,0.01281892681283338,0.045484048599388316
4124,0.02111041986921138,0.04161472654947267
4125,0.021237829303770005,0.0462064875768888
4126,0.012640119239503604,0.06320265231951057
4127,0.03067900042674802,0.06439110556480793
4128,0.031285548914154825,0.08144381176676657
4129,0.016737007260920117,0.05117761792195513
4130,0.020380692247551263,0.05611667684341684
4131,0.019226215752495793,0.05046718555544313
4132,0.02444668431689835,0.03322140807595664
4133,0.02366947682336761,0.043757327866667604
4134,0.018587297187055114,0.04330688494181892
4135,0.02000469714491583,0.04835280158242383
4136,0.02707824223023787,0.05511335779863117
4137,0.021593440976839223,0.06883702565404955
4138,0.02126992674556569,0.05601825311599621
4139,0.05190124223623588,0.06954403302874615
4140,0.021452015683546617,0.052191413031610935
4141,0.02524846193162859,0.05905389658944247
4142,0.03034320396666641,0.05449637972757534
4143,0.012595655105161757,0.04264336243985061
4144,0.021916638114197542,0.04573748452288764
4145,0.013851948939872754,0.04657077522771776
4146,0.013122022362460926,0.05968120404798941
4147,0.018004052357432437,0.028998045277386714
4148,0.023011824355456456,0.04676030142214067
4149,0.02950122577039817,0.05760696473786444
4150,0.031076328121959554,0.05145123030933324
4151,0.017933538320734087,0.04742579396493624
4152,0.021833573612126983,0.037785006548666886
4153,0.016088043916345208,0.048872645136649205
4154,0.02117058123672239,0.04487873430890368
4155,0.02259789973143811,0.05684944789863928
4156,0.012482086052694264,0.03970754055936365
4157,0.016351320006882178,0.047190000581143844
4158,0.020863305577516995,0.057620165996147686
4159,0.019847741685990808,0.05013284715436959
4160,0.017765988786896267,0.04487875005662307
4161,0.026874646224513184,0.06468857681904366
4162,0.028202217403134472,0.07089799477349577
4163,0.024488359987712722,0.07495738542680404
4164,0.016776834754061457,0.058552131598864555
4165,0.03128696023737767,0.04641575719858895
4166,0.01596095336289384,0.047554861616829765
4167,0.02421492661732849,0.06327121528951284
4168,0.0251900299741419,0.050822363295342184
4169,0.016011685905780716,0.06017908724381896
4170,0.019937933108201054,0.03692790538441585
4171,0.03645956411344175,0.06256561288435912
4172,0.023116572081909592,0.05349777465185165
4173,0.03565773999650825,0.059926619425919314
4174,0.031430531302767746,0.0542859375282037
4175,0.02584634029235668,0.03484377831061311
4176,0.024281297161625925,0.03854696862583268
4177,0.01947969892143998,0.07189209990529694
4178,0.02032519251468252,0.08537782213701939
4179,0.016130284930033763,0.038412908180724854
4180,0.018850713783304905,0.04854660509259754
4181,0.016426724029250214,0.05044952721175058
4182,0.01786204625205792,0.03908513962550452
4183,0.019869014822838024,0.04608041605284043
4184,0.0226605505648907,0.04844808937987947
4185,0.015451709922913311,0.04753842458024086
4186,0.01617740567127747,0.046845748618149365
4187,0.02855076786542424,0.06687855932403809
4188,0.015719884532381975,0.04377124017375309
4189,0.017580289785817625,0.07647610679866668
4190,0.023271760953681237,0.061468974202460606
4191,0.020855689416654177,0.057873519285505166
4192,0.03350097587760446,0.05232753861320862
4193,0.03134430248892981,0.061701647807218006
4194,0.01106565758521145,0.06179936373331599
4195,0.025638819246682102,0.05678264075302655
4196,0.02859443933802106,0.05081673883324045
4197,0.02177142886451963,0.049602134990524564
4198,0.018723396884932617,0.046828905619682205
4199,0.022603534622194502,0.05474384321360942
4200,0.025221613305590973,0.0381790250585542
4201,0.03447265514111394,0.05170262268131132
4202,0.024443558250653096,0.058611360318575646
4203,0.020907225114402156,0.057475347821420934
4204,0.020717023140001005,0.05571732905774168
4205,0.014009186102844502,0.06482318172694028
4206,0.015888815211095173,0.049217199679335626
4207,0.020731545539447775,0.052671237138019154
4208,0.03252806457085173,0.057625552958344074
4209,0.0177815744318781,0.04126997229696291
4210,0.018097659429353156,0.06741729442421228
4211,0.01389172068753177,0.06145073668251657
4212,0.023598777629410844,0.04926804492977155
4213,0.02510395614411644,0.046250348803123065
4214,0.038355865685328866,0.07558482341435474
4215,0.02780972092846909,0.04523071270572707
4216,0.013813110934129022,0.04472878863659519
4217,0.040046181664684856,0.040149796540593835
4218,0.019022382955242906,0.057721499073710325
4219,0.01983536026325485,0.03548501607585087
4220,0.03050176300310209,0.04945206521467288
4221,0.01815636018438856,0.05909802954631065
4222,0.025809060055481264,0.04502264808860107
4223,0.021838791083394277,0.056594445411316356
4224,0.01687302725606329,0.059703145459186084
4225,0.020754134159512962,0.06632881464437172
4226,0.011902620174378056,0.047070632647275436
4227,0.02454586585125544,0.04556771676810828
4228,0.016398770442339828,0.038018521467074566
4229,0.018589764776116294,0.053835388354751386
4230,0.023015224626120556,0.05140460466456637
4231,0.018128222094436236,0.047807027064261244
4232,0.015594237785654377,0.06019966028293547
4233,0.028934261177692988,0.05869848066002865
4234,0.02816465558985969,0.05085866054381182
4235,0.01397839059362859,0.04776499858091946
4236,0.02462590456976448,0.04793730806661147
4237,0.008840414304039805,0.051568035034858344
4238,0.016960852106478488,0.049378944564006544
4239,0.02218674222121772,0.05905279529053523
4240,0.011465948753113159,0.039859669718073386
4241,0.027526688131730936,0.05599108316318611
4242,0.020173910919013854,0.032167211597900744
4243,0.0308949023047444,0.0338028947755449
4244,0.029020346471118928,0.03810198377071116
4245,0.014373700427844673,0.042608016438247964
4246,0.016059370487788747,0.053129611864038924
4247,0.01802442017168467,0.0474847982887169
4248,0.02477584043172787,0.041514528908033844
4249,0.020610507429818497,0.05409839817752938
4250,0.01869418742701506,0.056447607023250634
4251,0.024691260791071135,0.04907583855439576
4252,0.02108714676313198,0.048102619158516845
4253,0.024213816365139192,0.03735213230046667
4254,0.017759293960142405,0.04383456307271071
4255,0.01999269180379826,0.05670525049289569
4256,0.01961855364865987,0.034336327508019786
4257,0.016041016219195407,0.044132387245778414
4258,0.015074770746281387,0.06120926799526949
4259,0.03195796369785857,0.06801424116657864
4260,0.014082677556943144,0.049592052599326836
4261,0.032420075249590646,0.05879625573176512
4262,0.021103476942057053,0.05577037310613597
4263,0.02081673952963567,0.054615096318445806
4264,0.02357994006306144,0.044990036312729485
4265,0.022349491756033377,0.05923292070920181
4266,0.02626594771024,0.07239317513398007
4267,0.018765268724320213,0.055493208694680406
4268,0.012419669611150182,0.05341301825157685
4269,0.03202566089529424,0.0672329953133927
4270,0.027169325800781494,0.047035108877094216
4271,0.016315218297621573,0.05454323670493227
4272,0.022433278975186415,0.0467809771694996
4273,0.02125382714857108,0.06900209852750848
4274,0.02464706776620408,0.03655769735343992
4275,0.0209680881758402,0.054309883142180625
4276,0.024905117883687305,0.05510047034275014
4277,0.011570455578993348,0.03761169487387011
4278,0.016556167732552977,0.04608770825601572
4279,0.028570617272770858,0.04964437968424316
4280,0.012970432899453085,0.06701592554929088
4281,0.03765650797241209,0.055707703074364325
4282,0.01593377880334089,0.04202713364460322
4283,0.014094961978067084,0.046940635714695124
4284,0.017589238408196466,0.068266980394833
4285,0.01901948882623977,0.05128115808231071
4286,0.02373653389241474,0.05238760395485253
4287,0.02251383511544087,0.05073204473734686
4288,0.014919494702696337,0.05415930627693969
4289,0.0197194112693299,0.05197779669410494
4290,0.023089885318539814,0.052415454221732584
4291,0.02174891017745724,0.056901194117682664
4292,0.012970285610010875,0.04284830398208103
4293,0.02594399423873603,0.07663764197191651
4294,0.020392435449356094,0.042428850081737746
4295,0.01212786081074213,0.03472569308836906
4296,0.010837031282643557,0.042064506244882734
4297,0.021438798376625268,0.04161971024242645
4298,0.03555360124949721,0.06767645358681834
4299,0.024415724561197876,0.048173624711516976
4300,0.01752517018971334,0.04706994002240381
4301,0.027401334026620417,0.08535112568564863
4302,0.0174025527668067,0.056429598685937776
4303,0.01630862798624694,0.056925635061543516
4304,0.014243230484805669,0.03617423182864917
4305,0.014167630615407397,0.048569241630663694
4306,0.03073348751039844,0.06149379755607451
4307,0.0269793502830953,0.06019301307891508
4308,0.02297121248313042,0.06825991506083644
4309,0.02008870326519005,0.05404326197033479
4310,0.03250474046410665,0.07169732222279551
4311,0.028270156780699097,0.039657246244797106
4312,0.05543932633672791,0.045618112450816616
4313,0.01722980745295257,0.049827274498187586
4314,0.036366110121505146,0.054413486579685734
4315,0.024287350424743767,0.04490068723855494
4316,0.010632057151146115,0.05125410371113004
4317,0.017826328546381855,0.04396792211129347
4318,0.01494284371694946,0.04565349464542548
4319,0.013802701938228001,0.061828485078588326
4320,0.023530454039590355,0.052747568917980096
4321,0.029192162920568993,0.0882437101149573
4322,0.014395364004398762,0.04973918604044936
4323,0.025796056014141252,0.059288799241009195
4324,0.019364774156324024,0.058502480669501124
4325,0.014685901344274848,0.044370489958436864
4326,0.04122158859911073,0.06840820779662062
4327,0.01597912430746336,0.049249401393737485
4328,0.014217334994637029,0.050667870584207186
4329,0.02936899476776562,0.05801050847064543
4330,0.0200239301665552,0.04225266001336458
4331,0.021425803890511644,0.07211103612861505
4332,0.023234145440983584,0.08017797153164245
4333,0.019367548389333758,0.04891971965395702
4334,0.01728943871647871,0.054497762720025524
4335,0.011068826212350084,0.058775707211267146
4336,0.015893277582474153,0.042584605790861006
4337,0.027643687763751312,0.06722153620987918
4338,0.029710743820097595,0.07404091335807993
4339,0.013413801896215799,0.04586953304054359
4340,0.034200154127135486,0.04892190264298307
4341,0.024415859468171996,0.05018454656652449
4342,0.01306470570436661,0.053736812898855596
4343,0.011858300846869082,0.053687655788659146
4344,0.03476945668344294,0.07169226158639176
4345,0.028006831512980584,0.06708894357352216
4346,0.01994722430627404,0.05118460754749334
4347,0.028630992841096853,0.05113803056867761
4348,0.02271347304618833,0.05331922066069054
4349,0.02807994756655091,0.054727277613518456
4350,0.0225503019843289,0.032305953665923016
4351,0.018345874435752824,0.05739925513920171
4352,0.031411572382346487,0.05027470852799618
4353,0.01688552028496957,0.0460529940550406
4354,0.023889775959547044,0.04090723572750545
4355,0.01971964863023663,0.039875735205876305
4356,0.028238484550842685,0.0651040485136592
4357,0.01682352077515118,0.04479599916234319
4358,0.026982938554613128,0.06486591361460406
4359,0.026447727400880267,0.04579968616856512
4360,0.019115342234160004,0.05122686027423543
4361,0.012742845338674202,0.05969889624290695
4362,0.033775659220043,0.06313625117295535
4363,0.019856186295897558,0.04842284454564599
4364,0.016896993630246743,0.06074972452609571
4365,0.041047510134968324,0.07091436382407028
4366,0.014063699401782205,0.045262046589824335
4367,0.029094495041539912,0.06337784449138976
4368,0.01955267718684783,0.042571466004336006
4369,0.022916172835115777,0.042269332729914115
4370,0.012035184979846394,0.052831807889630655
4371,0.020208001565224967,0.0631477703884738
4372,0.020264318877101995,0.06454465852173132
4373,0.02083972638217931,0.05331467325906806
4374,0.02571730683963698,0.05993348628358289
4375,0.01967851791380258,0.04567566480537294
4376,0.016879800160068428,0.06387104387354046
4377,0.027099331204384586,0.03406619999279551
4378,0.019006774868666667,0.057987351521760266
4379,0.020499428558834774,0.040765606788696285
4380,0.009952174471173381,0.05625296993223149
4381,0.01024549685006685,0.07416994153735515
4382,0.024281545123831585,0.04970269722208314
4383,0.027410404895425778,0.051976802655338
4384,0.02164607030223517,0.04832216510676132
4385,0.019705305560836245,0.06869062244885248
4386,0.012839089051272366,0.042931135380367885
4387,0.008113783720708123,0.062199094545260854
4388,0.023100187215157723,0.06359478402507288
4389,0.019555569051911425,0.05286406076884905
4390,0.012493831364414107,0.07629089147464395
4391,0.02039321558968007,0.05613784225698018
4392,0.019716882189219066,0.04051147174077207
4393,0.02220016535356094,0.05916754943578637
4394,0.02530130204390728,0.05981027009963158
4395,0.037021272212299276,0.05602095112244565
4396,0.01374278795479617,0.05085278292920625
4397,0.01470010991043856,0.052871479247880625
4398,0.011213072532159316,0.0351839631049116
4399,0.021455590539469188,0.05684491338034254
4400,0.04742346503900599,0.06581624218361597
4401,0.032356856727479684,0.0673364694000391
4402,0.017831014393692456,0.0515191384038462
4403,0.024215210447278823,0.0336381301282568
4404,0.020060083866905023,0.055875311259206896
4405,0.012545656374495342,0.05119787585679165
4406,0.02035803222495632,0.06006337170398327
4407,0.01574111689537222,0.054857951336539694
4408,0.012321394099331624,0.04519599390451048
4409,0.01965191830806644,0.042336510474042
4410,0.019419513269428132,0.05339751905802397
4411,0.01656033040654743,0.053811316246040464
4412,0.020613848826408477,0.05208281866030831
4413,0.03436739728502861,0.054122605554688945
4414,0.025500800617841473,0.0627909434662557
4415,0.01609099334417854,0.0319407624512408
4416,0.02650221387789231,0.05962946693415453
4417,0.027987140856356563,0.07117896047896487
4418,0.016819595518008375,0.04175684765822953
4419,0.010803876859547909,0.03560901453710327
4420,0.02436380242665841,0.04981897387916425
4421,0.019622038113940126,0.04468537601508654
4422,0.018593903837718546,0.05732548912435984
4423,0.03796803649975723,0.06591282679357996
4424,0.014485407843614531,0.05620193761492878
4425,0.021679368966661807,0.04597087684280745
4426,0.021461634791578435,0.056155823882872
4427,0.01973067400916737,0.04823970421899545
4428,0.013872122168769508,0.05181337774044346
4429,0.04415850181804367,0.06676316253238818
4430,0.023339012118679354,0.040079598349586416
4431,0.011546108015377504,0.046802554182670396
4432,0.020432166424075957,0.06429374011729198
4433,0.016745171832282305,0.049638123505579335
4434,0.01234970628499942,0.04909226289410717
4435,0.01698646289324844,0.03781776084699374
4436,0.02006010768415576,0.04962315907260145
4437,0.017871783783707355,0.049696992732622625
4438,0.013685935066604968,0.054334508141445144
4439,0.032281816461955305,0.050458975068007096
4440,0.01396030407106031,0.05300540090817918
4441,0.01647325704858842,0.04371547565131398
4442,0.019541392336964735,0.0629766290452099
4443,0.012703854344465549,0.04225533293297271
4444,0.02091980944951861,0.04712297089188802
4445,0.025065994780657807,0.04010300610150679
4446,0.02454444439344543,0.0422797284011738
4447,0.017648525517332238,0.04792107764772788
4448,0.031852168725383816,0.05954031089181553
4449,0.016685989712867475,0.046927511342679896
4450,0.01410368394983945,0.045631238008883857
4451,0.021841933724193435,0.057197681363486026
4452,0.02478745031272661,0.04337481934989489
4453,0.023503172578326934,0.07873356212030146
4454,0.023973115250652894,0.03529446954446381
4455,0.01923347180587545,0.06257171956259899
4456,0.018217687291937297,0.043717760106195935
4457,0.01748880187773824,0.06602068578844568
4458,0.022808785260082325,0.03351636987124406
4459,0.011397132877579548,0.03353319831306726
4460,0.014325493623055088,0.04825433434383236
4461,0.010460102394257322,0.05835569191095896
4462,0.027654270150014374,0.04218502017890022
4463,0.019814088643270764,0.05760108176676617
4464,0.015560650996237291,0.0659323931030692
4465,0.03759133182533154,0.048117671572281286
4466,0.02179048345118628,0.07841357549376284
4467,0.02078305674945166,0.05521425580665046
4468,0.020227546309666878,0.05179259281318149
4469,0.03547659895835828,0.05083000038826275
4470,0.02292851149970215,0.06247808550852471
4471,0.017759922141003855,0.07457994617455035
4472,0.02179929504994055,0.03294820757585123
4473,0.011570376844511428,0.0493133295631926
4474,0.03343137925888195,0.05447558572796635
4475,0.016866220789817792,0.05842477558986997
4476,0.01465338199892411,0.042786756492284785
4477,0.014592917278962022,0.05233028036427678
4478,0.024983935530172533,0.04053804494302205
4479,0.010150816874826423,0.0734822431989859
4480,0.022435587717349704,0.05776463591764841
4481,0.019365869447563983,0.05570918585253536
4482,0.014735547975030043,0.06265236578642945
4483,0.02616072738301063,0.06224289013953835
4484,0.01464711943980018,0.041854658577712985
4485,0.03917949206977186,0.05644890480449591
4486,0.02067025083480146,0.04961892554005104
4487,0.0210345311923102,0.07442032123375104
4488,0.04090616559006211,0.05445701775757156
4489,0.04038798091190415,0.0555382432369275
4490,0.026851421402062144,0.061319527117285
4491,0.0235110192375516,0.05152093186019457
4492,0.011125790372422307,0.06458163939785344
4493,0.01465267384357976,0.06689441821208954
4494,0.021811814396845864,0.07194918391385534
4495,0.019141555272228744,0.06159377273840141
4496,0.022517667185606157,0.04048494231862861
4497,0.011594553541979974,0.04264871668694736
4498,0.024907146566510347,0.052682270575390745
4499,0.01970577790581005,0.05189806339535708
4500,0.013625516962439662,0.06776896149248908
4501,0.0110898370849888,0.034591915195729565
4502,0.02116756190807272,0.035306275320900284
4503,0.017724272751461396,0.057762468717928915
4504,0.02383162663405471,0.056630517317693384
4505,0.022140738876533967,0.05018023848205319
4506,0.02522444200731717,0.06069324280987842
4507,0.016193558634249778,0.039190091769544654
4508,0.023153415205484473,0.07199297940453052
4509,0.02274726350584026,0.04773594368570172
4510,0.02779611976038096,0.05971995991367373
4511,0.025560665499949425,0.03917989852500048
4512,0.022982611573287026,0.04851058262394203
4513,0.021759743297382575,0.0567399535168821
4514,0.023155367264765896,0.053997360774269476
4515,0.009856845629279408,0.049445032823417855
4516,0.01921782591819813,0.04127339465435196
4517,0.021023154635997913,0.041957990368447697
4518,0.01787070547518284,0.0619586373105847
4519,0.02904857310667873,0.05706785156469323
4520,0.019265889496349928,0.04628014497354219
4521,0.016434914138342346,0.059105304677584604
4522,0.028075729066107873,0.05051566815592381
4523,0.01821998763779035,0.04207008806070047
4524,0.019408137012908135,0.0357502330576322
4525,0.025215742036070132,0.07177432838545507
4526,0.020663927662821,0.06776212221059973
4527,0.017260025605075602,0.05955673379653953
4528,0.017260327822760154,0.0474009926524612
4529,0.015586353868076558,0.036795953090381354
4530,0.03403873323071676,0.06470299254143676
4531,0.015798307808611623,0.061872945477092496
4532,0.019394621666237517,0.06778847266524082
4533,0.02373987526736621,0.04903605562093736
4534,0.016327332605570285,0.06683690016439832
4535,0.020113257535808487,0.03216174478481598
4536,0.019730396854633164,0.049479371343888266
4537,0.021035466437394536,0.057776245428253735
4538,0.02152794480073344,0.057131201029566446
4539,0.029452189100233884,0.06265909343578245
4540,0.02863869160603348,0.04694200683377143
4541,0.01319489764919043,0.03838948558692872
4542,0.01782829848279936,0.05225446605639545
4543,0.02107282867000491,0.03897948051200042
4544,0.04125968870693039,0.06051721314989677
4545,0.02630434517588993,0.05769292124180422
4546,0.01846205622070125,0.04929568607028086
4547,0.020617279310828594,0.0497662748792059
4548,0.01909338331372161,0.05827598032478354
4549,0.019891809911439517,0.06838419872399394
4550,0.0250675788446408,0.03716717143977452
4551,0.02835291646756684,0.07282326461067086
4552,0.018410752874346608,0.04976994310530006
4553,0.015286810895740403,0.03153649418284595
4554,0.01998357269544002,0.05475007226921246
4555,0.021052790849867054,0.05419360973307071
4556,0.018357106446109803,0.05974692024758025
4557,0.01665645365499316,0.058829500357193594
4558,0.05215540989143334,0.06560437543960722
4559,0.010189603935920019,0.04230372943423483
4560,0.02015714481414453,0.05030653946966566
4561,0.02393957756049309,0.043132162481328506
4562,0.022603090367126415,0.04432243024909505
4563,0.013285635768621911,0.05672967984935736
4564,0.015332431930790967,0.04895835640436954
4565,0.025611740647018516,0.06067529680817973
4566,0.029853822586359966,0.06280454090908698
4567,0.03832300002897073,0.06597759989636062
4568,0.01340503518189331,0.041435084755365066
4569,0.015233292288670633,0.05149156718477105
4570,0.02427794360293568,0.05485453138582483
4571,0.01673933253879458,0.0551898272222422
4572,0.010978600393085123,0.05607682350453371
4573,0.03170078345918725,0.050284236674308945
4574,0.015391178074681397,0.05457217187201826
4575,0.02069085008965616,0.047515392602057706
4576,0.017842306045579553,0.045978497894947505
4577,0.019792003645159355,0.04747249349378591
4578,0.010750621990071546,0.05146543797460714
4579,0.018930760687946767,0.07203494624727047
4580,0.02423666928960283,0.05131931658166156
4581,0.015159292719786438,0.05883428751771272
4582,0.015734280001800185,0.04642365230512722
4583,0.018535135558568717,0.049365055858893316
4584,0.020575300705912524,0.059327890882073485
4585,0.017452342512222763,0.04903588999725995
4586,0.02533589225384353,0.05816775916158856
4587,0.03296442824122667,0.051703253225804484
4588,0.015414011622078902,0.05126221265703771
4589,0.023762974371855625,0.04060088543106464
4590,0.028844976739022882,0.06098974360181727
4591,0.049221413501231964,0.04870800175450684
4592,0.019650697125004297,0.06692492185911005
4593,0.022393193191726574,0.05197028439306591
4594,0.025084837249338424,0.04526134228728968
4595,0.013509916162266808,0.04650655749725058
4596,0.019332780674372208,0.04470589120939448
4597,0.022921633196725518,0.05681610407507288
4598,0.03571671370170807,0.06299727252905052
4599,0.02359517667748708,0.05749726533819311
4600,0.015376057142059278,0.06361807490423814
4601,0.011504378546848696,0.03938205369138422
4602,0.012966981026235348,0.04276468486000153
4603,0.02392153797367358,0.05444777417270438
4604,0.016865267562643074,0.0553389011151339
4605,0.015595375914749276,0.04397729602245634
4606,0.017970826436190933,0.05018829482178568
4607,0.019572657495751922,0.05211233717624555
4608,0.020558760469212345,0.05848844111281978
4609,0.026409811190215543,0.05453389190311401
4610,0.032176933498345994,0.07167283809250757
4611,0.01268790970437013,0.05105034684185769
4612,0.02529525660415972,0.04564435736656174
4613,0.01770751664747428,0.05667853815594263
4614,0.04081402115127522,0.05539168003666293
4615,0.02784721299273776,0.06221628424382016
4616,0.020573803462637714,0.0499866215766398
4617,0.02346914841502261,0.04757823995004904
4618,0.011964557300297893,0.062094878746626204
4619,0.026158801600532716,0.050972713652007166
4620,0.020936186763561043,0.04966929782196087
4621,0.018832329797709314,0.07061123948552035
4622,0.018932148869797164,0.06171811954370948
4623,0.018895916149437784,0.0497262820176713
4624,0.03314395233712725,0.069410189274691
4625,0.016920188914969655,0.03781315360654017
4626,0.05006390499059991,0.05815465798945727
4627,0.018275261471393727,0.05283896590258419
4628,0.013827287442100105,0.04242321092545053
4629,0.02725245728971465,0.05634266280468712
4630,0.021755451900680265,0.057103504672263584
4631,0.01954352002431307,0.07140075765410749
4632,0.019273865973850595,0.044577445895509105
4633,0.014948999077756079,0.06097317556155566
4634,0.02339029818973004,0.06673287011019922
4635,0.028872733237414985,0.03938492708733226
4636,0.027453059252984535,0.058051710585718265
4637,0.03130923348018803,0.048331096135743844
4638,0.025254626978628143,0.04845597410329631
4639,0.020281673788964873,0.05488463016353105
4640,0.020050120714999647,0.058916621206964115
4641,0.04902635995577611,0.07367077024904034
4642,0.025820114936856226,0.03378127897126029
4643,0.017061027117248957,0.046764500663661425
4644,0.02398539985373292,0.0505568808043137
4645,0.02059984477746596,0.045141940108276435
4646,0.012687413450979483,0.03580261285041623
4647,0.025941065864753726,0.04389547383338439
4648,0.015660000006785576,0.042878135188042704
4649,0.015192260973474236,0.03532629780379993
4650,0.033498351910657594,0.07486000422359272
4651,0.020010053171554885,0.08081046115441946
4652,0.02500179165738327,0.05190069168427667
4653,0.009989741606009262,0.07260432394401171
4654,0.024461483583749766,0.05849427171337579
4655,0.012282428590324175,0.06259322932850996
4656,0.013513762353229907,0.049954410141326226
4657,0.025224986498547528,0.04972216951432903
4658,0.017241690537854435,0.06993790092302954
4659,0.016650934371646022,0.07055533278446409
4660,0.028483808247986474,0.054216403012517976
4661,0.0329641458781894,0.04553528177964214
4662,0.0150050298021258,0.038246881929712095
4663,0.056196366116566386,0.060351225602411705
4664,0.012959366734752079,0.04128757480958265
4665,0.01684863253543627,0.03752156973861561
4666,0.019317686505410377,0.048291689490979596
4667,0.019730161859426814,0.03857205152700605
4668,0.018657195187899846,0.03782038540973518
4669,0.021036683049858645,0.04448321761092744
4670,0.03915587307779608,0.05689156181132801
4671,0.01666448856800938,0.09949005788467885
4672,0.017900793740410644,0.0555521538472258
4673,0.025910874147261526,0.039486190420613715
4674,0.016418643765770596,0.04667977733575652
4675,0.012885229265627794,0.06963802633192384
4676,0.03101257462837842,0.04080019962044981
4677,0.021191053081849587,0.06829036789079658
4678,0.023475544353386293,0.05843473086526879
4679,0.014779495132041208,0.05229129717199471
4680,0.01819814714196073,0.04753829213166557
4681,0.02430977794055947,0.06048933625650881
4682,0.018901404523747386,0.0510346096291191
4683,0.013593770954533227,0.03187742737936423
4684,0.02100087514730664,0.04503884292475272
4685,0.018695781545879014,0.043685929202795265
4686,0.022886177293113652,0.04617442754163805
4687,0.023181956714378876,0.04856950589506257
4688,0.02503033629331665,0.048081633974798865
4689,0.010754085749672413,0.03801772246443771
4690,0.02271422029753553,0.07532035318605214
4691,0.024157086656055527,0.05355924008935172
4692,0.020223855845894947,0.04037165732490361
4693,0.005700314869786983,0.05251977276203349
4694,0.024049204576750496,0.0580459278535258
4695,0.021825867474127736,0.05285897569579817
4696,0.02603317445033662,0.05879898423437438
4697,0.024195381399561327,0.04586352081139828
4698,0.016421073555199586,0.06041782013878885
4699,0.02877966319563212,0.06625799892503514
4700,0.017356307871274127,0.05942714747012229
4701,0.025996224730763833,0.05002419559960427
4702,0.014012472270507845,0.0403572977878191
4703,0.023902232273656596,0.040097378921846415
4704,0.024214997191649074,0.055489539682413436
4705,0.01668975402392898,0.03735019299582395
4706,0.04680343535978972,0.07353166079205146
4707,0.014557386833381439,0.050260306161264
4708,0.016380228794802398,0.0465750782852147
4709,0.03168892390049149,0.054472286928327764
4710,0.018428111291189545,0.03712302048469526
4711,0.03571585261155317,0.04893415865487858
4712,0.024917175604141178,0.04502356221165507
4713,0.024027610511698078,0.06198790604383012
4714,0.03390983795270013,0.056676432068849196
4715,0.020962046967252457,0.05362081284000882
4716,0.017631830028645337,0.052678053686244196
4717,0.024328633268634298,0.05108074933585827
4718,0.018307830182694967,0.046512991073663135
4719,0.030035514224258156,0.05891731382777058
4720,0.025823408606456294,0.049410634825592936
4721,0.05809944674583786,0.06986692584587513
4722,0.03792116826229743,0.06281765464201472
4723,0.03552552572495348,0.0642332182325779
4724,0.021966640289801016,0.05254526994965805
4725,0.01810987324134777,0.06314821836244382
4726,0.021799834411528798,0.04884691497593391
4727,0.0212956284575038,0.06353540589564916
4728,0.021085456380052228,0.03293947793182938
4729,0.022410581552259622,0.08817172578431069
4730,0.01448665195011542,0.04547441656749617
4731,0.023988083625283253,0.05076100229889413
4732,0.024015236042504967,0.06377503226226845
4733,0.015531999381327,0.039521472449734474
4734,0.014304675814423337,0.04194174311083539
4735,0.020035680771505162,0.07679915403889447
4736,0.023057282101856053,0.06303550814027341
4737,0.020170556689263746,0.043584637174711005
4738,0.016700707638027012,0.06607707283713088
4739,0.034333666661037675,0.05259203923039326
4740,0.018721399035874456,0.04332925034868198
4741,0.022278209121329634,0.05568756275571645
4742,0.014383287876034797,0.058280685095224105
4743,0.0378038243225243,0.04729840446195004
4744,0.022424722508869756,0.059882127411605646
4745,0.02368635105261685,0.04577857434584423
4746,0.01553665174721868,0.041028991153835744
4747,0.01392408929774632,0.052189149088009694
4748,0.025767641358196137,0.03600339719910353
4749,0.02070082471546908,0.06699576054325683
4750,0.015725921666467385,0.04722219577542671
4751,0.03518740887102554,0.06627377646284878
4752,0.012327175156314235,0.041527152092998454
4753,0.019216091419402826,0.0622586737979559
4754,0.016486048634037444,0.059545347567368734
4755,0.01349808220317233,0.0590311337176009
4756,0.012611601689686563,0.05118035008664806
4757,0.021680804424205443,0.06385949764114258
4758,0.016387958757481537,0.05815632689067939
4759,0.024080313131527652,0.06787578060630968
4760,0.016632306787441656,0.03543255387728652
4761,0.01893852832159414,0.06486064520178439
4762,0.027573854363649675,0.05229184716682561
4763,0.032805806167817024,0.048956334410749265
4764,0.0206576274438762,0.06016296460608156
4765,0.01632357811540595,0.06794597075513321
4766,0.017734814257672413,0.04204514710234203
4767,0.012589483151909407,0.05333452950904024
4768,0.031463235333981744,0.06316840189652152
4769,0.018964649195475653,0.047380777550365516
4770,0.017591081448294688,0.0748881310570746
4771,0.02103047025204711,0.04080682947385949
4772,0.01710457992972673,0.05469437703737964
4773,0.026255327055820923,0.049810892379665746
4774,0.027857326651954298,0.04882089721986316
4775,0.01904768234968074,0.04468527629550912
4776,0.017674277894557406,0.05929212512640266
4777,0.015507625226717598,0.05302483817559165
4778,0.03722587412767114,0.0480551367823454
4779,0.01660468790499678,0.055951104373771904
4780,0.016885105135254427,0.040698215753104894
4781,0.02612696883036851,0.05938977291471776
4782,0.011830143467582889,0.04670501067452787
4783,0.017833422325250353,0.057382073777912
4784,0.01670824522339982,0.03224799775207579
4785,0.04271175498853222,0.06152507994035883
4786,0.014534042374007733,0.04074847710537403
4787,0.035946046944861594,0.047068572910880686
4788,0.018839174250228602,0.041372442747575046
4789,0.010532771307971747,0.046289339432834496
4790,0.023384702185765934,0.04977601251948562
4791,0.020409060019394364,0.05378449040836294
4792,0.027689672877857507,0.05231643751718709
4793,0.027223902393267222,0.057459598057897764
4794,0.01573786605993418,0.06416340775193359
4795,0.028949463314051346,0.04264383920962272
4796,0.020380733444733266,0.04039698655842763
4797,0.01971054293614193,0.042700020101811315
4798,0.023228174849526665,0.04416648154605065
4799,0.02231674093765718,0.07201939276361018
4800,0.020533771327561928,0.049549765373712217
4801,0.01922462078384184,0.045476090158165006
4802,0.017778662805053552,0.05338867955338269
4803,0.01319584893450986,0.04325538175602728
4804,0.020351611411017916,0.044947701255234195
4805,0.008865083154368106,0.036186489429903795
4806,0.04586904651533582,0.05122884222955915
4807,0.026963467145680153,0.04513800769288857
4808,0.01343897132969342,0.04992114975806337
4809,0.02311948782204512,0.04673139274975662
4810,0.024997026824692778,0.052135785002200986
4811,0.019836372402371114,0.05735041117977977
4812,0.033599692303861145,0.06274231335793751
4813,0.01928048109365235,0.06418150956403994
4814,0.011600733409970303,0.043329484489738744
4815,0.026585507272122177,0.07467282823952197
4816,0.0190364815240143,0.05811290878458173
4817,0.01974060931974324,0.03939663141685569
4818,0.01561571586500779,0.06323135396557182
4819,0.022981089765811754,0.051494555231121564
4820,0.024738343999622252,0.052538892659800274
4821,0.02323013708888073,0.04131402251500124
4822,0.019441387531479018,0.044902891237704856
4823,0.030875089500009667,0.05666904430745834
4824,0.021637402186719158,0.0566163630052642
4825,0.01993651656328818,0.03896911625545297
4826,0.016344016132377487,0.06012357936321255
4827,0.021975265971089324,0.061628501006125026
4828,0.019885357849791983,0.041542352762300845
4829,0.02044817275432231,0.03311572460711399
4830,0.014762397441775038,0.03246568073116283
4831,0.02509917488423709,0.04950362426230607
4832,0.01808393807744726,0.0398803806338067
4833,0.032774065988169926,0.06752167553008724
4834,0.016906443983760077,0.04409328754888344
4835,0.03463078781592899,0.058407733711230155
4836,0.023087236603358235,0.056464968225461466
4837,0.014078604064104864,0.050110529887295883
4838,0.04011179244477345,0.06541920706332173
4839,0.018146666429917514,0.05148320481002242
4840,0.011756520476791404,0.04239257708790243
4841,0.015601342242440372,0.05332986689268605
4842,0.016548685448203135,0.05344986824559875
4843,0.018677585137019705,0.041596261057208754
4844,0.023213443785485663,0.06732080440115462
4845,0.017081920414962995,0.05818418475298442
4846,0.01837089483972563,0.06660627061690137
4847,0.014857224415341453,0.042595748371448916
4848,0.020605822597483076,0.06107400515620326
4849,0.017892626579865376,0.04752311990798422
4850,0.024166291122623047,0.05777735015636635
4851,0.01747810613042796,0.042644380042894635
4852,0.01825051196021715,0.051269324723360266
4853,0.019568744529069444,0.046653788863463136
4854,0.03689284254071769,0.051818769485162806
4855,0.014412802809948161,0.046014490357788505
4856,0.016245875151364185,0.040592785701521535
4857,0.020595473547514724,0.08306191431695271
4858,0.04470861976075322,0.06883969939843139
4859,0.021761995419790913,0.06658071858273669
4860,0.011955698084171497,0.04551294470616105
4861,0.019005460514564244,0.06120894433305656
4862,0.021017493337713185,0.055229739661749905
4863,0.01908252684581188,0.06054993584127127
4864,0.02425949194973162,0.045393007156103726
4865,0.019619325852983472,0.052735181185244756
4866,0.04572540880342844,0.03790387761166581
4867,0.022224537126596517,0.04457346721424943
4868,0.028990949163188045,0.052887221500870295
4869,0.00957459890685688,0.05228574694863051
4870,0.026389197589429748,0.04222891995814677
4871,0.017601190532269186,0.04781736507647469
4872,0.01727670747634041,0.08276689460911464
4873,0.016743431944394326,0.06765101779050182
4874,0.016423479401663273,0.04924640247978628
4875,0.012604884275032147,0.04361203355896781
4876,0.05049116283239743,0.052304205046260044
4877,0.02809238771082471,0.05180571269989137
4878,0.019041852907003786,0.0366675826357824
4879,0.01841153382480102,0.047402491031107864
4880,0.024080678986050433,0.06465887709663781
4881,0.02104231937795292,0.05576644386309366
4882,0.019903873339202963,0.045302754176713235
4883,0.017793280409455343,0.04267850662392534
4884,0.029653977128776765,0.055016722508323845
4885,0.01878773176327068,0.07370401936722298
4886,0.023125770200201626,0.05395550724155671
4887,0.028705770358110227,0.053023042595296194
4888,0.034026522215371974,0.04208500524925126
4889,0.020553156635468885,0.04408377633995156
4890,0.02407002886761687,0.060976773288770346
4891,0.015780706552639627,0.04277897260388397
4892,0.016877592388407078,0.06906728510397701
4893,0.024148853548857596,0.06439210257273698
4894,0.014748767269441425,0.04409683729548471
4895,0.04237153020442374,0.058301371314721066
4896,0.018304861059313757,0.059554681959212374
4897,0.016441494837146377,0.05837951293901669
4898,0.017837748227361193,0.04042005023948705
4899,0.012030087294541936,0.050932880014508346
4900,0.02071184698646786,0.049479745276067834
4901,0.019931703117832725,0.05557793394295577
4902,0.024906669487950672,0.03141720546295789
4903,0.02133076806897666,0.0626442193708232
4904,0.030649820462276295,0.048705610765477254
4905,0.019291851650185515,0.04181715922389762
4906,0.02850875014532107,0.06851750810656897
4907,0.021717409627993078,0.04562059344606426
4908,0.02460025622685985,0.062493618719584774
4909,0.02604916437696574,0.039299213287143364
4910,0.035520500300797016,0.05007351902873882
4911,0.014022161112551607,0.05443926385126332
4912,0.029972506922842073,0.056669016384656525
4913,0.025407323600827966,0.03967176188564457
4914,0.018367523293214862,0.05972519087174275
4915,0.0186745571000145,0.047940306389574784
4916,0.01303843440351086,0.047708533231273866
4917,0.019459853403991808,0.04801260580917064
4918,0.021364373533804715,0.047759997509971064
4919,0.023225383091515974,0.07015316015174923
4920,0.017690779616180118,0.04234067306014882
4921,0.017489610622900123,0.045514332459014324
4922,0.01566485642387169,0.039868501951287105
4923,0.027491713579422827,0.045204469813414604
4924,0.0301019748692353,0.052194979944900965
4925,0.024441215525960912,0.04999024487434365
4926,0.01606197830727223,0.06763377669336323
4927,0.016168236547607684,0.04190925422034913
4928,0.024407287949601675,0.049510315488878104
4929,0.021385787300090053,0.06599085938698268
4930,0.011900063529864972,0.051595618918245496
4931,0.05390926207660218,0.05359303943439967
4932,0.025249715192169075,0.03873143178412055
4933,0.01845542243243146,0.048256118374706135
4934,0.021557295696022383,0.08562636631720959
4935,0.01941103949145085,0.039652541131918344
4936,0.024280165954281892,0.05604320581197165
4937,0.015496155663660366,0.04685232570953372
4938,0.02321403593814785,0.06533869498864076
4939,0.028323590027845586,0.05214877429272032
4940,0.029112920049535012,0.05118213741120994
4941,0.022007990061213987,0.058559910663509386
4942,0.020154561240580647,0.08528266717545631
4943,0.026844470953653703,0.036692835873567836
4944,0.031455942778641124,0.06047293517636909
4945,0.023876807598829975,0.04179824801391871
4946,0.07625127111747064,0.061880212668178725
4947,0.012631722377031659,0.053094927880129116
4948,0.025516723837339838,0.06030707010858007
4949,0.023709480092739755,0.0479399813475501
4950,0.018491813356257693,0.03819454244159581
4951,0.041466851525432925,0.04365690343382134
4952,0.015370542267232772,0.055608476759801705
4953,0.013480853128185017,0.0497249115987759
4954,0.01842823696249411,0.042573727790845305
4955,0.02271170538875505,0.04923179676709968
4956,0.02258546116297373,0.06496740653186059
4957,0.02689953002567247,0.04851671374918907
4958,0.01607605598899416,0.04151931705486247
4959,0.020372794566548977,0.053639347043105856
4960,0.014298655581092995,0.0536991569697933
4961,0.035448035981308024,0.06884357872411177
4962,0.016974590826755592,0.04696935767057695
4963,0.018854132067960647,0.044995387615530645
4964,0.023298172810747034,0.09269957707777272
4965,0.023882112790089578,0.050474171315471016
4966,0.016542402407432395,0.042175920240974184
4967,0.03600489372268371,0.05564818796902149
4968,0.026544263868348277,0.06003738256165381
4969,0.01863354774262606,0.06045280871857387
4970,0.029419570471723635,0.04868423800883448
4971,0.01782848223271587,0.05287777486807225
4972,0.022030318628683005,0.05222332384214378
4973,0.020980475290720835,0.05347848355299428
4974,0.041096620415187864,0.049618685002001395
4975,0.016381994226626024,0.041390635086027305
4976,0.02699222527913689,0.06870026566509846
4977,0.024596079924733366,0.05257201648449711
4978,0.028185867543699946,0.11244572128777026
4979,0.025456058165803108,0.056861106724771925
4980,0.02787387386505263,0.047931039243147344
4981,0.017458432990593485,0.043001658180266335
4982,0.03815058815092292,0.05622850956655948
4983,0.02156899201803572,0.03827235437495576
4984,0.014402076286582383,0.0562946869221759
4985,0.04708816811789932,0.0821478036074844
4986,0.013941669067434445,0.04868553598922367
4987,0.01927531298521717,0.048393215440043456
4988,0.041110846347244934,0.0456731646996274
4989,0.04559274463355759,0.07028756869666793
4990,0.018436572396443054,0.06080034199438763
4991,0.019194772974922388,0.05508416653092316
4992,0.009805362646686763,0.03582005542710787
4993,0.013070374049087974,0.05287085147925691
4994,0.015527558883140545,0.051228774960948485
4995,0.02283311948672796,0.05649050333478637
4996,0.02361276825927172,0.052404233061848375
4997,0.014981569668009889,0.047416152640942705
4998,0.05574946942082356,0.05121202920948772
4999,0.02028824893439132,0.06792475601003486
5000,0.01815747895715922,0.06679975587493435
