sample_id,price_id,method_id,method,true_cost,method_cost,cost_diff,normalized_cost_diff,abs_decomp_error,rel_decomp_error,is_decomp_failed
0,0,fullnet,Learned Polytope Approx. (FullNet),140.6715568550291,198.49192490929642,57.820368054267306,0.11714728488030254,0.0,0.0,False
0,0,supervised,Supervised Regression (FullNet),140.6715568550291,157.9546416007222,17.28308474569309,0.035016491946468914,337.43766724402167,0.051850973995862824,True
0,0,cube,Inner Approx. (Cube),140.6715568550291,167.94371462711217,27.272157772083062,0.0552549100487952,0.0,0.0,False
0,0,power_energy,Outer Approx. (Power-Energy),140.6715568550291,72.89253496706914,-67.77902188795997,-0.13732407200460747,4100.752242383945,0.5809451020045762,True
0,1,fullnet,Learned Polytope Approx. (FullNet),130.17048699550688,189.57960745106982,59.40912045556294,0.12131749527115566,0.0,0.0,False
0,1,supervised,Supervised Regression (FullNet),130.17048699550688,154.8072553506049,24.636768355098013,0.050309969336303974,198.0681312949578,0.029976413803521625,True
0,1,cube,Inner Approx. (Cube),130.17048699550688,173.21389108823814,43.043404092731265,0.08789758091739933,0.0,0.0,False
0,1,power_energy,Outer Approx. (Power-Energy),130.17048699550688,59.071142420643376,-71.0993445748635,-0.1451897340526203,4133.725953303634,0.5856164195388859,True
0,2,fullnet,Learned Polytope Approx. (FullNet),140.59536910780753,202.50716485196432,61.91179574415679,0.11511182270173653,0.0,0.0,False
0,2,supervised,Supervised Regression (FullNet),140.59536910780753,160.40683712055377,19.811468012746246,0.036835213159838065,198.0681312949578,0.029976413803521625,True
0,2,cube,Inner Approx. (Cube),140.59536910780753,186.41911164616948,45.823742538361955,0.08519950783536726,0.0,0.0,False
0,2,power_energy,Outer Approx. (Power-Energy),140.59536910780753,60.72244268408406,-79.87292642372347,-0.14850672694345582,3667.616351278597,0.5197075476317845,True
0,3,fullnet,Learned Polytope Approx. (FullNet),141.58982414548092,205.1116875126074,63.521863367126485,0.11911143604102864,0.0,0.0,False
0,3,supervised,Supervised Regression (FullNet),141.58982414548092,161.31640393298832,19.726579787507404,0.036989803543513826,198.0681312949578,0.029976413803521625,True
0,3,cube,Inner Approx. (Cube),141.58982414548092,184.06552234805184,42.475698202570925,0.0796472449259391,0.0,0.0,False
0,3,power_energy,Outer Approx. (Power-Energy),141.58982414548092,62.632409802279405,-78.95741434320152,-0.1480550240497563,4026.047616128616,0.5706254548318628,True
0,4,fullnet,Learned Polytope Approx. (FullNet),147.55408342272042,200.9049356645307,53.35085224181029,0.10357225180115294,0.0,0.0,False
0,4,supervised,Supervised Regression (FullNet),147.55408342272042,161.85176563309216,14.297682210371732,0.027756691408670146,409.22215260465816,0.06386820633710283,True
0,4,cube,Inner Approx. (Cube),147.55408342272042,172.20405175096425,24.64996832824383,0.04785401955739565,0.0,0.0,False
0,4,power_energy,Outer Approx. (Power-Energy),147.55408342272042,77.94693748399295,-69.60714593872747,-0.13513127800938116,3832.3587530799946,0.5268497015341201,True
0,5,fullnet,Learned Polytope Approx. (FullNet),119.45632883704056,164.31098909735147,44.85466026031091,0.10661776809934886,0.0,0.0,False
0,5,supervised,Supervised Regression (FullNet),119.45632883704056,132.97741275237271,13.521083915332156,0.03213908612774158,337.43766724402167,0.051850973995862824,True
0,5,cube,Inner Approx. (Cube),119.45632883704056,145.79720079869367,26.340871961653107,0.06261121948185068,0.0,0.0,False
0,5,power_energy,Outer Approx. (Power-Energy),119.45632883704056,59.24730056266232,-60.20902827437824,-0.1431144986226745,4100.763222333185,0.5649039589617837,True
0,6,fullnet,Learned Polytope Approx. (FullNet),147.2395771520126,202.23501666599736,54.99543951398476,0.10558656552942904,0.0,0.0,False
0,6,supervised,Supervised Regression (FullNet),147.2395771520126,159.87045940259011,12.630882250577514,0.024250219440576908,337.43766724402167,0.051850973995862824,True
0,6,cube,Inner Approx. (Cube),147.2395771520126,175.33952242663042,28.099945274617824,0.053949504528595205,0.0,0.0,False
0,6,power_energy,Outer Approx. (Power-Energy),147.2395771520126,73.81855837526349,-73.42101877674911,-0.14096211029166042,3785.593238258898,0.5204206589749436,True
0,7,fullnet,Learned Polytope Approx. (FullNet),128.46901769486283,178.8673953695191,50.398377674656274,0.10893861991051623,0.0,0.0,False
0,7,supervised,Supervised Regression (FullNet),128.46901769486283,145.99942746672042,17.53040977185759,0.03789285955473007,354.01229717130866,0.05474255680092144,True
0,7,cube,Inner Approx. (Cube),128.46901769486283,155.30367807263985,26.834660377777027,0.058004463679244396,0.0,0.0,False
0,7,power_energy,Outer Approx. (Power-Energy),128.46901769486283,65.218697256701,-63.25032043816182,-0.1367187384862237,4245.27504663837,0.566226912946223,True
0,8,fullnet,Learned Polytope Approx. (FullNet),110.46450713473942,154.85246823480537,44.38796110006595,0.11349854325001736,0.0,0.0,False
0,8,supervised,Supervised Regression (FullNet),110.46450713473942,129.05968574285194,18.59517860811252,0.047547254507518275,337.43766724402167,0.051850973995862824,True
0,8,cube,Inner Approx. (Cube),110.46450713473942,132.71883228035963,22.254325145620214,0.05690357075302502,0.0,0.0,False
0,8,power_energy,Outer Approx. (Power-Energy),110.46450713473942,60.46293011223728,-50.00157702250214,-0.12785237284190334,4248.744744639991,0.7074668004059355,True
0,9,fullnet,Learned Polytope Approx. (FullNet),100.47739872903719,146.86877281833284,46.39137408929565,0.12136895519617127,0.0,0.0,False
0,9,supervised,Supervised Regression (FullNet),100.47739872903719,123.44171364027736,22.964314911240166,0.06007916260915807,198.0681312949578,0.029976413803521625,True
0,9,cube,Inner Approx. (Cube),100.47739872903719,135.16348663298118,34.686087903943985,0.09074562526734056,0.0,0.0,False
0,9,power_energy,Outer Approx. (Power-Energy),100.47739872903719,48.41342767037348,-52.06397105866371,-0.13620958410481204,4054.252485823835,0.6280702783999733,True
1,0,fullnet,Learned Polytope Approx. (FullNet),123.36807733752548,176.0943363986584,52.726259061132936,0.12011334732828263,0.0,0.0,False
1,0,supervised,Supervised Regression (FullNet),123.36807733752548,140.97831587583266,17.610238538307186,0.04011710172028558,450.5829979007126,0.07757377772940395,True
1,0,cube,Inner Approx. (Cube),123.36807733752548,148.60492012935606,25.236842791830583,0.05749092990287484,0.0,0.0,False
1,0,power_energy,Outer Approx. (Power-Energy),123.36807733752548,65.519306727273,-57.84877061025247,-0.1317827132163338,3571.2620400805413,0.5671712226302136,True
1,1,fullnet,Learned Polytope Approx. (FullNet),113.26514187824024,167.15694786124138,53.891805983001134,0.12425266361344252,0.6632362477030824,7.894383556800539e-05,True
1,1,supervised,Supervised Regression (FullNet),113.26514187824024,138.08469780111182,24.819555922871572,0.05722383722104853,309.18409245119915,0.05176704211053287,True
1,1,cube,Inner Approx. (Cube),113.26514187824024,153.47134407190515,40.20620219366491,0.09269920770365873,0.0,0.0,False
1,1,power_energy,Outer Approx. (Power-Energy),113.26514187824024,53.1349200756151,-60.130221802625144,-0.13863592222164392,3594.908821689103,0.5709266944734096,True
1,2,fullnet,Learned Polytope Approx. (FullNet),121.81269276770253,178.539049253884,56.72635648618147,0.1192914100264185,0.0,0.0,False
1,2,supervised,Supervised Regression (FullNet),121.81269276770253,139.94729075889373,18.1345979911912,0.03813574321767756,450.5829979007126,0.07757377772940395,True
1,2,cube,Inner Approx. (Cube),121.81269276770253,165.211244334183,43.398551566480464,0.0912640037216355,0.0,0.0,False
1,2,power_energy,Outer Approx. (Power-Energy),121.81269276770253,53.888464561791245,-67.92422820591128,-0.14283972141967582,3292.6255654667034,0.5230462084946709,True
1,3,fullnet,Learned Polytope Approx. (FullNet),122.75824440470751,180.21983614907407,57.46159174436656,0.12166296154583518,0.0,0.0,False
1,3,supervised,Supervised Regression (FullNet),122.75824440470751,142.26295538942412,19.50471098471661,0.041297166167152885,309.18409245119915,0.05176704211053287,True
1,3,cube,Inner Approx. (Cube),122.75824440470751,163.09541855733644,40.33717415262893,0.08540557124890433,0.0,0.0,False
1,3,power_energy,Outer Approx. (Power-Energy),122.75824440470751,55.15161020228102,-67.60663420242649,-0.14314297755281985,3697.2606879068253,0.5414307909088398,True
1,4,fullnet,Learned Polytope Approx. (FullNet),129.04888704604798,173.18804547420007,44.139158428152086,0.09631504975448998,0.0,0.0,False
1,4,supervised,Supervised Regression (FullNet),129.04888704604798,142.98559294232908,13.936705896281097,0.030410967712467204,577.1022778018091,0.10335389497344614,True
1,4,cube,Inner Approx. (Cube),129.04888704604798,152.0913769683314,23.04248992228341,0.050280491118665276,0.0,0.0,False
1,4,power_energy,Outer Approx. (Power-Energy),129.04888704604798,69.16783374897916,-59.88105329706882,-0.13066507910535863,3368.4111765224056,0.5193076269061527,True
1,5,fullnet,Learned Polytope Approx. (FullNet),104.41283484228742,141.2204059447718,36.80757110248439,0.09848322646773647,0.0,0.0,False
1,5,supervised,Supervised Regression (FullNet),104.41283484228742,119.09236187951626,14.679527037228837,0.039276897180240425,416.8552535145704,0.07275759708098224,True
1,5,cube,Inner Approx. (Cube),104.41283484228742,129.15258930693534,24.739754464647916,0.0661942847278413,0.0,0.0,False
1,5,power_energy,Outer Approx. (Power-Energy),104.41283484228742,52.03360514131484,-52.37922970097259,-0.14014713240609053,3482.253720961714,0.5384364661480093,True
1,6,fullnet,Learned Polytope Approx. (FullNet),128.60200474120018,173.7783562637968,45.17635152259663,0.09762166672453505,0.0,0.0,False
1,6,supervised,Supervised Regression (FullNet),128.60200474120018,141.61608241983606,13.014077678635886,0.028122146013396795,577.1022778018091,0.10335389497344614,True
1,6,cube,Inner Approx. (Cube),128.60200474120018,155.092758738972,26.490753997771833,0.05724392233752224,0.0,0.0,False
1,6,power_energy,Outer Approx. (Power-Energy),128.60200474120018,65.36053673583551,-63.241468005364666,-0.13665861240923874,3362.3123312236726,0.5183673685134043,True
1,7,fullnet,Learned Polytope Approx. (FullNet),112.29690954313699,154.56014170588054,42.26323216274355,0.1028198937022209,0.0,0.0,False
1,7,supervised,Supervised Regression (FullNet),112.29690954313699,129.67203570777033,17.375126164633343,0.04227098908173768,388.8063934303477,0.06786633980550698,True
1,7,cube,Inner Approx. (Cube),112.29690954313699,137.2212371661098,24.92432762297281,0.06063702621998023,0.0,0.0,False
1,7,power_energy,Outer Approx. (Power-Energy),112.29690954313699,58.194095774471705,-54.102813768665285,-0.13162376079672042,3740.1912247584505,0.5579078230105127,True
1,8,fullnet,Learned Polytope Approx. (FullNet),97.00518197565805,136.5358378925814,39.530655916923365,0.11372274341011372,0.0,0.0,False
1,8,supervised,Supervised Regression (FullNet),97.00518197565805,116.65848353415919,19.65330155850114,0.05653909145843901,373.4855369450465,0.06339283084683141,True
1,8,cube,Inner Approx. (Cube),97.00518197565805,117.7437765579313,20.73859458227325,0.0596612885787348,0.0,0.0,False
1,8,power_energy,Outer Approx. (Power-Energy),97.00518197565805,54.27847396051715,-42.7267080151409,-0.12291722309329416,3682.6449804274325,0.6882297165816675,True
1,9,fullnet,Learned Polytope Approx. (FullNet),87.6391924992435,129.0820004176292,41.44280791838568,0.12255818233941354,0.0,0.0,False
1,9,supervised,Supervised Regression (FullNet),87.6391924992435,110.8553965552976,23.216204056054096,0.06865692535926374,118.89040140217674,0.01929128105293016,True
1,9,cube,Inner Approx. (Cube),87.6391924992435,119.88243417336919,32.243241674125684,0.09535244571490904,0.0,0.0,False
1,9,power_energy,Outer Approx. (Power-Energy),87.6391924992435,43.47342821361675,-44.16576428562676,-0.13061073957964212,3558.8784784317986,0.5776683272020636,True
2,0,fullnet,Learned Polytope Approx. (FullNet),109.12687575246032,158.791273039315,49.66439728685468,0.1154646533598928,0.0,0.0,False
2,0,supervised,Supervised Regression (FullNet),109.12687575246032,72.30922304271273,-36.81765270974759,-0.08559728376651672,2001.358501691753,0.5968822969783765,True
2,0,cube,Inner Approx. (Cube),109.12687575246032,135.0400285765189,25.91315282405857,0.06024543479326176,0.0,0.0,False
2,0,power_energy,Outer Approx. (Power-Energy),109.12687575246032,53.087115855352145,-56.039759897108176,-0.13028672055593188,3397.5382062443086,0.5789826588070726,True
2,1,fullnet,Learned Polytope Approx. (FullNet),98.9478569242942,149.69105523994585,50.743198315651654,0.11916859948363809,0.0,0.0,False
2,1,supervised,Supervised Regression (FullNet),98.9478569242942,67.06169234717731,-31.886164577116887,-0.07488352531353468,2001.358501691753,0.5968822969783765,True
2,1,cube,Inner Approx. (Cube),98.9478569242942,139.25271029933575,40.304853375041546,0.0946545170294397,0.0,0.0,False
2,1,power_energy,Outer Approx. (Power-Energy),98.9478569242942,42.0893216683577,-56.8585352559365,-0.13353025114798575,3108.9738969307373,0.5386103227203579,True
2,2,fullnet,Learned Polytope Approx. (FullNet),107.04537734674221,160.56818523428035,53.522807887538136,0.114950264108397,0.0,0.0,False
2,2,supervised,Supervised Regression (FullNet),107.04537734674221,70.1541553333872,-36.89122201335502,-0.0792308154427756,2001.358501691753,0.5968822969783765,True
2,2,cube,Inner Approx. (Cube),107.04537734674221,152.06784184870176,45.02246450195955,0.09669418308892885,0.0,0.0,False
2,2,power_energy,Outer Approx. (Power-Energy),107.04537734674221,40.9299100876514,-66.11546725909082,-0.14199536091326947,3352.8208047319818,0.537185434282235,True
2,3,fullnet,Learned Polytope Approx. (FullNet),107.83417693774808,160.89681577687108,53.062638839123,0.11471684603514977,0.0,0.0,False
2,3,supervised,Supervised Regression (FullNet),107.83417693774808,69.23326277078492,-38.600914166963165,-0.08345184529425738,2001.358501691753,0.5968822969783765,True
2,3,cube,Inner Approx. (Cube),107.83417693774808,148.81142705243076,40.977250114682676,0.08858927854307913,0.0,0.0,False
2,3,power_energy,Outer Approx. (Power-Energy),107.83417693774808,41.69939595992908,-66.134780977819,-0.14297768925519586,3511.7532539598524,0.5354999964109955,True
2,4,fullnet,Learned Polytope Approx. (FullNet),114.24795347000972,156.73490034120138,42.48694687119166,0.09474429492978258,0.0,0.0,False
2,4,supervised,Supervised Regression (FullNet),114.24795347000972,69.08954710137111,-45.15840636863861,-0.10070154921982197,2003.071599362461,0.6006054880479639,True
2,4,cube,Inner Approx. (Cube),114.24795347000972,138.60560206453115,24.357648594521436,0.05431664104346634,0.0,0.0,False
2,4,power_energy,Outer Approx. (Power-Energy),114.24795347000972,55.205083905636,-59.04286956437372,-0.1316633803899124,3413.625499513809,0.5694344416551458,True
2,5,fullnet,Learned Polytope Approx. (FullNet),91.98991072829435,127.33156104636588,35.34165031807153,0.09653427314128231,0.0,0.0,False
2,5,supervised,Supervised Regression (FullNet),91.98991072829435,53.67479082543882,-38.31511990285553,-0.10465618376207918,2232.757536107765,0.6553775217312103,True
2,5,cube,Inner Approx. (Cube),91.98991072829435,116.18792657037528,24.198015842080935,0.06609589110166889,0.0,0.0,False
2,5,power_energy,Outer Approx. (Power-Energy),91.98991072829435,40.63926364514661,-51.350647083147734,-0.14026219338635193,3435.598064403058,0.5825342373804533,True
2,6,fullnet,Learned Polytope Approx. (FullNet),113.64835366974373,156.7931123618517,43.144758692107985,0.0953335301467567,0.0,0.0,False
2,6,supervised,Supervised Regression (FullNet),113.64835366974373,66.7259418323212,-46.92241183742253,-0.10368070882917475,2003.071599362461,0.6006054880479639,True
2,6,cube,Inner Approx. (Cube),113.64835366974373,141.13731287443687,27.488959204693145,0.060740159418783385,0.0,0.0,False
2,6,power_energy,Outer Approx. (Power-Energy),113.64835366974373,51.265479208108076,-62.38287446163565,-0.1378424592792435,3434.9851561453347,0.5599212544520756,True
2,7,fullnet,Learned Polytope Approx. (FullNet),99.35142564663786,138.96074269388106,39.609317047243195,0.0982756841254262,0.0,0.0,False
2,7,supervised,Supervised Regression (FullNet),99.35142564663786,62.28564268722842,-37.06578295940945,-0.09196485699654489,2003.071599362461,0.6006054880479639,True
2,7,cube,Inner Approx. (Cube),99.35142564663786,124.96529552713474,25.61386988049688,0.06355122413757139,0.0,0.0,False
2,7,power_energy,Outer Approx. (Power-Energy),99.35142564663786,46.3799341369189,-52.971491509718966,-0.13142891509724128,3521.76124670355,0.5696526040878724,True
2,8,fullnet,Learned Polytope Approx. (FullNet),85.83289034113265,122.79689997860224,36.96400963746959,0.1080857651910931,0.0,0.0,False
2,8,supervised,Supervised Regression (FullNet),85.83289034113265,59.715092617464435,-26.117797723668218,-0.07637056097959934,2007.340535340479,0.6019029891352261,True
2,8,cube,Inner Approx. (Cube),85.83289034113265,106.99936154975272,21.166471208620067,0.06189248026436654,0.0,0.0,False
2,8,power_energy,Outer Approx. (Power-Energy),85.83289034113265,44.56616751214599,-41.266722828986666,-0.12066724788910405,3502.605320028964,0.685828973487988,True
2,9,fullnet,Learned Polytope Approx. (FullNet),76.83816646646726,115.51830650327946,38.680140036812205,0.11605977114223492,0.0,0.0,False
2,9,supervised,Supervised Regression (FullNet),76.83816646646726,53.472714151740334,-23.365452314726923,-0.07010804629200355,2001.358501691753,0.5968822969783765,True
2,9,cube,Inner Approx. (Cube),76.83816646646726,108.74374947553486,31.9055830090676,0.09573271086060786,0.0,0.0,False
2,9,power_energy,Outer Approx. (Power-Energy),76.83816646646726,34.957484985761724,-41.88068148070553,-0.1256629966516561,3247.2809588776922,0.5533769598261262,True
3,0,fullnet,Learned Polytope Approx. (FullNet),145.20130776885583,202.70367647176096,57.50236870290513,0.11682949564993897,0.0,0.0,False
3,0,supervised,Supervised Regression (FullNet),145.20130776885583,151.67356032197736,6.472252553121535,0.013149893101047447,494.87125666600866,0.07625162562379993,True
3,0,cube,Inner Approx. (Cube),145.20130776885583,173.20715755057805,28.00584978172222,0.056900426522451364,0.0,0.0,False
3,0,power_energy,Outer Approx. (Power-Energy),145.20130776885583,81.40674589789069,-63.79456187096514,-0.1296135560449902,3744.077141803845,0.5524278148537918,True
3,1,fullnet,Learned Polytope Approx. (FullNet),134.38908648479554,193.98080744358884,59.5917209587933,0.12157562228400205,0.0,0.0,False
3,1,supervised,Supervised Regression (FullNet),134.38908648479554,147.10101292262198,12.711926437826435,0.025934145586697637,475.0550949547182,0.07300431234752665,True
3,1,cube,Inner Approx. (Cube),134.38908648479554,178.49102213995863,44.10193565516309,0.08997424784749902,0.0,0.0,False
3,1,power_energy,Outer Approx. (Power-Energy),134.38908648479554,67.1080509421102,-67.28103554268534,-0.13726292230543538,3767.305280810728,0.5338646093167955,True
3,2,fullnet,Learned Polytope Approx. (FullNet),145.50997659945108,207.63404445466102,62.124067855209944,0.11573087808321757,0.0,0.0,False
3,2,supervised,Supervised Regression (FullNet),145.50997659945108,154.5420493823727,9.032072782921631,0.016825841419709758,475.0550949547182,0.07300431234752665,True
3,2,cube,Inner Approx. (Cube),145.50997659945108,192.14433032414556,46.63435372469448,0.0868751015786814,0.0,0.0,False
3,2,power_energy,Outer Approx. (Power-Energy),145.50997659945108,70.5050612789526,-75.00491532049848,-0.1397265988896556,3432.319165700475,0.4863937466869956,True
3,3,fullnet,Learned Polytope Approx. (FullNet),146.7523259710516,210.15010009467056,63.39777412361897,0.11922031327540221,0.0,0.0,False
3,3,supervised,Supervised Regression (FullNet),146.7523259710516,153.66482032732137,6.912494356269775,0.012999032758815874,475.0550949547182,0.07300431234752665,True
3,3,cube,Inner Approx. (Cube),146.7523259710516,189.79020398984102,43.03787801878943,0.08093327204364832,0.0,0.0,False
3,3,power_energy,Outer Approx. (Power-Energy),146.7523259710516,72.68431287679891,-74.06801309425268,-0.13928583214238763,3667.8223209740167,0.5198607374148737,True
3,4,fullnet,Learned Polytope Approx. (FullNet),152.59706396290943,208.7263568594185,56.12929289650907,0.10966794301620565,0.0,0.0,False
3,4,supervised,Supervised Regression (FullNet),152.59706396290943,154.03297808517735,1.435914122267917,0.002805553749401266,614.9077230812459,0.09732665259451212,True
3,4,cube,Inner Approx. (Cube),152.59706396290943,177.6819170174693,25.084853054559858,0.049011916833330706,0.0,0.0,False
3,4,power_energy,Outer Approx. (Power-Energy),152.59706396290943,87.24825664698695,-65.34880731592249,-0.12768144594505157,3660.612951402477,0.5078889025525878,True
3,5,fullnet,Learned Polytope Approx. (FullNet),123.50084381870553,171.2738937316335,47.77304991292797,0.11408643430054863,0.0,0.0,False
3,5,supervised,Supervised Regression (FullNet),123.50084381870553,126.775286118218,3.2744422995124722,0.007819669184930446,614.9077230812459,0.09732665259451212,True
3,5,cube,Inner Approx. (Cube),123.50084381870553,150.34113481645687,26.84029099775134,0.0640970819552787,0.0,0.0,False
3,5,power_energy,Outer Approx. (Power-Energy),123.50084381870553,66.66794497101205,-56.832898847693485,-0.135722186301999,4015.3203277762873,0.566695753643729,True
3,6,fullnet,Learned Polytope Approx. (FullNet),152.3965404967405,212.32373658012966,59.92719608338916,0.11587502783638012,0.0,0.0,False
3,6,supervised,Supervised Regression (FullNet),152.3965404967405,152.46754357249404,0.07100307575353781,0.00013729131207742797,614.9077230812459,0.09732665259451212,True
3,6,cube,Inner Approx. (Cube),152.3965404967405,181.0069705293674,28.61043003262691,0.05532103273826251,0.0,0.0,False
3,6,power_energy,Outer Approx. (Power-Energy),152.3965404967405,83.35202237436022,-69.04451812238028,-0.133504251529597,3621.3712901329627,0.502444348719362,True
3,7,fullnet,Learned Polytope Approx. (FullNet),132.90455014586516,187.1226114146855,54.21806126882035,0.11785852431589657,0.0,0.0,False
3,7,supervised,Supervised Regression (FullNet),132.90455014586516,138.5238289189169,5.619278773051747,0.01221511593024046,636.7175514479798,0.1014758597278739,True
3,7,cube,Inner Approx. (Cube),132.90455014586516,159.96926403013606,27.0647138842709,0.05883292697643019,0.0,0.0,False
3,7,power_energy,Outer Approx. (Power-Energy),132.90455014586516,73.5202956046401,-59.38425454122506,-0.12908872881172728,3885.5809656801375,0.5465621962990842,True
3,8,fullnet,Learned Polytope Approx. (FullNet),113.83677451885673,159.13022969973656,45.29345518087983,0.11583749197587673,0.0,0.0,False
3,8,supervised,Supervised Regression (FullNet),113.83677451885673,122.91693751771169,9.08016299885496,0.023222412693380268,494.87125666600866,0.07625162562379993,True
3,8,cube,Inner Approx. (Cube),113.83677451885673,136.66895281539684,22.832178296540107,0.058393034041124246,0.0,0.0,False
3,8,power_energy,Outer Approx. (Power-Energy),113.83677451885673,66.85048055798318,-46.98629396087355,-0.12016690773386807,3949.710797474085,0.6444708951219397,True
3,9,fullnet,Learned Polytope Approx. (FullNet),103.57492407380391,150.25045544356612,46.67553136976221,0.12173818379851181,0.0,0.0,False
3,9,supervised,Supervised Regression (FullNet),103.57492407380391,115.79760876390185,12.222684690097935,0.03187896080982482,475.0550949547182,0.07300431234752665,True
3,9,cube,Inner Approx. (Cube),103.57492407380391,138.98965048384153,35.414726410037616,0.09236797838946881,0.0,0.0,False
3,9,power_energy,Outer Approx. (Power-Energy),103.57492407380391,54.3961271374525,-49.17879693635141,-0.1282671507903979,3588.290962177555,0.5603332192163737,True
4,0,fullnet,Learned Polytope Approx. (FullNet),135.6757932797994,196.0595227437712,60.383729463971804,0.12884068645771302,0.0,0.0,False
4,0,supervised,Supervised Regression (FullNet),135.6757932797994,147.69647480880897,12.020681529009579,0.0256485128301195,375.90609714310585,0.06091766992112387,True
4,0,cube,Inner Approx. (Cube),135.6757932797994,162.81893062670233,27.143137346902932,0.05791527750000179,0.0,0.0,False
4,0,power_energy,Outer Approx. (Power-Energy),135.6757932797994,71.75842463521879,-63.917368644580606,-0.13638040786553285,3794.1397455548254,0.5754372950164052,True
4,1,fullnet,Learned Polytope Approx. (FullNet),126.01731691440344,188.50738396303325,62.49006704862981,0.13409142988668338,0.0,0.0,False
4,1,supervised,Supervised Regression (FullNet),126.01731691440344,144.51755725346757,18.500240339064135,0.039697887960048264,375.90609714310585,0.06091766992112387,True
4,1,cube,Inner Approx. (Cube),126.01731691440344,168.77373122081406,42.75641430641062,0.09174688077566652,0.0,0.0,False
4,1,power_energy,Outer Approx. (Power-Energy),126.01731691440344,58.44410071136657,-67.57321620303686,-0.14499887119109583,3808.827352622542,0.5619945636971704,True
4,2,fullnet,Learned Polytope Approx. (FullNet),135.64620936524767,200.9015687249591,65.25535935971143,0.12797038911465022,0.0,0.0,False
4,2,supervised,Supervised Regression (FullNet),135.64620936524767,148.64976996775175,13.00356060250408,0.025500904852970248,375.90609714310585,0.06091766992112387,True
4,2,cube,Inner Approx. (Cube),135.64620936524767,180.39933833437402,44.75312896912635,0.08776406082920314,0.0,0.0,False
4,2,power_energy,Outer Approx. (Power-Energy),135.64620936524767,60.50530317339515,-75.14090619185252,-0.14735664776272134,3442.9925867706734,0.5080154434625357,True
4,3,fullnet,Learned Polytope Approx. (FullNet),136.6305384526251,202.86654066945457,66.23600221682946,0.13094465979804268,0.0,0.0,False
4,3,supervised,Supervised Regression (FullNet),136.6305384526251,149.50964411065215,12.879105658027044,0.025461230334715142,209.57033467682373,0.03247053611638725,True
4,3,cube,Inner Approx. (Cube),136.6305384526251,178.03438112760438,41.40384267497927,0.08185294872807557,0.0,0.0,False
4,3,power_energy,Outer Approx. (Power-Energy),136.6305384526251,62.373199019697815,-74.2573394329273,-0.14680236916656542,3705.336608026548,0.5468356037841423,True
4,4,fullnet,Learned Polytope Approx. (FullNet),141.5792398215039,198.95715312291318,57.37791330140928,0.11770381189036548,0.0,0.0,False
4,4,supervised,Supervised Regression (FullNet),141.5792398215039,151.0492340923006,9.46999427079669,0.019426541679850792,480.372944252219,0.07897432897493649,True
4,4,cube,Inner Approx. (Cube),141.5792398215039,166.24204135560535,24.662801534101447,0.050592738310474505,0.0,0.0,False
4,4,power_energy,Outer Approx. (Power-Energy),141.5792398215039,76.33147284750244,-65.24776697400146,-0.13384785971269614,3701.711596684909,0.5334469015891519,True
4,5,fullnet,Learned Polytope Approx. (FullNet),114.43831985823185,163.83861218263962,49.40029232440777,0.12392884114165176,0.0,0.0,False
4,5,supervised,Supervised Regression (FullNet),114.43831985823185,124.15326605606067,9.714946197828823,0.024371556673067833,480.372944252219,0.07897432897493649,True
4,5,cube,Inner Approx. (Cube),114.43831985823185,140.85875174964315,26.420431891411297,0.0662800431475745,0.0,0.0,False
4,5,power_energy,Outer Approx. (Power-Energy),114.43831985823185,57.70361876557296,-56.73470109265889,-0.14232842414694175,4021.978155070266,0.5827261908170294,True
4,6,fullnet,Learned Polytope Approx. (FullNet),141.10488218807365,201.3390084124215,60.23412622434785,0.12231110662713036,0.0,0.0,False
4,6,supervised,Supervised Regression (FullNet),141.10488218807365,148.7534526275428,7.648570439469154,0.01553114775970435,480.372944252219,0.07897432897493649,True
4,6,cube,Inner Approx. (Cube),141.10488218807365,169.04879490430693,27.943912716233285,0.05674276530690121,0.0,0.0,False
4,6,power_energy,Outer Approx. (Power-Energy),141.10488218807365,72.2600092838981,-68.84487290417555,-0.13979604450724348,3654.5675365700276,0.5266530571364565,True
4,7,fullnet,Learned Polytope Approx. (FullNet),123.56835245728956,178.01683028744444,54.44847783015487,0.12419043696712123,0.0,0.0,False
4,7,supervised,Supervised Regression (FullNet),123.56835245728956,136.57821131209596,13.009858854806396,0.029673925157264254,396.36283465641145,0.06421898785010223,True
4,7,cube,Inner Approx. (Cube),123.56835245728956,150.07194744955297,26.5035949922634,0.06045151626747387,0.0,0.0,False
4,7,power_energy,Outer Approx. (Power-Energy),123.56835245728956,64.1836592765674,-59.38469318072217,-0.13544935118806667,3955.7062016569857,0.5737263746757254,True
4,8,fullnet,Learned Polytope Approx. (FullNet),106.56294252500165,153.45410096076404,46.89115843576239,0.12582144973475173,0.0,0.0,False
4,8,supervised,Supervised Regression (FullNet),106.56294252500165,121.3007335473032,14.73779102230155,0.03954541312631661,480.372944252219,0.07897432897493649,True
4,8,cube,Inner Approx. (Cube),106.56294252500165,129.30012091336332,22.73717838836167,0.06100989702825238,0.0,0.0,False
4,8,power_energy,Outer Approx. (Power-Energy),106.56294252500165,59.43550276733559,-47.12743975766605,-0.12645545536521383,3984.983819906368,0.6903350738496786,True
4,9,fullnet,Learned Polytope Approx. (FullNet),97.27794336989301,145.99858377404775,48.720640404154736,0.13352438733210353,0.0,0.0,False
4,9,supervised,Supervised Regression (FullNet),97.27794336989301,114.78109621460706,17.50315284471405,0.047969356325852176,209.57033467682373,0.03247053611638725,True
4,9,cube,Inner Approx. (Cube),97.27794336989301,131.94894029678522,34.670996926892215,0.09501976132607948,0.0,0.0,False
4,9,power_energy,Outer Approx. (Power-Energy),97.27794336989301,47.86118940537671,-49.416753964516296,-0.13543216473178074,3647.4350849832595,0.6008779567962287,True
5,0,fullnet,Learned Polytope Approx. (FullNet),142.63030367742687,195.87824990844706,53.247946231020194,0.1110583630934495,0.0,0.0,False
5,0,supervised,Supervised Regression (FullNet),142.63030367742687,155.40207740663246,12.771773729205592,0.02663787778802973,492.3442385940998,0.07581861355076998,True
5,0,cube,Inner Approx. (Cube),142.63030367742687,170.45677951980616,27.826475842379295,0.058037221648066774,0.0,0.0,False
5,0,power_energy,Outer Approx. (Power-Energy),142.63030367742687,76.27158286372601,-66.35872081370086,-0.13840328936952573,3977.549736157002,0.5816876454065549,True
5,1,fullnet,Learned Polytope Approx. (FullNet),132.20465819969917,187.21898020273326,55.014322003034096,0.11568312540336144,0.0,0.0,False
5,1,supervised,Supervised Regression (FullNet),132.20465819969917,152.0818713814901,19.87721318179092,0.04179744585512934,492.3442385940998,0.07581861355076998,True
5,1,cube,Inner Approx. (Cube),132.20465819969917,176.27897242645946,44.07431422676029,0.09267867410017835,0.0,0.0,False
5,1,power_energy,Outer Approx. (Power-Energy),132.20465819969917,62.24941245802585,-69.95524574167331,-0.14710063072867902,4000.05172830054,0.5627024114072839,True
5,2,fullnet,Learned Polytope Approx. (FullNet),143.22247656962534,199.92984857043223,56.707372000806885,0.10857873109893447,0.0,0.0,False
5,2,supervised,Supervised Regression (FullNet),143.22247656962534,156.61164510021325,13.38916853058791,0.02563650682843025,492.3442385940998,0.07581861355076998,True
5,2,cube,Inner Approx. (Cube),143.22247656962534,189.76608180962234,46.54360523999699,0.08911796507968457,0.0,0.0,False
5,2,power_energy,Outer Approx. (Power-Energy),143.22247656962534,64.73203708881249,-78.49043948081285,-0.15028720290728872,3652.128475907813,0.5137587310741224,True
5,3,fullnet,Learned Polytope Approx. (FullNet),144.24720389723984,202.4080385493722,58.160834652132365,0.11231921599527078,0.0,0.0,False
5,3,supervised,Supervised Regression (FullNet),144.24720389723984,158.38649328206088,14.13928938482104,0.02730555549850811,492.3442385940998,0.07581861355076998,True
5,3,cube,Inner Approx. (Cube),144.24720389723984,187.60565720671946,43.358453309479614,0.08373310857067892,0.0,0.0,False
5,3,power_energy,Outer Approx. (Power-Energy),144.24720389723984,66.83351169876332,-77.41369219847653,-0.1495000074713217,3886.4118343412683,0.5468335625119354,True
5,4,fullnet,Learned Polytope Approx. (FullNet),149.45942696406718,198.42486900222326,48.965442038156084,0.09794434994844621,0.0,0.0,False
5,4,supervised,Supervised Regression (FullNet),149.45942696406718,160.10163488712777,10.642207923060596,0.021287342534927638,625.4671658936436,0.09967331589623295,True
5,4,cube,Inner Approx. (Cube),149.45942696406718,174.1793673222087,24.719940358141514,0.049446678889487804,0.0,0.0,False
5,4,power_energy,Outer Approx. (Power-Energy),149.45942696406718,81.48119248183993,-67.97823448222725,-0.1359751635003421,3846.203807303541,0.5256182669582116,True
5,5,fullnet,Learned Polytope Approx. (FullNet),120.93432942735947,162.53922031548632,41.604890888126846,0.10196763457109304,0.0,0.0,False
5,5,supervised,Supervised Regression (FullNet),120.93432942735947,131.6210778762013,10.686748448841826,0.02619169134501147,512.4989755751833,0.07921867719871835,True
5,5,cube,Inner Approx. (Cube),120.93432942735947,147.59754562361383,26.663216196254353,0.06534772781643315,0.0,0.0,False
5,5,power_energy,Outer Approx. (Power-Energy),120.93432942735947,62.059244762737094,-58.87508466462238,-0.14429440842825542,4125.108712901544,0.5761367047617023,True
5,6,fullnet,Learned Polytope Approx. (FullNet),149.24431960957776,199.66367177887028,50.41935216929252,0.09978169436526955,0.0,0.0,False
5,6,supervised,Supervised Regression (FullNet),149.24431960957776,158.4768858872372,9.23256627765943,0.018271577616294356,526.1355133167748,0.08149789858573088,True
5,6,cube,Inner Approx. (Cube),149.24431960957776,177.7624643078296,28.51814469825183,0.05643842444843189,0.0,0.0,False
5,6,power_energy,Outer Approx. (Power-Energy),149.24431960957776,77.37933743699803,-71.86498217257973,-0.14222336024137208,3800.285500268417,0.5193431182207405,True
5,7,fullnet,Learned Polytope Approx. (FullNet),130.22611560597494,176.24299635491025,46.01688074893531,0.10250489984187318,0.0,0.0,False
5,7,supervised,Supervised Regression (FullNet),130.22611560597494,145.3714530833582,15.145337477383265,0.0337369955530169,487.08114779544496,0.07585554307509781,True
5,7,cube,Inner Approx. (Cube),130.22611560597494,157.51376010080168,27.287644494826736,0.060784590792316434,0.0,0.0,False
5,7,power_energy,Outer Approx. (Power-Energy),130.22611560597494,68.43094202632741,-61.795173579647525,-0.1376518350527158,4051.975440209841,0.5707497422587314,True
5,8,fullnet,Learned Polytope Approx. (FullNet),111.78043121960833,152.690010496137,40.909579276528675,0.10779020548801771,0.0,0.0,False
5,8,supervised,Supervised Regression (FullNet),111.78043121960833,127.46746562528087,15.687034405672534,0.04133282942499442,506.5638457385108,0.07821353806967991,True
5,8,cube,Inner Approx. (Cube),111.78043121960833,134.67297689604177,22.892545676433443,0.06031820043728341,0.0,0.0,False
5,8,power_energy,Outer Approx. (Power-Energy),111.78043121960833,63.06738964684414,-48.71304157276419,-0.12835108192098107,3995.0443417488946,0.6558409152859925,True
5,9,fullnet,Learned Polytope Approx. (FullNet),101.91400786624911,144.90046223535427,42.98645436910516,0.11592175736736615,0.0,0.0,False
5,9,supervised,Supervised Regression (FullNet),101.91400786624911,121.36158026658396,19.44757240033485,0.05244435258182547,209.41998450931234,0.031015906179864116,True
5,9,cube,Inner Approx. (Cube),101.91400786624911,137.38057113182288,35.46656326557377,0.09564283451302868,0.0,0.0,False
5,9,power_energy,Outer Approx. (Power-Energy),101.91400786624911,50.892870790064464,-51.021137076184644,-0.137588920964912,3810.926017962135,0.5969335860325056,True
6,0,fullnet,Learned Polytope Approx. (FullNet),144.82036512713483,206.99385177406322,62.17348664692838,0.13401665273108068,0.0,0.0,False
6,0,supervised,Supervised Regression (FullNet),144.82036512713483,136.36089860254054,-8.45946652459429,-0.018234611707637998,1040.186245468328,0.18691355859684633,True
6,0,cube,Inner Approx. (Cube),144.82036512713483,170.55339327328497,25.733028146150133,0.05546824672011706,0.0,0.0,False
6,0,power_energy,Outer Approx. (Power-Energy),144.82036512713483,78.7126118281019,-66.10775329903294,-0.14249707221697444,3961.131015762818,0.5939036577825474,True
6,1,fullnet,Learned Polytope Approx. (FullNet),135.78011522002515,199.29873602077612,63.518620800750966,0.13828023895524705,0.0,0.0,False
6,1,supervised,Supervised Regression (FullNet),135.78011522002515,132.35823422058823,-3.4218809994369224,-0.007449445789493007,843.233557566355,0.14467107832882356,True
6,1,cube,Inner Approx. (Cube),135.78011522002515,176.61408213035276,40.833966910327604,0.08889567548330637,0.0,0.0,False
6,1,power_energy,Outer Approx. (Power-Energy),135.78011522002515,64.52502009485174,-71.25509512517341,-0.15512256809850863,4000.445842771337,0.5601390702560898,True
6,2,fullnet,Learned Polytope Approx. (FullNet),145.02917534638223,211.922445313369,66.89326996698676,0.13271351530303974,0.0,0.0,False
6,2,supervised,Supervised Regression (FullNet),145.02917534638223,137.72707476990735,-7.302100576474885,-0.01448706928333149,1040.186245468328,0.18691355859684633,True
6,2,cube,Inner Approx. (Cube),145.02917534638223,187.8194929080461,42.79031756166387,0.08489424223609403,0.0,0.0,False
6,2,power_energy,Outer Approx. (Power-Energy),145.02917534638223,67.37317929137858,-77.65599605500365,-0.15406632424913222,3732.116617092475,0.5225678372231808,True
6,3,fullnet,Learned Polytope Approx. (FullNet),146.13103492675037,214.16205307943,68.03101815267962,0.13598838219079515,0.0,0.0,False
6,3,supervised,Supervised Regression (FullNet),146.13103492675037,137.53982821078475,-8.591206715965626,-0.01717311211995792,843.233557566355,0.14467107832882356,True
6,3,cube,Inner Approx. (Cube),146.13103492675037,186.22914913940045,40.098114212650074,0.08015281600581534,0.0,0.0,False
6,3,power_energy,Outer Approx. (Power-Energy),146.13103492675037,69.45977795859076,-76.67125696815961,-0.1532595054249394,3787.854436400149,0.5304808295888719,True
6,4,fullnet,Learned Polytope Approx. (FullNet),150.82017715008215,206.83441925981737,56.01424210973522,0.11564147003313752,0.0,0.0,False
6,4,supervised,Supervised Regression (FullNet),150.82017715008215,138.89906604159114,-11.921111108491004,-0.02461114818466267,1040.186245468328,0.18691355859684633,True
6,4,cube,Inner Approx. (Cube),150.82017715008215,174.458030617138,23.637853467055862,0.04880037683993146,0.0,0.0,False
6,4,power_energy,Outer Approx. (Power-Energy),150.82017715008215,84.2358518237386,-66.58432532634355,-0.1374634195142453,4071.1416651505847,0.5594150184502451,True
6,5,fullnet,Learned Polytope Approx. (FullNet),122.24457446752943,168.97885198642825,46.73427751889882,0.11824924721008295,0.0,0.0,False
6,5,supervised,Supervised Regression (FullNet),122.24457446752943,112.84015155224593,-9.404422915283504,-0.023795509189755232,1040.186245468328,0.18691355859684633,True
6,5,cube,Inner Approx. (Cube),122.24457446752943,147.99737605627928,25.752801588749847,0.065160938888781,0.0,0.0,False
6,5,power_energy,Outer Approx. (Power-Energy),122.24457446752943,64.30066133111028,-57.943913136419155,-0.1466123897179581,4147.574810698996,0.6141232186330238,True
6,6,fullnet,Learned Polytope Approx. (FullNet),150.22902139773313,207.93590076303246,57.70687936529933,0.11790765778702089,0.0,0.0,False
6,6,supervised,Supervised Regression (FullNet),150.22902139773313,136.94185324158605,-13.28716815614709,-0.02714856344936347,1040.186245468328,0.18691355859684633,True
6,6,cube,Inner Approx. (Cube),150.22902139773313,177.37430415479474,27.145282757061608,0.05546369419130583,0.0,0.0,False
6,6,power_energy,Outer Approx. (Power-Energy),150.22902139773313,80.23026405301653,-69.99875734471661,-0.1430226277576282,4071.1416651505847,0.5594150184502451,True
6,7,fullnet,Learned Polytope Approx. (FullNet),131.76605013413905,184.47043319793028,52.70438306379123,0.12114331994719725,0.0,0.0,False
6,7,supervised,Supervised Regression (FullNet),131.76605013413905,125.51318392007073,-6.2528662140683196,-0.014372485328991708,1015.3286270423927,0.1826734165844587,True
6,7,cube,Inner Approx. (Cube),131.76605013413905,157.62565442244102,25.859604288301966,0.05943942674016249,0.0,0.0,False
6,7,power_energy,Outer Approx. (Power-Energy),131.76605013413905,70.89635786926566,-60.86969226487339,-0.13991163877596025,3998.936935943964,0.5831481028908295,True
6,8,fullnet,Learned Polytope Approx. (FullNet),113.9354153087084,160.97057667438753,47.03516136567913,0.12792960036752463,0.0,0.0,False
6,8,supervised,Supervised Regression (FullNet),113.9354153087084,111.72673914061158,-2.208676168096815,-0.006007315619248147,1040.186245468328,0.18691355859684633,True
6,8,cube,Inner Approx. (Cube),113.9354153087084,135.47223060154656,21.536815292838156,0.05857737262090919,0.0,0.0,False
6,8,power_energy,Outer Approx. (Power-Energy),113.9354153087084,64.99568169419645,-48.93973361451195,-0.13310979236835507,4494.3486349046125,0.7325654105305599,True
6,9,fullnet,Learned Polytope Approx. (FullNet),104.84958976216251,154.47497221816576,49.62538245600325,0.138400998598739,0.0,0.0,False
6,9,supervised,Supervised Regression (FullNet),104.84958976216251,105.57226628530276,0.722676523140251,0.002015483760858673,724.2809367628198,0.12128555174209983,True
6,9,cube,Inner Approx. (Cube),104.84958976216251,138.52651084764824,33.67692108548573,0.09392208739337014,0.0,0.0,False
6,9,power_energy,Outer Approx. (Power-Energy),104.84958976216251,52.69949315589439,-52.15009660626812,-0.14544221303940988,3820.6285488219837,0.5949238003868185,True
7,0,fullnet,Learned Polytope Approx. (FullNet),147.58677774679055,202.92364122269578,55.33686347590523,0.1140337865739387,0.0,0.0,False
7,0,supervised,Supervised Regression (FullNet),147.58677774679055,150.03613311950414,2.4493553727135975,0.005047435837005276,996.0555155036216,0.16322452723864078,True
7,0,cube,Inner Approx. (Cube),147.58677774679055,175.67010156809306,28.083323821302514,0.05787186974049638,0.0,0.0,False
7,0,power_energy,Outer Approx. (Power-Energy),147.58677774679055,82.8684646242505,-64.71831312254004,-0.1333663283835105,3932.287896510171,0.5594827190114058,True
7,1,fullnet,Learned Polytope Approx. (FullNet),137.02202420868946,193.65769114090062,56.635666932211166,0.11781699556366146,0.0,0.0,False
7,1,supervised,Supervised Regression (FullNet),137.02202420868946,147.42344659291274,10.401422384223281,0.021637678185455048,708.8135009099233,0.11104701541309293,True
7,1,cube,Inner Approx. (Cube),137.02202420868946,181.4418651061488,44.41984089745935,0.09240488337885268,0.0,0.0,False
7,1,power_energy,Outer Approx. (Power-Energy),137.02202420868946,68.27766095814565,-68.74436325054381,-0.1430062499274579,3950.6624679644074,0.5442542752379271,True
7,2,fullnet,Learned Polytope Approx. (FullNet),147.80432552497916,206.79911500830565,58.994789483326485,0.11170541024802176,0.0,0.0,False
7,2,supervised,Supervised Regression (FullNet),147.80432552497916,152.374828408185,4.570502883205847,0.00865415241040178,996.0555155036216,0.16322452723864078,True
7,2,cube,Inner Approx. (Cube),147.80432552497916,195.00044471988355,47.196119194904384,0.08936487277866048,0.0,0.0,False
7,2,power_energy,Outer Approx. (Power-Energy),147.80432552497916,71.53235273831241,-76.27197278666675,-0.14441939847871718,3570.2016672055647,0.4918409346773154,True
7,3,fullnet,Learned Polytope Approx. (FullNet),149.00115305055488,209.78338104894118,60.782227998386304,0.11605739266714098,0.0,0.0,False
7,3,supervised,Supervised Regression (FullNet),149.00115305055488,152.86197632656365,3.860823276008773,0.007371843674010826,708.8135009099233,0.11104701541309293,True
7,3,cube,Inner Approx. (Cube),149.00115305055488,192.87195589242063,43.87080284186575,0.08376677130322226,0.0,0.0,False
7,3,power_energy,Outer Approx. (Power-Energy),149.00115305055488,73.69169204124225,-75.30946100931263,-0.14379564513726908,3779.8286531684444,0.520827544043797,True
7,4,fullnet,Learned Polytope Approx. (FullNet),155.0945708795475,204.80659828823315,49.71202740868566,0.09809527823541515,0.0,0.0,False
7,4,supervised,Supervised Regression (FullNet),155.0945708795475,151.33441483635062,-3.760156043196872,-0.007419805075210612,996.0555155036216,0.16322452723864078,True
7,4,cube,Inner Approx. (Cube),155.0945708795475,179.72108767538526,24.626516795837773,0.04859477963344446,0.0,0.0,False
7,4,power_energy,Outer Approx. (Power-Energy),155.0945708795475,89.19008828549069,-65.9044825940568,-0.1300473727188107,4021.2578115574706,0.5393995594688085,True
7,5,fullnet,Learned Polytope Approx. (FullNet),125.47663116163471,166.9802941912086,41.503663029573886,0.10037164296640592,0.0,0.0,False
7,5,supervised,Supervised Regression (FullNet),125.47663116163471,124.95197775370283,-0.5246534079318792,-0.001268811490314072,996.0555155036216,0.16322452723864078,True
7,5,cube,Inner Approx. (Cube),125.47663116163471,152.16838411871242,26.69175295707771,0.06455081075726485,0.0,0.0,False
7,5,power_energy,Outer Approx. (Power-Energy),125.47663116163471,68.23296993452347,-57.24366122711125,-0.13843694525669664,4029.6836138595327,0.5756928285051305,True
7,6,fullnet,Learned Polytope Approx. (FullNet),154.8825570702257,206.40052561904258,51.517968548816896,0.10058254903078899,0.0,0.0,False
7,6,supervised,Supervised Regression (FullNet),154.8825570702257,149.4106310948128,-5.471925975412887,-0.010683267959086752,996.0555155036216,0.16322452723864078,True
7,6,cube,Inner Approx. (Cube),154.8825570702257,183.1439541133986,28.261397043172906,0.05517693018271804,0.0,0.0,False
7,6,power_energy,Outer Approx. (Power-Energy),154.8825570702257,85.32224367898941,-69.56031339123628,-0.13580802639066297,4021.257811557471,0.5393995594688086,True
7,7,fullnet,Learned Polytope Approx. (FullNet),135.02266107550395,183.42500371067987,48.40234263517593,0.10647584180181757,0.0,0.0,False
7,7,supervised,Supervised Regression (FullNet),135.02266107550395,136.77906797375027,1.7564068982463255,0.003863757265777165,990.9552464952001,0.16242245306368727,True
7,7,cube,Inner Approx. (Cube),135.02266107550395,161.8492316616384,26.826570586134466,0.059013294198258466,0.0,0.0,False
7,7,power_energy,Outer Approx. (Power-Energy),135.02266107550395,74.98573645187516,-60.03692462362879,-0.13206968383070516,3996.5036054492025,0.563489696006943,True
7,8,fullnet,Learned Polytope Approx. (FullNet),115.84951105122921,157.73653680434904,41.88702575311983,0.10910339975025772,0.0,0.0,False
7,8,supervised,Supervised Regression (FullNet),115.84951105122921,122.23663281766862,6.387121766439407,0.016636576286047415,996.0555155036216,0.16322452723864078,True
7,8,cube,Inner Approx. (Cube),115.84951105122921,138.48383734029096,22.634326289061747,0.05895577221806776,0.0,0.0,False
7,8,power_energy,Outer Approx. (Power-Energy),115.84951105122921,68.10163484099529,-47.747876210233926,-0.1243691938428682,4100.104857924657,0.6518243568119043,True
7,9,fullnet,Learned Polytope Approx. (FullNet),105.67173410909001,150.052517995396,44.38078388630598,0.11847436585621542,0.0,0.0,False
7,9,supervised,Supervised Regression (FullNet),105.67173410909001,117.15459697684976,11.48286286775975,0.030653467049091235,708.8135009099233,0.11104701541309293,True
7,9,cube,Inner Approx. (Cube),105.67173410909001,141.39212015257863,35.72038604348862,0.09535546049576023,0.0,0.0,False
7,9,power_energy,Outer Approx. (Power-Energy),105.67173410909001,55.44576372919592,-50.22597037989409,-0.1340780731930037,3777.432491757631,0.5769707550356334,True
8,0,fullnet,Learned Polytope Approx. (FullNet),144.1424086884611,194.5101529723657,50.367744283904585,0.10980447970345254,0.0,0.0,False
8,0,supervised,Supervised Regression (FullNet),144.1424086884611,152.8195831784624,8.677174490001306,0.01891672227368612,561.4057245740179,0.08809701905338617,True
8,0,cube,Inner Approx. (Cube),144.1424086884611,172.82512493733262,28.682716248871515,0.06252991431255232,0.0,0.0,False
8,0,power_energy,Outer Approx. (Power-Energy),144.1424086884611,75.17644476044485,-68.96596392801625,-0.15034963137673887,3884.1168236151616,0.6097900420817309,True
8,1,fullnet,Learned Polytope Approx. (FullNet),134.4489635739106,186.96082294492732,52.511859371016726,0.11532930083974786,0.0,0.0,False
8,1,supervised,Supervised Regression (FullNet),134.4489635739106,149.6620625234715,15.213098949560901,0.03341180614196924,561.4057245740179,0.08809701905338617,True
8,1,cube,Inner Approx. (Cube),134.4489635739106,179.63149322757164,45.18252965366105,0.09923224234569723,0.0,0.0,False
8,1,power_energy,Outer Approx. (Power-Energy),134.4489635739106,61.47805366160062,-72.97090991230996,-0.16026254112174645,3939.4319227250476,0.5674035700805208,True
8,2,fullnet,Learned Polytope Approx. (FullNet),145.2158691595543,199.01589848978205,53.800029330227744,0.10793696928625895,0.0,0.0,False
8,2,supervised,Supervised Regression (FullNet),145.2158691595543,154.06267686108868,8.846807701534374,0.01774901655351779,561.4057245740179,0.08809701905338617,True
8,2,cube,Inner Approx. (Cube),145.2158691595543,191.89182978622813,46.67596062667383,0.0936442189955698,0.0,0.0,False
8,2,power_energy,Outer Approx. (Power-Energy),145.2158691595543,64.07199894739414,-81.14387021216017,-0.16279588572523626,3777.737312433199,0.5441144002352124,True
8,3,fullnet,Learned Polytope Approx. (FullNet),146.2039534870492,200.8270896866692,54.623136199620006,0.11046390604696081,0.0,0.0,False
8,3,supervised,Supervised Regression (FullNet),146.2039534870492,155.73480720808593,9.53085372103672,0.01927416481800712,561.4057245740179,0.08809701905338617,True
8,3,cube,Inner Approx. (Cube),146.2039534870492,189.54327852808535,43.33932504103615,0.08764475023872792,0.0,0.0,False
8,3,power_energy,Outer Approx. (Power-Energy),146.2039534870492,66.06480318487391,-80.1391503021753,-0.16206472541802436,3860.5458929134043,0.5561599209422372,True
8,4,fullnet,Learned Polytope Approx. (FullNet),150.68115359863688,195.4201218290171,44.73896823038021,0.09363161469150184,0.0,0.0,False
8,4,supervised,Supervised Regression (FullNet),150.68115359863688,157.69248499919922,7.011331400562341,0.014673612426450497,573.0433021333878,0.09024048402484337,True
8,4,cube,Inner Approx. (Cube),150.68115359863688,176.16415267751128,25.4829990788744,0.05333190382599905,0.0,0.0,False
8,4,power_energy,Outer Approx. (Power-Energy),150.68115359863688,80.21307305863837,-70.46808053999851,-0.14747859474976513,4009.2951722778057,0.5696384519904618,True
8,5,fullnet,Learned Polytope Approx. (FullNet),121.71424576668551,160.4964218889176,38.7821761222321,0.0993424818495064,0.0,0.0,False
8,5,supervised,Supervised Regression (FullNet),121.71424576668551,129.19232545924555,7.478079692560044,0.019155474767220248,573.0433021333878,0.09024048402484337,True
8,5,cube,Inner Approx. (Cube),121.71424576668551,149.34345271914003,27.629206952454524,0.07077359407423824,0.0,0.0,False
8,5,power_energy,Outer Approx. (Power-Energy),121.71424576668551,60.81098005613498,-60.90326571055053,-0.15600675808796796,4053.475161448982,0.6058275417071813,True
8,6,fullnet,Learned Polytope Approx. (FullNet),150.30387692884122,196.7572859049207,46.45340897607949,0.0962632712431626,0.0,0.0,False
8,6,supervised,Supervised Regression (FullNet),150.30387692884122,155.30203554640275,4.998158617561529,0.010357455121677543,573.0433021333878,0.09024048402484337,True
8,6,cube,Inner Approx. (Cube),150.30387692884122,179.19394969618492,28.890072767343696,0.05986757424992371,0.0,0.0,False
8,6,power_energy,Outer Approx. (Power-Energy),150.30387692884122,76.16765789374763,-74.13621903509359,-0.15362909029114774,4009.2951722778057,0.5696384519904618,True
8,7,fullnet,Learned Polytope Approx. (FullNet),131.54811870554366,174.2136701957839,42.66555149024023,0.09932226847101777,0.0,0.0,False
8,7,supervised,Supervised Regression (FullNet),131.54811870554366,142.50569775982234,10.957579054278682,0.02550843878979098,574.6124303356562,0.09107426379058657,True
8,7,cube,Inner Approx. (Cube),131.54811870554366,158.95146010027827,27.40334139473461,0.06379296495519085,0.0,0.0,False
8,7,power_energy,Outer Approx. (Power-Energy),131.54811870554366,67.4409833285525,-64.10713537699115,-0.1492367000641703,4015.998491415646,0.6093787866981313,True
8,8,fullnet,Learned Polytope Approx. (FullNet),113.0763109509245,151.7051442689934,38.6288333180689,0.10597062166595693,0.0,0.0,False
8,8,supervised,Supervised Regression (FullNet),113.0763109509245,125.47309307187238,12.39678212094789,0.03400813835606519,573.0433021333878,0.09024048402484337,True
8,8,cube,Inner Approx. (Cube),113.0763109509245,137.00453045718325,23.928219506258756,0.0656423732904103,0.0,0.0,False
8,8,power_energy,Outer Approx. (Power-Energy),113.0763109509245,62.18495172796404,-50.89135922296045,-0.1396104544467317,4217.841216882633,0.7076875336502094,True
8,9,fullnet,Learned Polytope Approx. (FullNet),103.65614786156067,144.78449103205054,41.12834317048987,0.11544897689170747,0.0,0.0,False
8,9,supervised,Supervised Regression (FullNet),103.65614786156067,119.69022588498525,16.034078023424584,0.045008326630924946,309.08880579085974,0.04649047792185855,True
8,9,cube,Inner Approx. (Cube),103.65614786156067,140.4641239391515,36.80797607759084,0.10332152603369,0.0,0.0,False
8,9,power_energy,Outer Approx. (Power-Energy),103.65614786156067,50.29761737462189,-53.358530486938776,-0.14977962344911766,3741.532711360999,0.5993867154221363,True
9,0,fullnet,Learned Polytope Approx. (FullNet),125.03218582747012,184.01370086119545,58.98151503372533,0.13735335072461077,0.0,0.0,False
9,0,supervised,Supervised Regression (FullNet),125.03218582747012,137.55304761481224,12.520861787342128,0.029157988218305637,390.1584591526165,0.06758988345929352,True
9,0,cube,Inner Approx. (Cube),125.03218582747012,147.95325210430534,22.92106627683522,0.05337749044771099,0.0,0.0,False
9,0,power_energy,Outer Approx. (Power-Energy),125.03218582747012,62.27802243697056,-62.754163390499556,-0.1461389150257709,3675.5838317416606,0.5786548880364486,True
9,1,fullnet,Learned Polytope Approx. (FullNet),116.19316853582728,178.09049806185453,61.89732952602725,0.14561295139746352,0.0,0.0,False
9,1,supervised,Supervised Regression (FullNet),116.19316853582728,134.1897456363186,17.996577100491322,0.042336797511638005,390.1584591526165,0.06758988345929352,True
9,1,cube,Inner Approx. (Cube),116.19316853582728,152.8854052585364,36.69223672270911,0.08631818082428651,0.0,0.0,False
9,1,power_energy,Outer Approx. (Power-Energy),116.19316853582728,50.051469904919344,-66.14169863090794,-0.1555977943125688,3703.704852607134,0.5830820394565457,True
9,2,fullnet,Learned Polytope Approx. (FullNet),124.06533851450426,188.70623522881866,64.6408967143144,0.13904883079955646,0.0,0.0,False
9,2,supervised,Supervised Regression (FullNet),124.06533851450426,135.86696336520316,11.8016248506989,0.02538643831438806,390.1584591526165,0.06758988345929352,True
9,2,cube,Inner Approx. (Cube),124.06533851450426,162.92576345296183,38.86042493845757,0.08359253857426571,0.0,0.0,False
9,2,power_energy,Outer Approx. (Power-Energy),124.06533851450426,50.63477146084669,-73.43056705365757,-0.15795626318250733,3325.3125396744995,0.523629536283798,True
9,3,fullnet,Learned Polytope Approx. (FullNet),124.83074044115054,188.81531421488808,63.98457377373754,0.13856162777133,0.0,0.0,False
9,3,supervised,Supervised Regression (FullNet),124.83074044115054,137.89214083965012,13.061400398499586,0.028285081754065487,230.52020447846695,0.03887440909976018,True
9,3,cube,Inner Approx. (Cube),124.83074044115054,161.18060694361282,36.34986650246228,0.07871735911944179,0.0,0.0,False
9,3,power_energy,Outer Approx. (Power-Energy),124.83074044115054,52.0169035716318,-72.81383686951874,-0.15768181556689076,3722.0117202698066,0.5712595547474436,True
9,4,fullnet,Learned Polytope Approx. (FullNet),129.78496550890515,181.83545188769403,52.05048637878889,0.11627893205687191,0.0,0.0,False
9,4,supervised,Supervised Regression (FullNet),129.78496550890515,141.48163137107244,11.696665862167293,0.026129934794098846,399.19504958649554,0.07046995341511705,True
9,4,cube,Inner Approx. (Cube),129.78496550890515,151.5488362864009,21.763870777495754,0.048619711889229277,0.0,0.0,False
9,4,power_energy,Outer Approx. (Power-Energy),129.78496550890515,65.46362041624882,-64.32134509265633,-0.14369159322367936,3584.2356767719325,0.5479500298448791,True
9,5,fullnet,Learned Polytope Approx. (FullNet),104.93942745994173,149.5195452145268,44.580117754585075,0.12199405218743871,0.0,0.0,False
9,5,supervised,Supervised Regression (FullNet),104.93942745994173,116.20201337479436,11.262585914852636,0.03082020782057561,439.56075348024103,0.0770677248634945,True
9,5,cube,Inner Approx. (Cube),104.93942745994173,128.9943660786923,24.054938618750583,0.06582664167412777,0.0,0.0,False
9,5,power_energy,Outer Approx. (Power-Energy),104.93942745994173,48.956958542805594,-55.98246891713613,-0.15319672936387324,3867.6033604267977,0.594136015319624,True
9,6,fullnet,Learned Polytope Approx. (FullNet),129.15330294374758,182.3753911968083,53.22208825306072,0.11781239248172777,0.0,0.0,False
9,6,supervised,Supervised Regression (FullNet),129.15330294374758,138.97284704719337,9.819544103445793,0.02173653875447591,444.0564533115225,0.07794359160028932,True
9,6,cube,Inner Approx. (Cube),129.15330294374758,154.0329565055459,24.879653561798335,0.05507359080491241,0.0,0.0,False
9,6,power_energy,Outer Approx. (Power-Energy),129.15330294374758,61.40582694830269,-67.74747599544489,-0.14996578476348643,3544.344280089966,0.5418515212718814,True
9,7,fullnet,Learned Polytope Approx. (FullNet),113.44611021114896,161.95712233840916,48.5110121272602,0.12060022262653614,0.0,0.0,False
9,7,supervised,Supervised Regression (FullNet),113.44611021114896,127.98581450791288,14.539704296763915,0.03614625830757256,399.20071698480035,0.07047124861972144,True
9,7,cube,Inner Approx. (Cube),113.44611021114896,136.88889839598323,23.44278818483427,0.058279663732042165,0.0,0.0,False
9,7,power_energy,Outer Approx. (Power-Energy),113.44611021114896,54.97229871338918,-58.47381149775978,-0.14536812107635194,3925.73433027352,0.5793467053901393,True
9,8,fullnet,Learned Polytope Approx. (FullNet),98.45658599063509,143.63451343296458,45.17792744232949,0.1323716530765396,0.0,0.0,False
9,8,supervised,Supervised Regression (FullNet),98.45658599063509,113.9858550603682,15.529269069733104,0.045500870318918585,390.1584591526165,0.06758988345929352,True
9,8,cube,Inner Approx. (Cube),98.45658599063509,117.97162199505259,19.515036004417496,0.05717919616942335,0.0,0.0,False
9,8,power_energy,Outer Approx. (Power-Energy),98.45658599063509,52.02251428901915,-46.43407170161594,-0.13605216481131563,3914.670114877276,0.7333686658184132,True
9,9,fullnet,Learned Polytope Approx. (FullNet),89.88622744506046,137.7699693717656,47.88374192670514,0.14398490319854404,0.0,0.0,False
9,9,supervised,Supervised Regression (FullNet),89.88622744506046,107.81351169633257,17.927284251272113,0.05390677887044183,230.52020447846695,0.03887440909976018,True
9,9,cube,Inner Approx. (Cube),89.88622744506046,120.10402215116551,30.217794706105053,0.09086395654483047,0.0,0.0,False
9,9,power_energy,Outer Approx. (Power-Energy),89.88622744506046,41.377592542929285,-48.50863490213117,-0.14586393668581601,3621.7908742138557,0.6364495743282147,True
10,0,fullnet,Learned Polytope Approx. (FullNet),126.7560654267313,183.8085816059711,57.05251617923982,0.11842576031303655,0.0,0.0,False
10,0,supervised,Supervised Regression (FullNet),126.7560654267313,136.3413175771955,9.5852521504642,0.019896419119266553,601.1742982846613,0.103227876805793,True
10,0,cube,Inner Approx. (Cube),126.7560654267313,155.96970793153707,29.213642504805776,0.06063970630630585,0.0,0.0,False
10,0,power_energy,Outer Approx. (Power-Energy),126.7560654267313,71.6569219541789,-55.0991434725524,-0.11437108116028136,3531.645201501548,0.5395962445273449,True
10,1,fullnet,Learned Polytope Approx. (FullNet),115.0723051588099,172.43720134507527,57.36489618626537,0.12002018018424819,0.0,0.0,False
10,1,supervised,Supervised Regression (FullNet),115.0723051588099,131.48415816616472,16.41185300735482,0.034337263484349,453.74393146057514,0.07666224396772049,True
10,1,cube,Inner Approx. (Cube),115.0723051588099,160.6875301215678,45.61522496275789,0.09543724268930191,0.0,0.0,False
10,1,power_energy,Outer Approx. (Power-Energy),115.0723051588099,58.63999459617809,-56.432310562631805,-0.11806900268673641,3434.8835821857124,0.5322478527921632,True
10,2,fullnet,Learned Polytope Approx. (FullNet),125.42828596349807,185.79955967092656,60.371273707428486,0.11512885191224721,0.0,0.0,False
10,2,supervised,Supervised Regression (FullNet),125.42828596349807,137.7412217348831,12.312935771385042,0.023480938399588085,453.74393146057514,0.07666224396772049,True
10,2,cube,Inner Approx. (Cube),125.42828596349807,175.70685734025787,50.2785713767598,0.09588192931702338,0.0,0.0,False
10,2,power_energy,Outer Approx. (Power-Energy),125.42828596349807,60.211200476130855,-65.21708548736721,-0.12436988183503551,3281.7489411326424,0.5087476983810443,True
10,3,fullnet,Learned Polytope Approx. (FullNet),126.54844340237217,188.34792899766046,61.79948559528829,0.11879413085602179,0.0,0.0,False
10,3,supervised,Supervised Regression (FullNet),126.54844340237217,136.64040027933635,10.091956876964176,0.019399275484047317,453.74393146057514,0.07666224396772049,True
10,3,cube,Inner Approx. (Cube),126.54844340237217,172.57193149016427,46.0234880877921,0.0884687018619549,0.0,0.0,False
10,3,power_energy,Outer Approx. (Power-Energy),126.54844340237217,61.575526491184895,-64.97291691118727,-0.12489426278061896,3667.520876812941,0.5308954734886256,True
10,4,fullnet,Learned Polytope Approx. (FullNet),134.00095113340973,187.23993497149263,53.2389838380829,0.10597815223310032,0.0,0.0,False
10,4,supervised,Supervised Regression (FullNet),134.00095113340973,137.33808768597117,3.3371365525614465,0.00664294357431026,711.8995232325332,0.12514538350068435,True
10,4,cube,Inner Approx. (Cube),134.00095113340973,159.98849283031885,25.98754169690912,0.05173110851430275,0.0,0.0,False
10,4,power_energy,Outer Approx. (Power-Energy),134.00095113340973,76.42378948375307,-57.57716164965666,-0.11461378040225317,3290.776571822296,0.49634453706361287,True
10,5,fullnet,Learned Polytope Approx. (FullNet),108.09240065160927,152.7821945913998,44.68979393979052,0.10892008609179925,0.0,0.0,False
10,5,supervised,Supervised Regression (FullNet),108.09240065160927,112.95231513389537,4.859914482286101,0.011844814154268739,711.8995232325332,0.12514538350068435,True
10,5,cube,Inner Approx. (Cube),108.09240065160927,134.27470516088172,26.182304509272456,0.06381275476619544,0.0,0.0,False
10,5,power_energy,Outer Approx. (Power-Energy),108.09240065160927,57.82314384108834,-50.26925681052093,-0.12251861771726867,3322.778828830952,0.5025225817154219,True
10,6,fullnet,Learned Polytope Approx. (FullNet),133.68196843315664,189.54365667949543,55.86168824633879,0.10999927996377849,0.0,0.0,False
10,6,supervised,Supervised Regression (FullNet),133.68196843315664,135.4818289974579,1.7998605643012695,0.0035441708319890537,711.8995232325332,0.12514538350068435,True
10,6,cube,Inner Approx. (Cube),133.68196843315664,163.79386970240506,30.11190126924842,0.059294438853175965,0.0,0.0,False
10,6,power_energy,Outer Approx. (Power-Energy),133.68196843315664,72.70439649863876,-60.97757193451788,-0.12007315241096546,3311.0950994535997,0.4994091602523543,True
10,7,fullnet,Learned Polytope Approx. (FullNet),116.24126285147483,166.7891946952959,50.54793184382106,0.11200659835563921,0.0,0.0,False
10,7,supervised,Supervised Regression (FullNet),116.24126285147483,123.71018058460722,7.468917733132386,0.016549995977501737,777.9963623605678,0.13806180754925332,True
10,7,cube,Inner Approx. (Cube),116.24126285147483,144.71223743532263,28.470974583847806,0.06308738851788388,0.0,0.0,False
10,7,power_energy,Outer Approx. (Power-Energy),116.24126285147483,64.31979295212683,-51.921469899348,-0.1150501516663252,3657.7645011681534,0.5352205382706208,True
10,8,fullnet,Learned Polytope Approx. (FullNet),99.49805007462409,142.91440579078431,43.416355716160226,0.1136851696508394,0.0,0.0,False
10,8,supervised,Supervised Regression (FullNet),99.49805007462409,110.55143720445805,11.053387129833965,0.028943152191003702,601.1742982846613,0.103227876805793,True
10,8,cube,Inner Approx. (Cube),99.49805007462409,122.55345912510987,23.05540905048578,0.060370292394172,0.0,0.0,False
10,8,power_energy,Outer Approx. (Power-Energy),99.49805007462409,58.97951963887512,-40.51853043574897,-0.10609725138391257,3639.36366655837,0.6412227936988655,True
10,9,fullnet,Learned Polytope Approx. (FullNet),89.05494354802174,133.60156500613851,44.546621458116775,0.11936616777924028,0.0,0.0,False
10,9,supervised,Supervised Regression (FullNet),89.05494354802174,103.79786353030893,14.74291998228719,0.03950481097239206,453.74393146057514,0.07666224396772049,True
10,9,cube,Inner Approx. (Cube),89.05494354802174,124.71704430603981,35.66210075801807,0.09555939739322526,0.0,0.0,False
10,9,power_energy,Outer Approx. (Power-Energy),89.05494354802174,47.65620780776672,-41.39873574025502,-0.11093116098301341,3506.13577300177,0.5356986865810749,True
11,0,fullnet,Learned Polytope Approx. (FullNet),117.9989701036865,178.21340777106934,60.21443766738284,0.12362776817389665,0.0,0.0,False
11,0,supervised,Supervised Regression (FullNet),117.9989701036865,123.37387966017165,5.37490955648515,0.011035361257965379,661.9420654916181,0.1250017276254403,True
11,0,cube,Inner Approx. (Cube),117.9989701036865,147.14412643605723,29.145156332370732,0.05983864950053451,0.0,0.0,False
11,0,power_energy,Outer Approx. (Power-Energy),117.9989701036865,62.665926743142585,-55.33304336054392,-0.11360565541972982,3584.7829323294923,0.5629049882284205,True
11,1,fullnet,Learned Polytope Approx. (FullNet),106.61890708741723,167.00395193707558,60.38504484965836,0.12493739619384446,0.0,0.0,False
11,1,supervised,Supervised Regression (FullNet),106.61890708741723,117.70422823902365,11.085321151606422,0.02293566501610525,473.7665202688082,0.0861182508542125,True
11,1,cube,Inner Approx. (Cube),106.61890708741723,151.67804726225177,45.05914017483454,0.09322791201353438,0.0,0.0,False
11,1,power_energy,Outer Approx. (Power-Energy),106.61890708741723,50.379145868211396,-56.23976121920583,-0.11636075367311549,3182.103197798107,0.507364125824362,True
11,2,fullnet,Learned Polytope Approx. (FullNet),115.8078732973489,179.82249660236664,64.01462330501774,0.12060678947947655,0.0,0.0,False
11,2,supervised,Supervised Regression (FullNet),115.8078732973489,126.21773722626087,10.40986392891196,0.019612710386532416,661.9420654916181,0.1250017276254403,True
11,2,cube,Inner Approx. (Cube),115.8078732973489,165.88123438261073,50.07336108526182,0.09434074602242655,0.0,0.0,False
11,2,power_energy,Outer Approx. (Power-Energy),115.8078732973489,50.25444641015778,-65.55342688719112,-0.12350597329254294,3394.55078876828,0.5234109033872362,True
11,3,fullnet,Learned Polytope Approx. (FullNet),117.03445298740192,182.26955623804116,65.23510325063924,0.12392889413553977,0.0,0.0,False
11,3,supervised,Supervised Regression (FullNet),117.03445298740192,124.58661895678502,7.552165969383097,0.014347054427395771,473.7665202688082,0.0861182508542125,True
11,3,cube,Inner Approx. (Cube),117.03445298740192,162.56074441948573,45.52629143208381,0.08648753002801693,0.0,0.0,False
11,3,power_energy,Outer Approx. (Power-Energy),117.03445298740192,51.55219483847457,-65.48225814892734,-0.12439842099606063,3670.471498188448,0.5216819296253906,True
11,4,fullnet,Learned Polytope Approx. (FullNet),124.41895091005719,181.64019182832243,57.22124091826524,0.11271774101722311,0.0,0.0,False
11,4,supervised,Supervised Regression (FullNet),124.41895091005719,123.07772889578544,-1.3412220142717501,-0.0026420174261377193,633.8377973952367,0.12056769765471875,True
11,4,cube,Inner Approx. (Cube),124.41895091005719,150.97325758904404,26.554306678986848,0.0523082235739934,0.0,0.0,False
11,4,power_energy,Outer Approx. (Power-Energy),124.41895091005719,66.32471461325304,-58.094236296804155,-0.11443741828056558,3429.4641155946256,0.5303570831981449,True
11,5,fullnet,Learned Polytope Approx. (FullNet),100.36943260413852,148.86749891318814,48.49806630904962,0.11699571063938835,0.0,0.0,False
11,5,supervised,Supervised Regression (FullNet),100.36943260413852,99.41181087756416,-0.9576217265743594,-0.0023101464233715083,754.7285363709411,0.1365346107906951,True
11,5,cube,Inner Approx. (Cube),100.36943260413852,126.51473684022996,26.145304236091434,0.06307237961802505,0.0,0.0,False
11,5,power_energy,Outer Approx. (Power-Energy),100.36943260413852,49.77977562669296,-50.589656977445564,-0.12204141978284827,3438.155346390388,0.5328211100036921,True
11,6,fullnet,Learned Polytope Approx. (FullNet),123.86342672244507,183.53667597806324,59.673249255618174,0.11626205217350041,0.0,0.0,False
11,6,supervised,Supervised Regression (FullNet),123.86342672244507,121.54500692257317,-2.3184197998719043,-0.0045170029635583555,655.6751272404879,0.1238304236117454,True
11,6,cube,Inner Approx. (Cube),123.86342672244507,154.3085686237465,30.44514190130144,0.0593166070276537,0.0,0.0,False
11,6,power_energy,Outer Approx. (Power-Energy),123.86342672244507,62.45849945035047,-61.404927272094596,-0.11963589962458974,3437.4667008691877,0.5273165469714612,True
11,7,fullnet,Learned Polytope Approx. (FullNet),107.8423171755805,161.54673242148857,53.704415245908066,0.117788753701755,0.0,0.0,False
11,7,supervised,Supervised Regression (FullNet),107.8423171755805,109.91768087260576,2.075363697025253,0.0045518511323721575,633.8377973952367,0.12056769765471875,True
11,7,cube,Inner Approx. (Cube),107.8423171755805,136.26376445073356,28.421447275153056,0.06233615686180466,0.0,0.0,False
11,7,power_energy,Outer Approx. (Power-Energy),107.8423171755805,55.61395060402768,-52.228366571552826,-0.11455136748389316,3598.0377457695536,0.538591707210097,True
11,8,fullnet,Learned Polytope Approx. (FullNet),92.71638869221535,138.99786647790125,46.28147778568591,0.12004572406006829,0.0,0.0,False
11,8,supervised,Supervised Regression (FullNet),92.71638869221535,99.27934471964028,6.5629560274249314,0.017023112613968557,661.9420654916181,0.1250017276254403,True
11,8,cube,Inner Approx. (Cube),92.71638869221535,116.08773298920492,23.371344296989577,0.06062101044787719,0.0,0.0,False
11,8,power_energy,Outer Approx. (Power-Energy),92.71638869221535,51.96898708183283,-40.74740161038252,-0.10569133839104934,3837.9942810114276,0.6485475526502897,True
11,9,fullnet,Learned Polytope Approx. (FullNet),82.65522496584725,129.25187756540453,46.596652599557274,0.12360953788362153,0.0,0.0,False
11,9,supervised,Supervised Regression (FullNet),82.65522496584725,93.06153208404325,10.406307118195997,0.027605390992559625,473.7665202688082,0.0861182508542125,True
11,9,cube,Inner Approx. (Cube),82.65522496584725,118.02742801041876,35.372203044571506,0.0938338148415978,0.0,0.0,False
11,9,power_energy,Outer Approx. (Power-Energy),82.65522496584725,41.233978874813126,-41.42124609103413,-0.10988044853516238,3325.205313218454,0.5221444904832728,True
12,0,fullnet,Learned Polytope Approx. (FullNet),111.98296876328729,160.2850989330902,48.30213016980292,0.11180211768147645,0.0,0.0,False
12,0,supervised,Supervised Regression (FullNet),111.98296876328729,119.80805973125949,7.825090967972201,0.018112280725383505,869.4938808171246,0.17739531685484683,True
12,0,cube,Inner Approx. (Cube),111.98296876328729,136.82978324629053,24.846814483003243,0.05751146930938504,0.0,0.0,False
12,0,power_energy,Outer Approx. (Power-Energy),111.98296876328729,50.06257157088916,-61.92039719239813,-0.14332352443777338,3586.807578856317,0.597869306969614,True
12,1,fullnet,Learned Polytope Approx. (FullNet),101.88765282227007,152.66579517359742,50.77814235132735,0.118920570474209,0.0,0.0,False
12,1,supervised,Supervised Regression (FullNet),101.88765282227007,116.2109568680493,14.323304045779224,0.033544659361787105,701.0875861310852,0.13726971155861206,True
12,1,cube,Inner Approx. (Cube),101.88765282227007,141.0356448913133,39.14799206904323,0.09168317969490931,0.0,0.0,False
12,1,power_energy,Outer Approx. (Power-Energy),101.88765282227007,39.15333070360555,-62.73432211866452,-0.1469215105004596,3324.36370655585,0.5640556839302581,True
12,2,fullnet,Learned Polytope Approx. (FullNet),109.91084481725596,162.6974370121123,52.786592194856325,0.11283175517623334,0.0,0.0,False
12,2,supervised,Supervised Regression (FullNet),109.91084481725596,117.83934787371989,7.928503056463924,0.01694723751968452,701.0875861310852,0.13726971155861206,True
12,2,cube,Inner Approx. (Cube),109.91084481725596,153.2324829698916,43.32163815263564,0.09260034161379072,0.0,0.0,False
12,2,power_energy,Outer Approx. (Power-Energy),109.91084481725596,37.34959467912941,-72.56125013812655,-0.1551002417554113,3588.756249605946,0.5651661453646512,True
12,3,fullnet,Learned Polytope Approx. (FullNet),110.91861368028361,162.55448575209238,51.63587207180876,0.11109754416357905,0.0,0.0,False
12,3,supervised,Supervised Regression (FullNet),110.91861368028361,118.18872375413196,7.270110073848343,0.01564205933968173,505.32650228081127,0.09455559601858508,True
12,3,cube,Inner Approx. (Cube),110.91861368028361,150.62346852706037,39.704854846776755,0.08542727541647499,0.0,0.0,False
12,3,power_energy,Outer Approx. (Power-Energy),110.91861368028361,38.21807147516445,-72.70054220511916,-0.15641939168020802,3798.1746571480066,0.5612619800926443,True
12,4,fullnet,Learned Polytope Approx. (FullNet),116.99725768987088,155.67549541254198,38.6782377226711,0.08575142427904452,0.0,0.0,False
12,4,supervised,Supervised Regression (FullNet),116.99725768987088,119.58949988128111,2.592242191410236,0.005747119648612267,878.1951716533929,0.17894257410990325,True
12,4,cube,Inner Approx. (Cube),116.99725768987088,140.43182607685782,23.43456838698694,0.05195551128667148,0.0,0.0,False
12,4,power_energy,Outer Approx. (Power-Energy),116.99725768987088,51.67433367006966,-65.32292401980122,-0.1448239139780261,3659.6102406054697,0.5874204811124181,True
12,5,fullnet,Learned Polytope Approx. (FullNet),94.46936480759447,127.0819325331874,32.612567725592925,0.08862081308184111,0.0,0.0,False
12,5,supervised,Supervised Regression (FullNet),94.46936480759447,98.85638026107348,4.387015453479009,0.011921197979906787,869.4938808171246,0.17739531685484683,True
12,5,cube,Inner Approx. (Cube),94.46936480759447,118.34952997846736,23.880165170872885,0.06489153726802856,0.0,0.0,False
12,5,power_energy,Outer Approx. (Power-Energy),94.46936480759447,37.95860559119788,-56.51075921639659,-0.1535613347519131,3658.0641533779467,0.6030351634474543,True
12,6,fullnet,Learned Polytope Approx. (FullNet),116.37864726826672,155.6740259498739,39.29537868160719,0.0862987665720444,0.0,0.0,False
12,6,supervised,Supervised Regression (FullNet),116.37864726826672,116.9582879888797,0.5796407206129857,0.0012729812238008883,886.0369271906618,0.18082339306130543,True
12,6,cube,Inner Approx. (Cube),116.37864726826672,143.051794376546,26.673147108279295,0.05857838181660321,0.0,0.0,False
12,6,power_energy,Outer Approx. (Power-Energy),116.37864726826672,47.6043345037314,-68.77431276453532,-0.15103909321014994,3668.863269471511,0.5772313232288375,True
12,7,fullnet,Learned Polytope Approx. (FullNet),101.72568505998694,138.19398646538446,36.46830140539751,0.09002248585033233,0.0,0.0,False
12,7,supervised,Supervised Regression (FullNet),101.72568505998694,108.38515948516034,6.6594744251734,0.016439000970911485,886.0369271906618,0.18082339306130543,True
12,7,cube,Inner Approx. (Cube),101.72568505998694,126.72696718802575,25.00128212803881,0.06171599662929262,0.0,0.0,False
12,7,power_energy,Outer Approx. (Power-Energy),101.72568505998694,43.25314215209112,-58.47254290789582,-0.14434024793323452,3713.7628109560333,0.584514648262351,True
12,8,fullnet,Learned Polytope Approx. (FullNet),88.09186568660871,124.40535671150556,36.31349102489685,0.10591782673532894,0.0,0.0,False
12,8,supervised,Supervised Regression (FullNet),88.09186568660871,98.69592201637009,10.604056329761377,0.03092951322849368,869.4938808171246,0.17739531685484683,True
12,8,cube,Inner Approx. (Cube),88.09186568660871,108.70878187801982,20.616916191411107,0.060134646803346896,0.0,0.0,False
12,8,power_energy,Outer Approx. (Power-Energy),88.09186568660871,42.29168840405087,-45.80017728255784,-0.13358823690444369,3691.455854065554,0.7039971168166815,True
12,9,fullnet,Learned Polytope Approx. (FullNet),79.0249813864047,117.7176287864673,38.6926474000626,0.11598840080974641,0.0,0.0,False
12,9,supervised,Supervised Regression (FullNet),79.0249813864047,92.35386915359938,13.328887767194672,0.039955817980214,505.32650228081127,0.09455559601858508,True
12,9,cube,Inner Approx. (Cube),79.0249813864047,110.34055793062643,31.315576544221727,0.09387426004335922,0.0,0.0,False
12,9,power_energy,Outer Approx. (Power-Energy),79.0249813864047,32.75594410755619,-46.269037278848515,-0.13870003738672837,3454.8265837403114,0.5758699706940041,True
13,0,fullnet,Learned Polytope Approx. (FullNet),138.59020463384337,189.07370718590101,50.483502552057644,0.11084553643998837,0.0,0.0,False
13,0,supervised,Supervised Regression (FullNet),138.59020463384337,156.56902468635053,17.97882005250716,0.039475706964332835,256.39145008000435,0.03879777849653566,True
13,0,cube,Inner Approx. (Cube),138.59020463384337,165.9856837202205,27.395479086377122,0.06015166186673757,0.0,0.0,False
13,0,power_energy,Outer Approx. (Power-Energy),138.59020463384337,74.7016859337612,-63.88851870008217,-0.14027864093550685,3718.909945519651,0.5734940786058472,True
13,1,fullnet,Learned Polytope Approx. (FullNet),128.42418527317324,180.78945721048092,52.36527193730768,0.11585394078262896,0.0,0.0,False
13,1,supervised,Supervised Regression (FullNet),128.42418527317324,152.61955202873085,24.195366755557615,0.053530297535135496,256.39145008000435,0.03879777849653566,True
13,1,cube,Inner Approx. (Cube),128.42418527317324,171.69693625462855,43.27275098145532,0.09573747150036722,0.0,0.0,False
13,1,power_energy,Outer Approx. (Power-Energy),128.42418527317324,61.41383592078613,-67.01034935238711,-0.14825499340458279,3733.6537967111676,0.5601309057824396,True
13,2,fullnet,Learned Polytope Approx. (FullNet),139.08052621968906,192.34898988353757,53.26846366384851,0.10771065295527846,0.0,0.0,False
13,2,supervised,Supervised Regression (FullNet),139.08052621968906,156.73955094210532,17.659024722416262,0.03570715114683751,256.39145008000435,0.03879777849653566,True
13,2,cube,Inner Approx. (Cube),139.08052621968906,184.45647480091117,45.375948581222104,0.09175171788304334,0.0,0.0,False
13,2,power_energy,Outer Approx. (Power-Energy),139.08052621968906,63.98576361772878,-75.09476260196028,-0.1518441749028358,3385.5282793327287,0.507904354529367,True
13,3,fullnet,Learned Polytope Approx. (FullNet),140.10826893098437,194.67789052228352,54.56962159129915,0.11116127992111526,0.0,0.0,False
13,3,supervised,Supervised Regression (FullNet),140.10826893098437,158.53390991906048,18.42564098807611,0.03753403039774938,256.39145008000435,0.03879777849653566,True
13,3,cube,Inner Approx. (Cube),140.10826893098437,182.09557797681254,41.98730904582817,0.08553042659767805,0.0,0.0,False
13,3,power_energy,Outer Approx. (Power-Energy),140.10826893098437,65.8286694265776,-74.27959950440676,-0.15131157431837924,3697.240780011708,0.554786500549065,True
13,4,fullnet,Learned Polytope Approx. (FullNet),145.01427271414622,189.97883559969054,44.964562885544325,0.09482112651117751,0.0,0.0,False
13,4,supervised,Supervised Regression (FullNet),145.01427271414622,161.8672269023321,16.85295418818589,0.0355394559318356,351.97475787257315,0.05435449064154929,True
13,4,cube,Inner Approx. (Cube),145.01427271414622,169.66143099651669,24.64715828237047,0.05197584861622246,0.0,0.0,False
13,4,power_energy,Outer Approx. (Power-Energy),145.01427271414622,79.24272422138013,-65.77154849276609,-0.13869883126282107,3595.0479984640583,0.5247196122775301,True
13,5,fullnet,Learned Polytope Approx. (FullNet),117.27446175111831,155.46563669925558,38.191174948137274,0.09852475831577683,0.0,0.0,False
13,5,supervised,Supervised Regression (FullNet),117.27446175111831,132.71059122675982,15.436129475641508,0.0398217894051148,351.97475787257315,0.05435449064154929,True
13,5,cube,Inner Approx. (Cube),117.27446175111831,143.91217967472215,26.637717923603844,0.06871940242924919,0.0,0.0,False
13,5,power_energy,Outer Approx. (Power-Energy),117.27446175111831,60.14738086848967,-57.12708088262864,-0.14737519452831974,3947.75668950229,0.5823807242601773,True
13,6,fullnet,Learned Polytope Approx. (FullNet),144.84708036552053,191.2423562571044,46.39527589158388,0.0968783375974213,0.0,0.0,False
13,6,supervised,Supervised Regression (FullNet),144.84708036552053,159.6648340056633,14.817753640142769,0.030941066994400034,360.2586877510383,0.05573811551402968,True
13,6,cube,Inner Approx. (Cube),144.84708036552053,172.79367425066613,27.946593885145603,0.05835550075033162,0.0,0.0,False
13,6,power_energy,Outer Approx. (Power-Energy),144.84708036552053,75.41141446155962,-69.43566590396091,-0.14498915575941057,3555.2548858509545,0.5189115600260482,True
13,7,fullnet,Learned Polytope Approx. (FullNet),126.54395690398489,169.38643224283598,42.84247533885109,0.10050750233476638,0.0,0.0,False
13,7,supervised,Supervised Regression (FullNet),126.54395690398489,146.22342413104465,19.67946722705976,0.046167596121062734,304.28159912543606,0.047231901569358546,True
13,7,cube,Inner Approx. (Cube),126.54395690398489,153.12092652139307,26.57696961740818,0.062348984617383724,0.0,0.0,False
13,7,power_energy,Outer Approx. (Power-Energy),126.54395690398489,66.89032956668376,-59.65362733730113,-0.13994609418480586,3880.200921697172,0.564959472174938,True
13,8,fullnet,Learned Polytope Approx. (FullNet),108.53174641519263,147.3313197708714,38.799573355678774,0.10716179802841101,0.0,0.0,False
13,8,supervised,Supervised Regression (FullNet),108.53174641519263,128.679325403317,20.147578988124366,0.05564625081040584,324.814293145143,0.04991719027037396,True
13,8,cube,Inner Approx. (Cube),108.53174641519263,131.45312648949624,22.921380074303613,0.06330730184937615,0.0,0.0,False
13,8,power_energy,Outer Approx. (Power-Energy),108.53174641519263,61.467970335569426,-47.0637760796232,-0.12998696713660582,3847.984142767653,0.6694744098567107,True
13,9,fullnet,Learned Polytope Approx. (FullNet),98.94870930659124,139.8787718385211,40.93006253192985,0.11569817705658768,0.0,0.0,False
13,9,supervised,Supervised Regression (FullNet),98.94870930659124,122.23689179369629,23.288182487105047,0.06582937073739582,244.09012567346326,0.03670880388189437,True
13,9,cube,Inner Approx. (Cube),98.94870930659124,134.05212662875604,35.1034173221648,0.09922783258546894,0.0,0.0,False
13,9,power_energy,Outer Approx. (Power-Energy),98.94870930659124,49.96174198720951,-48.98696731938173,-0.13847285999042108,3562.152619322037,0.5944845537566241,True
14,0,fullnet,Learned Polytope Approx. (FullNet),116.4177106366634,168.0906572615073,51.67294662484389,0.122340509683171,0.0,0.0,False
14,0,supervised,Supervised Regression (FullNet),116.4177106366634,118.29991591740867,1.8822052807452678,0.004456296155250034,727.258674487453,0.1439596837499083,True
14,0,cube,Inner Approx. (Cube),116.4177106366634,141.14770931882921,24.729998682165814,0.058550573188827774,0.0,0.0,False
14,0,power_energy,Outer Approx. (Power-Energy),116.4177106366634,59.093179690724895,-57.324530945938506,-0.13572116148497296,3446.9487734339746,0.5771875027204605,True
14,1,fullnet,Learned Polytope Approx. (FullNet),106.71689821951591,160.20315512159476,53.48625690207885,0.12801063962213766,0.0,0.0,False
14,1,supervised,Supervised Regression (FullNet),106.71689821951591,113.63598372302587,6.919085503509962,0.01655970359874156,606.8307302425164,0.11770135495471515,True
14,1,cube,Inner Approx. (Cube),106.71689821951591,146.0878118169272,39.37091359741129,0.09422786569902315,0.0,0.0,False
14,1,power_energy,Outer Approx. (Power-Energy),106.71689821951591,47.54653047784209,-59.17036774167382,-0.14161463261779253,3470.6609963775854,0.5811580864582452,True
14,2,fullnet,Learned Polytope Approx. (FullNet),115.01679437544652,171.91857704036073,56.90178266491421,0.12456138341726894,0.0,0.0,False
14,2,supervised,Supervised Regression (FullNet),115.01679437544652,117.43974597497785,2.4229515995313307,0.0053039850257064385,606.8307302425164,0.11770135495471515,True
14,2,cube,Inner Approx. (Cube),115.01679437544652,157.7597022155477,42.74290784010117,0.09356676509051967,0.0,0.0,False
14,2,power_energy,Outer Approx. (Power-Energy),115.01679437544652,47.65849386626649,-67.35830050918003,-0.14745132231565464,3258.627366420806,0.5457935329813257,True
14,3,fullnet,Learned Polytope Approx. (FullNet),115.7044337120546,171.72262291597897,56.01818920392438,0.12343404641181309,0.0,0.0,False
14,3,supervised,Supervised Regression (FullNet),115.7044337120546,116.7425142904461,1.0380805783915008,0.0022873728714422953,606.8307302425164,0.11770135495471515,True
14,3,cube,Inner Approx. (Cube),115.7044337120546,155.36089991558453,39.65646620352993,0.08738158372231161,0.0,0.0,False
14,3,power_energy,Outer Approx. (Power-Energy),115.7044337120546,48.540789409077405,-67.16364430297719,-0.1479926521348429,3670.154222838874,0.550753100388162,True
14,4,fullnet,Learned Polytope Approx. (FullNet),121.4283889290027,165.67794788563782,44.24955895663513,0.10046480975110729,0.0,0.0,False
14,4,supervised,Supervised Regression (FullNet),121.4283889290027,116.9258327575502,-4.502556171452497,-0.010222665712938601,875.8465040667775,0.18171632542994343,True
14,4,cube,Inner Approx. (Cube),121.4283889290027,144.15221319621347,22.723824267210773,0.051592484437194656,0.0,0.0,False
14,4,power_energy,Outer Approx. (Power-Energy),121.4283889290027,61.753034507286415,-59.67535442171628,-0.1354877488085934,3367.9105628939255,0.5464919480506459,True
14,5,fullnet,Learned Polytope Approx. (FullNet),97.98995070297826,135.1216648698673,37.131714166889026,0.10331016706813856,0.0,0.0,False
14,5,supervised,Supervised Regression (FullNet),97.98995070297826,96.88571904352122,-1.1042316594570423,-0.003072262075155165,811.3666988356774,0.16415040729702923,True
14,5,cube,Inner Approx. (Cube),97.98995070297826,122.03650329226379,24.046552589285525,0.06690381581217487,0.0,0.0,False
14,5,power_energy,Outer Approx. (Power-Energy),97.98995070297826,45.90527449990215,-52.084676203076114,-0.1449132290538828,3374.5199694185603,0.5492680323839402,True
14,6,fullnet,Learned Polytope Approx. (FullNet),120.90260304184788,166.08094729291514,45.17834425106726,0.1016659282305361,0.0,0.0,False
14,6,supervised,Supervised Regression (FullNet),120.90260304184788,114.81758345623632,-6.085019585611562,-0.013693267753113315,875.8465040667775,0.18171632542994343,True
14,6,cube,Inner Approx. (Cube),120.90260304184788,146.9177711196936,26.01516807784573,0.0585425662350412,0.0,0.0,False
14,6,power_energy,Outer Approx. (Power-Energy),120.90260304184788,57.8311854562276,-63.07141758562028,-0.14193114687921232,3360.861943225386,0.5453482080902776,True
14,7,fullnet,Learned Polytope Approx. (FullNet),105.8361593958142,147.59142070002264,41.75526130420843,0.10551710738961798,0.0,0.0,False
14,7,supervised,Supervised Regression (FullNet),105.8361593958142,104.68986817906345,-1.146291216750754,-0.0028967207877459624,875.8465040667775,0.18171632542994343,True
14,7,cube,Inner Approx. (Cube),105.8361593958142,130.17712261604976,24.34096322023555,0.06151052465854101,0.0,0.0,False
14,7,power_energy,Outer Approx. (Power-Energy),105.8361593958142,52.004124950854965,-53.83203444495924,-0.13603556491114285,3663.255364934202,0.5740315778805511,True
14,8,fullnet,Learned Polytope Approx. (FullNet),91.55317090980566,130.35778696247246,38.8046160526668,0.1155704484110651,0.0,0.0,False
14,8,supervised,Supervised Regression (FullNet),91.55317090980566,96.60456618203301,5.051395272227353,0.015044396159480337,811.3666988356774,0.16415040729702923,True
14,8,cube,Inner Approx. (Cube),91.55317090980566,112.08261586828618,20.529444958480525,0.06114213722052328,0.0,0.0,False
14,8,power_energy,Outer Approx. (Power-Energy),91.55317090980566,49.32434266319011,-42.22882824661555,-0.12576866138068157,3477.9482338562766,0.6926976488033947,True
14,9,fullnet,Learned Polytope Approx. (FullNet),82.71314439325994,123.95855938511818,41.24541499185824,0.1261849805981779,0.0,0.0,False
14,9,supervised,Supervised Regression (FullNet),82.71314439325994,90.26596801985245,7.552823626592513,0.023106881164152833,606.8307302425164,0.11770135495471515,True
14,9,cube,Inner Approx. (Cube),82.71314439325994,114.22654789100282,31.513403497742885,0.09641115769425994,0.0,0.0,False
14,9,power_energy,Outer Approx. (Power-Energy),82.71314439325994,39.27913531629921,-43.43400907696073,-0.1328806994367557,3433.4541758272617,0.5891119163834119,True
15,0,fullnet,Learned Polytope Approx. (FullNet),138.8995654729396,198.40764406724645,59.50807859430685,0.12492516465273427,0.0,0.0,False
15,0,supervised,Supervised Regression (FullNet),138.8995654729396,150.0427920295023,11.143226556562695,0.023392948406747844,555.6595683375103,0.08861796888198499,True
15,0,cube,Inner Approx. (Cube),138.8995654729396,165.3781166015936,26.478551128654004,0.055586357981139825,0.0,0.0,False
15,0,power_energy,Outer Approx. (Power-Energy),138.8995654729396,73.17833544987263,-65.72123002306697,-0.13796841833500803,4069.4950475687033,0.5811238955812214,True
15,1,fullnet,Learned Polytope Approx. (FullNet),128.76429523538553,189.81918893965369,61.05489370426815,0.12938065046792577,0.0,0.0,False
15,1,supervised,Supervised Regression (FullNet),128.76429523538553,146.72345837117317,17.959163135787634,0.03805703470097703,555.5518774959143,0.08857074067699801,True
15,1,cube,Inner Approx. (Cube),128.76429523538553,170.8164371583407,42.05214192295517,0.08911216031125653,0.0,0.0,False
15,1,power_energy,Outer Approx. (Power-Energy),128.76429523538553,59.39796492729697,-69.36633030808856,-0.1469933103037423,4069.9285850141587,0.5811858047287295,True
15,2,fullnet,Learned Polytope Approx. (FullNet),138.8407092145098,202.13170343899662,63.29099422448684,0.122179306547904,0.0,0.0,False
15,2,supervised,Supervised Regression (FullNet),138.8407092145098,150.4896813291067,11.648972114596916,0.022487612217137073,555.6595683375103,0.08861796888198499,True
15,2,cube,Inner Approx. (Cube),138.8407092145098,183.29575632019868,44.45504710568889,0.08581768851129963,0.0,0.0,False
15,2,power_energy,Outer Approx. (Power-Energy),138.8407092145098,61.241074026690676,-77.5996351878191,-0.14980124315932944,3590.8016449916913,0.5128872887968169,True
15,3,fullnet,Learned Polytope Approx. (FullNet),139.78933367893364,204.3527263857605,64.56339270682685,0.1255801824296117,0.0,0.0,False
15,3,supervised,Supervised Regression (FullNet),139.78933367893364,152.41185590158403,12.622522222650389,0.024551662745484145,555.5518774959143,0.08857074067699801,True
15,3,cube,Inner Approx. (Cube),139.78933367893364,181.17036684698792,41.38103316805427,0.0804889191304933,0.0,0.0,False
15,3,power_energy,Outer Approx. (Power-Energy),139.78933367893364,63.13138500815044,-76.65794867078321,-0.14910491495498576,3925.8740850446443,0.5608707929553255,True
15,4,fullnet,Learned Polytope Approx. (FullNet),145.43166258042157,198.30014760552837,52.86848502510679,0.1062649767081862,0.0,0.0,False
15,4,supervised,Supervised Regression (FullNet),145.43166258042157,154.7038381618122,9.272175581390627,0.01863695397594188,681.0904688823281,0.11211330853329997,True
15,4,cube,Inner Approx. (Cube),145.43166258042157,169.57864336301589,24.146980782594312,0.04853512161766775,0.0,0.0,False
15,4,power_energy,Outer Approx. (Power-Energy),145.43166258042157,78.30498951810026,-67.12667306232132,-0.13492375176020463,3850.76141892783,0.5336472637955866,True
15,5,fullnet,Learned Polytope Approx. (FullNet),117.58344195211461,162.0768612527038,44.49341930058918,0.10955704114445289,0.0,0.0,False
15,5,supervised,Supervised Regression (FullNet),117.58344195211461,127.21545397761172,9.632012025497104,0.023717096918358837,555.6595683375103,0.08861796888198499,True
15,5,cube,Inner Approx. (Cube),117.58344195211461,143.61607801404836,26.032636061933744,0.06410068331381481,0.0,0.0,False
15,5,power_energy,Outer Approx. (Power-Energy),117.58344195211461,59.389624456648676,-58.193817495465936,-0.14329180714639117,4237.9912132676345,0.5884998979475182,True
15,6,fullnet,Learned Polytope Approx. (FullNet),145.01749442190308,199.36753214603348,54.3500377241304,0.10806536732317898,0.0,0.0,False
15,6,supervised,Supervised Regression (FullNet),145.01749442190308,152.74727143736712,7.7297770154640375,0.015369284502474602,587.0486541744556,0.09509740367523972,True
15,6,cube,Inner Approx. (Cube),145.01749442190308,172.6632826459146,27.64578822401151,0.05496872466824807,0.0,0.0,False
15,6,power_energy,Outer Approx. (Power-Energy),145.01749442190308,74.22046387075993,-70.79703055114315,-0.14076728245770542,3800.935276915387,0.5267422438637535,True
15,7,fullnet,Learned Polytope Approx. (FullNet),126.72236628357985,176.36799449500424,49.645628211424395,0.11105898782838193,0.0,0.0,False
15,7,supervised,Supervised Regression (FullNet),126.72236628357985,139.47520613856472,12.75283985498487,0.028528543947524212,587.0486541744556,0.09509740367523972,True
15,7,cube,Inner Approx. (Cube),126.72236628357985,153.0524289982166,26.330062714636767,0.0589012611964988,0.0,0.0,False
15,7,power_energy,Outer Approx. (Power-Energy),126.72236628357985,65.61981443380046,-61.10255184977939,-0.13668852236632875,4134.549682588682,0.5750779612579724,True
15,8,fullnet,Learned Polytope Approx. (FullNet),109.14805391542552,154.18576014335616,45.03770622793064,0.1192693747237981,0.0,0.0,False
15,8,supervised,Supervised Regression (FullNet),109.14805391542552,123.5033704948854,14.355316579459881,0.03801591545824648,555.6595683375103,0.08861796888198499,True
15,8,cube,Inner Approx. (Cube),109.14805391542552,130.9556493222216,21.807595406796082,0.05775112647244708,0.0,0.0,False
15,8,power_energy,Outer Approx. (Power-Energy),109.14805391542552,60.71607726624052,-48.431976649185,-0.12825812092542924,4089.1328916531015,0.6846439577859157,True
15,9,fullnet,Learned Polytope Approx. (FullNet),99.43753069108801,147.05684048220135,47.61930979111334,0.1292135211842187,0.0,0.0,False
15,9,supervised,Supervised Regression (FullNet),99.43753069108801,117.60370674542955,18.166176054341534,0.04929335567295348,239.9762404646208,0.0363918705141459,True
15,9,cube,Inner Approx. (Cube),99.43753069108801,133.48576229678216,34.04823160569414,0.0923888211560885,0.0,0.0,False
15,9,power_energy,Outer Approx. (Power-Energy),99.43753069108801,48.74746041745688,-50.690070273631136,-0.137545934577021,3971.279787709098,0.6334329538847023,True
16,0,fullnet,Learned Polytope Approx. (FullNet),133.74572321944436,185.45909493343686,51.7133717139925,0.11528876827641903,0.0,0.0,False
16,0,supervised,Supervised Regression (FullNet),133.74572321944436,139.71661241060752,5.970889191163167,0.013311382289504164,568.4322365220123,0.09653607857889754,True
16,0,cube,Inner Approx. (Cube),133.74572321944436,159.06592702305238,25.320203803608024,0.05644836165722328,0.0,0.0,False
16,0,power_energy,Outer Approx. (Power-Energy),133.74572321944436,64.0531862903888,-69.69253692905556,-0.15537116367207654,4027.176558522883,0.6040187052649573,True
16,1,fullnet,Learned Polytope Approx. (FullNet),124.22308326066127,178.96694444598347,54.7438611853222,0.1232654000234171,0.0,0.0,False
16,1,supervised,Supervised Regression (FullNet),124.22308326066127,136.1877605704506,11.964677309789323,0.026940568363448048,568.4322365220123,0.09653607857889754,True
16,1,cube,Inner Approx. (Cube),124.22308326066127,164.53757814552296,40.31449488486169,0.09077515233903263,0.0,0.0,False
16,1,power_energy,Outer Approx. (Power-Energy),124.22308326066127,51.36063999267749,-72.86244326798378,-0.16406256375864903,4030.2140128156116,0.6044742798300488,True
16,2,fullnet,Learned Polytope Approx. (FullNet),133.90119246255256,189.37652570727215,55.47533324471959,0.11398267978497717,0.0,0.0,False
16,2,supervised,Supervised Regression (FullNet),133.90119246255256,139.742419357109,5.841226894556428,0.012001706988159387,568.4322365220123,0.09653607857889754,True
16,2,cube,Inner Approx. (Cube),133.90119246255256,176.405660739364,42.50446827681145,0.08733202513006388,0.0,0.0,False
16,2,power_energy,Outer Approx. (Power-Energy),133.90119246255256,52.03452893201716,-81.86666353053539,-0.16820776277452446,3662.9120405975063,0.5495117020184799,True
16,3,fullnet,Learned Polytope Approx. (FullNet),134.737446445027,190.2223412945443,55.4848948495173,0.11480832803081559,0.0,0.0,False
16,3,supervised,Supervised Regression (FullNet),134.737446445027,140.79271922197557,6.055272776948584,0.012529459507446982,568.4322365220123,0.09653607857889754,True
16,3,cube,Inner Approx. (Cube),134.737446445027,173.9667149676156,39.2292685225886,0.08117248381141128,0.0,0.0,False
16,3,power_energy,Outer Approx. (Power-Energy),134.737446445027,53.68921960651352,-81.04822683851347,-0.1677035063043461,4028.379748353676,0.6044795604430063,True
16,4,fullnet,Learned Polytope Approx. (FullNet),139.33104104151357,183.72481877855427,44.39377773704069,0.09488238168465223,0.0,0.0,False
16,4,supervised,Supervised Regression (FullNet),139.33104104151357,142.3031068798262,2.9720658383126306,0.006352166894492654,753.1245177104176,0.13212132234667953,True
16,4,cube,Inner Approx. (Cube),139.33104104151357,163.11740489243087,23.786363850917297,0.050838359987320045,0.0,0.0,False
16,4,power_energy,Outer Approx. (Power-Energy),139.33104104151357,67.53905004682962,-71.79199099468396,-0.15344031165374744,3807.449590133035,0.5537441542524063,True
16,5,fullnet,Learned Polytope Approx. (FullNet),112.72307956771937,150.73552053216923,38.012440964449866,0.09953931432418991,0.0,0.0,False
16,5,supervised,Supervised Regression (FullNet),112.72307956771937,117.03403829899236,4.31095873127299,0.01128866932255434,700.9517991463449,0.1214314258830747,True
16,5,cube,Inner Approx. (Cube),112.72307956771937,138.45403624788227,25.730956680162905,0.06737904012121146,0.0,0.0,False
16,5,power_energy,Outer Approx. (Power-Energy),112.72307956771937,50.76628079244436,-61.956798775275004,-0.16223996963468715,4101.4304925286515,0.5994561291679269,True
16,6,fullnet,Learned Polytope Approx. (FullNet),138.95173896990863,184.1525160610503,45.200777091141674,0.09564861168452186,0.0,0.0,False
16,6,supervised,Supervised Regression (FullNet),138.95173896990863,139.91897675240503,0.9672377824963974,0.002046755764354475,700.9517991463449,0.1214314258830747,True
16,6,cube,Inner Approx. (Cube),138.95173896990863,165.94029586365792,26.98855689374929,0.057110035808693005,0.0,0.0,False
16,6,power_energy,Outer Approx. (Power-Energy),138.95173896990863,63.33847107004324,-75.61326789986539,-0.16000397703271596,3784.7087607755343,0.5504367956068181,True
16,7,fullnet,Learned Polytope Approx. (FullNet),121.66534170212942,163.38506587552217,41.71972417339275,0.0992589075269359,0.0,0.0,False
16,7,supervised,Supervised Regression (FullNet),121.66534170212942,128.54422266025927,6.878880958129841,0.016366124715351493,708.5477955077282,0.1233357512803775,True
16,7,cube,Inner Approx. (Cube),121.66534170212942,147.2161031901525,25.55076148802307,0.06078996738429855,0.0,0.0,False
16,7,power_energy,Outer Approx. (Power-Energy),121.66534170212942,56.54925858330519,-65.11608311882424,-0.15492315447592836,4199.868694819476,0.5913260532725497,True
16,8,fullnet,Learned Polytope Approx. (FullNet),104.94651770942454,144.4902387251335,39.54372101570897,0.11110338185619155,0.0,0.0,False
16,8,supervised,Supervised Regression (FullNet),104.94651770942454,114.71535584809031,9.768838138665771,0.027446859479418967,700.9517991463449,0.1214314258830747,True
16,8,cube,Inner Approx. (Cube),104.94651770942454,126.3106242084714,21.364106499046855,0.06002531935315371,0.0,0.0,False
16,8,power_energy,Outer Approx. (Power-Energy),104.94651770942454,53.55447459148892,-51.39204311793562,-0.14439283011918885,4020.91602947533,0.7202742140961814,True
16,9,fullnet,Learned Polytope Approx. (FullNet),95.8487538443873,138.29287614120457,42.44412229681727,0.1223139560215107,0.0,0.0,False
16,9,supervised,Supervised Regression (FullNet),95.8487538443873,108.46228667338498,12.613532828997677,0.03634922849700659,397.6063405317366,0.06440105988408229,True
16,9,cube,Inner Approx. (Cube),95.8487538443873,128.83080348620422,32.982049641816914,0.09504649292019837,0.0,0.0,False
16,9,power_energy,Outer Approx. (Power-Energy),95.8487538443873,42.51176376172304,-53.336990082664265,-0.15370463343943266,3898.2344685512057,0.6613862149220584,True
17,0,fullnet,Learned Polytope Approx. (FullNet),140.33301965203435,195.79958188313293,55.46656223109858,0.12208968531333332,0.0,0.0,False
17,0,supervised,Supervised Regression (FullNet),140.33301965203435,145.5350868090925,5.2020671570581385,0.01145047965182816,676.5095819422565,0.11146561279170256,True
17,0,cube,Inner Approx. (Cube),140.33301965203435,167.29803011772213,26.965010465687783,0.05935377116955597,0.0,0.0,False
17,0,power_energy,Outer Approx. (Power-Energy),140.33301965203435,71.13208096211838,-69.20093868991597,-0.15232097480348528,3916.7396247835577,0.571322220370958,True
17,1,fullnet,Learned Polytope Approx. (FullNet),130.42871341719044,188.08030336059272,57.651589943402286,0.12824259047926953,0.0,0.0,False
17,1,supervised,Supervised Regression (FullNet),130.42871341719044,141.9484466057895,11.519733188599076,0.02562497282705084,624.2277759729297,0.10193353895480173,True
17,1,cube,Inner Approx. (Cube),130.42871341719044,173.04292045448454,42.61420703729411,0.09479281156074915,0.0,0.0,False
17,1,power_energy,Outer Approx. (Power-Energy),130.42871341719044,57.667392744786646,-72.7613206724038,-0.16185330289905994,3918.8904274148695,0.5716359510379458,True
17,2,fullnet,Learned Polytope Approx. (FullNet),139.94817872505223,200.50452244824865,60.55634372319642,0.12283275043379872,0.0,0.0,False
17,2,supervised,Supervised Regression (FullNet),139.94817872505223,145.63066450597807,5.682485780925845,0.011526378821063192,624.2277759729297,0.10193353895480173,True
17,2,cube,Inner Approx. (Cube),139.94817872505223,185.32185441079497,45.37367568574274,0.09203616069105654,0.0,0.0,False
17,2,power_energy,Outer Approx. (Power-Energy),139.94817872505223,59.246264451866566,-80.70191427318566,-0.16369611317287755,3486.4488185513283,0.5086627347694441,True
17,3,fullnet,Learned Polytope Approx. (FullNet),140.90465086735307,201.86388979261645,60.95923892526338,0.12458875292649865,0.0,0.0,False
17,3,supervised,Supervised Regression (FullNet),140.90465086735307,147.1853527769157,6.280701909562623,0.012836525393219632,624.2277759729297,0.10193353895480173,True
17,3,cube,Inner Approx. (Cube),140.90465086735307,182.8778373458677,41.973186478514634,0.08578497782954268,0.0,0.0,False
17,3,power_energy,Outer Approx. (Power-Energy),140.90465086735307,60.94435815204848,-79.96029271530459,-0.16342318783295984,3870.140787906803,0.5647596035360328,True
17,4,fullnet,Learned Polytope Approx. (FullNet),146.8948709405257,194.30580782244851,47.41093688192282,0.09993855822255435,0.0,0.0,False
17,4,supervised,Supervised Regression (FullNet),146.8948709405257,149.43080023216874,2.5359292916430434,0.005345541215359986,777.2142259212535,0.1310364569073167,True
17,4,cube,Inner Approx. (Cube),146.8948709405257,171.4561002940343,24.561229353508594,0.05177315638955538,0.0,0.0,False
17,4,power_energy,Outer Approx. (Power-Energy),146.8948709405257,75.9041498649556,-70.9907210755701,-0.1496429047403427,3805.1420368808913,0.5413924493791997,True
17,5,fullnet,Learned Polytope Approx. (FullNet),118.96116760140308,159.24986120489544,40.28869360349236,0.10408016811259117,0.0,0.0,False
17,5,supervised,Supervised Regression (FullNet),118.96116760140308,122.90409165637251,3.9429240549694384,0.010185989214125961,676.5095819422565,0.11146561279170256,True
17,5,cube,Inner Approx. (Cube),118.96116760140308,145.31246890277197,26.351301301368892,0.06807487719567741,0.0,0.0,False
17,5,power_energy,Outer Approx. (Power-Energy),118.96116760140308,57.52459216641477,-61.436575434988306,-0.15871274364133736,4119.684073538644,0.6035144397276218,True
17,6,fullnet,Learned Polytope Approx. (FullNet),146.4730249394836,195.38350680930094,48.910481869817346,0.10206274670608668,0.0,0.0,False
17,6,supervised,Supervised Regression (FullNet),146.4730249394836,147.46350693675214,0.9904819972685459,0.0020668639796522204,676.5095819422565,0.11146561279170256,True
17,6,cube,Inner Approx. (Cube),146.4730249394836,174.46139537323668,27.98837043375309,0.05840404455428308,0.0,0.0,False
17,6,power_energy,Outer Approx. (Power-Energy),146.4730249394836,71.82783651966828,-74.64518841981531,-0.15576401350527477,3763.4142164609357,0.535455449738857,True
17,7,fullnet,Learned Polytope Approx. (FullNet),128.0926188379907,173.8330266021909,45.7404077642002,0.10743976236455985,0.0,0.0,False
17,7,supervised,Supervised Regression (FullNet),128.0926188379907,135.03577237897812,6.943153540987424,0.016308791350307824,696.2702661809145,0.11573742260316462,True
17,7,cube,Inner Approx. (Cube),128.0926188379907,154.7138954063669,26.621276568376203,0.06253078553851796,0.0,0.0,False
17,7,power_energy,Outer Approx. (Power-Energy),128.0926188379907,63.66450704352289,-64.42811179446781,-0.1513353588030908,4068.077353308596,0.5654636365736108,True
17,8,fullnet,Learned Polytope Approx. (FullNet),110.34706468852286,152.3903714520578,42.04330676353493,0.11677590315980252,0.0,0.0,False
17,8,supervised,Supervised Regression (FullNet),110.34706468852286,119.60264182277459,9.255577134251723,0.02570750167669703,676.5095819422565,0.11146561279170256,True
17,8,cube,Inner Approx. (Cube),110.34706468852286,132.70508162954826,22.358016941025397,0.06209972102895762,0.0,0.0,False
17,8,power_energy,Outer Approx. (Power-Energy),110.34706468852286,59.13197025380721,-51.21509443471565,-0.14225067836994396,4086.763366205343,0.7018868658676761,True
17,9,fullnet,Learned Polytope Approx. (FullNet),100.7188037613029,145.4696857631675,44.750882001864596,0.12756966576755324,0.0,0.0,False
17,9,supervised,Supervised Regression (FullNet),100.7188037613029,113.54934621934771,12.830542458044818,0.036575547559509106,318.6526288187552,0.04933333884528759,True
17,9,cube,Inner Approx. (Cube),100.7188037613029,135.41267917602903,34.693875414726136,0.09890053319291754,0.0,0.0,False
17,9,power_energy,Outer Approx. (Power-Energy),100.7188037613029,47.35313136649657,-53.365672394806325,-0.1521275265721585,3796.916559533477,0.6193809305482254,True
18,0,fullnet,Learned Polytope Approx. (FullNet),156.60479473079792,213.1464617926784,56.541667061880474,0.11649689807198854,0.0,0.0,False
18,0,supervised,Supervised Regression (FullNet),156.60479473079792,165.59224843087782,8.987453700079897,0.01851750279097806,537.8214597266851,0.07881133658271701,True
18,0,cube,Inner Approx. (Cube),156.60479473079792,184.30029140325308,27.695496672455164,0.05706304077262205,0.0,0.0,False
18,0,power_energy,Outer Approx. (Power-Energy),156.60479473079792,89.21319301487407,-67.39160171592385,-0.1388518054732241,3801.3524485462403,0.5677035095598232,True
18,1,fullnet,Learned Polytope Approx. (FullNet),146.29930424077094,205.1380787620555,58.83877452128456,0.12206434276823902,0.0,0.0,False
18,1,supervised,Supervised Regression (FullNet),146.29930424077094,162.21337427033654,15.914070029565607,0.03301463218313553,442.64566360670744,0.06384844979998545,True
18,1,cube,Inner Approx. (Cube),146.29930424077094,189.902566441926,43.603262201155076,0.09045741666849037,0.0,0.0,False
18,1,power_energy,Outer Approx. (Power-Energy),146.29930424077094,74.08048660479061,-72.21881763598033,-0.1498219937780375,3953.6874114188868,0.5414386735408769,True
18,2,fullnet,Learned Polytope Approx. (FullNet),158.1101700519245,219.5032543247233,61.393084272798774,0.11612428277627865,0.0,0.0,False
18,2,supervised,Supervised Regression (FullNet),158.1101700519245,167.92230370350563,9.81213365158112,0.018559533150864806,442.64566360670744,0.06384844979998545,True
18,2,cube,Inner Approx. (Cube),158.1101700519245,203.5328799573133,45.422709905388786,0.08591651115100069,0.0,0.0,False
18,2,power_energy,Outer Approx. (Power-Energy),158.1101700519245,78.79332289914838,-79.31684715277613,-0.15002686535122917,3953.6874114188868,0.5414386735408769,True
18,3,fullnet,Learned Polytope Approx. (FullNet),159.38416969053236,221.8954627774094,62.51129308687703,0.11923835686296551,0.0,0.0,False
18,3,supervised,Supervised Regression (FullNet),159.38416969053236,169.50021385398196,10.116044163449601,0.019296041154140582,442.64566360670744,0.06384844979998545,True
18,3,cube,Inner Approx. (Cube),159.38416969053236,201.5913471870494,42.20717749651703,0.08050888477884871,0.0,0.0,False
18,3,power_energy,Outer Approx. (Power-Energy),159.38416969053236,81.15789128706098,-78.22627840347138,-0.14921420498167468,3817.617206890424,0.5113902160154921,True
18,4,fullnet,Learned Polytope Approx. (FullNet),164.30220521239931,217.6389709125429,53.33676570014359,0.10547182144783014,0.0,0.0,False
18,4,supervised,Supervised Regression (FullNet),164.30220521239931,169.73842811728517,5.436222904885852,0.010749964382883111,691.3702000126642,0.10430165159346227,True
18,4,cube,Inner Approx. (Cube),164.30220521239931,189.34138661135864,25.03918139895933,0.04951421472681758,0.0,0.0,False
18,4,power_energy,Outer Approx. (Power-Energy),164.30220521239931,96.00500847618659,-68.29719673621273,-0.13505561585879522,3917.4068721999015,0.5452861002854619,True
18,5,fullnet,Learned Polytope Approx. (FullNet),133.048301842541,178.36515993439616,45.31685809185515,0.10967768232589568,0.0,0.0,False
18,5,supervised,Supervised Regression (FullNet),133.048301842541,140.3812466534599,7.332944810918889,0.017747487918405306,580.8714300879232,0.08616839955541424,True
18,5,cube,Inner Approx. (Cube),133.048301842541,159.83303419809877,26.784732355557765,0.06482548636806305,0.0,0.0,False
18,5,power_energy,Outer Approx. (Power-Energy),133.048301842541,73.79627292561628,-59.25202891692473,-0.1434041431456445,3976.399498687019,0.5735786602682854,True
18,6,fullnet,Learned Polytope Approx. (FullNet),164.0724802529425,219.87946111426666,55.80698086132415,0.10917508041223858,0.0,0.0,False
18,6,supervised,Supervised Regression (FullNet),164.0724802529425,168.34993135255087,4.277451099608356,0.008367968676169669,580.8714300879232,0.08616839955541424,True
18,6,cube,Inner Approx. (Cube),164.0724802529425,192.9380518938492,28.865571640906694,0.056469657673691394,0.0,0.0,False
18,6,power_energy,Outer Approx. (Power-Energy),164.0724802529425,92.25305901814578,-71.81942123479674,-0.14050018416071194,3917.4068721999015,0.5452861002854619,True
18,7,fullnet,Learned Polytope Approx. (FullNet),143.34684569112966,194.6498798803647,51.303034189235035,0.11292667404287013,0.0,0.0,False
18,7,supervised,Supervised Regression (FullNet),143.34684569112966,153.06196074557445,9.715115054444794,0.021384614933213298,580.8714300879232,0.08616839955541424,True
18,7,cube,Inner Approx. (Cube),143.34684569112966,170.66132157364788,27.314475882518224,0.06012379118278746,0.0,0.0,False
18,7,power_energy,Outer Approx. (Power-Energy),143.34684569112966,80.93234343253106,-62.4145022585986,-0.13738489864179787,3896.154754860264,0.549038359178186,True
18,8,fullnet,Learned Polytope Approx. (FullNet),122.79813038088201,166.92040089571864,44.12227051483663,0.11463722719172911,0.0,0.0,False
18,8,supervised,Supervised Regression (FullNet),122.79813038088201,135.63253808932657,12.834407708444559,0.03334599274190788,484.5992907777427,0.07043435905747658,True
18,8,cube,Inner Approx. (Cube),122.79813038088201,145.72562547412153,22.927495093239514,0.05956956505801625,0.0,0.0,False
18,8,power_energy,Outer Approx. (Power-Energy),122.79813038088201,73.05399148479192,-49.74413889609009,-0.1292438055781936,4541.964820292397,0.6951976504418257,True
18,9,fullnet,Learned Polytope Approx. (FullNet),112.66832656946863,159.06588640965998,46.39755984019135,0.12323981926314387,0.0,0.0,False
18,9,supervised,Supervised Regression (FullNet),112.66832656946863,129.67334371579554,17.005017146326907,0.045168221063742645,442.64566360670744,0.06384844979998545,True
18,9,cube,Inner Approx. (Cube),112.66832656946863,148.08655804891046,35.41823147944183,0.09407685363585712,0.0,0.0,False
18,9,power_energy,Outer Approx. (Power-Energy),112.66832656946863,59.912790387897275,-52.75553618157136,-0.14012768702795403,3723.966857362329,0.5485050322454853,True
19,0,fullnet,Learned Polytope Approx. (FullNet),151.5134748354377,208.57880202768018,57.06532719224248,0.1190693387244083,0.0,0.0,False
19,0,supervised,Supervised Regression (FullNet),151.5134748354377,165.58798267516698,14.074507839729279,0.029367085475607006,464.894956273695,0.06998198272813032,True
19,0,cube,Inner Approx. (Cube),151.5134748354377,178.43075641518743,26.917281579749726,0.05616410306669004,0.0,0.0,False
19,0,power_energy,Outer Approx. (Power-Energy),151.5134748354377,81.16154808703277,-70.35192674840494,-0.1467924185854722,4057.3126927158264,0.619452801866882,True
19,1,fullnet,Learned Polytope Approx. (FullNet),142.15373177452116,201.04989229463467,58.89616052011351,0.12385078738027185,0.0,0.0,False
19,1,supervised,Supervised Regression (FullNet),142.15373177452116,161.9559409982421,19.80220922372095,0.041641410621141704,176.84598564053485,0.025157958901785658,True
19,1,cube,Inner Approx. (Cube),142.15373177452116,184.69964077221323,42.54590899769207,0.0894683844012893,0.0,0.0,False
19,1,power_energy,Outer Approx. (Power-Energy),142.15373177452116,66.5955200198056,-75.55821175471556,-0.15888886365811605,4210.280883849273,0.5724756662095262,True
19,2,fullnet,Learned Polytope Approx. (FullNet),152.98675775314433,214.4193103191788,61.432552566034474,0.11769060786629026,0.0,0.0,False
19,2,supervised,Supervised Regression (FullNet),152.98675775314433,166.5879774498214,13.601219696677077,0.02605680127167495,283.74505446497176,0.04111965397528399,True
19,2,cube,Inner Approx. (Cube),152.98675775314433,197.00517424430475,44.01841649116042,0.08432913785549731,0.0,0.0,False
19,2,power_energy,Outer Approx. (Power-Energy),152.98675775314433,69.90779105728697,-83.07896669585736,-0.15916014690792282,4210.280883849273,0.5724756662095262,True
19,3,fullnet,Learned Polytope Approx. (FullNet),154.18253188682047,216.78792692011436,62.60539503329389,0.12095031893002155,0.0,0.0,False
19,3,supervised,Supervised Regression (FullNet),154.18253188682047,168.4644883802631,14.281956493442635,0.027591986152438373,283.74505446497176,0.04111965397528399,True
19,3,cube,Inner Approx. (Cube),154.18253188682047,195.21779486309748,41.03526297627701,0.07927796225418814,0.0,0.0,False
19,3,power_energy,Outer Approx. (Power-Energy),154.18253188682047,72.30374561107729,-81.87878627574318,-0.1581854935726801,3985.95552157415,0.5395696592573136,True
19,4,fullnet,Learned Polytope Approx. (FullNet),158.09554935024585,211.0024386570916,52.906889306845756,0.10589182804839839,0.0,0.0,False
19,4,supervised,Supervised Regression (FullNet),158.09554935024585,170.0462020980267,11.95065274778085,0.02391893536765516,517.3462571353598,0.07917998582125013,True
19,4,cube,Inner Approx. (Cube),158.09554935024585,182.56705126888016,24.471501918634317,0.048979104748061185,0.0,0.0,False
19,4,power_energy,Outer Approx. (Power-Energy),158.09554935024585,86.96799824621428,-71.12755110403157,-0.14236003117343013,4174.820020328529,0.5726602288967476,True
19,5,fullnet,Learned Polytope Approx. (FullNet),128.03347619096098,172.76650582155233,44.733029630591346,0.1096462487176917,0.0,0.0,False
19,5,supervised,Supervised Regression (FullNet),128.03347619096098,140.29765957590104,12.264183384940054,0.030061046900899183,347.5056258289546,0.051302596879828154,True
19,5,cube,Inner Approx. (Cube),128.03347619096098,154.56113147509888,26.527655284137893,0.06502259992675843,0.0,0.0,False
19,5,power_energy,Outer Approx. (Power-Energy),128.03347619096098,66.47999076800369,-61.553485422957294,-0.15087528897239966,4252.429625780285,0.6182295334980697,True
19,6,fullnet,Learned Polytope Approx. (FullNet),157.6869371284099,212.27583789093222,54.588900762522314,0.10809613991078516,0.0,0.0,False
19,6,supervised,Supervised Regression (FullNet),157.6869371284099,168.87996490201056,11.193027773600647,0.022164269280745535,464.894956273695,0.06998198272813032,True
19,6,cube,Inner Approx. (Cube),157.6869371284099,185.81964632400502,28.132709195595112,0.0557079777536808,0.0,0.0,False
19,6,power_energy,Outer Approx. (Power-Energy),157.6869371284099,82.91921527604114,-74.76772185236877,-0.14805394520259405,4174.820020328529,0.5726602288967476,True
19,7,fullnet,Learned Polytope Approx. (FullNet),138.1139650873053,187.94324736335437,49.82928227604907,0.11103031215331309,0.0,0.0,False
19,7,supervised,Supervised Regression (FullNet),138.1139650873053,154.23074662765828,16.116781540352974,0.0359116407781828,335.13898431286907,0.04981107884727477,True
19,7,cube,Inner Approx. (Cube),138.1139650873053,164.67480706393115,26.560841976625852,0.059183244088929686,0.0,0.0,False
19,7,power_energy,Outer Approx. (Power-Energy),138.1139650873053,73.03873328252428,-65.07523180478103,-0.1450015527156603,4143.294419114813,0.5921970816204966,True
19,8,fullnet,Learned Polytope Approx. (FullNet),118.8861342999987,163.16070706273052,44.27457276273182,0.11658500488365754,0.0,0.0,False
19,8,supervised,Supervised Regression (FullNet),118.8861342999987,136.06518345346717,17.17904915346847,0.045236337800182914,291.71036181660406,0.04265873183827405,True
19,8,cube,Inner Approx. (Cube),118.8861342999987,141.31101296609359,22.424878666094884,0.059049798240013246,0.0,0.0,False
19,8,power_energy,Outer Approx. (Power-Energy),118.8861342999987,66.93842628767143,-51.94770801232727,-0.13679011257246754,4605.849854182328,0.7244053470958977,True
19,9,fullnet,Learned Polytope Approx. (FullNet),109.52152211434691,155.90446833249572,46.38294621814882,0.12495898692520983,0.0,0.0,False
19,9,supervised,Supervised Regression (FullNet),109.52152211434691,129.45528957527995,19.93376746093304,0.05370300057710131,176.84598564053485,0.025157958901785658,True
19,9,cube,Inner Approx. (Cube),109.52152211434691,144.37448946703415,34.852967352687244,0.09389639612899583,0.0,0.0,False
19,9,power_energy,Outer Approx. (Power-Energy),109.52152211434691,54.292259587807095,-55.22926252653981,-0.1487915981335933,3924.7600384072043,0.589733839750536,True
20,0,fullnet,Learned Polytope Approx. (FullNet),149.71265032639212,203.3192619968844,53.60661167049227,0.10925931431697151,0.0,0.0,False
20,0,supervised,Supervised Regression (FullNet),149.71265032639212,165.73455634676898,16.02190602037686,0.03265534625835937,348.7442456067885,0.05068251202777702,True
20,0,cube,Inner Approx. (Cube),149.71265032639212,177.6020477198231,27.889397393430983,0.05684329490269049,0.0,0.0,False
20,0,power_energy,Outer Approx. (Power-Energy),149.71265032639212,84.79267870559508,-64.91997162079704,-0.1323178496780451,3779.999400675597,0.5618737059882197,True
20,1,fullnet,Learned Polytope Approx. (FullNet),139.00914873134315,194.53500309729748,55.52585436595433,0.11390111994590046,0.0,0.0,False
20,1,supervised,Supervised Regression (FullNet),139.00914873134315,162.5201589368637,23.511010205520563,0.0482285310878577,327.23163427502766,0.0474054203111659,True
20,1,cube,Inner Approx. (Cube),139.00914873134315,183.23267360562375,44.2235248742806,0.09071646116308028,0.0,0.0,False
20,1,power_energy,Outer Approx. (Power-Energy),139.00914873134315,69.97674773476022,-69.03240099658292,-0.14160732645811222,3841.7559944394784,0.5230946176747163,True
20,2,fullnet,Learned Polytope Approx. (FullNet),150.36805999558084,208.1832695468522,57.81520955127135,0.10816092722347498,0.0,0.0,False
20,2,supervised,Supervised Regression (FullNet),150.36805999558084,168.59623562164018,18.22817562605934,0.034101344483729715,327.23163427502766,0.0474054203111659,True
20,2,cube,Inner Approx. (Cube),150.36805999558084,196.82257072617944,46.4545107305986,0.08690728604691052,0.0,0.0,False
20,2,power_energy,Outer Approx. (Power-Energy),150.36805999558084,73.7506828362804,-76.61737715930043,-0.14333609822224364,3720.4536794210007,0.5065780590516572,True
20,3,fullnet,Learned Polytope Approx. (FullNet),151.74179250714278,210.7542808936987,59.01248838655593,0.11130236251183094,0.0,0.0,False
20,3,supervised,Supervised Regression (FullNet),151.74179250714278,170.1650312511571,18.423238744014327,0.03474772973300754,327.23163427502766,0.0474054203111659,True
20,3,cube,Inner Approx. (Cube),151.74179250714278,194.86528126106987,43.12348875392709,0.08133441427896004,0.0,0.0,False
20,3,power_energy,Outer Approx. (Power-Energy),151.74179250714278,76.212560163766,-75.52923234337678,-0.14245428770019455,3712.4145862004357,0.5055771333405263,True
20,4,fullnet,Learned Polytope Approx. (FullNet),157.35544749631907,207.89830817847053,50.542860682151456,0.0988808519781331,0.0,0.0,False
20,4,supervised,Supervised Regression (FullNet),157.35544749631907,171.35121646430838,13.995768967989306,0.027380989935391804,348.7442456067885,0.05068251202777702,True
20,4,cube,Inner Approx. (Cube),157.35544749631907,182.05667351656214,24.70122602024307,0.048324891801159835,0.0,0.0,False
20,4,power_energy,Outer Approx. (Power-Energy),157.35544749631907,91.24173964078963,-66.11370785552944,-0.12934328749810417,3980.3715174496815,0.5393740423397881,True
20,5,fullnet,Learned Polytope Approx. (FullNet),127.27615469033734,170.29118072732916,43.01502603699183,0.10293048547557841,0.0,0.0,False
20,5,supervised,Supervised Regression (FullNet),127.27615469033734,140.38978305956408,13.113628369226745,0.03137954939815774,348.7442456067885,0.05068251202777702,True
20,5,cube,Inner Approx. (Cube),127.27615469033734,154.29943453889518,27.02327984855785,0.06466389934443928,0.0,0.0,False
20,5,power_energy,Outer Approx. (Power-Energy),127.27615469033734,69.85571713908826,-57.42043755124908,-0.13740113764635364,4021.4963412075663,0.57856881813247,True
20,6,fullnet,Learned Polytope Approx. (FullNet),157.15655599735362,209.984825598818,52.82826960146437,0.10221141863014034,0.0,0.0,False
20,6,supervised,Supervised Regression (FullNet),157.15655599735362,169.34223278914914,12.185676791795515,0.02357668197830337,348.7442456067885,0.05068251202777702,True
20,6,cube,Inner Approx. (Cube),157.15655599735362,185.55957561216536,28.40301961481174,0.05495377664478977,0.0,0.0,False
20,6,power_energy,Outer Approx. (Power-Energy),157.15655599735362,87.37212935136165,-69.78442664599197,-0.13501796101949343,3980.3715174496815,0.5393740423397881,True
20,7,fullnet,Learned Polytope Approx. (FullNet),137.006434965952,185.45702319730438,48.450588231352384,0.10545935099650101,0.0,0.0,False
20,7,supervised,Supervised Regression (FullNet),137.006434965952,154.83925474402275,17.832819778070757,0.03881557828055323,347.57728415008614,0.05077717085809895,True
20,7,cube,Inner Approx. (Cube),137.006434965952,163.91792904545295,26.911494079500955,0.0585765581713585,0.0,0.0,False
20,7,power_energy,Outer Approx. (Power-Energy),137.006434965952,76.75642850178762,-60.25000646416437,-0.1311424032440155,3902.6129972198487,0.559331951481494,True
20,8,fullnet,Learned Polytope Approx. (FullNet),117.39365464299513,159.11915421519916,41.72549957220403,0.10716702336261902,0.0,0.0,False
20,8,supervised,Supervised Regression (FullNet),117.39365464299513,135.3888848848696,17.99523024187448,0.04621862600852746,348.7442456067885,0.05068251202777702,True
20,8,cube,Inner Approx. (Cube),117.39365464299513,140.37739504542947,22.983740402434336,0.05903102586958302,0.0,0.0,False
20,8,power_energy,Outer Approx. (Power-Energy),117.39365464299513,69.5789281813591,-47.81472646163603,-0.12280648429203976,4071.8133551954725,0.637303151713202,True
20,9,fullnet,Learned Polytope Approx. (FullNet),107.11553513985449,150.6992004069198,43.583665267065314,0.11438507965936082,0.0,0.0,False
20,9,supervised,Supervised Regression (FullNet),107.11553513985449,129.6302354130753,22.51470027322081,0.05908970180635762,31.568672933767203,0.004384557725019388,True
20,9,cube,Inner Approx. (Cube),107.11553513985449,142.9426484298296,35.82711328997512,0.09402805345826508,0.0,0.0,False
20,9,power_energy,Outer Approx. (Power-Energy),107.11553513985449,56.72711597245123,-50.388419167403256,-0.13224411726399943,3636.6986726708947,0.5458909312402787,True
21,0,fullnet,Learned Polytope Approx. (FullNet),138.7891634935375,195.61790756093308,56.828744067395576,0.12525835860225298,0.0,0.0,False
21,0,supervised,Supervised Regression (FullNet),138.7891634935375,153.89056233722067,15.101398843683171,0.03328555756070231,443.4067631958725,0.07028891872040868,True
21,0,cube,Inner Approx. (Cube),138.7891634935375,164.39088394305907,25.601720449521565,0.05642970883005426,0.0,0.0,False
21,0,power_energy,Outer Approx. (Power-Energy),138.7891634935375,71.43204376823228,-67.35711972530522,-0.148464344856211,3867.3187268840384,0.5720086292348964,True
21,1,fullnet,Learned Polytope Approx. (FullNet),128.95165372534638,188.6199634826341,59.668309757287716,0.13295800667608954,0.0,0.0,False
21,1,supervised,Supervised Regression (FullNet),128.95165372534638,150.1458512531634,21.19419752781704,0.047226714949030094,234.80656365340678,0.03571001132450195,True
21,1,cube,Inner Approx. (Cube),128.95165372534638,169.53834140346606,40.58668767811969,0.09043871216091731,0.0,0.0,False
21,1,power_energy,Outer Approx. (Power-Energy),128.95165372534638,58.16089309020378,-70.79076063514259,-0.15774199844806505,3874.8841511561145,0.5731276184553523,True
21,2,fullnet,Learned Polytope Approx. (FullNet),138.43817209876852,199.61871840977085,61.18054631100233,0.1243973345659071,0.0,0.0,False
21,2,supervised,Supervised Regression (FullNet),138.43817209876852,153.83080354781072,15.392631449042199,0.031297568257769214,443.4067631958725,0.07028891872040868,True
21,2,cube,Inner Approx. (Cube),138.43817209876852,180.97732428740588,42.53915218863736,0.08649411399597659,0.0,0.0,False
21,2,power_energy,Outer Approx. (Power-Energy),138.43817209876852,59.8242171284853,-78.61395497028322,-0.15984437942537325,3477.4550248772643,0.5144674958978113,True
21,3,fullnet,Learned Polytope Approx. (FullNet),139.43496597482323,201.26814192485608,61.83317595003285,0.1265720522170714,0.0,0.0,False
21,3,supervised,Supervised Regression (FullNet),139.43496597482323,155.73853109201636,16.30356511719313,0.03337327678276401,234.80656365340678,0.03571001132450195,True
21,3,cube,Inner Approx. (Cube),139.43496597482323,179.24833431393517,39.813368339111946,0.0814976694780773,0.0,0.0,False
21,3,power_energy,Outer Approx. (Power-Energy),139.43496597482323,61.470350543112815,-77.96461543171041,-0.15959298910152617,3852.861024660533,0.5701372800246733,True
21,4,fullnet,Learned Polytope Approx. (FullNet),145.12977415851378,192.83351096439281,47.70373680587903,0.10061598637770075,0.0,0.0,False
21,4,supervised,Supervised Regression (FullNet),145.12977415851378,158.01314831733453,12.883374158820743,0.027173414194734034,405.9432468446264,0.06453500157230994,True
21,4,cube,Inner Approx. (Cube),145.12977415851378,168.66655468796287,23.53678052944909,0.04964341470276866,0.0,0.0,False
21,4,power_energy,Outer Approx. (Power-Energy),145.12977415851378,75.93692312225612,-69.19285103625766,-0.14594049488467722,3768.8751307193597,0.5413585991898667,True
21,5,fullnet,Learned Polytope Approx. (FullNet),117.4517438229127,157.55746481684096,40.10572099392826,0.10362126594434153,0.0,0.0,False
21,5,supervised,Supervised Regression (FullNet),117.4517438229127,129.80366128050107,12.351917457588371,0.031913684433926295,450.91494228283636,0.0721754630109634,True
21,5,cube,Inner Approx. (Cube),117.4517438229127,143.11543594713234,25.663692124219637,0.06630735468189357,0.0,0.0,False
21,5,power_energy,Outer Approx. (Power-Energy),117.4517438229127,57.55003449283434,-59.90170933007836,-0.15476821758053935,4108.120521707285,0.6014658600948798,True
21,6,fullnet,Learned Polytope Approx. (FullNet),144.66850625108356,193.7685400663026,49.100033815219035,0.10252376990455295,0.0,0.0,False
21,6,supervised,Supervised Regression (FullNet),144.66850625108356,155.21218532561087,10.543679074527319,0.022015824499274153,450.91494228283636,0.0721754630109634,True
21,6,cube,Inner Approx. (Cube),144.66850625108356,171.45471356313044,26.786207312046884,0.055931182561115254,0.0,0.0,False
21,6,power_energy,Outer Approx. (Power-Energy),144.66850625108356,71.9958261395997,-72.67268011148386,-0.151744847307774,3723.584285446357,0.5348530537147006,True
21,7,fullnet,Learned Polytope Approx. (FullNet),126.5728386102119,172.54896377280832,45.97612516259642,0.10795239368942594,0.0,0.0,False
21,7,supervised,Supervised Regression (FullNet),126.5728386102119,141.45094061545745,14.878102005245552,0.03493392971551155,458.17561831807734,0.07350240283659729,True
21,7,cube,Inner Approx. (Cube),126.5728386102119,151.76033850810612,25.187499897894213,0.0591404972779637,0.0,0.0,False
21,7,power_energy,Outer Approx. (Power-Energy),126.5728386102119,63.839534925855276,-62.73330368435663,-0.14729841353140977,4041.2545764431416,0.5691469455226933,True
21,8,fullnet,Learned Polytope Approx. (FullNet),109.12857048424877,152.03287906139502,42.90430857714625,0.1190945016811754,0.0,0.0,False
21,8,supervised,Supervised Regression (FullNet),109.12857048424877,126.24986147998156,17.121290995732792,0.04752556763870866,358.82136521851714,0.056020254443065486,True
21,8,cube,Inner Approx. (Cube),109.12857048424877,130.43860332530454,21.310032841055772,0.05915274773515128,0.0,0.0,False
21,8,power_energy,Outer Approx. (Power-Energy),109.12857048424877,59.18323014329526,-49.94534034095351,-0.138639116127628,4030.627502733358,0.7000423983547195,True
21,9,fullnet,Learned Polytope Approx. (FullNet),99.5990847921821,146.07102710469957,46.47194231251747,0.13245436830733953,0.0,0.0,False
21,9,supervised,Supervised Regression (FullNet),99.5990847921821,120.50140289565789,20.902318103475793,0.05957580429792398,234.80656365340678,0.03571001132450195,True
21,9,cube,Inner Approx. (Cube),99.5990847921821,132.58671887787227,32.987634085690175,0.09402138187791743,0.0,0.0,False
21,9,power_energy,Outer Approx. (Power-Energy),99.5990847921821,47.67535139661829,-51.92373339556381,-0.1479930677486578,3787.7761339058356,0.6287324939782422,True
22,0,fullnet,Learned Polytope Approx. (FullNet),140.38551556439018,195.60724123348962,55.22172566909944,0.11751897502869496,0.0,0.0,False
22,0,supervised,Supervised Regression (FullNet),140.38551556439018,153.46912080194446,13.08360523755428,0.027843604280150685,493.56058555070854,0.07699698536603797,True
22,0,cube,Inner Approx. (Cube),140.38551556439018,167.58127273794776,27.19575717355758,0.05787608897478133,0.0,0.0,False
22,0,power_energy,Outer Approx. (Power-Energy),140.38551556439018,69.93717869912598,-70.4483368652642,-0.14992317318172446,4105.422076060806,0.598692159661074,True
22,1,fullnet,Learned Polytope Approx. (FullNet),130.20524065807007,187.5832957780787,57.37805512000864,0.12317838558499258,0.0,0.0,False
22,1,supervised,Supervised Regression (FullNet),130.20524065807007,150.1660108761623,19.96077021809222,0.04285149514662096,493.56058555070854,0.07699698536603797,True
22,1,cube,Inner Approx. (Cube),130.20524065807007,173.28582100650792,43.08058034843785,0.09248477185722241,0.0,0.0,False
22,1,power_energy,Outer Approx. (Power-Energy),130.20524065807007,56.57581857651618,-73.62942208155388,-0.15806658703562634,4118.601170067398,0.600614061990969,True
22,2,fullnet,Learned Polytope Approx. (FullNet),140.78373380377337,199.90329681532495,59.11956301155158,0.11566808372430967,0.0,0.0,False
22,2,supervised,Supervised Regression (FullNet),140.78373380377337,154.19148165044527,13.407747846671896,0.02623240804706645,493.56058555070854,0.07699698536603797,True
22,2,cube,Inner Approx. (Cube),140.78373380377337,186.01962365919837,45.235889855425,0.08850452250667994,0.0,0.0,False
22,2,power_energy,Outer Approx. (Power-Energy),140.78373380377337,58.00009665820828,-82.7836371455651,-0.16196710842543136,3683.687392073307,0.5373043646319314,True
22,3,fullnet,Learned Polytope Approx. (FullNet),141.7158359206316,201.83138579055213,60.11554986992053,0.11853738209223053,0.0,0.0,False
22,3,supervised,Supervised Regression (FullNet),141.7158359206316,156.03575004029318,14.319914119661576,0.028236373703696024,493.56058555070854,0.07699698536603797,True
22,3,cube,Inner Approx. (Cube),141.7158359206316,183.73629205380007,42.020456133168466,0.08285701245559923,0.0,0.0,False
22,3,power_energy,Outer Approx. (Power-Energy),141.7158359206316,59.862515025908095,-81.85332089472351,-0.16140047617314798,4034.5234558273064,0.5886019658696299,True
22,4,fullnet,Learned Polytope Approx. (FullNet),146.95275911974,196.6443916021036,49.691632482363616,0.10140098640657103,0.0,0.0,False
22,4,supervised,Supervised Regression (FullNet),146.95275911974,158.02873251964886,11.075973399908861,0.022601685073685446,513.4739563167551,0.08130165005430774,True
22,4,cube,Inner Approx. (Cube),146.95275911974,171.42779160564146,24.475032485901465,0.04994387007277549,0.0,0.0,False
22,4,power_energy,Outer Approx. (Power-Energy),146.95275911974,74.49684245904108,-72.45591666069892,-0.1478538951803361,3832.075495065616,0.545622774759815,True
22,5,fullnet,Learned Polytope Approx. (FullNet),118.80665182201612,160.94977056661799,42.143118744601864,0.10533260901562527,0.0,0.0,False
22,5,supervised,Supervised Regression (FullNet),118.80665182201612,130.0799375710861,11.273285749069984,0.028176476623014746,522.2106685179007,0.08191693266522507,True
22,5,cube,Inner Approx. (Cube),118.80665182201612,145.22916994475528,26.422518122739163,0.06604050325504808,0.0,0.0,False
22,5,power_energy,Outer Approx. (Power-Energy),118.80665182201612,56.33903079237185,-62.46762102964427,-0.15613171730188077,4124.159145539998,0.590505050738766,True
22,6,fullnet,Learned Polytope Approx. (FullNet),146.66497976314042,197.41170546412522,50.7467257009848,0.10247115174057356,0.0,0.0,False
22,6,supervised,Supervised Regression (FullNet),146.66497976314042,156.2692037191267,9.60422395598627,0.019393485525416317,542.0374586797926,0.0862525111228556,True
22,6,cube,Inner Approx. (Cube),146.66497976314042,174.7102016047708,28.045221841630365,0.05663077062085176,0.0,0.0,False
22,6,power_energy,Outer Approx. (Power-Energy),146.66497976314042,70.40709477294017,-76.25788499020025,-0.15398497531229632,3791.4977440267353,0.5398451889205339,True
22,7,fullnet,Learned Polytope Approx. (FullNet),128.2083128919595,174.8418637631677,46.6335508712082,0.10593671688608751,0.0,0.0,False
22,7,supervised,Supervised Regression (FullNet),128.2083128919595,142.57901926339477,14.370706371435261,0.032645711593533404,542.0374586797926,0.0862525111228556,True
22,7,cube,Inner Approx. (Cube),128.2083128919595,154.76856099959465,26.560248107635147,0.06033650519072917,0.0,0.0,False
22,7,power_energy,Outer Approx. (Power-Energy),128.2083128919595,62.45063465670184,-65.75767823525767,-0.149380701493951,4238.194373474863,0.5861732524137568,True
22,8,fullnet,Learned Polytope Approx. (FullNet),110.11067793217808,152.44423928431496,42.33356135213688,0.11367122905829934,0.0,0.0,False
22,8,supervised,Supervised Regression (FullNet),110.11067793217808,126.24718079519091,16.136502863012836,0.04332865118254094,493.56058555070854,0.07699698536603797,True
22,8,cube,Inner Approx. (Cube),110.11067793217808,132.5765429510048,22.46586501882672,0.06032382835230047,0.0,0.0,False
22,8,power_energy,Outer Approx. (Power-Energy),110.11067793217808,58.09174917165845,-52.01892876051963,-0.1396777256068466,4198.155598751328,0.7244044906127342,True
22,9,fullnet,Learned Polytope Approx. (FullNet),100.40376291816881,145.13193471359216,44.72817179542335,0.12299059282795809,0.0,0.0,False
22,9,supervised,Supervised Regression (FullNet),100.40376291816881,119.98387534471365,19.580112426544844,0.05384010877961318,233.07960853103026,0.03500712989453468,True
22,9,cube,Inner Approx. (Cube),100.40376291816881,135.1853365851983,34.781573667029505,0.09564008974842486,0.0,0.0,False
22,9,power_energy,Outer Approx. (Power-Energy),100.40376291816881,46.46266185105026,-53.94110106711855,-0.14832370141085308,4036.013469596383,0.6568306232799708,True
23,0,fullnet,Learned Polytope Approx. (FullNet),133.0404009476026,186.98483608531347,53.94443513771088,0.11649633995795149,0.0,0.0,False
23,0,supervised,Supervised Regression (FullNet),133.0404009476026,142.86969213047328,9.82929118287069,0.02122696148846893,708.3185884013523,0.12114535054862538,True
23,0,cube,Inner Approx. (Cube),133.0404009476026,160.1781226282003,27.137721680597707,0.058605586331871934,0.0,0.0,False
23,0,power_energy,Outer Approx. (Power-Energy),133.0404009476026,74.02357775746408,-59.01682319013851,-0.12745047529083164,3643.708735587244,0.5417618394961415,True
23,1,fullnet,Learned Polytope Approx. (FullNet),122.5247104133355,177.8372643867217,55.3125539733862,0.12039837912095752,0.0,0.0,False
23,1,supervised,Supervised Regression (FullNet),122.5247104133355,139.48960884770273,16.964898434367228,0.03692735422110976,480.92152133951674,0.07867453601657923,True
23,1,cube,Inner Approx. (Cube),122.5247104133355,165.684933567956,43.160223154620496,0.09394650105680169,0.0,0.0,False
23,1,power_energy,Outer Approx. (Power-Energy),122.5247104133355,60.578252586876985,-61.94645782645851,-0.1348383428141633,3646.348632637108,0.5421543504199281,True
23,2,fullnet,Learned Polytope Approx. (FullNet),132.58270045107292,189.7965912230876,57.21389077201468,0.11372055914635379,0.0,0.0,False
23,2,supervised,Supervised Regression (FullNet),132.58270045107292,144.54957061247762,11.9668701614047,0.023785817528291803,708.3185884013523,0.12114535054862538,True
23,2,cube,Inner Approx. (Cube),132.58270045107292,178.5354654257918,45.95276497471889,0.09133750662176822,0.0,0.0,False
23,2,power_energy,Outer Approx. (Power-Energy),132.58270045107292,62.86443619788474,-69.71826425318818,-0.13857473922161345,3277.121183081923,0.4873555165401925,True
23,3,fullnet,Learned Polytope Approx. (FullNet),133.55892522543215,192.01597550842115,58.457050282989,0.11707170245934971,0.0,0.0,False
23,3,supervised,Supervised Regression (FullNet),133.55892522543215,144.5002826129876,10.941357387555456,0.021912212990159184,480.92152133951674,0.07867453601657923,True
23,3,cube,Inner Approx. (Cube),133.55892522543215,176.44780949196914,42.88888426653699,0.08589339820190407,0.0,0.0,False
23,3,power_energy,Outer Approx. (Power-Energy),133.55892522543215,64.57478049069468,-68.98414473473747,-0.1381542727130733,3639.990995498993,0.5414300306017082,True
23,4,fullnet,Learned Polytope Approx. (FullNet),139.61058750461999,188.07358014315707,48.46299263853709,0.1004120579263476,0.0,0.0,False
23,4,supervised,Supervised Regression (FullNet),139.61058750461999,143.6958554578821,4.085267953262104,0.00846440015430274,682.8052281832436,0.11708637792584523,True
23,4,cube,Inner Approx. (Cube),139.61058750461999,163.31519997020862,23.70461246558864,0.04911436109134505,0.0,0.0,False
23,4,power_energy,Outer Approx. (Power-Energy),139.61058750461999,79.01012777944904,-60.60045972517095,-0.1255600725624286,3493.330885903301,0.5072212843697882,True
23,5,fullnet,Learned Polytope Approx. (FullNet),112.78992018747377,154.08619686072825,41.29627667325448,0.10472447041302523,0.0,0.0,False
23,5,supervised,Supervised Regression (FullNet),112.78992018747377,118.61659061012425,5.82667042265048,0.014776028820014709,708.3185884013523,0.12114535054862538,True
23,5,cube,Inner Approx. (Cube),112.78992018747377,138.44360366021456,25.653683472740795,0.06505594770886723,0.0,0.0,False
23,5,power_energy,Outer Approx. (Power-Energy),112.78992018747377,59.86799916308287,-52.9219210243909,-0.13420629168025452,3771.0696674128867,0.5505582432584575,True
23,6,fullnet,Learned Polytope Approx. (FullNet),139.2935505906516,189.3555820775215,50.0620314868699,0.10266822167508301,0.0,0.0,False
23,6,supervised,Supervised Regression (FullNet),139.2935505906516,141.80738024066568,2.513829650014088,0.00515541243724266,708.3185884013523,0.12114535054862538,True
23,6,cube,Inner Approx. (Cube),139.2935505906516,166.68742023276428,27.39386964211269,0.056179899165546256,0.0,0.0,False
23,6,power_energy,Outer Approx. (Power-Energy),139.2935505906516,75.10386811593071,-64.18968247472088,-0.13164149264091093,3447.19587382203,0.5005226174394076,True
23,7,fullnet,Learned Polytope Approx. (FullNet),121.49064363904112,167.20737820220862,45.71673456316749,0.10537123098943217,0.0,0.0,False
23,7,supervised,Supervised Regression (FullNet),121.49064363904112,129.78197248147575,8.291328842434623,0.01911045342615975,682.8052281832436,0.11708637792584523,True
23,7,cube,Inner Approx. (Cube),121.49064363904112,147.39571839498643,25.905074755945307,0.05970788688189494,0.0,0.0,False
23,7,power_energy,Outer Approx. (Power-Energy),121.49064363904112,66.50346399978632,-54.987179639254805,-0.12673842221210205,3785.345628649763,0.54263986882205,True
23,8,fullnet,Learned Polytope Approx. (FullNet),104.48356614569268,145.36430162127917,40.88073547558649,0.1111299508813247,0.0,0.0,False
23,8,supervised,Supervised Regression (FullNet),104.48356614569268,116.36685841536672,11.883292269674044,0.03230347181561699,708.3185884013523,0.12114535054862538,True
23,8,cube,Inner Approx. (Cube),104.48356614569268,126.30966086186662,21.82609471617394,0.05933192750869296,0.0,0.0,False
23,8,power_energy,Outer Approx. (Power-Energy),104.48356614569268,61.14436561136304,-43.339200534329635,-0.1178130278378226,3635.705143505551,0.6287894415259859,True
23,9,fullnet,Learned Polytope Approx. (FullNet),94.68459529700925,137.5374014787316,42.85280618172234,0.11924020320935186,0.0,0.0,False
23,9,supervised,Supervised Regression (FullNet),94.68459529700925,110.67164618545782,15.987050888448564,0.0444848159668464,480.92152133951674,0.07867453601657923,True
23,9,cube,Inner Approx. (Cube),94.68459529700925,128.91668369774987,34.23208840074062,0.09525259932512431,0.0,0.0,False
23,9,power_energy,Outer Approx. (Power-Energy),94.68459529700925,49.46526384106316,-45.21933145594609,-0.1258251851450008,3509.314649805476,0.5800534201635608,True
24,0,fullnet,Learned Polytope Approx. (FullNet),142.82070421890052,196.67345893291903,53.852754714018516,0.11883269492222956,0.0,0.0,False
24,0,supervised,Supervised Regression (FullNet),142.82070421890052,152.31993767212393,9.499233453223411,0.020961221332807502,535.3097769182219,0.08431644191963837,True
24,0,cube,Inner Approx. (Cube),142.82070421890052,169.2101232158849,26.389418996984375,0.0582314831153329,0.0,0.0,False
24,0,power_energy,Outer Approx. (Power-Energy),142.82070421890052,78.35234148410962,-64.4683627347909,-0.14225733338400243,3706.9306525990737,0.5689601020281901,True
24,1,fullnet,Learned Polytope Approx. (FullNet),132.76365055021574,188.62209904198005,55.85844849176431,0.12447795547885691,0.0,0.0,False
24,1,supervised,Supervised Regression (FullNet),132.76365055021574,148.49426124599069,15.730610695774942,0.03505493458402457,426.9880577934582,0.06638294838919279,True
24,1,cube,Inner Approx. (Cube),132.76365055021574,174.9457640351344,42.18211348491866,0.09400087875970915,0.0,0.0,False
24,1,power_energy,Outer Approx. (Power-Energy),132.76365055021574,64.33811968368894,-68.4255308665268,-0.1524831142790598,3750.4267537860446,0.5361395520602205,True
24,2,fullnet,Learned Polytope Approx. (FullNet),142.97726715493968,201.47352006499727,58.49625291005759,0.11894241269390825,0.0,0.0,False
24,2,supervised,Supervised Regression (FullNet),142.97726715493968,153.5211793538402,10.543912198900529,0.021439293865510703,426.9880577934582,0.06638294838919279,True
24,2,cube,Inner Approx. (Cube),142.97726715493968,187.25790906535372,44.28064191041403,0.09003732927231783,0.0,0.0,False
24,2,power_energy,Outer Approx. (Power-Energy),142.97726715493968,67.27944661716343,-75.69782053777625,-0.15391894288130603,3509.8046535922012,0.501741593245671,True
24,3,fullnet,Learned Polytope Approx. (FullNet),144.08102825361192,203.05485637053516,58.973828116923244,0.1207825948809957,0.0,0.0,False
24,3,supervised,Supervised Regression (FullNet),144.08102825361192,154.84191597442998,10.760887720818062,0.022039063490444783,426.9880577934582,0.06638294838919279,True
24,3,cube,Inner Approx. (Cube),144.08102825361192,185.481092336536,41.400064082924075,0.08479027609096573,0.0,0.0,False
24,3,power_energy,Outer Approx. (Power-Energy),144.08102825361192,69.26911380326955,-74.81191445034237,-0.1532201222788593,3683.021715651932,0.526605588240249,True
24,4,fullnet,Learned Polytope Approx. (FullNet),149.6432551184528,196.5059527528395,46.862697634386706,0.09911714209174477,0.0,0.0,False
24,4,supervised,Supervised Regression (FullNet),149.6432551184528,156.4529925475713,6.809737429118513,0.014402963261639935,610.8371368844937,0.09786696557682918,True
24,4,cube,Inner Approx. (Cube),149.6432551184528,173.33455357950467,23.691298461051872,0.050108378613248045,0.0,0.0,False
24,4,power_energy,Outer Approx. (Power-Energy),149.6432551184528,83.8782285998082,-65.7650265186446,-0.13909659083161244,3879.4435778955044,0.5499421004348896,True
24,5,fullnet,Learned Polytope Approx. (FullNet),121.03843202853758,161.01634051230076,39.97790848376317,0.1036087605890091,0.0,0.0,False
24,5,supervised,Supervised Regression (FullNet),121.03843202853758,128.53858009287643,7.500148064338845,0.019437761370027923,535.3097769182219,0.08431644191963837,True
24,5,cube,Inner Approx. (Cube),121.03843202853758,147.07725936040657,26.038827331868987,0.06748353601694493,0.0,0.0,False
24,5,power_energy,Outer Approx. (Power-Energy),121.03843202853758,63.87399960739471,-57.16443242114288,-0.14815022139875755,3901.9277533111544,0.5938394911143009,True
24,6,fullnet,Learned Polytope Approx. (FullNet),149.24981424435595,197.64570502378453,48.39589077942858,0.10132695002856251,0.0,0.0,False
24,6,supervised,Supervised Regression (FullNet),149.24981424435595,154.55903782286873,5.3092235785127855,0.011115973351586745,535.3097769182219,0.08431644191963837,True
24,6,cube,Inner Approx. (Cube),149.24981424435595,176.54736129823488,27.29754705387893,0.05715314134493512,0.0,0.0,False
24,6,power_energy,Outer Approx. (Power-Energy),149.24981424435595,79.9690130119406,-69.28080123241534,-0.14505389138120142,3879.4435778955044,0.5499421004348896,True
24,7,fullnet,Learned Polytope Approx. (FullNet),130.42610806806482,175.16707653481734,44.74096846675252,0.10536104642308196,0.0,0.0,False
24,7,supervised,Supervised Regression (FullNet),130.42610806806482,141.0292324216542,10.60312435358938,0.02496942546244639,552.766961821175,0.08770959773363911,True
24,7,cube,Inner Approx. (Cube),130.42610806806482,156.28124091101995,25.85513284295513,0.06088656426303939,0.0,0.0,False
24,7,power_energy,Outer Approx. (Power-Energy),130.42610806806482,70.60915391449518,-59.81695415356964,-0.14086366700231306,3853.1386217379445,0.5747284858993117,True
24,8,fullnet,Learned Polytope Approx. (FullNet),112.243505029672,152.90235296604632,40.65884793637433,0.11314142815663102,0.0,0.0,False
24,8,supervised,Supervised Regression (FullNet),112.243505029672,124.56739042863738,12.323885398965388,0.0342936916623795,535.3097769182219,0.08431644191963837,True
24,8,cube,Inner Approx. (Cube),112.243505029672,133.9133010336217,21.669796003949713,0.060300569056614454,0.0,0.0,False
24,8,power_energy,Outer Approx. (Power-Energy),112.243505029672,64.64070737872403,-47.60279765094796,-0.13246436590892852,4091.417026431921,0.6767305418601645,True
24,9,fullnet,Learned Polytope Approx. (FullNet),102.50855531725395,145.92466391155853,43.416108594304575,0.12389563142478555,0.0,0.0,False
24,9,supervised,Supervised Regression (FullNet),102.50855531725395,118.3044692139814,15.795913896727455,0.04507646561450057,217.53327380288727,0.03235000929105915,True
24,9,cube,Inner Approx. (Cube),102.50855531725395,136.74327869827593,34.23472338102198,0.09769490650530115,0.0,0.0,False
24,9,power_energy,Outer Approx. (Power-Energy),102.50855531725395,52.47252677488471,-50.03602854236924,-0.14278675705769403,3560.5702689036,0.5636345933979984,True
25,0,fullnet,Learned Polytope Approx. (FullNet),121.71767408970985,183.73252609399628,62.01485200428644,0.12533270196593377,0.0,0.0,False
25,0,supervised,Supervised Regression (FullNet),121.71767408970985,127.86559240760408,6.147918317894238,0.01242501093438527,751.466995554418,0.14050803198554204,True
25,0,cube,Inner Approx. (Cube),121.71767408970985,150.1511263201495,28.433452230439656,0.0574643215146912,0.0,0.0,False
25,0,power_energy,Outer Approx. (Power-Energy),121.71767408970985,62.14146836954651,-59.57620572016334,-0.1204041708471752,3831.5138554012156,0.5792585117806641,True
25,1,fullnet,Learned Polytope Approx. (FullNet),110.38075000910693,173.51126120880195,63.13051119969502,0.1286904280123819,0.0,0.0,False
25,1,supervised,Supervised Regression (FullNet),110.38075000910693,123.54547969374866,13.164729684641728,0.02683606810064984,504.12899943144987,0.09005284722247571,True
25,1,cube,Inner Approx. (Cube),110.38075000910693,154.80782559527654,44.42707558616961,0.09056380605627393,0.0,0.0,False
25,1,power_energy,Outer Approx. (Power-Energy),110.38075000910693,49.5822019812276,-60.798548027879335,-0.1239367624236337,3405.532576536833,0.5226975145269455,True
25,2,fullnet,Learned Polytope Approx. (FullNet),119.42572913581895,185.76670318121091,66.34097404539196,0.12306011652183536,0.0,0.0,False
25,2,supervised,Supervised Regression (FullNet),119.42572913581895,129.85137151707673,10.425642381257774,0.01933919097079767,751.466995554418,0.14050803198554204,True
25,2,cube,Inner Approx. (Cube),119.42572913581895,168.71198212065553,49.28625298483658,0.09142422345334757,0.0,0.0,False
25,2,power_energy,Outer Approx. (Power-Energy),119.42572913581895,49.04755644597876,-70.3781726898402,-0.130548974542938,3615.284840638464,0.5399389234483539,True
25,3,fullnet,Learned Polytope Approx. (FullNet),120.69773134459601,188.34645094696475,67.64871960236874,0.12648445269751982,0.0,0.0,False
25,3,supervised,Supervised Regression (FullNet),120.69773134459601,128.62617741269227,7.928446068096264,0.014824008016108033,504.12899943144987,0.09005284722247571,True
25,3,cube,Inner Approx. (Cube),120.69773134459601,165.71365460434896,45.01592325975295,0.08416736413713341,0.0,0.0,False
25,3,power_energy,Outer Approx. (Power-Energy),120.69773134459601,50.40582827083513,-70.29190307376088,-0.13142647697711105,3941.853301726026,0.5364962367661066,True
25,4,fullnet,Learned Polytope Approx. (FullNet),128.29474705032777,186.62553848876144,58.330791438433664,0.11296632977912997,0.0,0.0,False
25,4,supervised,Supervised Regression (FullNet),128.29474705032777,127.01463777514297,-1.280109275184799,-0.0024791236835262145,749.0062559929323,0.14005985203900229,True
25,4,cube,Inner Approx. (Cube),128.29474705032777,153.9181527376915,25.623405687363743,0.049623569740148456,0.0,0.0,False
25,4,power_energy,Outer Approx. (Power-Energy),128.29474705032777,66.01031507411103,-62.28443197621674,-0.12062314789878024,3604.704033409773,0.5392029277616972,True
25,5,fullnet,Learned Polytope Approx. (FullNet),103.7224939586176,152.71013278330344,48.98763882468583,0.11620326550351542,0.0,0.0,False
25,5,supervised,Supervised Regression (FullNet),103.7224939586176,104.15168317105638,0.4291892124387715,0.0010180769924990785,751.466995554418,0.14050803198554204,True
25,5,cube,Inner Approx. (Cube),103.7224939586176,129.39588150376798,25.673387545150376,0.06089967879367143,0.0,0.0,False
25,5,power_energy,Outer Approx. (Power-Energy),103.7224939586176,49.62314664753728,-54.09934731108032,-0.12832871659020353,3621.659410908678,0.5449654364614375,True
25,6,fullnet,Learned Polytope Approx. (FullNet),127.76655061464938,188.75058841687292,60.98403780222354,0.11676202190452842,0.0,0.0,False
25,6,supervised,Supervised Regression (FullNet),127.76655061464938,125.06560864427918,-2.700941970370195,-0.005171311327891875,749.0062559929323,0.14005985203900229,True
25,6,cube,Inner Approx. (Cube),127.76655061464938,157.39897875092623,29.632428136276857,0.05673521052104178,0.0,0.0,False
25,6,power_energy,Outer Approx. (Power-Energy),127.76655061464938,62.000535480904304,-65.76601513374507,-0.12591775120767595,3618.0527578897268,0.5411996718091319,True
25,7,fullnet,Learned Polytope Approx. (FullNet),111.19985526171823,166.43136861633383,55.2315133546156,0.1191648827293333,0.0,0.0,False
25,7,supervised,Supervised Regression (FullNet),111.19985526171823,114.24550179181291,3.045646530094686,0.006571141899797399,753.8397300675016,0.14286389293605192,True
25,7,cube,Inner Approx. (Cube),111.19985526171823,138.94078556682803,27.7409303051098,0.05985251002242839,0.0,0.0,False
25,7,power_energy,Outer Approx. (Power-Energy),111.19985526171823,55.13235928470696,-56.06749597701127,-0.12096855902047399,3866.828695614842,0.5571958699918672,True
25,8,fullnet,Learned Polytope Approx. (FullNet),95.74837919546127,143.1868552281054,47.43847603264413,0.12117894493061251,0.0,0.0,False
25,8,supervised,Supervised Regression (FullNet),95.74837919546127,103.01480104564112,7.266421850179853,0.018561669911563227,751.466995554418,0.14050803198554204,True
25,8,cube,Inner Approx. (Cube),95.74837919546127,118.17509883267465,22.42671963721338,0.05728780625292549,0.0,0.0,False
25,8,power_energy,Outer Approx. (Power-Energy),95.74837919546127,51.787408621985634,-43.960970573475635,-0.1122958509154822,4091.4796913554046,0.6697278935405344,True
25,9,fullnet,Learned Polytope Approx. (FullNet),85.56681218809716,134.12704303930568,48.560230851208516,0.12697404535871265,0.0,0.0,False
25,9,supervised,Supervised Regression (FullNet),85.56681218809716,97.67653013429083,12.109717946193669,0.031664179696603414,504.12899943144987,0.09005284722247571,True
25,9,cube,Inner Approx. (Cube),85.56681218809716,120.35521837778258,34.78840618968542,0.09096383167990037,0.0,0.0,False
25,9,power_energy,Outer Approx. (Power-Energy),85.56681218809716,40.76550458435651,-44.801307603740646,-0.11714530932188578,3571.412916729538,0.5399357562501527,True
26,0,fullnet,Learned Polytope Approx. (FullNet),132.23735605188898,188.0218742043952,55.78451815250622,0.11980479987489245,0.0,0.0,False
26,0,supervised,Supervised Regression (FullNet),132.23735605188898,147.80966219923226,15.572306147343284,0.033443634244050606,444.2993690508025,0.07193602806688446,True
26,0,cube,Inner Approx. (Cube),132.23735605188898,158.91170829514374,26.67435224325476,0.0572867802417677,0.0,0.0,False
26,0,power_energy,Outer Approx. (Power-Energy),132.23735605188898,68.36716646427253,-63.87018958761645,-0.13716987320024113,3884.2160332876615,0.5871469406462969,True
26,1,fullnet,Learned Polytope Approx. (FullNet),121.77816668974407,179.07932604837538,57.30115935863131,0.12421260470805205,0.0,0.0,False
26,1,supervised,Supervised Regression (FullNet),121.77816668974407,144.39796978108205,22.619803091337985,0.049033295162030914,144.01832736364162,0.022207714591470456,True
26,1,cube,Inner Approx. (Cube),121.77816668974407,164.19435195131484,42.416185261570774,0.091946217355642,0.0,0.0,False
26,1,power_energy,Outer Approx. (Power-Energy),121.77816668974407,55.31904220027734,-66.45912448946673,-0.14406446661554131,3906.927556467741,0.5905800662083976,True
26,2,fullnet,Learned Polytope Approx. (FullNet),131.50092265908398,191.00206089904356,59.50113823995957,0.11764014123657973,0.0,0.0,False
26,2,supervised,Supervised Regression (FullNet),131.50092265908398,148.08195047811557,16.58102781903159,0.0327824729438295,444.2993690508025,0.07193602806688446,True
26,2,cube,Inner Approx. (Cube),131.50092265908398,177.08111914185525,45.58019648277127,0.09011694415323357,0.0,0.0,False
26,2,power_energy,Outer Approx. (Power-Energy),131.50092265908398,56.32939041281119,-75.17153224627279,-0.14862219332272805,3512.1154142666765,0.5310121871578247,True
26,3,fullnet,Learned Polytope Approx. (FullNet),132.40425238008368,192.96990829795442,60.56565591787074,0.12066621057841073,0.0,0.0,False
26,3,supervised,Supervised Regression (FullNet),132.40425238008368,149.38853465971658,16.984282279632907,0.033838137324170244,144.01832736364162,0.022207714591470456,True
26,3,cube,Inner Approx. (Cube),132.40425238008368,174.42663363020148,42.0223812501178,0.08372206043320994,0.0,0.0,False
26,3,power_energy,Outer Approx. (Power-Energy),132.40425238008368,57.87167130164174,-74.53258107844194,-0.14849280482587937,3884.425379774419,0.5658807169873479,True
26,4,fullnet,Learned Polytope Approx. (FullNet),138.71424869722347,187.13359518734455,48.419346490121086,0.0996213161824646,0.0,0.0,False
26,4,supervised,Supervised Regression (FullNet),138.71424869722347,152.45345181018033,13.739203112956858,0.02826798783189348,427.0842018553179,0.0697861358784975,True
26,4,cube,Inner Approx. (Cube),138.71424869722347,162.79310887299246,24.078860175768995,0.049541514224547716,0.0,0.0,False
26,4,power_energy,Outer Approx. (Power-Energy),138.71424869722347,72.79838544250929,-65.91586325471418,-0.1356198612899032,3558.755822792599,0.523060688278957,True
26,5,fullnet,Learned Polytope Approx. (FullNet),112.12368809879763,153.15267462424973,41.0289865254521,0.10336712572734064,0.0,0.0,False
26,5,supervised,Supervised Regression (FullNet),112.12368809879763,125.19553935706068,13.071851258263052,0.03293280694768719,444.55303571179286,0.07205485700372295,True
26,5,cube,Inner Approx. (Cube),112.12368809879763,137.9257215534528,25.802033454655174,0.06500482371100932,0.0,0.0,False
26,5,power_energy,Outer Approx. (Power-Energy),112.12368809879763,54.95836645246089,-57.165321646336736,-0.14402049600214065,3755.7553366066127,0.5545274586638426,True
26,6,fullnet,Learned Polytope Approx. (FullNet),138.4658256075358,188.19264098832792,49.72681538079212,0.10126046972051561,0.0,0.0,False
26,6,supervised,Supervised Regression (FullNet),138.4658256075358,150.08251486780676,11.61668926027096,0.023655474457483117,466.42826159507047,0.07677320729723561,True
26,6,cube,Inner Approx. (Cube),138.4658256075358,165.78316808944064,27.31734248190483,0.05562726891017358,0.0,0.0,False
26,6,power_energy,Outer Approx. (Power-Energy),138.4658256075358,68.86992606623764,-69.59589954129817,-0.14172058725674644,3573.7818931009087,0.5252691979573268,True
26,7,fullnet,Learned Polytope Approx. (FullNet),120.79922821741067,166.68392444743674,45.884696230026066,0.10511542907874102,0.0,0.0,False
26,7,supervised,Supervised Regression (FullNet),120.79922821741067,137.03665380027175,16.23742558286108,0.03719767368013366,466.42826159507047,0.07677320729723561,True
26,7,cube,Inner Approx. (Cube),120.79922821741067,146.76209761873497,25.962869401324298,0.05947730684658319,0.0,0.0,False
26,7,power_energy,Outer Approx. (Power-Energy),120.79922821741067,61.0259933845684,-59.77323483284227,-0.13693213082158384,3985.3652842727315,0.5668316802099181,True
26,8,fullnet,Learned Polytope Approx. (FullNet),103.81840223321839,146.00049171312054,42.182089479902146,0.11419697884959462,0.0,0.0,False
26,8,supervised,Supervised Regression (FullNet),103.81840223321839,121.63531653758815,17.81691430436976,0.048234637284873386,444.55303571179286,0.07205485700372295,True
26,8,cube,Inner Approx. (Cube),103.81840223321839,125.77036841791924,21.95196618470085,0.05942920915038358,0.0,0.0,False
26,8,power_energy,Outer Approx. (Power-Energy),103.81840223321839,56.71165174457048,-47.10675048864791,-0.12752921098866665,4048.343934994675,0.7191276750934255,True
26,9,fullnet,Learned Polytope Approx. (FullNet),94.02836356936263,138.32802092313986,44.299657353777235,0.12292753547725932,0.0,0.0,False
26,9,supervised,Supervised Regression (FullNet),94.02836356936263,114.7390029573804,20.710639388017768,0.05747014785680278,0.0,0.0,False
26,9,cube,Inner Approx. (Cube),94.02836356936263,128.20492185788243,34.1765582885198,0.09483685275377006,0.0,0.0,False
26,9,power_energy,Outer Approx. (Power-Energy),94.02836356936263,45.31520961671553,-48.7131539526471,-0.13517458866332824,3867.5113839667265,0.6047672048127346,True
27,0,fullnet,Learned Polytope Approx. (FullNet),116.20081317544165,170.78128997075737,54.58047679531572,0.11653959440567331,0.0,0.0,False
27,0,supervised,Supervised Regression (FullNet),116.20081317544165,122.25228870813687,6.051475532695221,0.012921039638053926,563.3554419804364,0.10560629706705313,True
27,0,cube,Inner Approx. (Cube),116.20081317544165,144.44058743602787,28.239774260586216,0.06029723504941862,0.0,0.0,False
27,0,power_energy,Outer Approx. (Power-Energy),116.20081317544165,59.39164667033955,-56.809166505102105,-0.12129826655521551,3696.0891345148666,0.5828015750655529,True
27,1,fullnet,Learned Polytope Approx. (FullNet),105.47966398010894,160.30006896130106,54.82040498119213,0.11808941754448599,0.0,0.0,False
27,1,supervised,Supervised Regression (FullNet),105.47966398010894,117.22613338664212,11.74646940653318,0.025303237560859452,508.2588557603084,0.0940677574051246,True
27,1,cube,Inner Approx. (Cube),105.47966398010894,149.47445522127765,43.99479124116871,0.09476980833037052,0.0,0.0,False
27,1,power_energy,Outer Approx. (Power-Energy),105.47966398010894,47.423318861089854,-58.056345119019085,-0.1250600024246216,3399.9430019599235,0.5448639449547629,True
27,2,fullnet,Learned Polytope Approx. (FullNet),114.40448168984511,171.6216201560814,57.21713846623629,0.11232321224647565,0.0,0.0,False
27,2,supervised,Supervised Regression (FullNet),114.40448168984511,122.75142170346629,8.346940013621179,0.016385914079080015,563.3554419804364,0.10560629706705313,True
27,2,cube,Inner Approx. (Cube),114.40448168984511,162.92334799948418,48.518866309639066,0.09524759651641575,0.0,0.0,False
27,2,power_energy,Outer Approx. (Power-Energy),114.40448168984511,46.94483527076893,-67.4596464190762,-0.13243032395395715,3537.0477378361716,0.5572139018663197,True
27,3,fullnet,Learned Polytope Approx. (FullNet),115.5152862898565,173.77770696059335,58.262420670736844,0.11526844398639663,0.0,0.0,False
27,3,supervised,Supervised Regression (FullNet),115.5152862898565,121.58172589906303,6.066439609206526,0.012002059753790807,563.3554419804364,0.10560629706705313,True
27,3,cube,Inner Approx. (Cube),115.5152862898565,159.5394670318393,44.0241807419828,0.08709900401465875,0.0,0.0,False
27,3,power_energy,Outer Approx. (Power-Energy),115.5152862898565,48.13432059897722,-67.3809656908793,-0.1333088975719382,3890.0435784730953,0.5516044480020112,True
27,4,fullnet,Learned Polytope Approx. (FullNet),121.92580828278531,171.46145897028137,49.53565068749606,0.10144190554815703,0.0,0.0,False
27,4,supervised,Supervised Regression (FullNet),121.92580828278531,121.71121762432641,-0.2145906584589028,-0.0004394508804221625,744.7752841837826,0.14503356314356125,True
27,4,cube,Inner Approx. (Cube),121.92580828278531,147.5453415148337,25.619533232048383,0.05246512833169149,0.0,0.0,False
27,4,power_energy,Outer Approx. (Power-Energy),121.92580828278531,62.57911903113903,-59.34668925164628,-0.12153350490217697,3501.345449307712,0.5458407772129136,True
27,5,fullnet,Learned Polytope Approx. (FullNet),98.33278208441595,140.09362743345366,41.76084534903771,0.10477508952195068,0.0,0.0,False
27,5,supervised,Supervised Regression (FullNet),98.33278208441595,99.88300546912942,1.5502233847134619,0.0038894038795150277,744.7752841837826,0.14503356314356125,True
27,5,cube,Inner Approx. (Cube),98.33278208441595,123.72971530240025,25.396933217984298,0.0637191591610974,0.0,0.0,False
27,5,power_energy,Outer Approx. (Power-Energy),98.33278208441595,46.67830820016374,-51.65447388425221,-0.12959752323491938,3510.873319950418,0.5508499805649495,True
27,6,fullnet,Learned Polytope Approx. (FullNet),121.35631343658147,172.01830174986492,50.661988313283445,0.10266831944187388,0.0,0.0,False
27,6,supervised,Supervised Regression (FullNet),121.35631343658147,119.54187789497567,-1.8144355416058033,-0.0036770180957037286,744.7752841837826,0.14503356314356125,True
27,6,cube,Inner Approx. (Cube),121.35631343658147,150.71094132188958,29.354627885308105,0.059488196440090034,0.0,0.0,False
27,6,power_energy,Outer Approx. (Power-Energy),121.35631343658147,58.604441960393615,-62.75187147618786,-0.1271688972500005,3507.501602122643,0.5468004880685813,True
27,7,fullnet,Learned Polytope Approx. (FullNet),105.86825613844564,151.73275833088184,45.86450219243619,0.10457683213680671,0.0,0.0,False
27,7,supervised,Supervised Regression (FullNet),105.86825613844564,110.34470055464588,4.476444416200238,0.01020685615028698,744.7752841837826,0.14503356314356125,True
27,7,cube,Inner Approx. (Cube),105.86825613844564,133.4050502967979,27.53679415835225,0.06278735323892198,0.0,0.0,False
27,7,power_energy,Outer Approx. (Power-Energy),105.86825613844564,52.37971213329385,-53.488544005151795,-0.12196060613934769,3825.0515056648674,0.573326696139492,True
27,8,fullnet,Learned Polytope Approx. (FullNet),91.3066998563651,132.2956463450754,40.9889464887103,0.110471974963877,0.0,0.0,False
27,8,supervised,Supervised Regression (FullNet),91.3066998563651,99.34833396047728,8.041634104112177,0.02167353097652382,738.7273637876972,0.1436642796487495,True
27,8,cube,Inner Approx. (Cube),91.3066998563651,113.87255517844719,22.565855322082086,0.06081870401002251,0.0,0.0,False
27,8,power_energy,Outer Approx. (Power-Energy),91.3066998563651,49.53275265670188,-41.77394719966322,-0.11258768142417606,3808.9027971433266,0.6710266341241898,True
27,9,fullnet,Learned Polytope Approx. (FullNet),81.74679295482562,123.85782716638195,42.11103421155633,0.11625056756364538,0.0,0.0,False
27,9,supervised,Supervised Regression (FullNet),81.74679295482562,92.93122608160209,11.184433126776469,0.03087543973233967,508.2588557603084,0.0940677574051246,True
27,9,cube,Inner Approx. (Cube),81.74679295482562,116.25705878507296,34.510265830247334,0.09526809456599811,0.0,0.0,False
27,9,power_energy,Outer Approx. (Power-Energy),81.74679295482562,39.098358886283705,-42.64843406854192,-0.11773409888869776,3518.865876455578,0.5548569043132445,True
28,0,fullnet,Learned Polytope Approx. (FullNet),142.25761351383295,199.98003873631205,57.7224252224791,0.1203647359512436,0.0,0.0,False
28,0,supervised,Supervised Regression (FullNet),142.25761351383295,159.57752446174453,17.31991094791158,0.03611605887849241,296.103246906294,0.04439737486077061,True
28,0,cube,Inner Approx. (Cube),142.25761351383295,170.28823718344316,28.030623669610208,0.05845039607288363,0.0,0.0,False
28,0,power_energy,Outer Approx. (Power-Energy),142.25761351383295,79.69004847578267,-62.567565038050276,-0.13046798390557537,3713.922017532463,0.5650504521903681,True
28,1,fullnet,Learned Polytope Approx. (FullNet),132.01063668247681,191.5523336820145,59.54169699953769,0.12492407070063932,0.0,0.0,False
28,1,supervised,Supervised Regression (FullNet),132.01063668247681,156.18527321945382,24.174636536977005,0.05072065722162777,296.103246906294,0.04439737486077061,True
28,1,cube,Inner Approx. (Cube),132.01063668247681,176.00329700732328,43.99266032484647,0.09230073185137808,0.0,0.0,False
28,1,power_energy,Outer Approx. (Power-Energy),132.01063668247681,65.52172679155917,-66.48890989091764,-0.1394999756235689,3762.895451257026,0.5308004720680647,True
28,2,fullnet,Learned Polytope Approx. (FullNet),142.75755565487782,204.78381122912316,62.02625557424534,0.11875791747290194,0.0,0.0,False
28,2,supervised,Supervised Regression (FullNet),142.75755565487782,161.04679486047615,18.289239205598335,0.03501729936963127,296.103246906294,0.04439737486077061,True
28,2,cube,Inner Approx. (Cube),142.75755565487782,188.69934438861594,45.94178873373812,0.08796196230913862,0.0,0.0,False
28,2,power_energy,Outer Approx. (Power-Energy),142.75755565487782,68.74002598957387,-74.01752966530395,-0.14171688421556286,3553.76417220037,0.5013000559429266,True
28,3,fullnet,Learned Polytope Approx. (FullNet),143.91375840294964,207.22900269426492,63.31524429131528,0.12221945524346206,0.0,0.0,False
28,3,supervised,Supervised Regression (FullNet),143.91375840294964,162.81441363402854,18.9006552310789,0.03648454352412272,296.103246906294,0.04439737486077061,True
28,3,cube,Inner Approx. (Cube),143.91375840294964,186.37671255380002,42.46295415085038,0.08196760799763518,0.0,0.0,False
28,3,power_energy,Outer Approx. (Power-Energy),143.91375840294964,70.94972855473429,-72.96402984821535,-0.1408448167614475,3666.6021969655776,0.5173217903418221,True
28,4,fullnet,Learned Polytope Approx. (FullNet),149.00079340062172,203.5430456197601,54.54225221913839,0.10924257091352903,0.0,0.0,False
28,4,supervised,Supervised Regression (FullNet),149.00079340062172,165.23283224037766,16.232038839755944,0.03251111902931258,330.65861684111763,0.049933475635585714,True
28,4,cube,Inner Approx. (Cube),149.00079340062172,174.23822843812638,25.237435037504667,0.05054800956299304,0.0,0.0,False
28,4,power_energy,Outer Approx. (Power-Energy),149.00079340062172,85.25347321036365,-63.747320190258066,-0.1276793836538369,3800.3232222845268,0.5214686776499805,True
28,5,fullnet,Learned Polytope Approx. (FullNet),120.45648106035918,167.04011433152678,46.5836332711676,0.11410945420808187,0.0,0.0,False
28,5,supervised,Supervised Regression (FullNet),120.45648106035918,135.3526142701139,14.896133209754709,0.036488987891548974,330.65861684111763,0.049933475635585714,True
28,5,cube,Inner Approx. (Cube),120.45648106035918,147.28338745616298,26.826906395803803,0.06571414533290965,0.0,0.0,False
28,5,power_energy,Outer Approx. (Power-Energy),120.45648106035918,64.98127768975307,-55.47520337060611,-0.13588989810763083,3977.5449895494276,0.5676752265498249,True
28,6,fullnet,Learned Polytope Approx. (FullNet),148.68791591618748,205.24239113025078,56.5544752140633,0.11205837636894336,0.0,0.0,False
28,6,supervised,Supervised Regression (FullNet),148.68791591618748,162.99539173010402,14.30747581391654,0.028349171371087726,334.9395912549676,0.05062418871032482,True
28,6,cube,Inner Approx. (Cube),148.68791591618748,177.36101468048054,28.67309876429306,0.05681355685525042,0.0,0.0,False
28,6,power_energy,Outer Approx. (Power-Energy),148.68791591618748,81.24156030498685,-67.44635561120063,-0.1336398061017477,3800.323222284528,0.5214686776499807,True
28,7,fullnet,Learned Polytope Approx. (FullNet),129.86392200129293,181.19135606817014,51.3274340668772,0.11433287425599113,0.0,0.0,False
28,7,supervised,Supervised Regression (FullNet),129.86392200129293,149.8292148272626,19.96529282596967,0.04447308453372901,167.10630732529535,0.024764028357630384,True
28,7,cube,Inner Approx. (Cube),129.86392200129293,157.03048491300993,27.166562911716994,0.060514056036890536,0.0,0.0,False
28,7,power_energy,Outer Approx. (Power-Energy),129.86392200129293,71.74882339100314,-58.11509861028979,-0.12945253123558378,3851.5283468060497,0.5625954896692176,True
28,8,fullnet,Learned Polytope Approx. (FullNet),111.57795907471447,156.7128629861401,45.134903911425624,0.11850624567943581,0.0,0.0,False
28,8,supervised,Supervised Regression (FullNet),111.57795907471447,130.93060393939118,19.352644864676705,0.05081232235214058,296.103246906294,0.04439737486077061,True
28,8,cube,Inner Approx. (Cube),111.57795907471447,134.47764063593533,22.89968156122086,0.060125425200870206,0.0,0.0,False
28,8,power_energy,Outer Approx. (Power-Energy),111.57795907471447,65.58853483996573,-45.98942423474874,-0.12074987503494586,3974.160679965144,0.6477615012547637,True
28,9,fullnet,Learned Polytope Approx. (FullNet),101.75201749550658,148.4480477213063,46.69603022579972,0.12524896032118837,0.0,0.0,False
28,9,supervised,Supervised Regression (FullNet),101.75201749550658,124.74327516022376,22.991257664717182,0.06166757870118421,73.9866570209462,0.010786063857866622,True
28,9,cube,Inner Approx. (Cube),101.75201749550658,137.09952238205534,35.34750488654876,0.09480973469437011,0.0,0.0,False
28,9,power_energy,Outer Approx. (Power-Energy),101.75201749550658,53.28364321205636,-48.46837428345022,-0.1300027744993691,3572.982776447838,0.5573759588869371,True
29,0,fullnet,Learned Polytope Approx. (FullNet),135.21497100233955,190.9784584119555,55.76348740961595,0.12539091340442413,0.0,0.0,False
29,0,supervised,Supervised Regression (FullNet),135.21497100233955,145.75863360333398,10.543662600994423,0.023708694444723257,366.388617737763,0.05939835462736025,True
29,0,cube,Inner Approx. (Cube),135.21497100233955,160.75958727579712,25.544616273457564,0.05744014436482355,0.0,0.0,False
29,0,power_energy,Outer Approx. (Power-Energy),135.21497100233955,72.0531379016258,-63.16183310071375,-0.14202698419164084,3762.7594771827758,0.5722348050539181,True
29,1,fullnet,Learned Polytope Approx. (FullNet),125.487254668481,183.33166131043583,57.84440664195483,0.13136962372688116,0.0,0.0,False
29,1,supervised,Supervised Regression (FullNet),125.487254668481,141.93233309843956,16.445078429958556,0.03734818785289031,366.388617737763,0.05939835462736025,True
29,1,cube,Inner Approx. (Cube),125.487254668481,165.9459756113681,40.45872094288711,0.09188523584721045,0.0,0.0,False
29,1,power_energy,Outer Approx. (Power-Energy),125.487254668481,58.88365985832795,-66.60359481015306,-0.1512624935929634,3767.5096670728226,0.5675431480065188,True
29,2,fullnet,Learned Polytope Approx. (FullNet),135.07769936743614,195.30397630673227,60.22627693929613,0.12484362549300786,0.0,0.0,False
29,2,supervised,Supervised Regression (FullNet),135.07769936743614,146.5501771500467,11.472477782610554,0.02378140892243279,366.388617737763,0.05939835462736025,True
29,2,cube,Inner Approx. (Cube),135.07769936743614,177.81976608015952,42.742066712723386,0.08860043888913781,0.0,0.0,False
29,2,power_energy,Outer Approx. (Power-Energy),135.07769936743614,60.96349421052781,-74.11420515690833,-0.15363204472438294,3340.607106577839,0.5032339240135753,True
29,3,fullnet,Learned Polytope Approx. (FullNet),136.06875582207218,196.58725071176423,60.51849488969205,0.12635681092178097,0.0,0.0,False
29,3,supervised,Supervised Regression (FullNet),136.06875582207218,147.5941188753239,11.52536305325171,0.02406385226167704,366.388617737763,0.05939835462736025,True
29,3,cube,Inner Approx. (Cube),136.06875582207218,175.61528684301817,39.54653102094599,0.08256936250536429,0.0,0.0,False
29,3,power_energy,Outer Approx. (Power-Energy),136.06875582207218,62.69357878151366,-73.37517704055853,-0.1532003297267269,3683.7923206170476,0.555046160596338,True
29,4,fullnet,Learned Polytope Approx. (FullNet),141.23685518690755,190.37434392359472,49.137488736687175,0.10599779702671559,0.0,0.0,False
29,4,supervised,Supervised Regression (FullNet),141.23685518690755,148.69028588108034,7.453430694172795,0.01607829895636796,557.3491829256153,0.09318014899627164,True
29,4,cube,Inner Approx. (Cube),141.23685518690755,164.81765124616186,23.58079605925431,0.05086772846311578,0.0,0.0,False
29,4,power_energy,Outer Approx. (Power-Energy),141.23685518690755,76.53614008229458,-64.70071510461297,-0.13957028418551795,3650.0881632825767,0.5357373020450484,True
29,5,fullnet,Learned Polytope Approx. (FullNet),114.1958861007265,156.01647319730608,41.82058709657959,0.11054543560628287,0.0,0.0,False
29,5,supervised,Supervised Regression (FullNet),114.1958861007265,122.37021256667911,8.174326465952618,0.02160740780323969,508.44582928620423,0.08402528959575913,True
29,5,cube,Inner Approx. (Cube),114.1958861007265,139.67065570212304,25.474769601396545,0.06733811498276164,0.0,0.0,False
29,5,power_energy,Outer Approx. (Power-Energy),114.1958861007265,57.90924607774502,-56.28664002298148,-0.14878392610283142,4031.656213841202,0.5990973046572312,True
29,6,fullnet,Learned Polytope Approx. (FullNet),140.88702569050935,191.33055380269826,50.443528112188915,0.10776314106074796,0.0,0.0,False
29,6,supervised,Supervised Regression (FullNet),140.88702569050935,146.71179818447874,5.824772493969391,0.012443534451403985,508.44582928620423,0.08402528959575913,True
29,6,cube,Inner Approx. (Cube),140.88702569050935,167.58583971730496,26.698814026795617,0.05703701088721098,0.0,0.0,False
29,6,power_energy,Outer Approx. (Power-Energy),140.88702569050935,72.64152514156395,-68.2455005489454,-0.14579371779985167,3605.5076692782636,0.5291940536320491,True
29,7,fullnet,Learned Polytope Approx. (FullNet),123.2812225637761,169.47687964001145,46.19565707623535,0.11099096084012222,0.0,0.0,False
29,7,supervised,Supervised Regression (FullNet),123.2812225637761,134.16251770028444,10.881295136508342,0.026143700053728763,517.4240586762951,0.08593320099128626,True
29,7,cube,Inner Approx. (Cube),123.2812225637761,148.69907392280123,25.417851359025136,0.061069631289667366,0.0,0.0,False
29,7,power_energy,Outer Approx. (Power-Energy),123.2812225637761,64.4722241665024,-58.8089983972737,-0.14129612286684992,3927.5827775255602,0.5697883285764201,True
29,8,fullnet,Learned Polytope Approx. (FullNet),106.18211975240222,148.56606612831348,42.383946375911265,0.12021588896053051,0.0,0.0,False
29,8,supervised,Supervised Regression (FullNet),106.18211975240222,119.1878126984729,13.005692946070681,0.036888753236725295,508.44582928620423,0.08402528959575913,True
29,8,cube,Inner Approx. (Cube),106.18211975240222,127.53788883678529,21.35576908438307,0.06057252767698954,0.0,0.0,False
29,8,power_energy,Outer Approx. (Power-Energy),106.18211975240222,59.55121184950817,-46.630907902894045,-0.1322617765902293,3952.97862655218,0.6946798776900265,True
29,9,fullnet,Learned Polytope Approx. (FullNet),96.84548200089301,141.58929127914584,44.743809278252826,0.1301659673652333,0.0,0.0,False
29,9,supervised,Supervised Regression (FullNet),96.84548200089301,112.72989962854243,15.884417627649412,0.04620998122172147,192.48052910386855,0.029825167952309536,True
29,9,cube,Inner Approx. (Cube),96.84548200089301,129.8770304288371,33.031548427944074,0.09609337077128681,0.0,0.0,False
29,9,power_energy,Outer Approx. (Power-Energy),96.84548200089301,48.1075787409922,-48.73790325990081,-0.14178534254260683,3614.46999821389,0.6074275865600811,True
30,0,fullnet,Learned Polytope Approx. (FullNet),136.69194331667342,192.64049803677963,55.948554720106216,0.12417158244665406,0.0,0.0,False
30,0,supervised,Supervised Regression (FullNet),136.69194331667342,159.52513237509325,22.833189058419833,0.050675718646736034,240.0307690239441,0.037306183407311,True
30,0,cube,Inner Approx. (Cube),136.69194331667342,161.64428060122648,24.952337284553067,0.05537893198252967,0.0,0.0,False
30,0,power_energy,Outer Approx. (Power-Energy),136.69194331667342,69.66753762522703,-67.02440569144639,-0.14875319941486462,3891.109670312521,0.5837911888503148,True
30,1,fullnet,Learned Polytope Approx. (FullNet),127.15836989565095,186.2257220434445,59.06735214779356,0.13241232049766322,0.0,0.0,False
30,1,supervised,Supervised Regression (FullNet),127.15836989565095,155.86283568971837,28.704465794067417,0.06434730500409344,0.0,0.0,False
30,1,cube,Inner Approx. (Cube),127.15836989565095,167.11876934023286,39.96039944458191,0.0895799291160248,0.0,0.0,False
30,1,power_energy,Outer Approx. (Power-Energy),127.15836989565095,56.504951448737195,-70.65341844691375,-0.15838500876490907,3900.348650638203,0.5747040993974889,True
30,2,fullnet,Learned Polytope Approx. (FullNet),136.53387796701378,196.45889671042426,59.925018743410476,0.12255865164853015,0.0,0.0,False
30,2,supervised,Supervised Regression (FullNet),136.53387796701378,159.5709914383751,23.037113471361323,0.04711550574583178,49.93673657285038,0.0074517544451129574,True
30,2,cube,Inner Approx. (Cube),136.53387796701378,178.66029462170235,42.12641665468857,0.0861569496722193,0.0,0.0,False
30,2,power_energy,Outer Approx. (Power-Energy),136.53387796701378,58.02547612367685,-78.50840184333693,-0.16056538779236348,3496.0464274230794,0.5151314391330711,True
30,3,fullnet,Learned Polytope Approx. (FullNet),137.49837112247013,197.91896735098152,60.420596228511386,0.12446682082648905,0.0,0.0,False
30,3,supervised,Supervised Regression (FullNet),137.49837112247013,161.66881411319687,24.17044299072674,0.04979126961352353,43.40197954841726,0.006469004087874439,True
30,3,cube,Inner Approx. (Cube),137.49837112247013,176.55108954408686,39.05271842161673,0.08044885370192673,0.0,0.0,False
30,3,power_energy,Outer Approx. (Power-Energy),137.49837112247013,59.824562379990155,-77.67380874247998,-0.1600085507117053,3835.0701645828535,0.5652118666726534,True
30,4,fullnet,Learned Polytope Approx. (FullNet),142.5810325197444,191.74789725328827,49.16686473354386,0.1046209040030915,0.0,0.0,False
30,4,supervised,Supervised Regression (FullNet),142.5810325197444,162.95367052940557,20.37263800966116,0.04335041123833046,194.78292576857154,0.030403669939557162,True
30,4,cube,Inner Approx. (Cube),142.5810325197444,165.84155578554748,23.260523265803073,0.049495467828620576,0.0,0.0,False
30,4,power_energy,Outer Approx. (Power-Energy),142.5810325197444,73.89940850469874,-68.68162401504567,-0.14614585721086706,3802.2626142879135,0.5458092202627616,True
30,5,fullnet,Learned Polytope Approx. (FullNet),115.37109508430561,156.9086028716216,41.537507787316,0.10828439914729696,0.0,0.0,False
30,5,supervised,Supervised Regression (FullNet),115.37109508430561,134.6351383493844,19.264043265078783,0.05021955965166436,138.89756412326778,0.021198894158004244,True
30,5,cube,Inner Approx. (Cube),115.37109508430561,140.58658244004738,25.21548735574177,0.06573441795072107,0.0,0.0,False
30,5,power_energy,Outer Approx. (Power-Energy),115.37109508430561,55.88269342571368,-59.488401658591926,-0.15508070110553754,4155.310713082858,0.6081023603383635,True
30,6,fullnet,Learned Polytope Approx. (FullNet),142.04677968871306,192.74863785647898,50.70185816776592,0.10681954388204516,0.0,0.0,False
30,6,supervised,Supervised Regression (FullNet),142.04677968871306,161.19113352709232,19.14435383837926,0.040333652825218766,262.1769962423921,0.04142045564799956,True
30,6,cube,Inner Approx. (Cube),142.04677968871306,168.75826148961596,26.711481800902902,0.05627620772684047,0.0,0.0,False
30,6,power_energy,Outer Approx. (Power-Energy),142.04677968871306,69.8260014786312,-72.22077821008186,-0.1521559734887961,3754.3964774563765,0.5389381065414637,True
30,7,fullnet,Learned Polytope Approx. (FullNet),124.40996986837439,170.88614457393822,46.476174705563835,0.11015824789991648,0.0,0.0,False
30,7,supervised,Supervised Regression (FullNet),124.40996986837439,146.93693544071903,22.526965572344636,0.0533936167008631,145.91781969148468,0.022574550413396604,True
30,7,cube,Inner Approx. (Cube),124.40996986837439,149.4701483043254,25.060178435951002,0.05939786064693383,0.0,0.0,False
30,7,power_energy,Outer Approx. (Power-Energy),124.40996986837439,62.0373950623726,-62.372574806001786,-0.14783603859749445,4072.953755039686,0.5779171940585568,True
30,8,fullnet,Learned Polytope Approx. (FullNet),107.4362919026749,150.57897082587996,43.14267892320507,0.12074314281231127,0.0,0.0,False
30,8,supervised,Supervised Regression (FullNet),107.4362919026749,131.06329085391607,23.626998951241177,0.06612473262668937,64.63238787032944,0.009735681902335508,True
30,8,cube,Inner Approx. (Cube),107.4362919026749,128.19122885012075,20.754936947445856,0.05808671084998537,0.0,0.0,False
30,8,power_energy,Outer Approx. (Power-Energy),107.4362919026749,57.84057669877879,-49.595715203896106,-0.13880321466365425,4060.5875384256437,0.7070348254314472,True
30,9,fullnet,Learned Polytope Approx. (FullNet),98.15634058244382,143.94959605503036,45.79325547258654,0.13145014177178807,0.0,0.0,False
30,9,supervised,Supervised Regression (FullNet),98.15634058244382,124.47170612663089,26.315365544187074,0.0755386027016706,0.0,0.0,False
30,9,cube,Inner Approx. (Cube),98.15634058244382,130.70393035669332,32.5475897742495,0.0934282842746633,0.0,0.0,False
30,9,power_energy,Outer Approx. (Power-Energy),98.15634058244382,46.37461515436881,-51.781725428075006,-0.14864012349554406,3748.24064938287,0.6204871946570663,True
31,0,fullnet,Learned Polytope Approx. (FullNet),140.31120469410126,190.2375352363164,49.92633054221514,0.11351055847955556,0.0,0.0,False
31,0,supervised,Supervised Regression (FullNet),140.31120469410126,145.35997400293672,5.04876930883546,0.011478685047677968,657.5031549572329,0.1072861812524626,True
31,0,cube,Inner Approx. (Cube),140.31120469410126,167.79677163205702,27.485566937955753,0.06249011332039586,0.0,0.0,False
31,0,power_energy,Outer Approx. (Power-Energy),140.31120469410126,73.45639887385543,-66.85480582024583,-0.15199847982582473,3673.245616567769,0.5866453072959802,True
31,1,fullnet,Learned Polytope Approx. (FullNet),130.2858500395483,182.74405607194655,52.45820603239824,0.12031124769110488,0.0,0.0,False
31,1,supervised,Supervised Regression (FullNet),130.2858500395483,141.7326603994586,11.446810359910302,0.02625289998734852,657.5031549572329,0.1072861812524626,True
31,1,cube,Inner Approx. (Cube),130.2858500395483,173.4828471724738,43.1969971329255,0.09907095599803056,0.0,0.0,False
31,1,power_energy,Outer Approx. (Power-Energy),130.2858500395483,60.160272566285556,-70.12557747326275,-0.16083080911415165,3710.5961859302083,0.5549247806610973,True
31,2,fullnet,Learned Polytope Approx. (FullNet),140.99610028365674,194.90678949961648,53.910689215959735,0.1130211928840433,0.0,0.0,False
31,2,supervised,Supervised Regression (FullNet),140.99610028365674,145.91871084106327,4.922610557406529,0.010320018634392943,657.5031549572329,0.1072861812524626,True
31,2,cube,Inner Approx. (Cube),140.99610028365674,186.4938165911493,45.49771630749257,0.09538379578071318,0.0,0.0,False
31,2,power_energy,Outer Approx. (Power-Energy),140.99610028365674,62.617390781188725,-78.37870950246801,-0.16431723232464954,3471.6440378246866,0.5191891571301004,True
31,3,fullnet,Learned Polytope Approx. (FullNet),142.01814438631487,196.11495800000233,54.09681361368746,0.11423389096578136,0.0,0.0,False
31,3,supervised,Supervised Regression (FullNet),142.01814438631487,147.34500776339937,5.326863377084493,0.011248505957354951,657.5031549572329,0.1072861812524626,True
31,3,cube,Inner Approx. (Cube),142.01814438631487,183.8117346700809,41.79359028376604,0.08825370879767121,0.0,0.0,False
31,3,power_energy,Outer Approx. (Power-Energy),142.01814438631487,64.48023366730719,-77.53791071900768,-0.16373343727861486,3736.8051137253387,0.558960981632392,True
31,4,fullnet,Learned Polytope Approx. (FullNet),146.78550787919585,190.48750230096752,43.70199442177167,0.09544994479700777,0.0,0.0,False
31,4,supervised,Supervised Regression (FullNet),146.78550787919585,149.10761866948292,2.32211079028707,0.005071744429014356,765.1886484111349,0.12633473918045016,True
31,4,cube,Inner Approx. (Cube),146.78550787919585,171.65133824359526,24.865830364399415,0.05430969837914928,0.0,0.0,False
31,4,power_energy,Outer Approx. (Power-Energy),146.78550787919585,77.97089251130386,-68.81461536789199,-0.15029866085059862,3726.2432252649846,0.5417553973030903,True
31,5,fullnet,Learned Polytope Approx. (FullNet),118.62365726579759,156.39902353073484,37.77536626493725,0.10103453648554377,0.0,0.0,False
31,5,supervised,Supervised Regression (FullNet),118.62365726579759,122.40755796287252,3.7839006970749267,0.010120475083021045,765.1886484111349,0.12633473918045016,True
31,5,cube,Inner Approx. (Cube),118.62365726579759,145.3579537040377,26.734296438240108,0.07150393274708862,0.0,0.0,False
31,5,power_energy,Outer Approx. (Power-Energy),118.62365726579759,59.08169074203617,-59.54196652376142,-0.15925179777144358,3922.5310693586057,0.603518120101435,True
31,6,fullnet,Learned Polytope Approx. (FullNet),146.4912484047071,191.60428460319986,45.11303619849275,0.09759317133593762,0.0,0.0,False
31,6,supervised,Supervised Regression (FullNet),146.4912484047071,146.8125614885394,0.32131308383227974,0.0006950975923001576,765.1886484111349,0.12633473918045016,True
31,6,cube,Inner Approx. (Cube),146.4912484047071,174.23538811687536,27.74413971216825,0.060018983616719875,0.0,0.0,False
31,6,power_energy,Outer Approx. (Power-Energy),146.4912484047071,74.02110376366562,-72.47014464104149,-0.15677488900491346,3718.7711800366123,0.5406690428740728,True
31,7,fullnet,Learned Polytope Approx. (FullNet),128.08311847740003,169.8149249432995,41.73180646589947,0.10146487016210183,0.0,0.0,False
31,7,supervised,Supervised Regression (FullNet),128.08311847740003,134.91063858582143,6.827520108421396,0.01660013069159107,756.8776454287035,0.12529170522985428,True
31,7,cube,Inner Approx. (Cube),128.08311847740003,154.89197996027343,26.808861482873397,0.06518188115763114,0.0,0.0,False
31,7,power_energy,Outer Approx. (Power-Energy),128.08311847740003,65.73695118352977,-62.346167293870266,-0.15158571615504784,3851.8416116605986,0.579482767914421,True
31,8,fullnet,Learned Polytope Approx. (FullNet),109.99982504371356,148.3923709578644,38.39254591415083,0.10995581184522099,0.0,0.0,False
31,8,supervised,Supervised Regression (FullNet),109.99982504371356,119.12394207841243,9.12411703469887,0.02613136670239272,657.5031549572329,0.1072861812524626,True
31,8,cube,Inner Approx. (Cube),109.99982504371356,133.1007628380973,23.10093779438374,0.06616082130232427,0.0,0.0,False
31,8,power_energy,Outer Approx. (Power-Energy),109.99982504371356,60.66557312136538,-49.33425192234818,-0.14129273255356165,3954.632882143176,0.6869880891984291,True
31,9,fullnet,Learned Polytope Approx. (FullNet),100.40547425380366,141.30260021539982,40.89712596159616,0.12001261688654122,0.0,0.0,False
31,9,supervised,Supervised Regression (FullNet),100.40547425380366,112.68255104427605,12.277076790472393,0.03602708206745845,442.0262007342597,0.06907492964734736,True
31,9,cube,Inner Approx. (Cube),100.40547425380366,135.73812891170087,35.33265465789721,0.1036836757434871,0.0,0.0,False
31,9,power_energy,Outer Approx. (Power-Energy),100.40547425380366,49.10285585490016,-51.3026183989035,-0.150547534635212,3533.0533980110727,0.5864723541759373,True
32,0,fullnet,Learned Polytope Approx. (FullNet),110.93315509429772,162.6562915942137,51.723136499915995,0.12238112519074791,0.0,0.0,False
32,0,supervised,Supervised Regression (FullNet),110.93315509429772,103.45350777496084,-7.479647319336877,-0.017697450636465075,1197.6126994694175,0.27290148004517295,True
32,0,cube,Inner Approx. (Cube),110.93315509429772,135.62601038713498,24.692855292837265,0.05842529319378471,0.0,0.0,False
32,0,power_energy,Outer Approx. (Power-Energy),110.93315509429772,50.82150947223887,-60.111645622058845,-0.14222901637658816,3652.8865764319185,0.6280109431449308,True
32,1,fullnet,Learned Polytope Approx. (FullNet),101.14746864423877,153.95526614927772,52.80779750503895,0.12652063839241065,0.0,0.0,False
32,1,supervised,Supervised Regression (FullNet),101.14746864423877,98.83079689350748,-2.316671750731288,-0.005550445250442755,985.7543131672642,0.21299106186117556,True
32,1,cube,Inner Approx. (Cube),101.14746864423877,140.07539966699653,38.92793102275776,0.09326627727325827,0.0,0.0,False
32,1,power_energy,Outer Approx. (Power-Energy),101.14746864423877,40.02871590256829,-61.118752741670484,-0.14643260995473598,3267.1275032241506,0.571379356306535,True
32,2,fullnet,Learned Polytope Approx. (FullNet),108.9483680400678,165.65980657576407,56.71143853569626,0.12410398954971129,0.0,0.0,False
32,2,supervised,Supervised Regression (FullNet),108.9483680400678,101.57420314029702,-7.37416489977079,-0.016137190437921348,985.7543131672642,0.21299106186117556,True
32,2,cube,Inner Approx. (Cube),108.9483680400678,152.04143416631098,43.09306612624317,0.09430234122574865,0.0,0.0,False
32,2,power_energy,Outer Approx. (Power-Energy),108.9483680400678,38.40483769582679,-70.54353034424102,-0.15437332888551006,3550.8581699174465,0.5579260367704452,True
32,3,fullnet,Learned Polytope Approx. (FullNet),109.68035268515207,165.48913603161228,55.8087833464602,0.1228421909815939,0.0,0.0,False
32,3,supervised,Supervised Regression (FullNet),109.68035268515207,100.88928590324649,-8.791066781905585,-0.01935024990332974,985.7543131672642,0.21299106186117556,True
32,3,cube,Inner Approx. (Cube),109.68035268515207,149.31145038085853,39.63109769570646,0.08723305866969712,0.0,0.0,False
32,3,power_energy,Outer Approx. (Power-Energy),109.68035268515207,39.08783316248458,-70.59251952266749,-0.15538306418975964,3633.5422344607823,0.5565820729049612,True
32,4,fullnet,Learned Polytope Approx. (FullNet),115.70619957871271,158.14219296573913,42.435993387026414,0.09617150122162758,0.0,0.0,False
32,4,supervised,Supervised Regression (FullNet),115.70619957871271,101.71641924393263,-13.989780334780079,-0.03170464667307463,1197.6126994694175,0.27290148004517295,True
32,4,cube,Inner Approx. (Cube),115.70619957871271,138.98892394987263,23.282724371159915,0.05276498501831644,0.0,0.0,False
32,4,power_energy,Outer Approx. (Power-Energy),115.70619957871271,52.605955920459714,-63.100243658253,-0.14300231185161627,3527.789554814972,0.5778849402642569,True
32,5,fullnet,Learned Polytope Approx. (FullNet),93.36642724363199,128.71826259323578,35.35183534960379,0.09823805910469063,0.0,0.0,False
32,5,supervised,Supervised Regression (FullNet),93.36642724363199,83.46261902364617,-9.90380821998582,-0.027521368767842266,1213.6201707418084,0.2742916425896574,True
32,5,cube,Inner Approx. (Cube),93.36642724363199,117.03111600700981,23.664688763377825,0.06576102967329742,0.0,0.0,False
32,5,power_energy,Outer Approx. (Power-Energy),93.36642724363199,38.6027101577449,-54.76371708588709,-0.15218110241442465,3536.599066349886,0.6008657702115155,True
32,6,fullnet,Learned Polytope Approx. (FullNet),115.12142335701526,157.6587007311464,42.53727737413115,0.09548643856891761,0.0,0.0,False
32,6,supervised,Supervised Regression (FullNet),115.12142335701526,99.08146078954218,-16.039962567473083,-0.036006039758392984,1197.6126994694175,0.27290148004517295,True
32,6,cube,Inner Approx. (Cube),115.12142335701526,141.71583653059668,26.594413173581415,0.05969836239025309,0.0,0.0,False
32,6,power_energy,Outer Approx. (Power-Energy),115.12142335701526,48.64589593406695,-66.47552742294832,-0.1492223235111884,3535.190883734924,0.5673865016957749,True
32,7,fullnet,Learned Polytope Approx. (FullNet),100.8273757881174,140.6440114361765,39.816635648059105,0.10046883183068055,0.0,0.0,False
32,7,supervised,Supervised Regression (FullNet),100.8273757881174,91.61228611804118,-9.21508967007621,-0.023252323540114535,1218.9740044377652,0.28238844654250195,True
32,7,cube,Inner Approx. (Cube),100.8273757881174,125.73487131339684,24.907495525279444,0.06284878012727606,0.0,0.0,False
32,7,power_energy,Outer Approx. (Power-Energy),100.8273757881174,44.17701282717531,-56.65036296094208,-0.14294517095261777,3616.7709840711277,0.5881862956315225,True
32,8,fullnet,Learned Polytope Approx. (FullNet),87.24038567858118,125.54371796256154,38.30333228398037,0.1142086956310564,0.0,0.0,False
32,8,supervised,Supervised Regression (FullNet),87.24038567858118,84.4452793454665,-2.795106333114674,-0.008334142995403089,1197.6126994694175,0.27290148004517295,True
32,8,cube,Inner Approx. (Cube),87.24038567858118,107.61684313330119,20.37645745472001,0.06075629687338147,0.0,0.0,False
32,8,power_energy,Outer Approx. (Power-Energy),87.24038567858118,42.81597278401587,-44.42441289456531,-0.13245986571736854,3781.816887628401,0.7329043220902788,True
32,9,fullnet,Learned Polytope Approx. (FullNet),78.42460248878632,118.7264092500109,40.30180676122458,0.12360738124970443,0.0,0.0,False
32,9,supervised,Supervised Regression (FullNet),78.42460248878632,78.87015628118857,0.4455537924022508,0.0013665327167839173,985.7543131672642,0.21299106186117556,True
32,9,cube,Inner Approx. (Cube),78.42460248878632,109.57234233158513,31.147739842798813,0.09553146281073716,0.0,0.0,False
32,9,power_energy,Outer Approx. (Power-Energy),78.42460248878632,33.38622320183044,-45.03837928695588,-0.13813465367383418,3399.4777286359117,0.5844444304225213,True
33,0,fullnet,Learned Polytope Approx. (FullNet),136.33107992482948,198.17323618071288,61.842156255883395,0.1250044451697994,0.0,0.0,False
33,0,supervised,Supervised Regression (FullNet),136.33107992482948,161.45051346002268,25.119433535193195,0.05077508680412074,42.73162798778522,0.0063707326414617115,True
33,0,cube,Inner Approx. (Cube),136.33107992482948,165.01680246747432,28.68572254264484,0.057983793707014925,0.0,0.0,False
33,0,power_energy,Outer Approx. (Power-Energy),136.33107992482948,71.7611290596395,-64.56995086518998,-0.1305182640971771,4078.5128288714773,0.5840848134151443,True
33,1,fullnet,Learned Polytope Approx. (FullNet),125.6488098039544,188.96637550127062,63.31756569731621,0.12912037550995323,0.0,0.0,False
33,1,supervised,Supervised Regression (FullNet),125.6488098039544,158.10446992704374,32.45566012308933,0.06618522011016505,9.493064323759143,0.0014039568129185203,True
33,1,cube,Inner Approx. (Cube),125.6488098039544,170.8065660050835,45.157756201129104,0.09208797548772242,0.0,0.0,False
33,1,power_energy,Outer Approx. (Power-Energy),125.6488098039544,58.0192141029264,-67.62959570102801,-0.13791368471503299,4101.442634105194,0.5873685963952475,True
33,2,fullnet,Learned Polytope Approx. (FullNet),135.21475183242686,201.89273224428354,66.67798041185668,0.1237649721064586,0.0,0.0,False
33,2,supervised,Supervised Regression (FullNet),135.21475183242686,163.79215235519902,28.577400522772166,0.053044215747528316,42.73162798778522,0.0063707326414617115,True
33,2,cube,Inner Approx. (Cube),135.21475183242686,183.39618045655774,48.18142862413089,0.08943242031149633,0.0,0.0,False
33,2,power_energy,Outer Approx. (Power-Energy),135.21475183242686,59.212628979646844,-76.00212285278002,-0.14107206842205605,3623.4749971007336,0.5190295151245884,True
33,3,fullnet,Learned Polytope Approx. (FullNet),136.38131894767145,204.50172015805379,68.12040121038234,0.12750539590520363,0.0,0.0,False
33,3,supervised,Supervised Regression (FullNet),136.38131894767145,165.13839743340702,28.757078485735576,0.05382649855623404,9.493064323759143,0.0014039568129185203,True
33,3,cube,Inner Approx. (Cube),136.38131894767145,180.97962834931982,44.59830940164838,0.08347756319575596,0.0,0.0,False
33,3,power_energy,Outer Approx. (Power-Energy),136.38131894767145,61.033609223785945,-75.3477097238855,-0.1410332204184101,3972.272995657844,0.565049593271214,True
33,4,fullnet,Learned Polytope Approx. (FullNet),143.09816652741353,199.84182093319893,56.743654405785406,0.10978350912161428,0.0,0.0,False
33,4,supervised,Supervised Regression (FullNet),143.09816652741353,165.8864418970325,22.788275369618987,0.044089103232860354,158.20915235075384,0.024179940595929275,True
33,4,cube,Inner Approx. (Cube),143.09816652741353,168.36179004673338,25.26362351931985,0.04887822739163411,0.0,0.0,False
33,4,power_energy,Outer Approx. (Power-Energy),143.09816652741353,76.78246714583392,-66.3156993815796,-0.12830280785055662,3660.5623249252735,0.5099811251702069,True
33,5,fullnet,Learned Polytope Approx. (FullNet),115.92988086007617,163.03550731067756,47.10562645060139,0.11164671912411858,0.0,0.0,False
33,5,supervised,Supervised Regression (FullNet),115.92988086007617,136.61321993025888,20.68333907018271,0.04902231690176611,42.73162798778522,0.0063707326414617115,True
33,5,cube,Inner Approx. (Cube),115.92988086007617,142.84255910027315,26.912678240196982,0.06378669502489313,0.0,0.0,False
33,5,power_energy,Outer Approx. (Power-Energy),115.92988086007617,58.36932150717371,-57.56055935290246,-0.13642632710637928,3889.752507977251,0.5443900300745597,True
33,6,fullnet,Learned Polytope Approx. (FullNet),142.6931640413864,201.31218236147492,58.619018320088514,0.11218515539011098,0.0,0.0,False
33,6,supervised,Supervised Regression (FullNet),142.6931640413864,164.71735416644194,22.024190125055526,0.04214992441580982,42.73162798778522,0.0063707326414617115,True
33,6,cube,Inner Approx. (Cube),142.6931640413864,171.73279138211234,29.03962734072593,0.05557607750953777,0.0,0.0,False
33,6,power_energy,Outer Approx. (Power-Energy),142.6931640413864,72.78512688362775,-69.90803715775866,-0.1337900946879754,3672.178181318709,0.5115994195707702,True
33,7,fullnet,Learned Polytope Approx. (FullNet),124.44223902840568,178.07556716666073,53.63332813825505,0.11555946137350333,0.0,0.0,False
33,7,supervised,Supervised Regression (FullNet),124.44223902840568,150.08532011851088,25.6430810901052,0.05525110489304114,61.38804801466149,0.009215177291830325,True
33,7,cube,Inner Approx. (Cube),124.44223902840568,152.07287940842025,27.63064038001457,0.05953354062773509,0.0,0.0,False
33,7,power_energy,Outer Approx. (Power-Energy),124.44223902840568,64.26220898955079,-60.180030038854895,-0.12966511865167987,4119.256765561289,0.5550311911473822,True
33,8,fullnet,Learned Polytope Approx. (FullNet),107.19963986844344,153.7777643996792,46.57812453123576,0.11888450640070188,0.0,0.0,False
33,8,supervised,Supervised Regression (FullNet),107.19963986844344,131.95353533235914,24.753895463915697,0.06318104632462569,42.73162798778522,0.0063707326414617115,True
33,8,cube,Inner Approx. (Cube),107.19963986844344,130.41692366075614,23.2172837923127,0.059259048134561745,0.0,0.0,False
33,8,power_energy,Outer Approx. (Power-Energy),107.19963986844344,59.50971330203029,-47.68992656641315,-0.12172223414301836,4194.302677319918,0.7071112523390007,True
33,9,fullnet,Learned Polytope Approx. (FullNet),97.13060777406588,146.24562663889833,49.11501886483245,0.12838427916031414,0.0,0.0,False
33,9,supervised,Supervised Regression (FullNet),97.13060777406588,126.16191379488248,29.0313060208166,0.0758864270585421,9.493064323759143,0.0014039568129185203,True
33,9,cube,Inner Approx. (Cube),97.13060777406588,133.1218506378279,35.99124286376201,0.09407936468200008,0.0,0.0,False
33,9,power_energy,Outer Approx. (Power-Energy),97.13060777406588,47.55477321680338,-49.575834557262496,-0.12958882904883617,4063.4938070749427,0.5988000077379664,True
34,0,fullnet,Learned Polytope Approx. (FullNet),115.70648895249053,170.55212803536222,54.845639082871685,0.12238796404073507,0.0,0.0,False
34,0,supervised,Supervised Regression (FullNet),115.70648895249053,129.21893292220727,13.512443969716742,0.030152999113918794,497.76592340904716,0.09037413007452273,True
34,0,cube,Inner Approx. (Cube),115.70648895249053,142.1843457191492,26.477856766658675,0.059085298959449764,0.0,0.0,False
34,0,power_energy,Outer Approx. (Power-Energy),115.70648895249053,56.10932939493996,-59.59715955755057,-0.13299097508624638,3608.7993893209396,0.5892200953054534,True
34,1,fullnet,Learned Polytope Approx. (FullNet),104.93072263620493,160.83542077140015,55.90469813519522,0.12606282965192586,0.0,0.0,False
34,1,supervised,Supervised Regression (FullNet),104.93072263620493,125.09222617214225,20.161503535937314,0.04546337375136407,349.910590155552,0.061540330924202094,True
34,1,cube,Inner Approx. (Cube),104.93072263620493,146.30657010304913,41.37584746684419,0.09330085994388194,0.0,0.0,False
34,1,power_energy,Outer Approx. (Power-Energy),104.93072263620493,44.55031660963899,-60.38040602656594,-0.13615536964055408,3230.551259494269,0.5363291076600988,True
34,2,fullnet,Learned Polytope Approx. (FullNet),113.484171569462,172.38104819079598,58.89687662133397,0.12126271579496874,0.0,0.0,False
34,2,supervised,Supervised Regression (FullNet),113.484171569462,128.27589846302288,14.791726893560877,0.030454670558216823,497.76592340904716,0.09037413007452273,True
34,2,cube,Inner Approx. (Cube),113.484171569462,159.5170656644336,46.032894094971596,0.09477707603660028,0.0,0.0,False
34,2,power_energy,Outer Approx. (Power-Energy),113.484171569462,43.499512537129576,-69.98465903233243,-0.14409133905025243,3488.8020792596058,0.5379453653067847,True
34,3,fullnet,Learned Polytope Approx. (FullNet),114.43273058649538,173.63246901739552,59.19973843090014,0.1226971314653909,0.0,0.0,False
34,3,supervised,Supervised Regression (FullNet),114.43273058649538,127.90944329844648,13.476712711951095,0.02793177867280022,349.910590155552,0.061540330924202094,True
34,3,cube,Inner Approx. (Cube),114.43273058649538,156.62196400804964,42.18923342155426,0.08744122958567939,0.0,0.0,False
34,3,power_energy,Outer Approx. (Power-Energy),114.43273058649538,44.417962395260936,-70.01476819123445,-0.1451123171313671,3659.2703667799824,0.5361616807331838,True
34,4,fullnet,Learned Polytope Approx. (FullNet),121.73412141497703,167.4914914769597,45.757370061982684,0.09779024499443194,0.0,0.0,False
34,4,supervised,Supervised Regression (FullNet),121.73412141497703,129.2921716647463,7.558050249769266,0.01615266752883696,730.0048911414513,0.13872158137022397,True
34,4,cube,Inner Approx. (Cube),121.73412141497703,146.13445483447757,24.40033341950054,0.05214710941224474,0.0,0.0,False
34,4,power_energy,Outer Approx. (Power-Energy),121.73412141497703,58.947223599918885,-62.78689781505814,-0.13418485615448966,3522.6869712297057,0.5672762632423104,True
34,5,fullnet,Learned Polytope Approx. (FullNet),98.15803828125794,136.73961261359568,38.58157433233774,0.10098356355267273,0.0,0.0,False
34,5,supervised,Supervised Regression (FullNet),98.15803828125794,106.89767062017049,8.739632338912543,0.022875147865177654,730.0048911414513,0.13872158137022397,True
34,5,cube,Inner Approx. (Cube),98.15803828125794,122.6651281843724,24.507089903114462,0.06414495296133939,0.0,0.0,False
34,5,power_energy,Outer Approx. (Power-Energy),98.15803828125794,43.70611030650433,-54.451927974753616,-0.14252268924638536,3531.304937864787,0.5715281747519737,True
34,6,fullnet,Learned Polytope Approx. (FullNet),121.18169130734442,168.02904280815403,46.84735150080961,0.09910963019259611,0.0,0.0,False
34,6,supervised,Supervised Regression (FullNet),121.18169130734442,127.02812378676137,5.846432479416947,0.01236863435003327,731.8634807534296,0.13912368586124874,True
34,6,cube,Inner Approx. (Cube),121.18169130734442,149.1342289584702,27.95253765112578,0.05913601475421333,0.0,0.0,False
34,6,power_energy,Outer Approx. (Power-Energy),121.18169130734442,54.999584507989056,-66.18210679935537,-0.14001397987541844,3526.601483477952,0.5679066371298392,True
34,7,fullnet,Learned Polytope Approx. (FullNet),105.71007299815608,149.0148310744793,43.304758076323225,0.10300608661168256,0.0,0.0,False
34,7,supervised,Supervised Regression (FullNet),105.71007299815608,116.95283177415519,11.242758775999107,0.026742386649378183,561.8659973525929,0.10654513726334865,True
34,7,cube,Inner Approx. (Cube),105.71007299815608,131.8592132734627,26.14914027530662,0.062199183823450264,0.0,0.0,False
34,7,power_energy,Outer Approx. (Power-Energy),105.71007299815608,49.338950997120826,-56.37112200103525,-0.13408615896208156,3706.951936522086,0.5745695331454124,True
34,8,fullnet,Learned Polytope Approx. (FullNet),91.10117969630421,131.99651647394973,40.89533677764551,0.1149060048457253,0.0,0.0,False
34,8,supervised,Supervised Regression (FullNet),91.10117969630421,105.95594106620705,14.854761369902832,0.04173828647586015,723.3676566849722,0.13726377525320013,True
34,8,cube,Inner Approx. (Cube),91.10117969630421,112.40573375663199,21.304554060327774,0.059860643901829755,0.0,0.0,False
34,8,power_energy,Outer Approx. (Power-Energy),91.10117969630421,47.00775218342257,-44.09342751288165,-0.12389186627824411,3797.546465544829,0.6879623885662592,True
34,9,fullnet,Learned Polytope Approx. (FullNet),81.45127148726561,124.26107131876095,42.80979983149534,0.12345476900842106,0.0,0.0,False
34,9,supervised,Supervised Regression (FullNet),81.45127148726561,99.1701209520971,17.71884946483148,0.05109756355754834,349.910590155552,0.061540330924202094,True
34,9,cube,Inner Approx. (Cube),81.45127148726561,114.05441224676044,32.60314075949482,0.09402083698721835,0.0,0.0,False
34,9,power_energy,Outer Approx. (Power-Energy),81.45127148726561,36.88815767570927,-44.56311381155634,-0.12851097046835921,3409.729747719328,0.5567173650223507,True
35,0,fullnet,Learned Polytope Approx. (FullNet),122.62613743864034,181.52565529275233,58.89951785411199,0.1209595807966789,0.0,0.0,False
35,0,supervised,Supervised Regression (FullNet),122.62613743864034,131.08631258321083,8.460175144570485,0.01737432285079877,463.24587627429986,0.08120286587917314,True
35,0,cube,Inner Approx. (Cube),122.62613743864034,153.2810746579388,30.65493721929846,0.0629548167877911,0.0,0.0,False
35,0,power_energy,Outer Approx. (Power-Energy),122.62613743864034,67.70647887451584,-54.919658564124504,-0.11278630317258971,3453.8341189268995,0.5339662513735247,True
35,1,fullnet,Learned Polytope Approx. (FullNet),111.32492390600453,170.61099124008607,59.28606733408154,0.12262735596321976,0.0,0.0,False
35,1,supervised,Supervised Regression (FullNet),111.32492390600453,126.10673715153555,14.781813245531026,0.030574716053050403,463.24587627429986,0.08120286587917314,True
35,1,cube,Inner Approx. (Cube),111.32492390600453,158.7959722069449,47.47104830094037,0.09818915977582773,0.0,0.0,False
35,1,power_energy,Outer Approx. (Power-Energy),111.32492390600453,55.089884439926166,-56.23503946607836,-0.1163166071271564,3262.434195486178,0.5119574729411286,True
35,2,fullnet,Learned Polytope Approx. (FullNet),120.64979439452348,183.29134350946254,62.64154911493905,0.11797604198878431,0.0,0.0,False
35,2,supervised,Supervised Regression (FullNet),120.64979439452348,132.40203108056127,11.75223668603779,0.02213359005841493,463.24587627429986,0.08120286587917314,True
35,2,cube,Inner Approx. (Cube),120.64979439452348,172.81092730844225,52.16113291391876,0.0982377366744824,0.0,0.0,False
35,2,power_energy,Outer Approx. (Power-Energy),120.64979439452348,55.992621193885284,-64.6571732006382,-0.12177217019965796,3289.612748031538,0.5164687087221647,True
35,3,fullnet,Learned Polytope Approx. (FullNet),122.03572613087042,186.077152335689,64.04142620481858,0.12174161775655305,0.0,0.0,False
35,3,supervised,Supervised Regression (FullNet),122.03572613087042,131.16246218601813,9.126736055147717,0.01734976370821584,463.24587627429986,0.08120286587917314,True
35,3,cube,Inner Approx. (Cube),122.03572613087042,169.3152202634455,47.27949413257508,0.08987748155393308,0.0,0.0,False
35,3,power_energy,Outer Approx. (Power-Energy),122.03572613087042,57.362239359342674,-64.67348677152773,-0.12294315370712978,3676.2496102314326,0.5276525914328821,True
35,4,fullnet,Learned Polytope Approx. (FullNet),129.19106656044852,185.7096537899745,56.51858722952599,0.11143756801553216,0.0,0.0,False
35,4,supervised,Supervised Regression (FullNet),129.19106656044852,131.25636712076908,2.0653005603205656,0.004072148348800295,669.3381963270035,0.12188639945967528,True
35,4,cube,Inner Approx. (Cube),129.19106656044852,156.1662052573449,26.97513869689638,0.053186818719584174,0.0,0.0,False
35,4,power_energy,Outer Approx. (Power-Energy),129.19106656044852,71.76500131730937,-57.42606524313915,-0.1132268403208347,3360.871062993465,0.5125340158848055,True
35,5,fullnet,Learned Polytope Approx. (FullNet),104.40281842111602,151.74246492983565,47.339646508719625,0.11435155064843544,0.0,0.0,False
35,5,supervised,Supervised Regression (FullNet),104.40281842111602,107.7596838384889,3.356865417372873,0.008108695229145632,669.3381963270035,0.12188639945967528,True
35,5,cube,Inner Approx. (Cube),104.40281842111602,131.39342877340766,26.99061035229164,0.06519732136495289,0.0,0.0,False
35,5,power_energy,Outer Approx. (Power-Energy),104.40281842111602,54.172772215992595,-50.23004620512343,-0.12133347196921807,3411.462575774766,0.5217351900016579,True
35,6,fullnet,Learned Polytope Approx. (FullNet),128.69804105254605,188.924405252994,60.22636420044796,0.11752923926856286,0.0,0.0,False
35,6,supervised,Supervised Regression (FullNet),128.69804105254605,129.2995189919392,0.6014779393931633,0.0011737591267907792,669.3381963270035,0.12188639945967528,True
35,6,cube,Inner Approx. (Cube),128.69804105254605,159.4008077894179,30.702766736871865,0.05991516947652382,0.0,0.0,False
35,6,power_energy,Outer Approx. (Power-Energy),128.69804105254605,67.98347792280552,-60.714563129740526,-0.11848193912905113,3403.272127440554,0.519000193084564,True
35,7,fullnet,Learned Polytope Approx. (FullNet),112.02557742927493,165.9828769888389,53.95729955956398,0.11855308265019147,0.0,0.0,False
35,7,supervised,Supervised Regression (FullNet),112.02557742927493,118.13719584226655,6.111618412991618,0.013428233228054498,702.4448490677337,0.1297357626327035,True
35,7,cube,Inner Approx. (Cube),112.02557742927493,141.12585824962596,29.10028082035103,0.06393811449793645,0.0,0.0,False
35,7,power_energy,Outer Approx. (Power-Energy),112.02557742927493,60.35045282335782,-51.67512460591711,-0.1135387680326999,3638.7289708770645,0.5365511336519283,True
35,8,fullnet,Learned Polytope Approx. (FullNet),96.36986237405549,141.52990126786904,45.16003889381355,0.1172406894930964,0.0,0.0,False
35,8,supervised,Supervised Regression (FullNet),96.36986237405549,105.97118071934949,9.601318345294004,0.024926134042793945,622.6046742107402,0.11222170776814992,True
35,8,cube,Inner Approx. (Cube),96.36986237405549,120.81075676842588,24.44089439437039,0.06345139155795719,0.0,0.0,False
35,8,power_energy,Outer Approx. (Power-Energy),96.36986237405549,55.81277071592986,-40.55709165812563,-0.10529090555067555,3725.9639390770612,0.6374621191114489,True
35,9,fullnet,Learned Polytope Approx. (FullNet),86.20490388358468,132.05903677397757,45.85413289039289,0.1217184141307974,0.0,0.0,False
35,9,supervised,Supervised Regression (FullNet),86.20490388358468,99.55795697978382,13.353053096199147,0.03544527710421978,463.24587627429986,0.08120286587917314,True
35,9,cube,Inner Approx. (Cube),86.20490388358468,123.45900977871742,37.25410589513274,0.09888990159851858,0.0,0.0,False
35,9,power_energy,Outer Approx. (Power-Energy),86.20490388358468,44.83857876903588,-41.3663251145488,-0.10980566361155139,3352.455995637909,0.5182930908800137,True
36,0,fullnet,Learned Polytope Approx. (FullNet),130.2301076724319,183.35351568077,53.12340800833809,0.11190818855379983,0.0,0.0,False
36,0,supervised,Supervised Regression (FullNet),130.2301076724319,132.46573516624994,2.2356274938180434,0.0047095062702863545,720.0584024053637,0.12671642263691907,True
36,0,cube,Inner Approx. (Cube),130.2301076724319,159.37233012707983,29.142222454647936,0.06139013756082148,0.0,0.0,False
36,0,power_energy,Outer Approx. (Power-Energy),130.2301076724319,69.088578875753,-61.1415287966789,-0.12879892291496786,3733.184878503479,0.5665209012942519,True
36,1,fullnet,Learned Polytope Approx. (FullNet),119.50631075171817,173.5578371487205,54.05152639700232,0.11476930636044011,0.22226976433159962,2.552725472429097e-05,True
36,1,supervised,Supervised Regression (FullNet),119.50631075171817,128.01510857580445,8.508797824086272,0.018066998091024543,686.5042909822553,0.12010187076151964,True
36,1,cube,Inner Approx. (Cube),119.50631075171817,165.4478410957227,45.94153034400453,0.09754909661553855,0.0,0.0,False
36,1,power_energy,Outer Approx. (Power-Energy),119.50631075171817,56.04246254333572,-63.46384820838245,-0.13475478535688987,3756.63399165036,0.5700793676297974,True
36,2,fullnet,Learned Polytope Approx. (FullNet),129.2646919798879,185.83951009261466,56.574818112726746,0.10953737147742246,0.0,0.0,False
36,2,supervised,Supervised Regression (FullNet),129.2646919798879,132.99965522392054,3.7349632440326275,0.007231451553250119,686.5042909822553,0.12010187076151964,True
36,2,cube,Inner Approx. (Cube),129.2646919798879,178.47198720200228,49.20729522211437,0.09527273716380583,0.0,0.0,False
36,2,power_energy,Outer Approx. (Power-Energy),129.2646919798879,57.28957803075755,-71.97511394913036,-0.13935466443863248,3400.062400979818,0.516089166169624,True
36,3,fullnet,Learned Polytope Approx. (FullNet),130.30971021135971,188.11277565664432,57.8030654452846,0.11281059158511496,0.0,0.0,False
36,3,supervised,Supervised Regression (FullNet),130.30971021135971,132.21070579295215,1.90099558159244,0.0037100529964648648,686.5042909822553,0.12010187076151964,True
36,3,cube,Inner Approx. (Cube),130.30971021135971,175.46923437832254,45.159524166962825,0.08813499072639518,0.0,0.0,False
36,3,power_energy,Outer Approx. (Power-Energy),130.30971021135971,58.855493611817685,-71.45421659954204,-0.1394526809910365,3798.7901510755564,0.5574804856082773,True
36,4,fullnet,Learned Polytope Approx. (FullNet),136.77419792089995,185.38357238797164,48.60937446707169,0.09825715225425848,0.0,0.0,False
36,4,supervised,Supervised Regression (FullNet),136.77419792089995,133.74446147907491,-3.0297364418250368,-0.006124194728248094,841.9148068503058,0.1526531527479392,True
36,4,cube,Inner Approx. (Cube),136.77419792089995,162.46842810419076,25.694230183290813,0.05193734572506746,0.0,0.0,False
36,4,power_energy,Outer Approx. (Power-Energy),136.77419792089995,73.48132043249203,-63.292877488407925,-0.12793783026772754,3474.175503808026,0.5118882080408471,True
36,5,fullnet,Learned Polytope Approx. (FullNet),110.62626583286988,152.07359920462534,41.44733337175546,0.10256685480200901,0.0,0.0,False
36,5,supervised,Supervised Regression (FullNet),110.62626583286988,110.24324412782009,-0.38302170504978506,-0.000947837373649482,841.9148068503058,0.1526531527479392,True
36,5,cube,Inner Approx. (Cube),110.62626583286988,137.4018926636602,26.775626830790316,0.066259795407198,0.0,0.0,False
36,5,power_energy,Outer Approx. (Power-Energy),110.62626583286988,55.54639081101756,-55.07987502185232,-0.1363023645745308,3564.6081924601986,0.5262675066809074,True
36,6,fullnet,Learned Polytope Approx. (FullNet),136.42539141779847,187.35800636238997,50.932614944591506,0.10185812467768783,0.0,0.0,False
36,6,supervised,Supervised Regression (FullNet),136.42539141779847,131.7462600888161,-4.679131328982379,-0.009357609908881634,841.9148068503058,0.1526531527479392,True
36,6,cube,Inner Approx. (Cube),136.42539141779847,165.82526717084977,29.399875753051305,0.05879565015895236,0.0,0.0,False
36,6,power_energy,Outer Approx. (Power-Energy),136.42539141779847,69.53982798285058,-66.88556343494788,-0.1337617961870966,3480.336307196659,0.5127959464677754,True
36,7,fullnet,Learned Polytope Approx. (FullNet),118.89865545947744,165.2898923548055,46.39123689532805,0.10442633624325337,0.0,0.0,False
36,7,supervised,Supervised Regression (FullNet),118.89865545947744,120.75593010880168,1.8572746493242391,0.0041807117034625895,839.3471898803278,0.15304573304164185,True
36,7,cube,Inner Approx. (Cube),118.89865545947744,146.6196269012411,27.720971441763666,0.062399704739469125,0.0,0.0,False
36,7,power_energy,Outer Approx. (Power-Energy),118.89865545947744,61.65223423861971,-57.24642122085773,-0.12886127706877842,3851.9169944939417,0.5509515966621752,True
36,8,fullnet,Learned Polytope Approx. (FullNet),102.22932008599027,143.09887874991915,40.869558663928885,0.10861964553757616,0.0,0.0,False
36,8,supervised,Supervised Regression (FullNet),102.22932008599027,107.95936621554489,5.730046129554623,0.015228830451147108,720.0584024053637,0.12671642263691907,True
36,8,cube,Inner Approx. (Cube),102.22932008599027,125.69786679124189,23.468546705251626,0.06237271230081415,0.0,0.0,False
36,8,power_energy,Outer Approx. (Power-Energy),102.22932008599027,57.1924778607328,-45.036842225257466,-0.11969509822372378,3877.7071612561176,0.68890256289079,True
36,9,fullnet,Learned Polytope Approx. (FullNet),92.3284105537706,134.1044646707448,41.776054116974194,0.11361678507960156,0.0,0.0,False
36,9,supervised,Supervised Regression (FullNet),92.3284105537706,101.15405649771904,8.825645943948444,0.02400278196678273,686.5042909822553,0.12010187076151964,True
36,9,cube,Inner Approx. (Cube),92.3284105537706,128.66756677529827,36.33915622152767,0.0988302555055771,0.0,0.0,False
36,9,power_energy,Outer Approx. (Power-Energy),92.3284105537706,45.7862340221456,-46.542176531624996,-0.12657903145481458,3716.1833462630325,0.5827233141564261,True
37,0,fullnet,Learned Polytope Approx. (FullNet),139.9702927180892,188.94452611543178,48.97423339734257,0.11187657876771163,0.0,0.0,False
37,0,supervised,Supervised Regression (FullNet),139.9702927180892,141.5674230672215,1.5971303491323,0.0036484793515256554,760.8768811288583,0.12851721112573705,True
37,0,cube,Inner Approx. (Cube),139.9702927180892,165.107834343708,25.13754162561878,0.057424117961952,0.0,0.0,False
37,0,power_energy,Outer Approx. (Power-Energy),139.9702927180892,71.75651004898195,-68.21378266910726,-0.15582734226602596,3779.789978084994,0.6001976968829933,True
37,1,fullnet,Learned Polytope Approx. (FullNet),130.60456819213843,182.6685095643221,52.06394137218368,0.12014165506400688,0.0,0.0,False
37,1,supervised,Supervised Regression (FullNet),130.60456819213843,138.43409742585146,7.829529233713032,0.0180672568330156,760.8768811288583,0.12851721112573705,True
37,1,cube,Inner Approx. (Cube),130.60456819213843,170.73029766836808,40.12572947622965,0.09259328861530336,0.0,0.0,False
37,1,power_energy,Outer Approx. (Power-Energy),130.60456819213843,58.53532163000989,-72.06924656212854,-0.16630547617004113,3821.8111436292206,0.5646404279432593,True
37,2,fullnet,Learned Polytope Approx. (FullNet),140.48749752759508,193.98675640412017,53.49925887652509,0.11275228492026616,0.0,0.0,False
37,2,supervised,Supervised Regression (FullNet),140.48749752759508,141.5450078711558,1.0575103435607218,0.0022287543802893104,760.8768811288583,0.12851721112573705,True
37,2,cube,Inner Approx. (Cube),140.48749752759508,182.45753793343513,41.97004040584005,0.08845389736848874,0.0,0.0,False
37,2,power_energy,Outer Approx. (Power-Energy),140.48749752759508,60.575494929630885,-79.9120025979642,-0.16841842437986215,3592.6218400813364,0.5307796374510304,True
37,3,fullnet,Learned Polytope Approx. (FullNet),141.52475120996445,194.5038026920877,52.97905148212325,0.11248329919341725,0.0,0.0,False
37,3,supervised,Supervised Regression (FullNet),141.52475120996445,143.3214631676886,1.796711957724142,0.003814717007028143,760.8768811288583,0.12851721112573705,True
37,3,cube,Inner Approx. (Cube),141.52475120996445,180.6127900510369,39.08803884107246,0.08299037911858173,0.0,0.0,False
37,3,power_energy,Outer Approx. (Power-Energy),141.52475120996445,62.413558257374206,-79.11119295259024,-0.1679661628037463,3813.770641995205,0.5635727183624787,True
37,4,fullnet,Learned Polytope Approx. (FullNet),146.08221284938742,188.11994674099736,42.037733891609946,0.09214748536843852,0.0,0.0,False
37,4,supervised,Supervised Regression (FullNet),146.08221284938742,144.92652141667514,-1.155691432712274,-0.0025332968627868524,882.2613647331888,0.15327484636745287,True
37,4,cube,Inner Approx. (Cube),146.08221284938742,169.27752712957408,23.195314280186665,0.05084455524555338,0.0,0.0,False
37,4,power_energy,Outer Approx. (Power-Energy),146.08221284938742,76.23161937982749,-69.85059346955993,-0.15311378477986068,3993.7202864267406,0.5779398885953654,True
37,5,fullnet,Learned Polytope Approx. (FullNet),118.03233815567708,154.31975668801965,36.28741853234257,0.09748775276786115,0.0,0.0,False
37,5,supervised,Supervised Regression (FullNet),118.03233815567708,119.2210206264307,1.1886824707536192,0.0031934479639281824,787.9871575026812,0.13380721637456952,True
37,5,cube,Inner Approx. (Cube),118.03233815567708,143.626916029359,25.594577873681914,0.0687609640163123,0.0,0.0,False
37,5,power_energy,Outer Approx. (Power-Energy),118.03233815567708,57.617522510375146,-60.414815645301935,-0.16230707086247198,4037.3026814109653,0.6258622341143687,True
37,6,fullnet,Learned Polytope Approx. (FullNet),145.66509182025712,189.17688447811832,43.51179265786121,0.09450412661437163,0.0,0.0,False
37,6,supervised,Supervised Regression (FullNet),145.66509182025712,142.88004792584604,-2.785043894411075,-0.006048892145023018,787.9871575026812,0.13380721637456952,True
37,6,cube,Inner Approx. (Cube),145.66509182025712,172.0057787569042,26.340686936647074,0.057209861081664294,0.0,0.0,False
37,6,power_energy,Outer Approx. (Power-Energy),145.66509182025712,72.22918495988324,-73.43590686037388,-0.15949690454135168,3993.7202864267406,0.5779398885953654,True
37,7,fullnet,Learned Polytope Approx. (FullNet),127.55984812808067,167.96731314140567,40.407465013324995,0.0987069486013776,0.0,0.0,False
37,7,supervised,Supervised Regression (FullNet),127.55984812808067,131.29417428347676,3.73432615539609,0.00912217432496468,792.1269333096707,0.13543081222477255,True
37,7,cube,Inner Approx. (Cube),127.55984812808067,152.4563353951234,24.89648726704273,0.06081688836982112,0.0,0.0,False
37,7,power_energy,Outer Approx. (Power-Energy),127.55984812808067,64.10894322368435,-63.450904904396324,-0.15499723150273864,3987.094290602512,0.6026197078850624,True
37,8,fullnet,Learned Polytope Approx. (FullNet),109.91238891369227,147.36957824304721,37.45718932935495,0.10790459013377597,0.0,0.0,False
37,8,supervised,Supervised Regression (FullNet),109.91238891369227,116.39951635248654,6.487127438794275,0.01868775634161344,787.9871575026812,0.13380721637456952,True
37,8,cube,Inner Approx. (Cube),109.91238891369227,131.15190604284396,21.239517129151693,0.06118562101146033,0.0,0.0,False
37,8,power_energy,Outer Approx. (Power-Energy),109.91238891369227,59.430808091300875,-50.48158082239139,-0.14542453359350963,4189.086326408716,0.726131597569756,True
37,9,fullnet,Learned Polytope Approx. (FullNet),100.71441568918507,141.07287716344027,40.35846147425519,0.11930056042486148,0.0,0.0,False
37,9,supervised,Supervised Regression (FullNet),100.71441568918507,110.84917520496872,10.134759515783642,0.029958587266153948,495.82293343735864,0.07978636565386513,True
37,9,cube,Inner Approx. (Cube),100.71441568918507,133.8265459538278,33.11213026464273,0.0978802351014496,0.0,0.0,False
37,9,power_energy,Outer Approx. (Power-Energy),100.71441568918507,47.92856658763462,-52.785849101550454,-0.15603621025876474,3636.9856770934284,0.6019258297773488,True
38,0,fullnet,Learned Polytope Approx. (FullNet),152.18064114236824,206.73428870595512,54.55364756358688,0.11128497064193624,0.0,0.0,False
38,0,supervised,Supervised Regression (FullNet),152.18064114236824,161.4889200672963,9.30827892492806,0.01898812624179121,602.9316019823457,0.09055173554114958,True
38,0,cube,Inner Approx. (Cube),152.18064114236824,181.7869910531766,29.606349910808348,0.060394527731603996,0.0,0.0,False
38,0,power_energy,Outer Approx. (Power-Energy),152.18064114236824,85.57299980984624,-66.60764133252201,-0.135874130168446,3753.608874608432,0.5604965601945898,True
38,1,fullnet,Learned Polytope Approx. (FullNet),141.33967033420504,198.21383991785132,56.87416958364628,0.1169121641284183,0.0,0.0,False
38,1,supervised,Supervised Regression (FullNet),141.33967033420504,158.33850617230402,16.998835838098984,0.034943291480906656,477.896568797181,0.07079771327221891,True
38,1,cube,Inner Approx. (Cube),141.33967033420504,187.89116436002337,46.55149402581833,0.09569257801584652,0.0,0.0,False
38,1,power_energy,Outer Approx. (Power-Energy),141.33967033420504,70.59447485798478,-70.74519547622026,-0.14542584033070705,3871.049248264913,0.5181605830506987,True
38,2,fullnet,Learned Polytope Approx. (FullNet),152.85557720132746,212.33513023605718,59.47955303472972,0.11131338158654167,0.0,0.0,False
38,2,supervised,Supervised Regression (FullNet),152.85557720132746,164.35592337792616,11.500346176598697,0.021522394789779097,477.896568797181,0.07079771327221891,True
38,2,cube,Inner Approx. (Cube),152.85557720132746,201.68474118254917,48.82916398122171,0.09138164437146812,0.0,0.0,False
38,2,power_energy,Outer Approx. (Power-Energy),152.85557720132746,74.45568378636258,-78.39989341496488,-0.14672197094266273,3847.119737981543,0.5149574905025718,True
38,3,fullnet,Learned Polytope Approx. (FullNet),154.27964286008967,214.66360473514698,60.38396187505731,0.11395982953287444,0.0,0.0,False
38,3,supervised,Supervised Regression (FullNet),154.27964286008967,165.32708300674753,11.047440146657863,0.02084931754714494,477.896568797181,0.07079771327221891,True
38,3,cube,Inner Approx. (Cube),154.27964286008967,199.42039358058543,45.14075072049576,0.08519202942890361,0.0,0.0,False
38,3,power_energy,Outer Approx. (Power-Energy),154.27964286008967,76.96090295525862,-77.31873990483105,-0.14592004475431483,3762.203676974192,0.5036855715292954,True
38,4,fullnet,Learned Polytope Approx. (FullNet),159.9709792088822,210.84774103127825,50.87676182239605,0.09956957714992598,0.0,0.0,False
38,4,supervised,Supervised Regression (FullNet),159.9709792088822,165.40861451254028,5.437635303658084,0.01064185353955466,684.7762921068957,0.10440928670213075,True
38,4,cube,Inner Approx. (Cube),159.9709792088822,185.9830985507823,26.012119341900103,0.05090763702076405,0.0,0.0,False
38,4,power_energy,Outer Approx. (Power-Energy),159.9709792088822,91.96738082065278,-68.00359838822942,-0.13308806012116803,3926.1381421183473,0.5255008859823034,True
38,5,fullnet,Learned Polytope Approx. (FullNet),129.61221444481538,172.94990743654282,43.33769299172744,0.10387503441476886,0.0,0.0,False
38,5,supervised,Supervised Regression (FullNet),129.61221444481538,136.04338703282065,6.431172588005268,0.01541471702321313,602.9316019823457,0.09055173554114958,True
38,5,cube,Inner Approx. (Cube),129.61221444481538,157.24095293573973,27.62873849092435,0.06622263354279719,0.0,0.0,False
38,5,power_energy,Outer Approx. (Power-Energy),129.61221444481538,70.61516745267657,-58.997046992138806,-0.1414085490856185,4027.222085737185,0.5760634660211643,True
38,6,fullnet,Learned Polytope Approx. (FullNet),159.64520438693398,213.1055876389805,53.46038325204651,0.10346635723271624,0.0,0.0,False
38,6,supervised,Supervised Regression (FullNet),159.64520438693398,163.70226371980857,4.057059332874587,0.007851966722170072,602.9316019823457,0.09055173554114958,True
38,6,cube,Inner Approx. (Cube),159.64520438693398,189.4360426934386,29.79083830650461,0.057656704478730024,0.0,0.0,False
38,6,power_energy,Outer Approx. (Power-Energy),159.64520438693398,88.00672389707331,-71.63848048986067,-0.13864795130680535,3926.1381421183473,0.5255008859823034,True
38,7,fullnet,Learned Polytope Approx. (FullNet),139.20302229833976,188.33740780353105,49.13438550519129,0.10711776181343856,0.0,0.0,False
38,7,supervised,Supervised Regression (FullNet),139.20302229833976,149.47427176237343,10.271249464033673,0.022392327538084757,616.3404382313954,0.09300185102199535,True
38,7,cube,Inner Approx. (Cube),139.20302229833976,167.50569799751423,28.302675699174472,0.061702598761652384,0.0,0.0,False
38,7,power_energy,Outer Approx. (Power-Energy),139.20302229833976,77.35285031162023,-61.85017198671953,-0.13483941892981735,3908.988091603528,0.5511971387244888,True
38,8,fullnet,Learned Polytope Approx. (FullNet),119.44019115738368,161.8860221548702,42.445830997486524,0.10941220643462199,0.0,0.0,False
38,8,supervised,Supervised Regression (FullNet),119.44019115738368,131.72717601024283,12.286984852859149,0.03167204155479264,602.9316019823457,0.09055173554114958,True
38,8,cube,Inner Approx. (Cube),119.44019115738368,143.5087225998312,24.068531442447522,0.06204121980590267,0.0,0.0,False
38,8,power_energy,Outer Approx. (Power-Energy),119.44019115738368,70.27849787087776,-49.16169328650592,-0.12672361944939356,4068.2143600852623,0.6273922900610222,True
38,9,fullnet,Learned Polytope Approx. (FullNet),108.96201834567547,153.54176162979505,44.57974328411957,0.11752718747063122,0.0,0.0,False
38,9,supervised,Supervised Regression (FullNet),108.96201834567547,126.1064204547711,17.144402109095623,0.04519840654769622,477.896568797181,0.07079771327221891,True
38,9,cube,Inner Approx. (Cube),108.96201834567547,146.29890150728423,37.33688316160875,0.09843257371261259,0.0,0.0,False
38,9,power_energy,Outer Approx. (Power-Energy),108.96201834567547,57.26397811890113,-51.698040226774346,-0.1362934108182884,3615.7056842206316,0.5343247096597273,True
39,0,fullnet,Learned Polytope Approx. (FullNet),131.55199434446817,188.3125120037566,56.76051765928844,0.12979488399269626,0.0,0.0,False
39,0,supervised,Supervised Regression (FullNet),131.55199434446817,142.85110051147052,11.29910616700235,0.02583778715639032,513.760005136741,0.08644736953636636,True
39,0,cube,Inner Approx. (Cube),131.55199434446817,157.60326707010728,26.05127272563911,0.059571724514268794,0.0,0.0,False
39,0,power_energy,Outer Approx. (Power-Energy),131.55199434446817,70.26347723351309,-61.288517110955084,-0.14014910886210052,3623.120555146653,0.5579561430109508,True
39,1,fullnet,Learned Polytope Approx. (FullNet),122.08179456569962,181.1320375146039,59.05024294890427,0.1364427262070393,0.0,0.0,False
39,1,supervised,Supervised Regression (FullNet),122.08179456569962,139.73534634323457,17.653551777534943,0.04079066590544294,495.2555353675919,0.08303852198102443,True
39,1,cube,Inner Approx. (Cube),122.08179456569962,163.2530025229509,41.17120795725128,0.09513105407178603,0.0,0.0,False
39,1,power_energy,Outer Approx. (Power-Energy),122.08179456569962,57.40427434006925,-64.67752022563037,-0.1494452307593712,3625.4793948705515,0.5556712095942109,True
39,2,fullnet,Learned Polytope Approx. (FullNet),130.9728050961423,192.25495752392325,61.28215242778094,0.12937961346010482,0.0,0.0,False
39,2,supervised,Supervised Regression (FullNet),130.9728050961423,142.43578150746578,11.462976411323467,0.0242007729566465,495.2555353675919,0.08303852198102443,True
39,2,cube,Inner Approx. (Cube),130.9728050961423,174.68274797787203,43.70994288172972,0.09228095441108884,0.0,0.0,False
39,2,power_energy,Outer Approx. (Power-Energy),130.9728050961423,59.26680817054839,-71.70599692559392,-0.15138655868750367,3239.306468457639,0.49648312609937667,True
39,3,fullnet,Learned Polytope Approx. (FullNet),131.93340722007926,193.3618943314483,61.42848711136904,0.1305203777409102,0.0,0.0,False
39,3,supervised,Supervised Regression (FullNet),131.93340722007926,144.50985064794656,12.576443427867304,0.02672183906900462,495.2555353675919,0.08303852198102443,True
39,3,cube,Inner Approx. (Cube),131.93340722007926,172.29150051855436,40.3580932984751,0.08575098997098628,0.0,0.0,False
39,3,power_energy,Outer Approx. (Power-Energy),131.93340722007926,60.824754245009444,-71.10865297506982,-0.1510883416374368,3612.114874843705,0.5537472591803516,True
39,4,fullnet,Learned Polytope Approx. (FullNet),137.15774701380786,186.00367258929302,48.845925575485154,0.10709039444621044,0.0,0.0,False
39,4,supervised,Supervised Regression (FullNet),137.15774701380786,146.9283688398427,9.77062182603484,0.02142122875157395,523.5439065555338,0.08963744367886496,True
39,4,cube,Inner Approx. (Cube),137.15774701380786,160.9125915539941,23.75484454018624,0.052080406745198336,0.0,0.0,False
39,4,power_energy,Outer Approx. (Power-Energy),137.15774701380786,74.38676636822629,-62.770980645581574,-0.13761985258570883,3558.0602135912745,0.529795413537026,True
39,5,fullnet,Learned Polytope Approx. (FullNet),110.91187567041459,152.3086397382307,41.39676406781612,0.11115302733265456,0.0,0.0,False
39,5,supervised,Supervised Regression (FullNet),110.91187567041459,120.69055685016949,9.778681179754898,0.026256400492318765,511.1037568097772,0.08596181068692885,True
39,5,cube,Inner Approx. (Cube),110.91187567041459,136.338311287696,25.426435617281413,0.06827164771888315,0.0,0.0,False
39,5,power_energy,Outer Approx. (Power-Energy),110.91187567041459,56.14723626803007,-54.76463940238452,-0.14704664959763725,3923.6747404620864,0.5890025670540029,True
39,6,fullnet,Learned Polytope Approx. (FullNet),136.64329420887447,187.0491696084633,50.40587539958884,0.10943928251436606,0.0,0.0,False
39,6,supervised,Supervised Regression (FullNet),136.64329420887447,143.95838845214553,7.315094243271062,0.015882249026768908,523.5439065555338,0.08963744367886496,True
39,6,cube,Inner Approx. (Cube),136.64329420887447,163.56865203357148,26.925357824697016,0.05845929305696474,0.0,0.0,False
39,6,power_energy,Outer Approx. (Power-Energy),136.64329420887447,70.4900352238618,-66.15325898501267,-0.1436293912547719,3509.022052010605,0.5224936278633362,True
39,7,fullnet,Learned Polytope Approx. (FullNet),119.68232418455966,166.01128750308632,46.32896331852666,0.11304450998020892,0.0,0.0,False
39,7,supervised,Supervised Regression (FullNet),119.68232418455966,131.77008967275384,12.08776548819418,0.02949462773370875,523.5439065555338,0.08963744367886496,True
39,7,cube,Inner Approx. (Cube),119.68232418455966,145.266594800083,25.584270615523337,0.06242663612065622,0.0,0.0,False
39,7,power_energy,Outer Approx. (Power-Energy),119.68232418455966,62.69017846255453,-56.992145722005134,-0.13906309842440087,3810.387774559015,0.5583015512201647,True
39,8,fullnet,Learned Polytope Approx. (FullNet),103.45501399224624,146.48366743617,43.02865344392377,0.12384392384918427,0.0,0.0,False
39,8,supervised,Supervised Regression (FullNet),103.45501399224624,117.83156137650367,14.376547384257435,0.041378195620053515,511.1037568097772,0.08596181068692885,True
39,8,cube,Inner Approx. (Cube),103.45501399224624,124.98188853330291,21.52687454105667,0.061958076723175666,0.0,0.0,False
39,8,power_energy,Outer Approx. (Power-Energy),103.45501399224624,58.124091096664635,-45.3309228955816,-0.13047025444126276,3827.29123343166,0.6861430368294751,True
39,9,fullnet,Learned Polytope Approx. (FullNet),94.32667289366549,140.14747574649257,45.820802852827086,0.13536118615303477,0.0,0.0,False
39,9,supervised,Supervised Regression (FullNet),94.32667289366549,112.29609783619875,17.969424942533266,0.053084243908204626,208.68998198679077,0.03345832426674203,True
39,9,cube,Inner Approx. (Cube),94.32667289366549,127.70189994946558,33.375227055800096,0.09859518037932463,0.0,0.0,False
39,9,power_energy,Outer Approx. (Power-Energy),94.32667289366549,46.971546306509424,-47.355126587156064,-0.13989379727485649,3473.0780793094727,0.5957177234445343,True
