sample_id,price_id,method_id,method,true_cost,method_cost,cost_diff,normalized_cost_diff,abs_decomp_error,rel_decomp_error,is_decomp_failed
0,0,fullnet,Learned Polytope Approx. (FullNet),265.8019147843711,406.4925641136164,140.69064932924533,0.11171770847918581,0.0,0.0,False
0,0,supervised,Supervised Regression (FullNet),265.8019147843711,329.0191500657105,63.21723528133941,0.050198678417448316,337.43766724402167,0.051850973995862824,True
0,0,cube,Inner Approx. (Cube),265.8019147843711,462.46947003951556,196.66755525514446,0.15616708509100072,0.0,0.0,False
0,0,power_energy,Outer Approx. (Power-Energy),265.8019147843711,88.78687944435394,-177.01503534001716,-0.14056168060088725,4004.2253095166307,0.5359854020297262,True
0,1,fullnet,Learned Polytope Approx. (FullNet),275.7102315625334,421.21190487026524,145.50167330773183,0.11572304539719465,0.0,0.0,False
0,1,supervised,Supervised Regression (FullNet),275.7102315625334,331.2831401309746,55.572908568441164,0.04419925953372609,198.0681312949578,0.029976413803521625,True
0,1,cube,Inner Approx. (Cube),275.7102315625334,456.84637141554094,181.13613985300753,0.14406449945732897,0.0,0.0,False
0,1,power_energy,Outer Approx. (Power-Energy),275.7102315625334,81.4571330537365,-194.2530985087969,-0.15449691832571305,4004.225309516632,0.5359854020297263,True
0,2,fullnet,Learned Polytope Approx. (FullNet),316.47123211989356,448.346036560244,131.87480444035043,0.10858351631823815,0.0,0.0,False
0,2,supervised,Supervised Regression (FullNet),316.47123211989356,351.42498834258674,34.95375622269319,0.02878034037887244,409.22215260465816,0.06386820633710283,True
0,2,cube,Inner Approx. (Cube),316.47123211989356,416.1106150752049,99.63938295531136,0.08204140746203696,0.0,0.0,False
0,2,power_energy,Outer Approx. (Power-Energy),316.47123211989356,148.729821106062,-167.74141101383157,-0.13811548246354519,3785.593238258898,0.5204206589749436,True
0,3,fullnet,Learned Polytope Approx. (FullNet),297.01040349010964,403.0468942771986,106.03649078708895,0.09088761269207751,0.0,0.0,False
0,3,supervised,Supervised Regression (FullNet),297.01040349010964,347.4250665226579,50.414663032548276,0.04321218416124499,301.39740997468186,0.04615216262446412,True
0,3,cube,Inner Approx. (Cube),297.01040349010964,401.6520795097267,104.64167601961708,0.0896920678053864,0.0,0.0,False
0,3,power_energy,Outer Approx. (Power-Energy),297.01040349010964,154.95351387275775,-142.05688961735189,-0.12176196579069702,4393.231996279491,0.5842678128539386,True
0,4,fullnet,Learned Polytope Approx. (FullNet),301.61259776776654,400.6451394189386,99.03254165117204,0.08681607623835531,0.0,0.0,False
0,4,supervised,Supervised Regression (FullNet),301.61259776776654,363.4804682463838,61.86787047861725,0.05423596800226888,336.3887415144969,0.051837620480554084,True
0,4,cube,Inner Approx. (Cube),301.61259776776654,363.36410862590526,61.751510858138715,0.054133962282592284,0.0,0.0,False
0,4,power_energy,Outer Approx. (Power-Energy),301.61259776776654,146.57644542959795,-155.0361523381686,-0.1359111883495966,4503.666261565723,0.6925544925516659,True
0,5,fullnet,Learned Polytope Approx. (FullNet),272.97194350246184,369.4981930533098,96.52624955084798,0.08150108726135297,0.0,0.0,False
0,5,supervised,Supervised Regression (FullNet),272.97194350246184,343.6163954144587,70.64445191199684,0.05964801975215173,0.0,0.0,False
0,5,cube,Inner Approx. (Cube),272.97194350246184,383.7587767338906,110.78683323142877,0.09354188528631499,0.0,0.0,False
0,5,power_energy,Outer Approx. (Power-Energy),272.97194350246184,110.74543221283187,-162.22651128962997,-0.1369745236580037,4562.270242824558,0.5920313534630455,True
0,6,fullnet,Learned Polytope Approx. (FullNet),289.9623235756967,381.2233468454846,91.26102326978793,0.07615951362713799,0.0,0.0,False
0,6,supervised,Supervised Regression (FullNet),289.9623235756967,341.2487518519582,51.28642827626152,0.042799754958327794,301.39740997468186,0.04615216262446412,True
0,6,cube,Inner Approx. (Cube),289.9623235756967,394.3346688919623,104.37234531626558,0.08710122646676469,0.0,0.0,False
0,6,power_energy,Outer Approx. (Power-Energy),289.9623235756967,131.9427219685841,-158.0196016071126,-0.1318711490487518,3902.425348525435,0.45981652927429745,True
0,7,fullnet,Learned Polytope Approx. (FullNet),278.4882603001357,381.1700287945864,102.6817684944507,0.09267468438430695,0.0,0.0,False
0,7,supervised,Supervised Regression (FullNet),278.4882603001357,346.2991552031632,67.81089490302747,0.06120223068903522,54.46269232796996,0.008200288751089226,True
0,7,cube,Inner Approx. (Cube),278.4882603001357,350.23891824486145,71.75065794472573,0.06475803520810207,0.0,0.0,False
0,7,power_energy,Outer Approx. (Power-Energy),278.4882603001357,123.89202329942458,-154.59623700071114,-0.139529710883551,4503.666261565723,0.6925544925516659,True
0,8,fullnet,Learned Polytope Approx. (FullNet),300.4743562178428,411.63499260886545,111.16063639102265,0.09763886506043071,0.0,0.0,False
0,8,supervised,Supervised Regression (FullNet),300.4743562178428,359.0092882962457,58.5349320784029,0.051414642089852455,245.26452153493926,0.038092311252473345,True
0,8,cube,Inner Approx. (Cube),300.4743562178428,361.92244051213027,61.44808429428747,0.05397343345109208,0.0,0.0,False
0,8,power_energy,Outer Approx. (Power-Energy),300.4743562178428,154.80368145185162,-145.67067476599118,-0.12795104290971082,4672.06648692724,0.7497429780455217,True
0,9,fullnet,Learned Polytope Approx. (FullNet),306.0672020012654,371.7273927761039,65.6601907748385,0.05100721627618522,116.19320996933641,0.013587397574527564,True
0,9,supervised,Supervised Regression (FullNet),306.0672020012654,333.99156870627473,27.924366705009334,0.021692660272375215,245.26452153493926,0.038092311252473345,True
0,9,cube,Inner Approx. (Cube),306.0672020012654,407.2210155457235,101.1538135444581,0.07857994903359736,0.0,0.0,False
0,9,power_energy,Outer Approx. (Power-Energy),306.0672020012654,133.85687093166766,-172.21033106959774,-0.13377922753807345,3086.0773545971356,0.34594349922927026,True
1,0,fullnet,Learned Polytope Approx. (FullNet),225.37002080191257,347.5585862626823,122.18856546076972,0.11116705383629397,0.0,0.0,False
1,0,supervised,Supervised Regression (FullNet),225.37002080191257,276.49537999441213,51.12535919249956,0.046513808688401485,309.18409245119915,0.05176704211053287,True
1,0,cube,Inner Approx. (Cube),225.37002080191257,415.1023215334484,189.73230073153582,0.172618287238002,0.0,0.0,False
1,0,power_energy,Outer Approx. (Power-Energy),225.37002080191257,75.96563999338159,-149.404380808531,-0.1359279796934241,3675.625432726186,0.5195280077959885,True
1,1,fullnet,Learned Polytope Approx. (FullNet),232.6751846247342,360.44146691411277,127.76628228937858,0.11605557094254391,0.0,0.0,False
1,1,supervised,Supervised Regression (FullNet),232.6751846247342,278.92425978082593,46.24907515609175,0.04201001020478982,309.18409245119915,0.05176704211053287,True
1,1,cube,Inner Approx. (Cube),232.6751846247342,408.1347079122043,175.45952328747012,0.15937737866015014,0.0,0.0,False
1,1,power_energy,Outer Approx. (Power-Energy),232.6751846247342,68.37404291075636,-164.3011417139778,-0.14924174411634009,3675.6254327261854,0.5195280077959885,True
1,2,fullnet,Learned Polytope Approx. (FullNet),274.1834923575948,384.92507993227963,110.74158757468484,0.10310808798048532,0.0,0.0,False
1,2,supervised,Supervised Regression (FullNet),274.1834923575948,305.0976848702668,30.914192512672003,0.02878325434239032,577.1022778018091,0.10335389497344614,True
1,2,cube,Inner Approx. (Cube),274.1834923575948,370.1013353051121,95.91784294751733,0.08930615504190034,0.0,0.0,False
1,2,power_energy,Outer Approx. (Power-Energy),274.1834923575948,130.6717275551496,-143.51176480244519,-0.13361939263789127,3362.3123312236726,0.5183673685134043,True
1,3,fullnet,Learned Polytope Approx. (FullNet),257.84833812922466,343.68042548765277,85.83208735842811,0.0832449821938206,0.0,0.0,False
1,3,supervised,Supervised Regression (FullNet),257.84833812922466,302.09054131973875,44.24220319051409,0.042908678212963194,97.6844954726609,0.016470160974517742,True
1,3,cube,Inner Approx. (Cube),257.84833812922466,359.26411086594095,101.41577273671629,0.0983589524088572,0.0,0.0,False
1,3,power_energy,Outer Approx. (Power-Energy),257.84833812922466,136.507167387354,-121.34117074187066,-0.11768376965601682,3810.5669193962635,0.5515258757452242,True
1,4,fullnet,Learned Polytope Approx. (FullNet),262.8340826396265,348.43369656412165,85.59961392449515,0.08357758251527965,0.0,0.0,False
1,4,supervised,Supervised Regression (FullNet),262.8340826396265,317.881842046113,55.04775940648648,0.05374742295140579,106.14023305848615,0.017924390009329223,True
1,4,cube,Inner Approx. (Cube),262.8340826396265,323.2461136733718,60.41203103374528,0.05898497992166335,0.0,0.0,False
1,4,power_energy,Outer Approx. (Power-Energy),262.8340826396265,130.81093414206853,-132.02314849755797,-0.12890450180318086,4293.981548697195,0.7164283349072849,True
1,5,fullnet,Learned Polytope Approx. (FullNet),234.11096465153406,315.25296597192875,81.14200132039468,0.0767953215235311,0.0,0.0,False
1,5,supervised,Supervised Regression (FullNet),234.11096465153406,291.1058042573772,56.99483960584314,0.05394169433201649,97.6844954726609,0.016470160974517742,True
1,5,cube,Inner Approx. (Cube),234.11096465153406,344.0304856153368,109.91952096380271,0.1040312639171504,0.0,0.0,False
1,5,power_energy,Outer Approx. (Power-Energy),234.11096465153406,98.08025094978834,-136.03071370174573,-0.1287437113431818,3970.6010363645255,0.5667114993812185,True
1,6,fullnet,Learned Polytope Approx. (FullNet),249.73100196691894,322.93638131543514,73.2053793485162,0.06862484181238718,0.0,0.0,False
1,6,supervised,Supervised Regression (FullNet),249.73100196691894,290.26016516132285,40.52916319440391,0.03799321085084667,106.14023305848615,0.017924390009329223,True
1,6,cube,Inner Approx. (Cube),249.73100196691894,352.7941089578479,103.06310699092899,0.09661434005107702,0.0,0.0,False
1,6,power_energy,Outer Approx. (Power-Energy),249.73100196691894,115.55452945830186,-134.17647250861708,-0.12578090958331462,3338.7336170432714,0.4322073169654519,True
1,7,fullnet,Learned Polytope Approx. (FullNet),242.2172528966922,327.96363672204586,85.74638382535366,0.08608413580196328,0.0,0.0,False
1,7,supervised,Supervised Regression (FullNet),242.2172528966922,297.6649398059774,55.44768690928518,0.055666093389145445,240.1226354907398,0.04197789949415791,True
1,7,cube,Inner Approx. (Cube),242.2172528966922,309.0079804150251,66.79072751833289,0.06705381383442126,0.0,0.0,False
1,7,power_energy,Outer Approx. (Power-Energy),242.2172528966922,110.44432766743006,-131.77292522926214,-0.13229197412641988,4293.981548697195,0.7164283349072849,True
1,8,fullnet,Learned Polytope Approx. (FullNet),262.72944886534293,350.2819582290647,87.55250936372175,0.08564372625682569,0.0,0.0,False
1,8,supervised,Supervised Regression (FullNet),262.72944886534293,308.3126412874369,45.58319242209399,0.044589406769506644,439.46745610763514,0.07983939082535695,True
1,8,cube,Inner Approx. (Cube),262.72944886534293,318.69517238017204,55.96572351482911,0.054745582271743434,0.0,0.0,False
1,8,power_energy,Outer Approx. (Power-Energy),262.72944886534293,139.3046218306764,-123.42482703466652,-0.12073397069568237,4310.815639746094,0.7678726136349815,True
1,9,fullnet,Learned Polytope Approx. (FullNet),260.1007371653526,304.35512166416646,44.25438449881386,0.038544107573606295,253.94792690110103,0.03175823069722432,True
1,9,supervised,Supervised Regression (FullNet),260.1007371653526,268.6372031379285,8.536465972575911,0.007434979979310627,493.95574009203733,0.0895292142311565,True
1,9,cube,Inner Approx. (Cube),260.1007371653526,362.45769183630125,102.35695467094865,0.08914952758747625,0.0,0.0,False
1,9,power_energy,Outer Approx. (Power-Energy),260.1007371653526,113.08305954856206,-147.01767761679054,-0.12804754253073447,2788.7058050170067,0.33460139476546163,True
2,0,fullnet,Learned Polytope Approx. (FullNet),194.58681103708727,303.8851148503417,109.29830381325445,0.10138170619546914,4.353617346168598,0.0005609075091648722,True
2,0,supervised,Supervised Regression (FullNet),194.58681103708727,126.55684364350816,-68.02996739357911,-0.06310248124771717,2001.358501691753,0.5968822969783765,True
2,0,cube,Inner Approx. (Cube),194.58681103708727,392.5758752395917,197.98906420250444,0.1836484962400672,0.0,0.0,False
2,0,power_energy,Outer Approx. (Power-Energy),194.58681103708727,50.37216309799565,-144.2146479390916,-0.13376902071074015,3519.805006569031,0.5367277915268555,True
2,1,fullnet,Learned Polytope Approx. (FullNet),200.41392054715504,319.8871401949204,119.47321964776535,0.11103967088731713,0.0,0.0,False
2,1,supervised,Supervised Regression (FullNet),200.41392054715504,124.92726929880828,-75.48665124834676,-0.0701580901202313,2001.358501691753,0.5968822969783765,True
2,1,cube,Inner Approx. (Cube),200.41392054715504,380.42796683398984,180.0140462868348,0.1673069539241992,0.0,0.0,False
2,1,power_energy,Outer Approx. (Power-Energy),200.41392054715504,41.604452860164244,-158.80946768699079,-0.14759919484670314,3399.7671846286125,0.5184234721257712,True
2,2,fullnet,Learned Polytope Approx. (FullNet),240.8644490396606,344.3145714449623,103.45012240530173,0.09845438925759775,0.0,0.0,False
2,2,supervised,Supervised Regression (FullNet),240.8644490396606,141.02346004623902,-99.84098899342158,-0.09501954531972688,2003.071599362461,0.6006054880479639,True
2,2,cube,Inner Approx. (Cube),240.8644490396606,342.50570719220104,101.64125815254044,0.09673287727564203,0.0,0.0,False
2,2,power_energy,Outer Approx. (Power-Energy),240.8644490396606,99.3841151501812,-141.4803338894794,-0.1346480752383898,3434.9851561453347,0.5599212544520756,True
2,3,fullnet,Learned Polytope Approx. (FullNet),227.31771626227965,305.5938149387517,78.27609867647203,0.07714171500252123,0.0,0.0,False
2,3,supervised,Supervised Regression (FullNet),227.31771626227965,147.32632040348616,-79.99139585879348,-0.07883215395669259,2003.071599362461,0.6006054880479639,True
2,3,cube,Inner Approx. (Cube),227.31771626227965,331.77599642069515,104.4582801584155,0.10294446215235406,0.0,0.0,False
2,3,power_energy,Outer Approx. (Power-Energy),227.31771626227965,107.54464688016148,-119.77306938211817,-0.11803730818830065,3434.5184840657344,0.5441529574175494,True
2,4,fullnet,Learned Polytope Approx. (FullNet),231.21961141489703,314.60091627021575,83.38130485531872,0.08327478560510342,0.0,0.0,False
2,4,supervised,Supervised Regression (FullNet),231.21961141489703,172.33949697275665,-58.88011444214038,-0.05880489535491392,2041.0925296865323,0.612626022946757,True
2,4,cube,Inner Approx. (Cube),231.21961141489703,292.07589698341934,60.85628556852231,0.06077854193137373,0.0,0.0,False
2,4,power_energy,Outer Approx. (Power-Energy),231.21961141489703,103.91432450050966,-127.30528691438737,-0.12714265497028318,3439.28045964143,0.6409055332987611,True
2,5,fullnet,Learned Polytope Approx. (FullNet),203.16508606669157,277.7915822202328,74.62649615354121,0.07224956622040785,0.0,0.0,False
2,5,supervised,Supervised Regression (FullNet),203.16508606669157,147.02341601770019,-56.14167004899139,-0.05435350065991828,2023.4485643536325,0.6089996082494107,True
2,5,cube,Inner Approx. (Cube),203.16508606669157,314.3631620440042,111.19807597731261,0.10765630396709383,0.0,0.0,False
2,5,power_energy,Outer Approx. (Power-Energy),203.16508606669157,72.88600615868295,-130.2790799080086,-0.1261295584825715,3476.8217012379937,0.5458890406198994,True
2,6,fullnet,Learned Polytope Approx. (FullNet),219.40405977100863,286.69134373627617,67.28728396526753,0.06459802383794132,0.0,0.0,False
2,6,supervised,Supervised Regression (FullNet),219.40405977100863,141.85126505418788,-77.55279471682076,-0.07445325456147259,2041.0925296865323,0.612626022946757,True
2,6,cube,Inner Approx. (Cube),219.40405977100863,323.97063941362353,104.5665796426149,0.10038738386130026,0.0,0.0,False
2,6,power_energy,Outer Approx. (Power-Energy),219.40405977100863,86.20480305088326,-133.1992567201254,-0.12787570330887726,3398.572488169582,0.47803162804296656,True
2,7,fullnet,Learned Polytope Approx. (FullNet),211.8978061282154,298.70083075766,86.80302462944462,0.08904661369504305,0.0,0.0,False
2,7,supervised,Supervised Regression (FullNet),211.8978061282154,163.26558324166166,-48.632222886553734,-0.049889215070522006,2036.4981358065208,0.615460021807186,True
2,7,cube,Inner Approx. (Cube),211.8978061282154,283.1875626796559,71.28975655144052,0.07313237573401829,0.0,0.0,False
2,7,power_energy,Outer Approx. (Power-Energy),211.8978061282154,86.62757448760735,-125.27023164060805,-0.1285080787450569,3439.28045964143,0.6409055332987611,True
2,8,fullnet,Learned Polytope Approx. (FullNet),232.2090258490016,321.60705847914767,89.39803263014608,0.08944398849288991,0.0,0.0,False
2,8,supervised,Supervised Regression (FullNet),232.2090258490016,166.9139671039378,-65.29505874506378,-0.06532862425729326,2046.1615604105618,0.6173002802202454,True
2,8,cube,Inner Approx. (Cube),232.2090258490016,291.15985157757547,58.950825728573875,0.05898112993075946,0.0,0.0,False
2,8,power_energy,Outer Approx. (Power-Energy),232.2090258490016,111.40726062675233,-120.80176522224926,-0.1208638644561858,3547.9770646658612,0.7095808446770953,True
2,9,fullnet,Learned Polytope Approx. (FullNet),227.59472739756785,271.5743243961506,43.979596998582736,0.03953284040292972,387.8069103929698,0.047154457212617414,True
2,9,supervised,Supervised Regression (FullNet),227.59472739756785,137.81403602845185,-89.780691369116,-0.08070300742579178,2041.0925296865323,0.612626022946757,True
2,9,cube,Inner Approx. (Cube),227.59472739756785,333.5413251006602,105.94659770309232,0.0952343864898244,0.0,0.0,False
2,9,power_energy,Outer Approx. (Power-Energy),227.59472739756785,78.52894767517544,-149.0657797223924,-0.1339938080718093,2661.2565414511478,0.32883601875627627,True
3,0,fullnet,Learned Polytope Approx. (FullNet),276.3925608989315,419.35157568440087,142.95901478546938,0.11286893469181253,0.0,0.0,False
3,0,supervised,Supervised Regression (FullNet),276.3925608989315,316.32414958784966,39.93158868891817,0.0315267692816244,494.87125666600866,0.07625162562379993,True
3,0,cube,Inner Approx. (Cube),276.3925608989315,478.45961660874326,202.06705570981177,0.15953588760039317,0.0,0.0,False
3,0,power_energy,Outer Approx. (Power-Energy),276.3925608989315,109.49165169778793,-166.90090920114358,-0.13177152800679995,3654.619757688494,0.5180830135445094,True
3,1,fullnet,Learned Polytope Approx. (FullNet),287.21213518119237,434.0893874788944,146.87725229770206,0.11680724293340208,0.0,0.0,False
3,1,supervised,Supervised Regression (FullNet),287.21213518119237,318.69631575589716,31.484180574704794,0.025038460833231278,475.0550949547182,0.07300431234752665,True
3,1,cube,Inner Approx. (Cube),287.21213518119237,472.05129805042895,184.8391628692366,0.14699725562071522,0.0,0.0,False
3,1,power_energy,Outer Approx. (Power-Energy),287.21213518119237,104.46159820189825,-182.7505369792941,-0.14533623168469403,3654.619757688493,0.5180830135445094,True
3,2,fullnet,Learned Polytope Approx. (FullNet),328.3325334893543,467.60456305194293,139.2720295625886,0.11518997285304203,0.0,0.0,False
3,2,supervised,Supervised Regression (FullNet),328.3325334893543,332.5366896434414,4.204156154087059,0.003477199512207904,636.7175514479798,0.1014758597278739,True
3,2,cube,Inner Approx. (Cube),328.3325334893543,429.80596818867633,101.47343469932201,0.08392727689135128,0.0,0.0,False
3,2,power_energy,Outer Approx. (Power-Energy),328.3325334893543,170.88407009719262,-157.4484633921617,-0.1302234503285226,3621.3712901329627,0.502444348719362,True
3,3,fullnet,Learned Polytope Approx. (FullNet),308.00150206951093,422.4083038510021,114.40680178149114,0.09806517663310654,0.0,0.0,False
3,3,supervised,Supervised Regression (FullNet),308.00150206951093,331.24278873842934,23.241286668918406,0.01992155052739944,636.7175514479798,0.1014758597278739,True
3,3,cube,Inner Approx. (Cube),308.00150206951093,414.4648249221097,106.46332285259876,0.09125632740287473,0.0,0.0,False
3,3,power_energy,Outer Approx. (Power-Energy),308.00150206951093,175.26322721022706,-132.73827485928388,-0.11377822093926783,4040.6331081854237,0.5463346230192839,True
3,4,fullnet,Learned Polytope Approx. (FullNet),313.58279191054254,421.32339823913316,107.74060632859062,0.09570005253767945,0.0,0.0,False
3,4,supervised,Supervised Regression (FullNet),313.58279191054254,349.13307649468777,35.55028458414523,0.031577361761415464,636.7175514479798,0.1014758597278739,True
3,4,cube,Inner Approx. (Cube),313.58279191054254,374.76460266096393,61.18181075042139,0.054344436166514756,0.0,0.0,False
3,4,power_energy,Outer Approx. (Power-Energy),313.58279191054254,169.01667323546863,-144.5661186750739,-0.128410128955267,4572.332527280346,0.7067406648599144,True
3,5,fullnet,Learned Polytope Approx. (FullNet),286.1170506006396,391.47920256845276,105.36215196781319,0.08998765776258577,0.0,0.0,False
3,5,supervised,Supervised Regression (FullNet),286.1170506006396,330.6053614353379,44.488310834698325,0.03799655583203499,492.0355670028532,0.07682389266140105,True
3,5,cube,Inner Approx. (Cube),286.1170506006396,398.2715933146498,112.15454271401023,0.09578889969284986,0.0,0.0,False
3,5,power_energy,Outer Approx. (Power-Energy),286.1170506006396,135.07197885088576,-151.04507174975382,-0.1290045046488259,4503.473350379648,0.5959966034924866,True
3,6,fullnet,Learned Polytope Approx. (FullNet),303.18991200818795,406.83341365896644,103.64350165077849,0.08749374446662724,0.0,0.0,False
3,6,supervised,Supervised Regression (FullNet),303.18991200818795,327.677144886923,24.48723287873503,0.02067162592987076,636.7175514479798,0.1014758597278739,True
3,6,cube,Inner Approx. (Cube),303.18991200818795,407.70358589645826,104.51367388827032,0.08822832624142674,0.0,0.0,False
3,6,power_energy,Outer Approx. (Power-Energy),303.18991200818795,156.7464968809452,-146.44341512724276,-0.1236245643758308,3628.8059894351986,0.44060023511704016,True
3,7,fullnet,Learned Polytope Approx. (FullNet),289.61810996023064,400.25635967593416,110.63824971570352,0.10079992058856875,0.0,0.0,False
3,7,supervised,Supervised Regression (FullNet),289.61810996023064,332.74962368804995,43.13151372781931,0.03929611296093978,492.0355670028532,0.07682389266140105,True
3,7,cube,Inner Approx. (Cube),289.61810996023064,362.63600896811624,73.0178990078856,0.06652489930428035,0.0,0.0,False
3,7,power_energy,Outer Approx. (Power-Energy),289.61810996023064,144.5230726481033,-145.09503731212735,-0.13219269354350574,4572.332527280346,0.7067406648599144,True
3,8,fullnet,Learned Polytope Approx. (FullNet),311.9968899326002,430.69353473093395,118.69664479833375,0.10544858062648312,0.0,0.0,False
3,8,supervised,Supervised Regression (FullNet),311.9968899326002,346.15560835000633,34.158718417406135,0.0303461684132267,588.2716538281707,0.09339434920912938,True
3,8,cube,Inner Approx. (Cube),311.9968899326002,373.92579892115856,61.92890898855836,0.05501685042306944,0.0,0.0,False
3,8,power_energy,Outer Approx. (Power-Energy),311.9968899326002,176.34280958105808,-135.65408035154212,-0.12051334941745391,4813.033555923678,0.7636345253563454,True
3,9,fullnet,Learned Polytope Approx. (FullNet),321.9235754559499,412.894856136818,90.97128068086812,0.07196731739783263,0.0,0.0,False
3,9,supervised,Supervised Regression (FullNet),321.9235754559499,330.8742307698626,8.950655313912705,0.007080857244987902,588.2716538281707,0.09339434920912938,True
3,9,cube,Inner Approx. (Cube),321.9235754559499,423.16804245162655,101.24446699567665,0.08009442800539367,0.0,0.0,False
3,9,power_energy,Outer Approx. (Power-Energy),321.9235754559499,162.9267580713798,-158.9968173845701,-0.1257822725624994,2930.4705438774745,0.3403337093456722,True
4,0,fullnet,Learned Polytope Approx. (FullNet),255.46691316333772,405.0963487083185,149.62943554498077,0.12509510241826458,0.0,0.0,False
4,0,supervised,Supervised Regression (FullNet),255.46691316333772,300.28557387408426,44.81866071074654,0.03746986634975887,480.372944252219,0.07897432897493649,True
4,0,cube,Inner Approx. (Cube),255.46691316333772,454.4601282723896,198.9932151090519,0.16636483679792657,0.0,0.0,False
4,0,power_energy,Outer Approx. (Power-Energy),255.46691316333772,88.1527122285766,-167.31420093476112,-0.13988014474379357,3667.3673462963848,0.5307999458599368,True
4,1,fullnet,Learned Polytope Approx. (FullNet),264.95669870533794,419.4187995766564,154.46210087131846,0.1298247777312503,0.0,0.0,False
4,1,supervised,Supervised Regression (FullNet),264.95669870533794,301.70138544209817,36.74468673676023,0.03088376217528265,375.90609714310585,0.06091766992112387,True
4,1,cube,Inner Approx. (Cube),264.95669870533794,446.3008795319521,181.34418082661415,0.15241905837008113,0.0,0.0,False
4,1,power_energy,Outer Approx. (Power-Energy),264.95669870533794,81.91109770465046,-183.0456010006875,-0.15384909521847642,3667.3673462963848,0.5307999458599368,True
4,2,fullnet,Learned Polytope Approx. (FullNet),302.8972051237451,444.5304753664468,141.6332702427017,0.1233948844618966,0.0,0.0,False
4,2,supervised,Supervised Regression (FullNet),302.8972051237451,325.9197602515335,23.022555127788394,0.020057896884983367,480.372944252219,0.07897432897493649,True
4,2,cube,Inner Approx. (Cube),302.8972051237451,401.78889922256104,98.89169409881595,0.08615722242841749,0.0,0.0,False
4,2,power_energy,Outer Approx. (Power-Energy),302.8972051237451,145.94815967253868,-156.94904545120642,-0.13673841814617374,3654.5675365700276,0.5266530571364565,True
4,3,fullnet,Learned Polytope Approx. (FullNet),284.78234624425835,403.98766465208365,119.2053184078253,0.10754829425315723,0.0,0.0,False
4,3,supervised,Supervised Regression (FullNet),284.78234624425835,324.0160985762717,39.23375233201335,0.03539710473338976,428.4247855624744,0.07004584833554872,True
4,3,cube,Inner Approx. (Cube),284.78234624425835,389.0781879233584,104.29584167910008,0.09409680725745387,0.0,0.0,False
4,3,power_energy,Outer Approx. (Power-Energy),284.78234624425835,151.7515434353761,-133.03080280888224,-0.12002179194954607,4182.457094515041,0.5854363590775129,True
4,4,fullnet,Learned Polytope Approx. (FullNet),291.4213875672524,403.9500172789845,112.5286297117321,0.10459246675577229,0.0,0.0,False
4,4,supervised,Supervised Regression (FullNet),291.4213875672524,340.90575463430173,49.484367067049334,0.04599444630801524,428.4247855624744,0.07004584833554872,True
4,4,cube,Inner Approx. (Cube),291.4213875672524,348.78013593295555,57.35874836570315,0.05331348117328968,0.0,0.0,False
4,4,power_energy,Outer Approx. (Power-Energy),291.4213875672524,147.48722004281453,-143.93416752443787,-0.13378310631156623,4160.5588005655545,0.7319948045516239,True
4,5,fullnet,Learned Polytope Approx. (FullNet),263.6027147528315,374.14229852154347,110.53958376871196,0.09909454259293013,0.0,0.0,False
4,5,supervised,Supervised Regression (FullNet),263.6027147528315,319.4066664868896,55.8039517340581,0.050026125333843145,102.10623285798654,0.016113763256171566,True
4,5,cube,Inner Approx. (Cube),263.6027147528315,368.0879668183457,104.4852520655142,0.0936670639433853,0.0,0.0,False
4,5,power_energy,Outer Approx. (Power-Energy),263.6027147528315,111.71683564805492,-151.88587910477656,-0.13615992753966832,4577.587576577353,0.6255155902392984,True
4,6,fullnet,Learned Polytope Approx. (FullNet),277.79854063610753,386.23528234653185,108.43674171042431,0.09619076559029281,0.0,0.0,False
4,6,supervised,Supervised Regression (FullNet),277.79854063610753,315.9715217649556,38.17298112884805,0.033862030726202696,428.4247855624744,0.07004584833554872,True
4,6,cube,Inner Approx. (Cube),277.79854063610753,377.3640686206311,99.56552798452356,0.08832139560969816,0.0,0.0,False
4,6,power_energy,Outer Approx. (Power-Energy),277.79854063610753,131.41781883863325,-146.38072179747428,-0.12984965681613725,3708.9947777582556,0.46055748372010136,True
4,7,fullnet,Learned Polytope Approx. (FullNet),270.2560544015799,386.4908303383031,116.23477593672322,0.11079404333347641,0.0,0.0,False
4,7,supervised,Supervised Regression (FullNet),270.2560544015799,325.43873099492544,55.18267659334555,0.05259967864581835,17.814958196364117,0.0027652212498490256,True
4,7,cube,Inner Approx. (Cube),270.2560544015799,343.43166362684633,73.17560922526644,0.06975039573243799,0.0,0.0,False
4,7,power_energy,Outer Approx. (Power-Energy),270.2560544015799,126.26029565053358,-143.9957587510463,-0.137255586431253,4164.273759452067,0.7169512993406063,True
4,8,fullnet,Learned Polytope Approx. (FullNet),289.94939199220426,414.5852647002227,124.63587270801844,0.11579521515991284,0.0,0.0,False
4,8,supervised,Supervised Regression (FullNet),289.94939199220426,340.4764839727614,50.527091980557145,0.046943110038631046,230.13070440798597,0.0371236516591628,True
4,8,cube,Inner Approx. (Cube),289.94939199220426,353.7019893133944,63.75259732119014,0.059230505338577044,0.0,0.0,False
4,8,power_energy,Outer Approx. (Power-Energy),289.94939199220426,153.85605323130653,-136.09333876089772,-0.12643998153378522,4784.69582099512,0.8026030144293198,True
4,9,fullnet,Learned Polytope Approx. (FullNet),290.08853842513895,385.006496149692,94.91795772455305,0.07887413766729207,0.0,0.0,False
4,9,supervised,Supervised Regression (FullNet),290.08853842513895,308.88698568579355,18.798447260654598,0.015620977870920389,317.1987967913178,0.05202089936061305,True
4,9,cube,Inner Approx. (Cube),290.08853842513895,385.7488677250633,95.66032929992434,0.07949102744494657,0.0,0.0,False
4,9,power_energy,Outer Approx. (Power-Energy),290.08853842513895,132.45305748669142,-157.63548093844753,-0.13099062519728746,2846.2476339925133,0.33650432640440353,True
5,0,fullnet,Learned Polytope Approx. (FullNet),271.90964254677993,400.9658043273462,129.05616178056624,0.1057265181719103,0.0,0.0,False
5,0,supervised,Supervised Regression (FullNet),271.90964254677993,317.39780055794984,45.4881580111699,0.03726520685429903,492.3442385940998,0.07581861355076998,True
5,0,cube,Inner Approx. (Cube),271.90964254677993,472.49999047290106,200.59034792612113,0.16432938011266962,0.0,0.0,False
5,0,power_energy,Outer Approx. (Power-Energy),271.90964254677993,96.88434586521933,-175.0252966815606,-0.14338575512272467,3868.7393981450705,0.5444591284712023,True
5,1,fullnet,Learned Polytope Approx. (FullNet),282.4001997377274,414.52417813996516,132.12397840223775,0.10834100755500885,0.0,0.0,False
5,1,supervised,Supervised Regression (FullNet),282.4001997377274,319.9446365864429,37.54443684871552,0.030786252166066688,492.3442385940998,0.07581861355076998,True
5,1,cube,Inner Approx. (Cube),282.4001997377274,467.8684177995859,185.46821806185852,0.15208301973075855,0.0,0.0,False
5,1,power_energy,Outer Approx. (Power-Energy),282.4001997377274,90.81879437376922,-191.5814053639582,-0.15709580302483736,3868.73939814507,0.5444591284712021,True
5,2,fullnet,Learned Polytope Approx. (FullNet),321.1039856134896,442.87430761097414,121.77032199748453,0.10343359142545763,0.0,0.0,False
5,2,supervised,Supervised Regression (FullNet),321.1039856134896,346.57279337713146,25.46880776364185,0.02163359850828409,625.4671658936436,0.09967331589623295,True
5,2,cube,Inner Approx. (Cube),321.1039856134896,420.6797265922765,99.57574097878688,0.08458117166266345,0.0,0.0,False
5,2,power_energy,Outer Approx. (Power-Energy),321.1039856134896,156.8902377647325,-164.21374784875712,-0.1394856925957898,3800.285500268417,0.5193431182207405,True
5,3,fullnet,Learned Polytope Approx. (FullNet),300.6810563523795,398.42389232704204,97.74283597466251,0.08655141263926985,0.0,0.0,False
5,3,supervised,Supervised Regression (FullNet),300.6810563523795,340.5096553002079,39.82859894782837,0.035268277905002594,420.2230157881096,0.06466047278229418,True
5,3,cube,Inner Approx. (Cube),300.6810563523795,405.18951782797944,104.50846147559992,0.09254238311455049,0.0,0.0,False
5,3,power_energy,Outer Approx. (Power-Energy),300.6810563523795,162.46860902806193,-138.2124473243176,-0.12238730788772437,4156.186624063259,0.5501108712418631,True
5,4,fullnet,Learned Polytope Approx. (FullNet),305.163374378012,397.37916554951124,92.21579117149923,0.08331784971986356,0.0,0.0,False
5,4,supervised,Supervised Regression (FullNet),305.163374378012,358.13780236824437,52.97442799023236,0.047862902592002515,420.2230157881096,0.06466047278229418,True
5,4,cube,Inner Approx. (Cube),305.163374378012,362.57309803362324,57.40972365561123,0.05187023466622335,0.0,0.0,False
5,4,power_energy,Outer Approx. (Power-Energy),305.163374378012,154.3934324780372,-150.7699418999748,-0.13622208519723783,4577.136850952103,0.6976424766919935,True
5,5,fullnet,Learned Polytope Approx. (FullNet),276.487935375622,366.35065475473914,89.86271937911715,0.07835496652028304,0.0,0.0,False
5,5,supervised,Supervised Regression (FullNet),276.487935375622,337.112723922824,60.624788547202,0.05286122331636387,95.52404721124951,0.014252135402865188,True
5,5,cube,Inner Approx. (Cube),276.487935375622,383.84882194789157,107.36088657226958,0.09361233146604485,0.0,0.0,False
5,5,power_energy,Outer Approx. (Power-Energy),276.487935375622,118.86739022408777,-157.6205451515342,-0.13743577563186088,4476.861378915908,0.5788011322973359,True
5,6,fullnet,Learned Polytope Approx. (FullNet),294.050427583168,377.843171061063,83.79274347789499,0.07221435890056414,0.0,0.0,False
5,6,supervised,Supervised Regression (FullNet),294.050427583168,334.40779173452603,40.35736415135801,0.03478083015477062,420.2230157881096,0.06466047278229418,True
5,6,cube,Inner Approx. (Cube),294.050427583168,395.3557311176899,101.3053035345219,0.08730705362216094,0.0,0.0,False
5,6,power_energy,Outer Approx. (Power-Energy),294.050427583168,140.63995853633114,-153.41046904683688,-0.13221238750554482,3707.9636528780866,0.43669888563425435,True
5,7,fullnet,Learned Polytope Approx. (FullNet),281.6482242272592,375.56721827041576,93.91899404315654,0.08717174418249812,0.0,0.0,False
5,7,supervised,Supervised Regression (FullNet),281.6482242272592,339.17911185198466,57.53088762472544,0.05339780168759206,268.51387098286557,0.04130019574765503,True
5,7,cube,Inner Approx. (Cube),281.6482242272592,351.1376796434881,69.4894554162289,0.06449725204830385,0.0,0.0,False
5,7,power_energy,Outer Approx. (Power-Energy),281.6482242272592,131.15192225109683,-150.49630197616239,-0.13968447245346044,4577.136850952103,0.6976424766919935,True
5,8,fullnet,Learned Polytope Approx. (FullNet),304.13739490829334,404.9178552797206,100.78046037142724,0.09100529862443026,0.0,0.0,False
5,8,supervised,Supervised Regression (FullNet),304.13739490829334,354.3331179737026,50.195723065409254,0.04532700833476137,352.7634023339166,0.05481710475757039,True
5,8,cube,Inner Approx. (Cube),304.13739490829334,364.19631882243687,60.05892391414352,0.05423353183469053,0.0,0.0,False
5,8,power_energy,Outer Approx. (Power-Energy),304.13739490829334,162.88608297263875,-141.2513119356546,-0.1275506956052889,4801.663848911659,0.7609329618113961,True
5,9,fullnet,Learned Polytope Approx. (FullNet),311.39664148330445,366.79255106663743,55.39590958333298,0.044387407044403505,135.50742033290618,0.01624267834548027,True
5,9,supervised,Supervised Regression (FullNet),311.39664148330445,325.00358934051144,13.60694785720699,0.010902919325861921,450.3996437115064,0.07116268534462697,True
5,9,cube,Inner Approx. (Cube),311.39664148330445,410.73972686695436,99.3430853836499,0.07960121967737697,0.0,0.0,False
5,9,power_energy,Outer Approx. (Power-Energy),311.39664148330445,144.56016463922342,-166.83647684408103,-0.1336820473430859,2956.7981372274985,0.3318447048537178,True
6,0,fullnet,Learned Polytope Approx. (FullNet),276.897639583032,434.2241909912692,157.3265514082372,0.13419747878932384,0.0,0.0,False
6,0,supervised,Supervised Regression (FullNet),276.897639583032,279.36138488666654,2.463745303634539,0.0021015423345094784,1040.186245468328,0.18691355859684633,True
6,0,cube,Inner Approx. (Cube),276.897639583032,463.69063064439376,186.79299106136176,0.15933196419532655,0.0,0.0,False
6,0,power_energy,Outer Approx. (Power-Energy),276.897639583032,102.63097485012295,-174.26666473290905,-0.14864717261549493,3726.4142206066076,0.5219831715694585,True
6,1,fullnet,Learned Polytope Approx. (FullNet),286.8153218864178,447.577416776299,160.7620948898812,0.13711841367306593,0.0,0.0,False
6,1,supervised,Supervised Regression (FullNet),286.8153218864178,281.6095389816328,-5.205782904784996,-0.004440155462762715,1040.186245468328,0.18691355859684633,True
6,1,cube,Inner Approx. (Cube),286.8153218864178,459.2931938677866,172.47787198136882,0.1471111222828437,0.0,0.0,False
6,1,power_energy,Outer Approx. (Power-Energy),286.8153218864178,97.04303596901279,-189.772285917405,-0.16186200373869306,3726.414220606609,0.5219831715694586,True
6,2,fullnet,Learned Polytope Approx. (FullNet),324.21769816508635,464.134722042272,139.91702387718567,0.12291122113892504,0.0,0.0,False
6,2,supervised,Supervised Regression (FullNet),324.21769816508635,298.22020479482546,-25.997493370260884,-0.022837704577640748,1015.3286270423927,0.1826734165844587,True
6,2,cube,Inner Approx. (Cube),324.21769816508635,417.40849192992124,93.1907937648349,0.08186419309915907,0.0,0.0,False
6,2,power_energy,Outer Approx. (Power-Energy),324.21769816508635,163.49727130791652,-160.72042685716983,-0.1411861357508841,4071.141665150585,0.5567179681610652,True
6,3,fullnet,Learned Polytope Approx. (FullNet),305.80448754934986,422.1180311438289,116.31354359447903,0.10635062132942148,0.0,0.0,False
6,3,supervised,Supervised Regression (FullNet),305.80448754934986,297.56895965381636,-8.235527895533494,-0.007530107686508002,1015.3286270423927,0.1826734165844587,True
6,3,cube,Inner Approx. (Cube),305.80448754934986,403.2210393461813,97.41655179683147,0.08907226528566158,0.0,0.0,False
6,3,power_energy,Outer Approx. (Power-Energy),305.80448754934986,168.3345808649875,-137.46990668436237,-0.12569482055289638,4189.607213877419,0.5541068084270497,True
6,4,fullnet,Learned Polytope Approx. (FullNet),310.831072024478,419.7403139796337,108.90924195515572,0.10094612192353992,0.0,0.0,False
6,4,supervised,Supervised Regression (FullNet),310.831072024478,317.6637338451061,6.832661820628118,0.00633307789885678,1015.3286270423927,0.1826734165844587,True
6,4,cube,Inner Approx. (Cube),310.831072024478,366.2026926588079,55.37162063432993,0.0513230123294643,0.0,0.0,False
6,4,power_energy,Outer Approx. (Power-Energy),310.831072024478,161.1463442748668,-149.68472774961117,-0.13874022540461564,5260.839064860076,0.8213780461015711,True
6,5,fullnet,Learned Polytope Approx. (FullNet),284.83705031862826,393.9237036095336,109.08665329090536,0.09776087840764555,0.0,0.0,False
6,5,supervised,Supervised Regression (FullNet),284.83705031862826,301.37703229381987,16.53998197519161,0.014822740619141933,694.3371773662961,0.11864615062524426,True
6,5,cube,Inner Approx. (Cube),284.83705031862826,384.0946121852906,99.25756186666234,0.08895227916479789,0.0,0.0,False
6,5,power_energy,Outer Approx. (Power-Energy),284.83705031862826,125.79870238416169,-159.03834793446657,-0.14252640561914132,4654.148187002127,0.6001821839271188,True
6,6,fullnet,Learned Polytope Approx. (FullNet),297.7752008859004,402.3050660128173,104.52986512691689,0.09269634843380596,0.0,0.0,False
6,6,supervised,Supervised Regression (FullNet),297.7752008859004,294.1967959936307,-3.5784048922697025,-0.0031733042640811056,1015.3286270423927,0.1826734165844587,True
6,6,cube,Inner Approx. (Cube),297.7752008859004,392.5156516055346,94.74045071963417,0.08401516466150691,0.0,0.0,False
6,6,power_energy,Outer Approx. (Power-Energy),297.7752008859004,148.15240050628302,-149.6228003796174,-0.13268444593122655,3720.214698704537,0.45435965668451994,True
6,7,fullnet,Learned Polytope Approx. (FullNet),289.683098095428,401.5347894912503,111.85169139582229,0.10665322710062117,0.0,0.0,False
6,7,supervised,Supervised Regression (FullNet),289.683098095428,306.36137094072524,16.678272845297215,0.015903126713755225,929.6799379502761,0.16618477723377914,True
6,7,cube,Inner Approx. (Cube),289.683098095428,357.5973567894851,67.91425869405708,0.06475784823168212,0.0,0.0,False
6,7,power_energy,Outer Approx. (Power-Energy),289.683098095428,137.76267030048913,-151.9204277949389,-0.14485971275569212,5260.839064860076,0.8213780461015711,True
6,8,fullnet,Learned Polytope Approx. (FullNet),309.1569470569118,427.82870936083464,118.67176230392283,0.11013631227908725,0.0,0.0,False
6,8,supervised,Supervised Regression (FullNet),309.1569470569118,314.8056727145224,5.648725657610612,0.0052424418490744,929.6799379502761,0.16618477723377914,True
6,8,cube,Inner Approx. (Cube),309.1569470569118,370.3418614711876,61.184914414275795,0.056784197941224565,0.0,0.0,False
6,8,power_energy,Outer Approx. (Power-Energy),309.1569470569118,169.54782413686885,-139.60912292004295,-0.1295677561402748,5331.3822552461315,0.8455390841030538,True
6,9,fullnet,Learned Polytope Approx. (FullNet),309.45053918921906,390.4674701351454,81.01693094592633,0.06690552717879765,0.0,0.0,False
6,9,supervised,Supervised Regression (FullNet),309.45053918921906,288.8454444667938,-20.605094722425235,-0.01701613118241971,929.6799379502761,0.16618477723377914,True
6,9,cube,Inner Approx. (Cube),309.45053918921906,400.32268548924446,90.8721463000254,0.07504417636024673,0.0,0.0,False
6,9,power_energy,Outer Approx. (Power-Energy),309.45053918921906,151.98224996246987,-157.4682892267492,-0.13004070608019966,2850.197156316097,0.3203941152720061,True
7,0,fullnet,Learned Polytope Approx. (FullNet),282.2636353079453,417.68121791839735,135.41758261045203,0.10969957051901434,0.0,0.0,False
7,0,supervised,Supervised Regression (FullNet),282.2636353079453,310.40597623715024,28.14234092920492,0.02279765045145014,996.0555155036216,0.16322452723864078,True
7,0,cube,Inner Approx. (Cube),282.2636353079453,482.9285944383273,200.664959130382,0.16255540388829415,0.0,0.0,False
7,0,power_energy,Outer Approx. (Power-Energy),282.2636353079453,111.90360893150009,-170.36002637644523,-0.13800587314325277,3724.839619411827,0.5133568199554706,True
7,1,fullnet,Learned Polytope Approx. (FullNet),292.6982555710224,430.4866864934039,137.7884309223815,0.11170068520708581,0.0,0.0,False
7,1,supervised,Supervised Regression (FullNet),292.6982555710224,313.3170361261149,20.618780555092485,0.016714987613406816,996.0555155036216,0.16322452723864078,True
7,1,cube,Inner Approx. (Cube),292.6982555710224,479.51220843203475,186.81395286101235,0.15144411182513698,0.0,0.0,False
7,1,power_energy,Outer Approx. (Power-Energy),292.6982555710224,106.70948898874191,-185.9887665822805,-0.15077515963415256,3724.8396194118272,0.5133568199554706,True
7,2,fullnet,Learned Polytope Approx. (FullNet),334.16906649537765,456.72410622658356,122.55503973120591,0.10265957308507369,0.0,0.0,False
7,2,supervised,Supervised Regression (FullNet),334.16906649537765,326.45707011590235,-7.711996379475295,-0.0064600383442981035,990.9552464952001,0.16242245306368727,True
7,2,cube,Inner Approx. (Cube),334.16906649537765,432.5167627973083,98.34769630193063,0.08238202638096712,0.0,0.0,False
7,2,power_energy,Outer Approx. (Power-Energy),334.16906649537765,174.88696644895938,-159.28210004641826,-0.1334243979417165,4021.257811557471,0.5393995594688086,True
7,3,fullnet,Learned Polytope Approx. (FullNet),313.07565452308995,409.93332278398793,96.85766826089798,0.08462889141041087,0.0,0.0,False
7,3,supervised,Supervised Regression (FullNet),313.07565452308995,327.21835848876566,14.142703965675707,0.012357115132451982,990.9552464952001,0.16242245306368727,True
7,3,cube,Inner Approx. (Cube),313.07565452308995,414.24380322101115,101.1681486979212,0.08839515160830173,0.0,0.0,False
7,3,power_energy,Outer Approx. (Power-Energy),313.07565452308995,178.13532534687937,-134.94032917621058,-0.1179034212756171,4059.2333434052052,0.5220737227563391,True
7,4,fullnet,Learned Polytope Approx. (FullNet),316.8883178380988,408.8776461118132,91.98932827371436,0.08165540182728441,0.0,0.0,False
7,4,supervised,Supervised Regression (FullNet),316.8883178380988,345.36401209954465,28.475694261445824,0.025276782653642575,990.9552464952001,0.16242245306368727,True
7,4,cube,Inner Approx. (Cube),316.8883178380988,375.71007134482835,58.82175350672952,0.052213816634096986,0.0,0.0,False
7,4,power_energy,Outer Approx. (Power-Energy),316.8883178380988,169.4087411346374,-147.47957670346142,-0.1309119690623946,4877.486839264248,0.7165026381636573,True
7,5,fullnet,Learned Polytope Approx. (FullNet),288.7972892550602,377.59206965872613,88.79478040366592,0.07601993942622676,0.0,0.0,False
7,5,supervised,Supervised Regression (FullNet),288.7972892550602,324.8011221816652,36.003832926605014,0.030823987465816216,613.0445814591438,0.09655834410580443,True
7,5,cube,Inner Approx. (Cube),288.7972892550602,397.037467445016,108.24017818995577,0.09266774186588017,0.0,0.0,False
7,5,power_energy,Outer Approx. (Power-Energy),288.7972892550602,133.78681259810918,-155.01047665695103,-0.1327092312444691,4448.955300416899,0.5570241759357196,True
7,6,fullnet,Learned Polytope Approx. (FullNet),306.39899824825216,390.20701335345467,83.80801510520251,0.07094796055832722,0.0,0.0,False
7,6,supervised,Supervised Regression (FullNet),306.39899824825216,321.3093690092186,14.91037076096643,0.012622425138349488,990.9552464952001,0.16242245306368727,True
7,6,cube,Inner Approx. (Cube),306.39899824825216,406.748796483636,100.34979823538384,0.08495146339288671,0.0,0.0,False
7,6,power_energy,Outer Approx. (Power-Energy),306.39899824825216,158.14006502495957,-148.2589332232926,-0.1255091047502075,3616.572550344552,0.4364796056535375,True
7,7,fullnet,Learned Polytope Approx. (FullNet),292.86236509292405,386.10185242864156,93.23948733571751,0.08510962903053625,0.0,0.0,False
7,7,supervised,Supervised Regression (FullNet),292.86236509292405,329.5935894076372,36.73122431471313,0.033528507766313005,626.7706841475817,0.09893408604237086,True
7,7,cube,Inner Approx. (Cube),292.86236509292405,361.816195830361,68.95383073743693,0.06294151889925215,0.0,0.0,False
7,7,power_energy,Outer Approx. (Power-Energy),292.86236509292405,144.52515277234752,-148.33721232057653,-0.1354032017204356,4877.486839264248,0.7165026381636573,True
7,8,fullnet,Learned Polytope Approx. (FullNet),315.56676711641,415.85827273474723,100.29150561833723,0.08912538322000087,0.0,0.0,False
7,8,supervised,Supervised Regression (FullNet),315.56676711641,339.6641049290733,24.097337812663284,0.02141442043265877,833.3771254319629,0.13668140417772817,True
7,8,cube,Inner Approx. (Cube),315.56676711641,376.1916106662831,60.624843549873106,0.053875075269057666,0.0,0.0,False
7,8,power_energy,Outer Approx. (Power-Energy),315.56676711641,178.07089648980673,-137.49587062660328,-0.12218753806925696,5097.164229848612,0.7769960683871444,True
7,9,fullnet,Learned Polytope Approx. (FullNet),324.916662884928,379.40832073785236,54.49165785292439,0.04285785583613923,253.59795892501143,0.028602886108230908,True
7,9,supervised,Supervised Regression (FullNet),324.916662884928,312.6688515068639,-12.247811378064057,-0.009632941169932208,861.5629319666521,0.1413435334792124,True
7,9,cube,Inner Approx. (Cube),324.916662884928,422.4912008680443,97.57453798311633,0.0767426730426383,0.0,0.0,False
7,9,power_energy,Outer Approx. (Power-Energy),324.916662884928,165.84088810327785,-159.07577478165013,-0.1251135841932956,2862.6152239496937,0.3152167309581071,True
8,0,fullnet,Learned Polytope Approx. (FullNet),277.1613694062422,400.54929763978606,123.38792823354385,0.1060070419366787,0.0,0.0,False
8,0,supervised,Supervised Regression (FullNet),277.1613694062422,311.82774626654816,34.666376860305945,0.029783141010905793,573.0433021333878,0.09024048402484337,True
8,0,cube,Inner Approx. (Cube),277.1613694062422,482.5329705415804,205.3716011353382,0.17644218722069524,0.0,0.0,False
8,0,power_energy,Outer Approx. (Power-Energy),277.1613694062422,95.5220170711865,-181.63935233505572,-0.15605295198642288,3798.8886984020114,0.5473893732629075,True
8,1,fullnet,Learned Polytope Approx. (FullNet),288.02170458506527,414.9579415477308,126.93623696266553,0.10947230936899291,0.0,0.0,False
8,1,supervised,Supervised Regression (FullNet),288.02170458506527,313.92610499488677,25.904400409821505,0.02234046481554606,561.4057245740179,0.08809701905338617,True
8,1,cube,Inner Approx. (Cube),288.02170458506527,472.5302713373725,184.50856675230722,0.1591238198330935,0.0,0.0,False
8,1,power_energy,Outer Approx. (Power-Energy),288.02170458506527,90.10817792310033,-197.91352666196494,-0.17068452112236057,3798.8886984020105,0.5473893732629074,True
8,2,fullnet,Learned Polytope Approx. (FullNet),324.3564364170471,435.5697014591934,111.2132650421463,0.0989599889645278,0.0,0.0,False
8,2,supervised,Supervised Regression (FullNet),324.3564364170471,342.22941023677305,17.872973819725928,0.01590376194146523,573.0433021333878,0.09024048402484337,True
8,2,cube,Inner Approx. (Cube),324.3564364170471,425.38041034585416,101.02397392880704,0.08989333548798173,0.0,0.0,False
8,2,power_energy,Outer Approx. (Power-Energy),324.3564364170471,154.4791625374453,-169.87727387960183,-0.15116050357912436,4009.2951722778057,0.5610651694725198,True
8,3,fullnet,Learned Polytope Approx. (FullNet),304.3283510220063,395.3995360282664,91.07118500626012,0.08399091482193476,0.0,0.0,False
8,3,supervised,Supervised Regression (FullNet),304.3283510220063,337.84738703443594,33.51903601242964,0.03091312030737078,552.4130273500548,0.08721323331085672,True
8,3,cube,Inner Approx. (Cube),304.3283510220063,412.02817484874936,107.69982382674306,0.09932677090725851,0.0,0.0,False
8,3,power_energy,Outer Approx. (Power-Energy),304.3283510220063,159.38314461284426,-144.94520640916204,-0.13367653538847496,4082.316552177286,0.5534665062088511,True
8,4,fullnet,Learned Polytope Approx. (FullNet),310.4338349367644,395.5928036890383,85.15896875227389,0.08034969972599931,0.0,0.0,False
8,4,supervised,Supervised Regression (FullNet),310.4338349367644,354.65683765600306,44.22300271923865,0.04172555212369217,406.8010665882468,0.06369935905989649,True
8,4,cube,Inner Approx. (Cube),310.4338349367644,365.6925888057046,55.258753868940175,0.05213807007830505,0.0,0.0,False
8,4,power_energy,Outer Approx. (Power-Energy),310.4338349367644,152.87018815581877,-157.56364678094565,-0.1486653947561378,4867.112888328669,0.7883794492510817,True
8,5,fullnet,Learned Polytope Approx. (FullNet),284.2290042647543,366.2270480991334,81.99804383437913,0.0747315268115627,0.0,0.0,False
8,5,supervised,Supervised Regression (FullNet),284.2290042647543,333.29716665820587,49.06816239345159,0.04471983137679329,234.93481654755752,0.03587708699755027,True
8,5,cube,Inner Approx. (Cube),284.2290042647543,387.0996368064485,102.87063254169419,0.09375442479383683,0.0,0.0,False
8,5,power_energy,Outer Approx. (Power-Energy),284.2290042647543,117.92898893900156,-166.30001532575272,-0.15156281141513256,4410.2420435335835,0.5841706285762329,True
8,6,fullnet,Learned Polytope Approx. (FullNet),298.7759973362582,376.4898822250059,77.71388488874771,0.0701244578127965,0.0,0.0,False
8,6,supervised,Supervised Regression (FullNet),298.7759973362582,330.8686234848609,32.09262614860273,0.028958506085254163,552.4130273500548,0.08721323331085672,True
8,6,cube,Inner Approx. (Cube),298.7759973362582,396.9479894914633,98.17199215520515,0.08858465552379885,0.0,0.0,False
8,6,power_energy,Outer Approx. (Power-Energy),298.7759973362582,139.31176519343109,-159.4642321428271,-0.14389118283763436,3692.7756471908256,0.46504145118559453,True
8,7,fullnet,Learned Polytope Approx. (FullNet),288.1909664447353,377.8548060117338,89.66383956699849,0.08685785871671733,0.0,0.0,False
8,7,supervised,Supervised Regression (FullNet),288.1909664447353,338.3511309053971,50.160164460661804,0.0485904295306915,303.6710711219546,0.04697209698962985,True
8,7,cube,Inner Approx. (Cube),288.1909664447353,357.9783619115996,69.78739546686433,0.06760343707051773,0.0,0.0,False
8,7,power_energy,Outer Approx. (Power-Energy),288.1909664447353,130.6768764259849,-157.5140900187504,-0.15258477266655493,4867.112888328669,0.7883794492510817,True
8,8,fullnet,Learned Polytope Approx. (FullNet),308.55972037742674,405.59862558245806,97.03890520503131,0.09162390041775152,0.0,0.0,False
8,8,supervised,Supervised Regression (FullNet),308.55972037742674,351.2712493514623,42.71152897403556,0.040328122716743506,485.72130158756136,0.0773878379406052,True
8,8,cube,Inner Approx. (Cube),308.55972037742674,369.21877060333736,60.65905022591062,0.05727412902681901,0.0,0.0,False
8,8,power_energy,Outer Approx. (Power-Energy),308.55972037742674,161.27838699557728,-147.28133338184946,-0.13906268001128036,4846.857760355578,0.8071034081780017,True
8,9,fullnet,Learned Polytope Approx. (FullNet),313.61954888583796,369.8712471411227,56.25169825528474,0.04753254817976012,130.32449410956275,0.016169304036135677,True
8,9,supervised,Supervised Regression (FullNet),313.61954888583796,321.9908512161189,8.371302330280969,0.007073730103855763,485.72130158756136,0.0773878379406052,True
8,9,cube,Inner Approx. (Cube),313.61954888583796,404.53227913748094,90.91273025164298,0.07682103589528119,0.0,0.0,False
8,9,power_energy,Outer Approx. (Power-Energy),313.61954888583796,142.60827697016592,-171.01127191567204,-0.14450410874217604,2965.619469341981,0.34129128809539566,True
9,0,fullnet,Learned Polytope Approx. (FullNet),230.05259758936836,376.5274180034282,146.47482041405982,0.13610051546933657,0.0,0.0,False
9,0,supervised,Supervised Regression (FullNet),230.05259758936836,266.03752690847364,35.98492931910528,0.033436241229811835,390.1584591526165,0.06758988345929352,True
9,0,cube,Inner Approx. (Cube),230.05259758936836,405.42437793398005,175.3717803446117,0.16295080366854547,0.0,0.0,False
9,0,power_energy,Outer Approx. (Power-Energy),230.05259758936836,67.5733014860848,-162.47929610328356,-0.15097144949719446,3707.311298860638,0.5175899288485363,True
9,1,fullnet,Learned Polytope Approx. (FullNet),238.1105871385506,391.7870100001762,153.6764228616256,0.14305892836444495,0.0,0.0,False
9,1,supervised,Supervised Regression (FullNet),238.1105871385506,267.7079240026004,29.597336864049794,0.027552458701000607,390.1584591526165,0.06758988345929352,True
9,1,cube,Inner Approx. (Cube),238.1105871385506,398.3087289668098,160.19814182825917,0.1491300621733101,0.0,0.0,False
9,1,power_energy,Outer Approx. (Power-Energy),238.1105871385506,59.65511923159016,-178.45546790696045,-0.16612599072879866,3707.311298860638,0.5175899288485362,True
9,2,fullnet,Learned Polytope Approx. (FullNet),276.07238910713073,404.957280952818,128.88489184568726,0.12288250515219987,0.0,0.0,False
9,2,supervised,Supervised Regression (FullNet),276.07238910713073,302.4827949844027,26.410405877271955,0.02518042875165866,399.2359044483505,0.07047792287551144,True
9,2,cube,Inner Approx. (Cube),276.07238910713073,365.4343356035922,89.36194649646148,0.0852002099975342,0.0,0.0,False
9,2,power_energy,Outer Approx. (Power-Energy),276.07238910713073,121.66478926053966,-154.40759984659107,-0.14721657761411583,3544.344280089966,0.5418515212718814,True
9,3,fullnet,Learned Polytope Approx. (FullNet),260.1051296017562,368.5845691022285,108.47943950047232,0.10714491457290307,0.0,0.0,False
9,3,supervised,Supervised Regression (FullNet),260.1051296017562,297.3107680952553,37.20563849349912,0.03674793100308119,342.30388035507815,0.059761105994226835,True
9,3,cube,Inner Approx. (Cube),260.1051296017562,357.0015929480671,96.89646334631095,0.09570443335127775,0.0,0.0,False
9,3,power_energy,Outer Approx. (Power-Energy),260.1051296017562,128.77688039699788,-131.3282492047583,-0.1297126359321896,4109.835289807813,0.606420315494749,True
9,4,fullnet,Learned Polytope Approx. (FullNet),268.07725241224455,371.6019784148856,103.52472600264105,0.10363299269393778,0.0,0.0,False
9,4,supervised,Supervised Regression (FullNet),268.07725241224455,315.7681239762063,47.690871563961764,0.047740746922908917,110.8031782156703,0.01893186956534521,True
9,4,cube,Inner Approx. (Cube),268.07725241224455,322.4686763477365,54.39142393549196,0.05444830676659709,0.0,0.0,False
9,4,power_energy,Outer Approx. (Power-Energy),268.07725241224455,125.7024430583272,-142.37480935391733,-0.14252370566234474,4185.916322738177,0.7956984427833727,True
9,5,fullnet,Learned Polytope Approx. (FullNet),240.25400488194435,342.6986369456749,102.44463206373052,0.09941313326497075,0.0,0.0,False
9,5,supervised,Supervised Regression (FullNet),240.25400488194435,288.83897862978057,48.584973747836216,0.04714726748068193,94.96435944429692,0.01618349566090476,True
9,5,cube,Inner Approx. (Cube),240.25400488194435,340.7885107153197,100.53450583337536,0.09755953069287032,0.0,0.0,False
9,5,power_energy,Outer Approx. (Power-Energy),240.25400488194435,90.28206099435653,-149.97194388758783,-0.14553403671193357,4393.389511986938,0.6308076496257531,True
9,6,fullnet,Learned Polytope Approx. (FullNet),251.91575922689907,349.79851914818397,97.8827599212849,0.094172004605121,0.0,0.0,False
9,6,supervised,Supervised Regression (FullNet),251.91575922689907,287.6092134276546,35.693454200755525,0.03434030809990774,342.30388035507815,0.059761105994226835,True
9,6,cube,Inner Approx. (Cube),251.91575922689907,348.44420547916735,96.52844625226828,0.0928690332424625,0.0,0.0,False
9,6,power_energy,Outer Approx. (Power-Energy),251.91575922689907,107.19454234810625,-144.7212168787928,-0.13923480614286185,3602.429131876199,0.466675594291582,True
9,7,fullnet,Learned Polytope Approx. (FullNet),249.6337326473322,355.6353276288917,106.00159498155946,0.10894966867943331,0.0,0.0,False
9,7,supervised,Supervised Regression (FullNet),249.6337326473322,300.0081670424705,50.37443439513831,0.051775427890674054,251.0505805440846,0.043998621014893276,True
9,7,cube,Inner Approx. (Cube),249.6337326473322,312.97631825124097,63.34258560390876,0.0651042441016577,0.0,0.0,False
9,7,power_energy,Outer Approx. (Power-Energy),249.6337326473322,107.21353062976407,-142.42020201756816,-0.14638113535717417,4191.174008385287,0.7726113229411228,True
9,8,fullnet,Learned Polytope Approx. (FullNet),266.91355019830655,378.80419345590167,111.89064325759512,0.11217192279825774,0.0,0.0,False
9,8,supervised,Supervised Regression (FullNet),266.91355019830655,314.4200516770296,47.50650147872307,0.04762592707612231,259.5220070430921,0.04550855116960071,True
9,8,cube,Inner Approx. (Cube),266.91355019830655,322.0134985881011,55.09994838979452,0.05523846299407591,0.0,0.0,False
9,8,power_energy,Outer Approx. (Power-Energy),266.91355019830655,132.26781611234173,-134.64573408596482,-0.13498421717206782,4822.81228901826,0.8678833705085803,True
9,9,fullnet,Learned Polytope Approx. (FullNet),258.98284266832036,337.48012655082886,78.4972838825085,0.07066145345831672,0.0,0.0,False
9,9,supervised,Supervised Regression (FullNet),258.98284266832036,271.1167488083829,12.13390614006255,0.010922663837221852,371.37678953296205,0.06660869636655677,True
9,9,cube,Inner Approx. (Cube),258.98284266832036,353.24601813624406,94.2631754679237,0.08485354724030202,0.0,0.0,False
9,9,power_energy,Outer Approx. (Power-Energy),258.98284266832036,103.3264967871457,-155.65634588117467,-0.14011827028865073,2791.520873323486,0.3413827938662104,True
10,0,fullnet,Learned Polytope Approx. (FullNet),234.0406952726934,361.52321183172006,127.48251655902666,0.1039065079158604,0.0,0.0,False
10,0,supervised,Supervised Regression (FullNet),234.0406952726934,276.84098252768297,42.80028725498957,0.034885006246346946,601.1742982846613,0.103227876805793,True
10,0,cube,Inner Approx. (Cube),234.0406952726934,445.14531270163707,211.10461742894367,0.1720639362480647,0.0,0.0,False
10,0,power_energy,Outer Approx. (Power-Energy),234.0406952726934,90.01082734157053,-144.02986793112285,-0.11739367104018682,3625.696576913537,0.5048260335810287,True
10,1,fullnet,Learned Polytope Approx. (FullNet),241.70731517503341,376.808584767277,135.1012695922436,0.11026944808217783,0.0,0.0,False
10,1,supervised,Supervised Regression (FullNet),241.70731517503341,279.3117378578631,37.604422682829664,0.030692671854229716,453.74393146057514,0.07666224396772049,True
10,1,cube,Inner Approx. (Cube),241.70731517503341,438.5938808156857,196.88656564065226,0.1606985115204028,0.0,0.0,False
10,1,power_energy,Outer Approx. (Power-Energy),241.70731517503341,82.73359680901933,-158.97371836601408,-0.12975410398954812,3625.696576913537,0.5048260335810287,True
10,2,fullnet,Learned Polytope Approx. (FullNet),285.92617281344127,415.8157346108786,129.88956179743735,0.10979471748035173,0.0,0.0,False
10,2,supervised,Supervised Regression (FullNet),285.92617281344127,292.959924717178,7.033751903736743,0.0059455801714229685,777.9963623605678,0.13806180754925332,True
10,2,cube,Inner Approx. (Cube),285.92617281344127,393.2406179668618,107.31444515342054,0.09071213286218795,0.0,0.0,False
10,2,power_energy,Outer Approx. (Power-Energy),285.92617281344127,147.25203801127014,-138.67413480217112,-0.11722025420472998,3311.0950994535997,0.4994091602523543,True
10,3,fullnet,Learned Polytope Approx. (FullNet),268.5521865018876,368.18640187093933,99.63421536905173,0.08764519810730104,0.0,0.0,False
10,3,supervised,Supervised Regression (FullNet),268.5521865018876,292.57927570348045,24.027089201592844,0.021135901810589434,777.9963623605678,0.13806180754925332,True
10,3,cube,Inner Approx. (Cube),268.5521865018876,375.6886201215975,107.13643361970992,0.09424467201681695,0.0,0.0,False
10,3,power_energy,Outer Approx. (Power-Energy),268.5521865018876,151.8216396748243,-116.7305468270633,-0.10268432248837125,3428.8804319617193,0.48798807354856366,True
10,4,fullnet,Learned Polytope Approx. (FullNet),271.2843551558822,371.7955922403779,100.51123708449569,0.09027771678092143,0.0,0.0,False
10,4,supervised,Supervised Regression (FullNet),271.2843551558822,311.2480445410806,39.96368938519839,0.03589479879552871,672.6733959126722,0.11735261669744396,True
10,4,cube,Inner Approx. (Cube),271.2843551558822,334.10606368628214,62.82170853039992,0.05642553583967258,0.0,0.0,False
10,4,power_energy,Outer Approx. (Power-Energy),271.2843551558822,146.300531885599,-124.98382327028321,-0.11225863422520603,3679.794481129527,0.6094265145583607,True
10,5,fullnet,Learned Polytope Approx. (FullNet),242.41200755503112,335.4400630851593,93.02805553012817,0.08061666051147906,0.0,0.0,False
10,5,supervised,Supervised Regression (FullNet),242.41200755503112,289.1163840256987,46.7043764706676,0.04047328347217506,672.6733959126722,0.11735261669744396,True
10,5,cube,Inner Approx. (Cube),242.41200755503112,357.04067818318083,114.6286706281497,0.09933541631340345,0.0,0.0,False
10,5,power_energy,Outer Approx. (Power-Energy),242.41200755503112,113.62592880070162,-128.7860787543295,-0.11160400516143179,3538.026828141986,0.49706868805381665,True
10,6,fullnet,Learned Polytope Approx. (FullNet),262.2822930666101,348.9394327793199,86.65713971270975,0.07424318362356294,0.0,0.0,False
10,6,supervised,Supervised Regression (FullNet),262.2822930666101,285.99937779552124,23.717084728911118,0.020319524535217175,777.9963623605678,0.13806180754925332,True
10,6,cube,Inner Approx. (Cube),262.2822930666101,370.0554893562638,107.7731962896537,0.09233428691920587,0.0,0.0,False
10,6,power_energy,Outer Approx. (Power-Energy),262.2822930666101,132.19717013128195,-130.08512293532817,-0.11144994746883882,3409.0937049694603,0.4369694237900956,True
10,7,fullnet,Learned Polytope Approx. (FullNet),247.95311671911483,350.57636313915555,102.62324642004072,0.09476375753705588,0.0,0.0,False
10,7,supervised,Supervised Regression (FullNet),247.95311671911483,296.4870715096447,48.53395479052986,0.044816940454789976,672.6733959126722,0.11735261669744396,True
10,7,cube,Inner Approx. (Cube),247.95311671911483,321.12801542733524,73.17489870822041,0.06757073665943057,0.0,0.0,False
10,7,power_energy,Outer Approx. (Power-Energy),247.95311671911483,124.04164698847461,-123.91146973064022,-0.11442160410276728,3679.794481129527,0.6094265145583607,True
10,8,fullnet,Learned Polytope Approx. (FullNet),271.65580508916423,379.8711574931747,108.21535240401045,0.09725230819323936,0.0,0.0,False
10,8,supervised,Supervised Regression (FullNet),271.65580508916423,306.85624232252576,35.20043723336153,0.03163436327938979,713.3987526330278,0.12597616811134946,True
10,8,cube,Inner Approx. (Cube),271.65580508916423,332.9909168393108,61.33511175014655,0.055121395056058314,0.0,0.0,False
10,8,power_energy,Outer Approx. (Power-Energy),271.65580508916423,152.76734613842223,-118.888458950742,-0.10684414728263969,3771.0979391155083,0.6488693626789916,True
10,9,fullnet,Learned Polytope Approx. (FullNet),281.2829287948324,342.5072651813481,61.22433638651569,0.04886770655316842,272.7802377196044,0.03145718566624123,True
10,9,supervised,Supervised Regression (FullNet),281.2829287948324,283.99288433892326,2.7099555440908603,0.0021630175207571676,771.2704042753885,0.13690542757295926,True
10,9,cube,Inner Approx. (Cube),281.2829287948324,388.2223779140001,106.9394491191677,0.08535634564532321,0.0,0.0,False
10,9,power_energy,Outer Approx. (Power-Energy),281.2829287948324,136.9865900832171,-144.2963387116153,-0.11517366382445347,2555.1542745750253,0.314793751564348,True
11,0,fullnet,Learned Polytope Approx. (FullNet),213.57152574686646,345.7941145376228,132.22258879075636,0.10642797366756505,0.0,0.0,False
11,0,supervised,Supervised Regression (FullNet),213.57152574686646,255.10065358107465,41.5291278342082,0.033427426916973535,661.9420654916181,0.1250017276254403,True
11,0,cube,Inner Approx. (Cube),213.57152574686646,426.3722381551586,212.80071240829213,0.17128653147511289,0.0,0.0,False
11,0,power_energy,Outer Approx. (Power-Energy),213.57152574686646,69.81707097176933,-143.75445477509714,-0.11571014807167951,3623.3761270964173,0.5149882925600053,True
11,1,fullnet,Learned Polytope Approx. (FullNet),219.95510396393055,361.6267130529753,141.67160908904472,0.11418361691716215,0.0,0.0,False
11,1,supervised,Supervised Regression (FullNet),219.95510396393055,257.94548353604284,37.99037957211229,0.030619253748103967,661.9420654916181,0.1250017276254403,True
11,1,cube,Inner Approx. (Cube),219.95510396393055,415.7371645235371,195.78206055960655,0.15779522761077644,0.0,0.0,False
11,1,power_energy,Outer Approx. (Power-Energy),219.95510396393055,61.208003363114955,-158.7471006008156,-0.1279460171185097,3545.4383862621485,0.5039110478384125,True
11,2,fullnet,Learned Polytope Approx. (FullNet),263.43452021592196,403.011151386413,139.57663117049105,0.1166927463494342,0.0,0.0,False
11,2,supervised,Supervised Regression (FullNet),263.43452021592196,265.81533032039624,2.3808101044742784,0.001990471236465289,633.8377973952367,0.12056769765471875,True
11,2,cube,Inner Approx. (Cube),263.43452021592196,373.1626291130498,109.72810889712781,0.09173795263259456,0.0,0.0,False
11,2,power_energy,Outer Approx. (Power-Energy),263.43452021592196,124.03256688786313,-139.40195332805882,-0.11654670730988387,3437.4667008691877,0.5273165469714612,True
11,3,fullnet,Learned Polytope Approx. (FullNet),248.8208748781073,354.7862569375402,105.9653820594329,0.09233161242916965,0.0,0.0,False
11,3,supervised,Supervised Regression (FullNet),248.8208748781073,262.5261494314957,13.705274553388392,0.011941919839340316,633.8377973952367,0.12056769765471875,True
11,3,cube,Inner Approx. (Cube),248.8208748781073,358.731275038582,109.9104001604747,0.09576905468863466,0.0,0.0,False
11,3,power_energy,Outer Approx. (Power-Energy),248.8208748781073,131.11869110021513,-117.70218377789217,-0.10255832804483167,3436.469725450111,0.5027736369286667,True
11,4,fullnet,Learned Polytope Approx. (FullNet),250.22842928448932,358.42730840321883,108.19887911872951,0.0964775360954599,0.0,0.0,False
11,4,supervised,Supervised Regression (FullNet),250.22842928448932,281.51343577606684,31.28500649157752,0.02789585592403232,630.7138397668685,0.12007790814633802,True
11,4,cube,Inner Approx. (Cube),250.22842928448932,315.7181739300323,65.489744645543,0.058395144703759824,0.0,0.0,False
11,4,power_energy,Outer Approx. (Power-Energy),250.22842928448932,124.8095881558797,-125.41884112860963,-0.1118320344035951,3911.4538594883456,0.6654897145059888,True
11,5,fullnet,Learned Polytope Approx. (FullNet),221.3210060441735,320.43366951493454,99.11266347076105,0.08521386728993675,0.0,0.0,False
11,5,supervised,Supervised Regression (FullNet),221.3210060441735,260.72703259229786,39.40602654812437,0.0338800290407513,630.7138397668685,0.12007790814633802,True
11,5,cube,Inner Approx. (Cube),221.3210060441735,338.25441666198,116.93341061780649,0.10053557018054507,0.0,0.0,False
11,5,power_energy,Outer Approx. (Power-Energy),221.3210060441735,93.2724761938164,-128.04852985035708,-0.11009199074302757,3644.241609452984,0.5310819913386505,True
11,6,fullnet,Learned Polytope Approx. (FullNet),240.55702462445413,334.51999793757864,93.96297331312451,0.07979509443841344,0.0,0.0,False
11,6,supervised,Supervised Regression (FullNet),240.55702462445413,258.54920662422444,17.99218199977031,0.015279293653687107,630.7138397668685,0.12007790814633802,True
11,6,cube,Inner Approx. (Cube),240.55702462445413,351.48729786944017,110.93027324498604,0.09420403928859378,0.0,0.0,False
11,6,power_energy,Outer Approx. (Power-Energy),240.55702462445413,109.66898124066816,-130.88804338378597,-0.11115254673629549,3300.087633500493,0.4350097757844545,True
11,7,fullnet,Learned Polytope Approx. (FullNet),228.07093598282862,337.3412899133261,109.27035393049746,0.1001054199471175,0.0,0.0,False
11,7,supervised,Supervised Regression (FullNet),228.07093598282862,267.25135972836387,39.18042374553525,0.03589420763885837,679.5861986369862,0.13104722293690246,True
11,7,cube,Inner Approx. (Cube),228.07093598282862,304.9800603621416,76.909124379313,0.07045845388817228,0.0,0.0,False
11,7,power_energy,Outer Approx. (Power-Energy),228.07093598282862,104.29777963274813,-123.77315635008048,-0.11339181533617122,3911.4538594883456,0.6654897145059888,True
11,8,fullnet,Learned Polytope Approx. (FullNet),251.0088903753831,367.36170678574035,116.35281641035726,0.10370767566577833,0.0,0.0,False
11,8,supervised,Supervised Regression (FullNet),251.0088903753831,276.53569594598525,25.526805570602164,0.022752570625903117,663.071935245898,0.1276585270261947,True
11,8,cube,Inner Approx. (Cube),251.0088903753831,314.04710618295223,63.038215807569145,0.05618726766753861,0.0,0.0,False
11,8,power_energy,Outer Approx. (Power-Energy),251.0088903753831,131.61326102151656,-119.39562935386652,-0.10641979787813761,4043.087714604154,0.7331867276279797,True
11,9,fullnet,Learned Polytope Approx. (FullNet),254.69353486142117,325.3732094378227,70.67967457640154,0.0557664123944374,241.66698801518703,0.027262497902930973,True
11,9,supervised,Supervised Regression (FullNet),254.69353486142117,265.7243703616997,11.030835500278528,0.008703352487832737,663.071935245898,0.1276585270261947,True
11,9,cube,Inner Approx. (Cube),254.69353486142117,365.5015456891091,110.80801082768792,0.0874277543785875,0.0,0.0,False
11,9,power_energy,Outer Approx. (Power-Energy),254.69353486142117,108.5158889675697,-146.1776458938515,-0.1153344710855004,2728.082738657353,0.3179595573861183,True
12,0,fullnet,Learned Polytope Approx. (FullNet),200.1266951202249,309.0050775604222,108.8783824401973,0.1008917889598485,0.0,0.0,False
12,0,supervised,Supervised Regression (FullNet),200.1266951202249,223.99372388027663,23.86702876005174,0.02211630238059781,869.4938808171246,0.17739531685484683,True
12,0,cube,Inner Approx. (Cube),200.1266951202249,392.3025020590334,192.17580693880848,0.17807906879502425,0.0,0.0,False
12,0,power_energy,Outer Approx. (Power-Energy),200.1266951202249,42.02911388977131,-158.09758123045359,-0.14650059491218617,3769.934617446324,0.5570889069636789,True
12,1,fullnet,Learned Polytope Approx. (FullNet),206.26340182227818,325.3259655382919,119.0625637160137,0.11025214064620305,0.0,0.0,False
12,1,supervised,Supervised Regression (FullNet),206.26340182227818,226.48535021254222,20.221948390264032,0.018725559306630182,701.0875861310852,0.13726971155861206,True
12,1,cube,Inner Approx. (Cube),206.26340182227818,381.6088720537267,175.34547023144853,0.1623702097641975,0.0,0.0,False
12,1,power_energy,Outer Approx. (Power-Energy),206.26340182227818,32.55125218129873,-173.71214964097945,-0.1608577520626293,3676.3771205768644,0.5432637749764907,True
12,2,fullnet,Learned Polytope Approx. (FullNet),246.7139379686925,346.4216826272984,99.70774465860592,0.0943899594010727,0.0,0.0,False
12,2,supervised,Supervised Regression (FullNet),246.7139379686925,248.4608563581946,1.746918389502099,0.001653748727610583,899.3573022450414,0.18404829010251178,True
12,2,cube,Inner Approx. (Cube),246.7139379686925,344.95379216924596,98.23985420055345,0.09300035700644231,0.0,0.0,False
12,2,power_energy,Outer Approx. (Power-Energy),246.7139379686925,90.57056799991001,-156.1433699687825,-0.14781566269063098,3668.863269471511,0.5772313232288375,True
12,3,fullnet,Learned Polytope Approx. (FullNet),232.97316211841047,307.5143845833408,74.54122246493034,0.07325604985658714,0.0,0.0,False
12,3,supervised,Supervised Regression (FullNet),232.97316211841047,251.81924040557007,18.8460782871596,0.01852115118255323,562.4550739470028,0.11084364635196944,True
12,3,cube,Inner Approx. (Cube),232.97316211841047,335.8873573688518,102.91419525044131,0.10113984140471818,0.0,0.0,False
12,3,power_energy,Outer Approx. (Power-Energy),232.97316211841047,99.95423174808327,-133.0189303703272,-0.13072553780108828,3657.552141756784,0.559939306952052,True
12,4,fullnet,Learned Polytope Approx. (FullNet),237.08552391818245,312.26408648730643,75.17856256912398,0.07458446508573792,0.0,0.0,False
12,4,supervised,Supervised Regression (FullNet),237.08552391818245,270.9603998036745,33.87487588549203,0.03360718017775511,623.3101244175277,0.12413068528861149,True
12,4,cube,Inner Approx. (Cube),237.08552391818245,298.24963569175736,61.164111773574916,0.06068076328117971,0.0,0.0,False
12,4,power_energy,Outer Approx. (Power-Energy),237.08552391818245,94.4475278109379,-142.63799610724453,-0.14151080144394368,3713.7741593551223,0.6714564839720069,True
12,5,fullnet,Learned Polytope Approx. (FullNet),208.68139138976872,277.1447711344754,68.46337974470666,0.06583864318127736,0.0,0.0,False
12,5,supervised,Supervised Regression (FullNet),208.68139138976872,242.8130400386483,34.131648648879576,0.03282311572934075,547.462183202088,0.10729901714177346,True
12,5,cube,Inner Approx. (Cube),208.68139138976872,320.49925537466095,111.81786398489223,0.10753101111347226,0.0,0.0,False
12,5,power_energy,Outer Approx. (Power-Energy),208.68139138976872,61.86784013302086,-146.81355125674787,-0.14118504011068103,3696.581417933501,0.5592669834407913,True
12,6,fullnet,Learned Polytope Approx. (FullNet),224.53637368438308,282.1751367847896,57.63876310040649,0.0549195356936291,10.765052335958629,0.0014128170414847705,True
12,6,supervised,Supervised Regression (FullNet),224.53637368438308,239.4574945806293,14.921120896246208,0.014217186274848592,623.3101244175277,0.12413068528861149,True
12,6,cube,Inner Approx. (Cube),224.53637368438308,329.2777233802999,104.74134969591682,0.09979996071746416,0.0,0.0,False
12,6,power_energy,Outer Approx. (Power-Energy),224.53637368438308,75.6219888778743,-148.9143848065088,-0.14188904188365906,3610.6418934030876,0.4867760626717882,True
12,7,fullnet,Learned Polytope Approx. (FullNet),217.4184890421314,296.87147160807837,79.45298256594697,0.08111149317956534,0.0,0.0,False
12,7,supervised,Supervised Regression (FullNet),217.4184890421314,257.1335287462336,39.715039704102196,0.04054405596934885,562.293497979606,0.110541556168049,True
12,7,cube,Inner Approx. (Cube),217.4184890421314,287.36084840518856,69.94235936305716,0.07140234414397914,0.0,0.0,False
12,7,power_energy,Outer Approx. (Power-Energy),217.4184890421314,77.82186080518423,-139.59662823694717,-0.14251058416508555,3713.7741593551223,0.6714564839720069,True
12,8,fullnet,Learned Polytope Approx. (FullNet),237.7051947988861,319.6888645822525,81.9836697833664,0.08156056901937209,0.0,0.0,False
12,8,supervised,Supervised Regression (FullNet),237.7051947988861,265.7454624747284,28.0402676758423,0.02789555765361955,803.9852000933192,0.1655743797381033,True
12,8,cube,Inner Approx. (Cube),237.7051947988861,295.7671641588578,58.06196935997167,0.057762323544407045,0.0,0.0,False
12,8,power_energy,Outer Approx. (Power-Energy),237.7051947988861,103.07369981382757,-134.63149498505854,-0.1339366896837541,3779.9259508127143,0.7428954236968448,True
12,9,fullnet,Learned Polytope Approx. (FullNet),232.3735529892636,262.1327773403368,29.759224351073215,0.026426354019435137,521.0849557723125,0.0628493753164521,True
12,9,supervised,Supervised Regression (FullNet),232.3735529892636,221.84823486039448,-10.525318128869117,-0.009346540076426523,813.1698887087564,0.16746629062051405,True
12,9,cube,Inner Approx. (Cube),232.3735529892636,338.95113379172267,106.57758080245907,0.09464147477752279,0.0,0.0,False
12,9,power_energy,Outer Approx. (Power-Energy),232.3735529892636,64.3049581616727,-168.0685948275909,-0.1492458316139799,2972.4466375302854,0.35035284678773926,True
13,0,fullnet,Learned Polytope Approx. (FullNet),262.7787399292542,382.5040904818737,119.72535055261949,0.10373212548114355,0.0,0.0,False
13,0,supervised,Supervised Regression (FullNet),262.7787399292542,315.88610414844516,53.10736421919097,0.04601314378057905,256.39145008000435,0.03879777849653566,True
13,0,cube,Inner Approx. (Cube),262.7787399292542,462.6229147921615,199.84417486290732,0.17314846795494418,0.0,0.0,False
13,0,power_energy,Outer Approx. (Power-Energy),262.7787399292542,95.91272278129735,-166.86601714795682,-0.14457561869257599,3682.6102372189844,0.5345865177039973,True
13,1,fullnet,Learned Polytope Approx. (FullNet),273.1894238643433,397.61472982087315,124.42530595652983,0.10824395896525053,0.0,0.0,False
13,1,supervised,Supervised Regression (FullNet),273.1894238643433,318.2029198613882,45.013495997044856,0.03915955019060885,256.39145008000435,0.03879777849653566,True
13,1,cube,Inner Approx. (Cube),273.1894238643433,454.2506859159521,181.06126205160876,0.1575144836417601,0.0,0.0,False
13,1,power_energy,Outer Approx. (Power-Energy),273.1894238643433,90.44399056434816,-182.74543329999517,-0.15897963063978704,3682.610237218985,0.5345865177039975,True
13,2,fullnet,Learned Polytope Approx. (FullNet),311.42690293062935,421.8061373275162,110.37923439688683,0.09902313008493728,0.0,0.0,False
13,2,supervised,Supervised Regression (FullNet),311.42690293062935,352.4238992774873,40.99699634685794,0.0367791181423624,304.03054850676375,0.04709535397942364,True
13,2,cube,Inner Approx. (Cube),311.42690293062935,411.26117192466774,99.83426899403838,0.08956305830120986,0.0,0.0,False
13,2,power_energy,Outer Approx. (Power-Energy),311.42690293062935,153.13669558049023,-158.29020735013913,-0.1420048968381557,3555.2548858509545,0.5189115600260482,True
13,3,fullnet,Learned Polytope Approx. (FullNet),291.7050788716898,379.7161157806506,88.01103690896082,0.08175189094134709,0.0,0.0,False
13,3,supervised,Supervised Regression (FullNet),291.7050788716898,341.7985257715985,50.09344689990871,0.046530914208789916,241.73684192558352,0.03712227292618679,True
13,3,cube,Inner Approx. (Cube),291.7050788716898,398.6636518205177,106.95857294882791,0.09935192105507874,0.0,0.0,False
13,3,power_energy,Outer Approx. (Power-Energy),291.7050788716898,157.72692864125673,-133.97815023043307,-0.12444992708689026,3969.7382643190303,0.5548704099272072,True
13,4,fullnet,Learned Polytope Approx. (FullNet),298.23537730042597,380.9977692609375,82.76239196051154,0.0787643242524917,0.0,0.0,False
13,4,supervised,Supervised Regression (FullNet),298.23537730042597,354.6603000187556,56.42492271832964,0.053699159770887225,67.93757465861654,0.010323448084918311,True
13,4,cube,Inner Approx. (Cube),298.23537730042597,355.6352141895569,57.39983688913094,0.054626977999050336,0.0,0.0,False
13,4,power_energy,Outer Approx. (Power-Energy),298.23537730042597,152.4842189694316,-145.75115833099437,-0.13871024293783285,4406.554208784916,0.7286819031157694,True
13,5,fullnet,Learned Polytope Approx. (FullNet),270.93081691152804,349.56713116355746,78.63631425202942,0.07227142784098543,0.0,0.0,False
13,5,supervised,Supervised Regression (FullNet),270.93081691152804,330.64228535970346,59.711468448175424,0.054878374250866134,24.468830395827652,0.0036949207274993606,True
13,5,cube,Inner Approx. (Cube),270.93081691152804,378.14470499343,107.21388808190198,0.0985359099007199,0.0,0.0,False
13,5,power_energy,Outer Approx. (Power-Energy),270.93081691152804,118.02777482917648,-152.90304208235156,-0.14052694709348795,4287.881798917045,0.5830052481002508,True
13,6,fullnet,Learned Polytope Approx. (FullNet),286.6645091268585,360.3479337569739,73.68342463011538,0.06703513521904933,0.0,0.0,False
13,6,supervised,Supervised Regression (FullNet),286.6645091268585,331.3835141445998,44.719005017741324,0.040684109937534275,67.93757465861654,0.010323448084918311,True
13,6,cube,Inner Approx. (Cube),286.6645091268585,388.45240550172275,101.78789637486426,0.09260380379175275,0.0,0.0,False
13,6,power_energy,Outer Approx. (Power-Energy),286.6645091268585,137.90808023245506,-148.75642889440343,-0.13533447143231153,3558.3730969969943,0.441824480975789,True
13,7,fullnet,Learned Polytope Approx. (FullNet),275.73389249613143,364.83639950217275,89.10250700604132,0.08705945624438526,0.0,0.0,False
13,7,supervised,Supervised Regression (FullNet),275.73389249613143,339.11354930257414,63.37965680644271,0.06192641087136343,2.7371788634790732,0.0004080677244167239,True
13,7,cube,Inner Approx. (Cube),275.73389249613143,344.804213872848,69.07032137671655,0.06748659295606771,0.0,0.0,False
13,7,power_energy,Outer Approx. (Power-Energy),275.73389249613143,130.41474665254708,-145.31914584358435,-0.14198709154371136,4406.824430488478,0.7274132466083421,True
13,8,fullnet,Learned Polytope Approx. (FullNet),296.89623608145865,392.6126641936533,95.71642811219465,0.09120263803799467,0.0,0.0,False
13,8,supervised,Supervised Regression (FullNet),296.89623608145865,356.14123602493305,59.2449999434744,0.056451127481190536,162.61669630539046,0.02510739095631669,True
13,8,cube,Inner Approx. (Cube),296.89623608145865,355.64576085883687,58.74952477737821,0.05597901790583826,0.0,0.0,False
13,8,power_energy,Outer Approx. (Power-Energy),296.89623608145865,159.91441626679864,-136.98181981466,-0.13052203865880127,4790.624219568576,0.7978546557589922,True
13,9,fullnet,Learned Polytope Approx. (FullNet),302.73333779726505,355.13815299410976,52.40481519684471,0.04461150803688534,241.71849237492012,0.029418921838049793,True
13,9,supervised,Supervised Regression (FullNet),302.73333779726505,323.5497383618224,20.81640056455734,0.01772071931933248,284.3552332478947,0.04482226340933104,True
13,9,cube,Inner Approx. (Cube),302.73333779726505,400.0090090727266,97.27567127546155,0.0828094589132328,0.0,0.0,False
13,9,power_energy,Outer Approx. (Power-Energy),302.73333779726505,140.72916433637877,-162.00417346088628,-0.13791195444945387,2842.122548381071,0.338729984930448,True
14,0,fullnet,Learned Polytope Approx. (FullNet),211.31524570290517,331.0151454528238,119.69989974991861,0.11338725249691789,0.0,0.0,False
14,0,supervised,Supervised Regression (FullNet),211.31524570290517,227.0174386561037,15.702192953198534,0.01487410199055624,811.3666988356774,0.16415040729702923,True
14,0,cube,Inner Approx. (Cube),211.31524570290517,401.6221358382463,190.30689013534115,0.18027062218733236,0.0,0.0,False
14,0,power_energy,Outer Approx. (Power-Energy),211.31524570290517,62.90453686633799,-148.41070883656718,-0.14058393157601493,3654.3249170837194,0.5410041410543318,True
14,1,fullnet,Learned Polytope Approx. (FullNet),217.93280695107944,347.38321718339193,129.4504102323125,0.12275421051432753,0.0,0.0,False
14,1,supervised,Supervised Regression (FullNet),217.93280695107944,228.6495121965471,10.716705245467665,0.010162352435664703,606.8307302425164,0.11770135495471515,True
14,1,cube,Inner Approx. (Cube),217.93280695107944,392.1096546368311,174.17684768575168,0.1651670426472064,0.0,0.0,False
14,1,power_energy,Outer Approx. (Power-Energy),217.93280695107944,54.88524811585072,-163.04755883522873,-0.15461344869582286,3654.32491708372,0.5410041410543319,True
14,2,fullnet,Learned Polytope Approx. (FullNet),257.2107751833088,366.4910351164136,109.28025993310484,0.10599516413746458,0.0,0.0,False
14,2,supervised,Supervised Regression (FullNet),257.2107751833088,241.83846274873127,-15.372312434577509,-0.014910202269585112,875.8465040667775,0.18171632542994343,True
14,2,cube,Inner Approx. (Cube),257.2107751833088,352.1490226302331,94.93824744692432,0.09208428976303648,0.0,0.0,False
14,2,power_energy,Outer Approx. (Power-Energy),257.2107751833088,113.97655609851418,-143.2342190847946,-0.13892842651809215,3360.861943225386,0.5453482080902776,True
14,3,fullnet,Learned Polytope Approx. (FullNet),241.6372071224505,329.2784594574349,87.64125233498442,0.08808407474364087,0.0,0.0,False
14,3,supervised,Supervised Regression (FullNet),241.6372071224505,245.96344280854248,4.326235686091991,0.0043480947314147155,845.7698078198603,0.17462919474402253,True
14,3,cube,Inner Approx. (Cube),241.6372071224505,342.43112446197387,100.79391733952338,0.10130319583640755,0.0,0.0,False
14,3,power_energy,Outer Approx. (Power-Energy),241.6372071224505,120.7195193708944,-120.91768775155609,-0.12152864503836724,3569.093666433895,0.5417593337588721,True
14,4,fullnet,Learned Polytope Approx. (FullNet),247.10692545020646,335.59636501160537,88.48943956139891,0.08977561325304219,0.0,0.0,False
14,4,supervised,Supervised Regression (FullNet),247.10692545020646,265.98300464711764,18.876079196911178,0.019150438675113058,845.7698078198603,0.17462919474402253,True
14,4,cube,Inner Approx. (Cube),247.10692545020646,304.0047547092338,56.89782925902733,0.05772482614664798,0.0,0.0,False
14,4,power_energy,Outer Approx. (Power-Energy),247.10692545020646,116.27769738603368,-130.82922806417278,-0.13273080086278208,4093.2475050845605,0.7203582010140572,True
14,5,fullnet,Learned Polytope Approx. (FullNet),218.70713690532799,302.20684457303736,83.49970766770937,0.08222712789363981,0.0,0.0,False
14,5,supervised,Supervised Regression (FullNet),218.70713690532799,242.04753535067465,23.340398445346665,0.022984678409793066,845.7698078198603,0.17462919474402253,True
14,5,cube,Inner Approx. (Cube),218.70713690532799,323.85320414849264,105.14606724316465,0.10354358548323923,0.0,0.0,False
14,5,power_energy,Outer Approx. (Power-Energy),218.70713690532799,84.0772331348369,-134.62990377049107,-0.1325780727245063,3786.8990612288876,0.5664113934491147,True
14,6,fullnet,Learned Polytope Approx. (FullNet),233.50741942920396,309.2952833388081,75.78786390960411,0.07404878291103774,0.0,0.0,False
14,6,supervised,Supervised Regression (FullNet),233.50741942920396,235.8824071205767,2.3749876913727235,0.0023204895731671264,845.7698078198603,0.17462919474402253,True
14,6,cube,Inner Approx. (Cube),233.50741942920396,333.4194718668872,99.91205243768323,0.09761940104260779,0.0,0.0,False
14,6,power_energy,Outer Approx. (Power-Energy),233.50741942920396,99.43571146565364,-134.07170796355032,-0.13099520537148818,3280.3273063596776,0.4427901575234681,True
14,7,fullnet,Learned Polytope Approx. (FullNet),227.71801254574675,318.7174590595347,90.99944651378794,0.09478479143795114,0.0,0.0,False
14,7,supervised,Supervised Regression (FullNet),227.71801254574675,254.03771223180107,26.31969968605432,0.027414532077117377,845.7698078198603,0.17462919474402253,True
14,7,cube,Inner Approx. (Cube),227.71801254574675,293.17640172294006,65.45838917719331,0.06818129124647397,0.0,0.0,False
14,7,power_energy,Outer Approx. (Power-Energy),227.71801254574675,97.79880317894643,-129.91920936680032,-0.1353235171793033,4093.2475050845605,0.7203582010140572,True
14,8,fullnet,Learned Polytope Approx. (FullNet),247.39307188178378,340.8355453976902,93.44247351590644,0.09492278933327737,0.0,0.0,False
14,8,supervised,Supervised Regression (FullNet),247.39307188178378,264.0703094592736,16.67723757748979,0.016941438402308585,763.9066722376831,0.15700328610707134,True
14,8,cube,Inner Approx. (Cube),247.39307188178378,302.3656079644911,54.972536082707336,0.05584341108871168,0.0,0.0,False
14,8,power_energy,Outer Approx. (Power-Energy),247.39307188178378,124.74077497090022,-122.65229691088356,-0.12459535479797115,4111.4253581525145,0.7778765652401896,True
14,9,fullnet,Learned Polytope Approx. (FullNet),241.28194156420727,294.5174108807695,53.23546931656222,0.048694411259695265,192.51155448780816,0.024225087099284785,True
14,9,supervised,Supervised Regression (FullNet),241.28194156420727,228.8104054379363,-12.471536126270962,-0.011407697104378644,875.1038041837026,0.18180335532348177,True
14,9,cube,Inner Approx. (Cube),241.28194156420727,342.424252194655,101.14231063044775,0.09251473374468068,0.0,0.0,False
14,9,power_energy,Outer Approx. (Power-Energy),241.28194156420727,93.7540441882287,-147.52789737597857,-0.13494356674843955,2739.2816592492486,0.3311955591143793,True
15,0,fullnet,Learned Polytope Approx. (FullNet),262.62092802181655,407.6547579543001,145.03382993248357,0.12016046722803356,0.0,0.0,False
15,0,supervised,Supervised Regression (FullNet),262.62092802181655,302.35341684794344,39.73248882612688,0.03291835031662998,555.6595683375103,0.08861796888198499,True
15,0,cube,Inner Approx. (Cube),262.62092802181655,456.1523437376581,193.53141571584155,0.1603406966949983,0.0,0.0,False
15,0,power_energy,Outer Approx. (Power-Energy),262.62092802181655,90.17190710462444,-172.44902091719212,-0.14287394145264642,3860.6557815078504,0.5331495076441082,True
15,1,fullnet,Learned Polytope Approx. (FullNet),272.29507068488454,422.457468289733,150.16239760484848,0.12443223737480451,0.0,0.0,False
15,1,supervised,Supervised Regression (FullNet),272.29507068488454,304.5599784191799,32.26490773429538,0.02673635159072858,555.5518774959143,0.08857074067699801,True
15,1,cube,Inner Approx. (Cube),272.29507068488454,448.36124677284994,176.0661760879654,0.1458974321541098,0.0,0.0,False
15,1,power_energy,Outer Approx. (Power-Energy),272.29507068488454,83.1367313791134,-189.15833930577114,-0.15674626772980846,3860.6557815078513,0.5331495076441084,True
15,2,fullnet,Learned Polytope Approx. (FullNet),312.04470356419597,443.5238847720532,131.4791812078572,0.11232454455832823,0.0,0.0,False
15,2,supervised,Supervised Regression (FullNet),312.04470356419597,333.43597314165356,21.391269577457592,0.01827486747893405,681.0904688823281,0.11211330853329997,True
15,2,cube,Inner Approx. (Cube),312.04470356419597,409.62600548934455,97.58130192514858,0.08336510157317602,0.0,0.0,False
15,2,power_energy,Outer Approx. (Power-Energy),312.04470356419597,149.86722667310525,-162.17747689109072,-0.1385505375228329,3800.935276915387,0.5267422438637535,True
15,3,fullnet,Learned Polytope Approx. (FullNet),292.99948546405545,399.9535899844345,106.95410452037902,0.09506918939304777,0.0,0.0,False
15,3,supervised,Supervised Regression (FullNet),292.99948546405545,327.49689662424555,34.4974111601901,0.030664002376206607,517.5443644275973,0.08277288793346065,True
15,3,cube,Inner Approx. (Cube),292.99948546405545,397.14837261713143,104.14888715307598,0.09257569237040676,0.0,0.0,False
15,3,power_energy,Outer Approx. (Power-Energy),292.99948546405545,155.5323305716516,-137.46715489240384,-0.12219157967237461,4296.007255573675,0.5763371477835886,True
15,4,fullnet,Learned Polytope Approx. (FullNet),298.1345288178669,398.5300932172944,100.39556439942749,0.09072133631824035,0.0,0.0,False
15,4,supervised,Supervised Regression (FullNet),298.1345288178669,346.8327607543123,48.69823193644538,0.04400561622456627,374.6310159701965,0.05947150631738442,True
15,4,cube,Inner Approx. (Cube),298.1345288178669,356.4925569680096,58.35802815014267,0.05273458374729374,0.0,0.0,False
15,4,power_energy,Outer Approx. (Power-Energy),298.1345288178669,148.82156290705103,-149.31296591081588,-0.13492500269410637,4290.08601810591,0.7055551458932501,True
15,5,fullnet,Learned Polytope Approx. (FullNet),269.9168816514142,369.23228774928725,99.31540609787305,0.08664563650578186,0.0,0.0,False
15,5,supervised,Supervised Regression (FullNet),269.9168816514142,323.57706752524194,53.66018587382774,0.046814700183317695,213.02372041644475,0.033094245799915746,True
15,5,cube,Inner Approx. (Cube),269.9168816514142,377.86480430005497,107.94792264864077,0.09417689394685659,0.0,0.0,False
15,5,power_energy,Outer Approx. (Power-Energy),269.9168816514142,112.17811626842175,-157.73876538299245,-0.13761586711709847,4685.623952011377,0.6137039072965836,True
15,6,fullnet,Learned Polytope Approx. (FullNet),285.8110776147983,378.63144482849725,92.82036721369894,0.08009099174843057,0.0,0.0,False
15,6,supervised,Supervised Regression (FullNet),285.8110776147983,321.60771707473276,35.796639459934454,0.03088749206310001,517.5443644275973,0.08277288793346065,True
15,6,cube,Inner Approx. (Cube),285.8110776147983,387.77060623992014,101.95952862512183,0.08797680951841046,0.0,0.0,False
15,6,power_energy,Outer Approx. (Power-Energy),285.8110776147983,133.47788830385278,-152.33318931094553,-0.13144223163894606,3808.6938335486298,0.453317012779206,True
15,7,fullnet,Learned Polytope Approx. (FullNet),276.3277401480465,381.3727595465202,105.0450193984737,0.09776607157196587,0.0,0.0,False
15,7,supervised,Supervised Regression (FullNet),276.3277401480465,329.3502581182387,53.02251797019221,0.04934839668252733,329.7599816222596,0.0523193138796128,True
15,7,cube,Inner Approx. (Cube),276.3277401480465,346.03386135066484,69.70612120261836,0.06487593294307427,0.0,0.0,False
15,7,power_energy,Outer Approx. (Power-Energy),276.3277401480465,126.8168845236664,-149.51085562438007,-0.13915070981434255,4291.799715552068,0.6980867845271688,True
15,8,fullnet,Learned Polytope Approx. (FullNet),297.1266969618299,408.3874766782262,111.26077971639631,0.10076645394046765,0.0,0.0,False
15,8,supervised,Supervised Regression (FullNet),297.1266969618299,342.60354946431164,45.476852502481734,0.04118739033403921,539.2412188473842,0.0883062420041527,True
15,8,cube,Inner Approx. (Cube),297.1266969618299,356.5461043469066,59.41940738507668,0.05381485724529619,0.0,0.0,False
15,8,power_energy,Outer Approx. (Power-Energy),297.1266969618299,156.11268473799265,-141.01401222383726,-0.12771330565841624,4804.751141171211,0.7757835703468864,True
15,9,fullnet,Learned Polytope Approx. (FullNet),301.40922251496437,366.27489945328114,64.86567693831677,0.05212767461011123,120.8062220158215,0.014717859091481414,True
15,9,supervised,Supervised Regression (FullNet),301.40922251496437,310.07680335621194,8.66758084124757,0.0069654839828318,539.2412188473842,0.0883062420041527,True
15,9,cube,Inner Approx. (Cube),301.40922251496437,399.06527058303374,97.65604806806937,0.07847883407187024,0.0,0.0,False
15,9,power_energy,Outer Approx. (Power-Energy),301.40922251496437,137.98634499036754,-163.42287752459683,-0.13133069730469546,2785.717434998528,0.31558914093427176,True
16,0,fullnet,Learned Polytope Approx. (FullNet),251.48882414403687,376.9940048337213,125.50518068968444,0.11111461402481441,0.0,0.0,False
16,0,supervised,Supervised Regression (FullNet),251.48882414403687,277.5214745086389,26.032650364602034,0.023047717085542187,700.9517991463449,0.1214314258830747,True
16,0,cube,Inner Approx. (Cube),251.48882414403687,438.52148306910857,187.0326589250717,0.16558728167467773,0.0,0.0,False
16,0,power_energy,Outer Approx. (Power-Energy),251.48882414403687,69.96215075201779,-181.52667339201906,-0.16071261870085166,4016.1881722214557,0.5553440938632774,True
16,1,fullnet,Learned Polytope Approx. (FullNet),261.04882608315484,392.59611512932963,131.5472890461748,0.11653189447595705,0.0,0.0,False
16,1,supervised,Supervised Regression (FullNet),261.04882608315484,279.6729848001486,18.624158716993747,0.016498314135157774,568.4322365220123,0.09653607857889754,True
16,1,cube,Inner Approx. (Cube),261.04882608315484,430.5581919279559,169.50936584480104,0.1501608104320501,0.0,0.0,False
16,1,power_energy,Outer Approx. (Power-Energy),261.04882608315484,62.18931384799917,-198.85951223515565,-0.17616080014536262,4016.188172221455,0.5553440938632774,True
16,2,fullnet,Learned Polytope Approx. (FullNet),297.97720810382276,409.348909522521,111.37170141869825,0.1014401625189113,0.0,0.0,False
16,2,supervised,Supervised Regression (FullNet),297.97720810382276,303.44676333175596,5.469555227933199,0.0049818092402290765,753.1245177104176,0.13212132234667953,True
16,2,cube,Inner Approx. (Cube),297.97720810382276,394.7783325488814,96.80112444505863,0.08816891248526353,0.0,0.0,False
16,2,power_energy,Outer Approx. (Power-Energy),297.97720810382276,125.43721002431771,-172.53999807950504,-0.1571537942156205,3784.7087607755343,0.5504367956068181,True
16,3,fullnet,Learned Polytope Approx. (FullNet),279.7550559039926,370.2418087247423,90.4867528207497,0.08561169637890609,0.0,0.0,False
16,3,supervised,Supervised Regression (FullNet),279.7550559039926,303.3725720403985,23.617516136405868,0.022345100886748147,659.3113371190068,0.11370762252963303,True
16,3,cube,Inner Approx. (Cube),279.7550559039926,384.2630137224554,104.50795781846278,0.09887749615302896,0.0,0.0,False
16,3,power_energy,Outer Approx. (Power-Energy),279.7550559039926,133.01501324078694,-146.74004266320568,-0.13883428885989732,4272.686011573731,0.5997247742937407,True
16,4,fullnet,Learned Polytope Approx. (FullNet),286.24727489650655,370.86397958910777,84.61670469260122,0.08126996070245664,0.0,0.0,False
16,4,supervised,Supervised Regression (FullNet),286.24727489650655,322.8201016309616,36.57282673445502,0.03512630516970258,479.6403373449465,0.0818891292107424,True
16,4,cube,Inner Approx. (Cube),286.24727489650655,345.39498963439416,59.14771473788761,0.05680831544848087,0.0,0.0,False
16,4,power_energy,Outer Approx. (Power-Energy),286.24727489650655,126.31716464129941,-159.93011025520713,-0.15360458461243678,4692.772828556486,0.7699944528552299,True
16,5,fullnet,Learned Polytope Approx. (FullNet),258.43649968721695,340.9009529969147,82.46445330969777,0.07664215724747915,0.0,0.0,False
16,5,supervised,Supervised Regression (FullNet),258.43649968721695,299.04163768440566,40.605137997188706,0.03773826474964517,343.64758841066754,0.057381361177938774,True
16,5,cube,Inner Approx. (Cube),258.43649968721695,366.0335787918105,107.59707910459355,0.1000003265059411,0.0,0.0,False
16,5,power_energy,Outer Approx. (Power-Energy),258.43649968721695,90.97728578446203,-167.45921390275493,-0.15563597270540405,4515.732306404038,0.6167166537271308,True
16,6,fullnet,Learned Polytope Approx. (FullNet),272.7864699805793,348.324995280229,75.53852529964973,0.06951839541978891,0.0,0.0,False
16,6,supervised,Supervised Regression (FullNet),272.7864699805793,296.2099838161198,23.42351383554052,0.02155674988994725,692.1790159877118,0.12013238154840622,True
16,6,cube,Inner Approx. (Cube),272.7864699805793,374.60544854902133,101.81897856844205,0.09370439766041855,0.0,0.0,False
16,6,power_energy,Outer Approx. (Power-Energy),272.7864699805793,109.46277162816781,-163.32369835241147,-0.15030742787796936,3802.7981585861935,0.4675553421993996,True
16,7,fullnet,Learned Polytope Approx. (FullNet),265.2771139089991,354.6986316316696,89.4215177226705,0.08826727095792006,0.0,0.0,False
16,7,supervised,Supervised Regression (FullNet),265.2771139089991,306.20406328902186,40.926949380022734,0.04039866714867542,610.9887178076979,0.10669401227046604,True
16,7,cube,Inner Approx. (Cube),265.2771139089991,332.0667583939635,66.78964448496436,0.06592752837433545,0.0,0.0,False
16,7,power_energy,Outer Approx. (Power-Energy),265.2771139089991,106.41120802087977,-158.86590588811936,-0.15681527576496254,4692.772828556486,0.7699944528552299,True
16,8,fullnet,Learned Polytope Approx. (FullNet),285.0779250687726,378.60751183201955,93.52958676324698,0.08993352457257485,0.0,0.0,False
16,8,supervised,Supervised Regression (FullNet),285.0779250687726,316.03669368519854,30.95876861642597,0.02976845375303299,648.4707330016656,0.11398522638964945,True
16,8,cube,Inner Approx. (Cube),285.0779250687726,342.04498250451405,56.96705743574148,0.05477676569547029,0.0,0.0,False
16,8,power_energy,Outer Approx. (Power-Energy),285.0779250687726,135.03226001389862,-150.04566505487395,-0.1442766505467278,4824.033571235912,0.8296986566102182,True
16,9,fullnet,Learned Polytope Approx. (FullNet),284.7216081137709,332.9130936390892,48.191485525318285,0.04133073178205366,243.67719480553507,0.03058851049921035,True
16,9,supervised,Supervised Regression (FullNet),284.7216081137709,282.98740564331797,-1.7342024704529422,-0.001487313710726123,648.4707330016656,0.11398522638964945,True
16,9,cube,Inner Approx. (Cube),284.7216081137709,381.2085631903177,96.48695507654679,0.08275064396262928,0.0,0.0,False
16,9,power_energy,Outer Approx. (Power-Energy),284.7216081137709,105.51596485711256,-179.20564325665833,-0.15369313260493064,3114.6833705045065,0.363462287742259,True
17,0,fullnet,Learned Polytope Approx. (FullNet),264.6728564026623,403.5578982204045,138.8850418177422,0.12137082235458772,0.0,0.0,False
17,0,supervised,Supervised Regression (FullNet),264.6728564026623,290.19495313481923,25.52209673215691,0.022303610439634147,676.5095819422565,0.11146561279170256,True
17,0,cube,Inner Approx. (Cube),264.6728564026623,460.26915571607356,195.59629931341124,0.17093045720745226,0.0,0.0,False
17,0,power_energy,Outer Approx. (Power-Energy),264.6728564026623,85.54314632411027,-179.12971007855205,-0.15654040158553179,3875.3861221240854,0.5242588550560885,True
17,1,fullnet,Learned Polytope Approx. (FullNet),274.15722494265174,416.6444952749234,142.48727033227163,0.12450834284466207,0.0,0.0,False
17,1,supervised,Supervised Regression (FullNet),274.15722494265174,292.83400760363634,18.6767826609846,0.016320161466820044,624.2277759729297,0.10193353895480173,True
17,1,cube,Inner Approx. (Cube),274.15722494265174,453.9226899079881,179.76546496533638,0.15708280530141414,0.0,0.0,False
17,1,power_energy,Outer Approx. (Power-Energy),274.15722494265174,78.22918673509258,-195.92803820755915,-0.1712059982421021,3875.3861221240854,0.5242588550560885,True
17,2,fullnet,Learned Polytope Approx. (FullNet),315.1534444309584,435.42029733472054,120.26685290376213,0.10793176470553366,0.0,0.0,False
17,2,supervised,Supervised Regression (FullNet),315.1534444309584,320.61861592679213,5.465171495833715,0.004904639888063971,777.2142259212535,0.1310364569073167,True
17,2,cube,Inner Approx. (Cube),315.1534444309584,413.7396407401241,98.5861963091657,0.08847476994986347,0.0,0.0,False
17,2,power_energy,Outer Approx. (Power-Energy),315.1534444309584,144.78378685608394,-170.36965757487448,-0.15289580919730278,3763.4142164609357,0.535455449738857,True
17,3,fullnet,Learned Polytope Approx. (FullNet),296.5251810073337,394.67506582926694,98.14988482193326,0.09166955502639766,0.0,0.0,False
17,3,supervised,Supervised Regression (FullNet),296.5251810073337,319.53442473042895,23.009243723095267,0.02149006223916352,666.8790656701362,0.11027111575010241,True
17,3,cube,Inner Approx. (Cube),296.5251810073337,400.42382645478085,103.89864544744717,0.09703875468924202,0.0,0.0,False
17,3,power_energy,Outer Approx. (Power-Energy),296.5251810073337,151.12669631497704,-145.39848469235665,-0.13579857396106002,4147.916772408033,0.5734287764885699,True
17,4,fullnet,Learned Polytope Approx. (FullNet),303.20113339507157,396.3183653716405,93.11723197656892,0.08795962547774092,0.0,0.0,False
17,4,supervised,Supervised Regression (FullNet),303.20113339507157,340.1494939558112,36.948360560739616,0.03490185315814562,666.8790656701362,0.11027111575010241,True
17,4,cube,Inner Approx. (Cube),303.20113339507157,362.11702575701986,58.915892361948295,0.05565264040653475,0.0,0.0,False
17,4,power_energy,Outer Approx. (Power-Energy),303.20113339507157,145.25555478784668,-157.9455786072249,-0.1491972392784661,4809.437458049987,0.780145885685664,True
17,5,fullnet,Learned Polytope Approx. (FullNet),276.4777385325836,368.4700423588072,91.99230382622358,0.08406154948745821,0.0,0.0,False
17,5,supervised,Supervised Regression (FullNet),276.4777385325836,319.2489177054152,42.77117917283158,0.03908383033286972,302.29172440324567,0.04793225126244645,True
17,5,cube,Inner Approx. (Cube),276.4777385325836,382.7734007840586,106.295662251475,0.09713180017247668,0.0,0.0,False
17,5,power_energy,Outer Approx. (Power-Energy),276.4777385325836,110.34666580822156,-166.13107272436204,-0.15180873627868108,4499.875282992003,0.607332521524327,True
17,6,fullnet,Learned Polytope Approx. (FullNet),290.6306532377359,376.25740650352077,85.62675326578488,0.07748540236690686,0.0,0.0,False
17,6,supervised,Supervised Regression (FullNet),290.6306532377359,314.0756167261162,23.444963488380324,0.021215827531562984,666.8790656701362,0.11027111575010241,True
17,6,cube,Inner Approx. (Cube),290.6306532377359,390.6268733288571,99.99622009112119,0.09048862713362249,0.0,0.0,False
17,6,power_energy,Outer Approx. (Power-Energy),290.6306532377359,130.00152522560848,-160.6291280121274,-0.1453565870614234,3729.2024949545203,0.45651302812925215,True
17,7,fullnet,Learned Polytope Approx. (FullNet),281.2227476917007,376.166263752733,94.94351606103231,0.09233080493105635,0.0,0.0,False
17,7,supervised,Supervised Regression (FullNet),281.2227476917007,322.7263224176139,41.50357472591321,0.04036145511502291,528.8820168229877,0.08691601055535778,True
17,7,cube,Inner Approx. (Cube),281.2227476917007,350.4723485396571,69.2496008479564,0.067343949884224,0.0,0.0,False
17,7,power_energy,Outer Approx. (Power-Energy),281.2227476917007,123.72724519418902,-157.49550249751167,-0.15316144926914912,4809.437458049987,0.780145885685664,True
17,8,fullnet,Learned Polytope Approx. (FullNet),301.38202442437984,401.56162469411197,100.17960026973213,0.09491283955830053,0.0,0.0,False
17,8,supervised,Supervised Regression (FullNet),301.38202442437984,333.40659975736935,32.024575332989514,0.030340941392447317,644.7848357529083,0.10815151715594794,True
17,8,cube,Inner Approx. (Cube),301.38202442437984,361.98164631277047,60.59962188839063,0.057413706723725935,0.0,0.0,False
17,8,power_energy,Outer Approx. (Power-Energy),301.38202442437984,153.30632763858603,-148.0756967857938,-0.14029088570599846,5038.791364083636,0.8378453012138641,True
17,9,fullnet,Learned Polytope Approx. (FullNet),305.04009223894064,363.1958150445608,58.155722805620144,0.049021924257597674,68.62874723242408,0.008805700799328775,True
17,9,supervised,Supervised Regression (FullNet),305.04009223894064,301.67767066153556,-3.3624215774050867,-0.0028343276970454047,644.7848357529083,0.10815151715594794,True
17,9,cube,Inner Approx. (Cube),305.04009223894064,398.2288391383223,93.18874689938167,0.07855274548699188,0.0,0.0,False
17,9,power_energy,Outer Approx. (Power-Energy),305.04009223894064,129.95354425659247,-175.08654798234818,-0.14758787406706342,3086.0596858747367,0.3593664539725566,True
18,0,fullnet,Learned Polytope Approx. (FullNet),304.9073320335621,451.03184800683107,146.12451597326896,0.1178518370920938,0.0,0.0,False
18,0,supervised,Supervised Regression (FullNet),304.9073320335621,345.6590717781316,40.75173974456948,0.03286695159678048,442.64566360670744,0.06384844979998545,True
18,0,cube,Inner Approx. (Cube),304.9073320335621,504.7124480358861,199.80511600232398,0.1611461281800269,0.0,0.0,False
18,0,power_energy,Outer Approx. (Power-Energy),304.9073320335621,125.99108638253927,-178.91624565102285,-0.14429890901709225,3668.2016384937706,0.4914637803964973,True
18,1,fullnet,Learned Polytope Approx. (FullNet),316.908252112729,464.8391550104819,147.9309028977529,0.1196352131633155,0.0,0.0,False
18,1,supervised,Supervised Regression (FullNet),316.908252112729,347.67650775885807,30.76825564612909,0.024883014642533858,442.64566360670744,0.06384844979998545,True
18,1,cube,Inner Approx. (Cube),316.908252112729,500.8520377221695,183.9437856094405,0.14875968151605798,0.0,0.0,False
18,1,power_energy,Outer Approx. (Power-Energy),316.908252112729,122.59940305832825,-194.30884905440072,-0.15714215299699114,3668.2016384937706,0.4914637803964974,True
18,2,fullnet,Learned Polytope Approx. (FullNet),355.43494666687644,488.8699368915098,133.43499022463334,0.11195643338418258,0.0,0.0,False
18,2,supervised,Supervised Regression (FullNet),355.43494666687644,370.5598674603449,15.124920793468448,0.01269031596887983,691.3702000126642,0.10430165159346227,True
18,2,cube,Inner Approx. (Cube),355.43494666687644,454.6317709314391,99.19682426456268,0.08322946349380973,0.0,0.0,False
18,2,power_energy,Outer Approx. (Power-Energy),355.43494666687644,190.1108705820588,-165.32407608481765,-0.13871244626189863,3917.4068721999015,0.5129513525603373,True
18,3,fullnet,Learned Polytope Approx. (FullNet),333.5041480181585,444.15899847948845,110.65485046132994,0.09655437657466302,0.0,0.0,False
18,3,supervised,Supervised Regression (FullNet),333.5041480181585,364.275005934432,30.770857916273485,0.02684980360451171,469.33345680509876,0.06838517523185517,True
18,3,cube,Inner Approx. (Cube),333.5041480181585,436.1375321786603,102.6333841605018,0.08955506588324609,0.0,0.0,False
18,3,power_energy,Outer Approx. (Power-Energy),333.5041480181585,192.98932296729697,-140.51482505086153,-0.1226093684616662,4050.1063371939968,0.5130772083487384,True
18,4,fullnet,Learned Polytope Approx. (FullNet),338.41112109047464,441.21218428781924,102.8010631973446,0.09195209274177299,0.0,0.0,False
18,4,supervised,Supervised Regression (FullNet),338.41112109047464,380.3663370154248,41.95521592495015,0.037527529246718705,541.5861148075442,0.07984754248557512,True
18,4,cube,Inner Approx. (Cube),338.41112109047464,397.8959636822739,59.484842591799236,0.05320719059326011,0.0,0.0,False
18,4,power_energy,Outer Approx. (Power-Energy),338.41112109047464,186.34466797087515,-152.0664531195995,-0.13601832671052638,4718.581744019525,0.7392718201083983,True
18,5,fullnet,Learned Polytope Approx. (FullNet),311.99164510767855,413.77944673398474,101.78780162630619,0.08775923393485902,0.0,0.0,False
18,5,supervised,Supervised Regression (FullNet),311.99164510767855,360.80956769639477,48.817922588716215,0.04208975358762207,218.11582270563386,0.031039733023433883,True
18,5,cube,Inner Approx. (Cube),311.99164510767855,419.7509159412282,107.75927083354964,0.09290770511431563,0.0,0.0,False
18,5,power_energy,Outer Approx. (Power-Energy),311.99164510767855,149.56909289229554,-162.422552215383,-0.14003720021872254,4507.418102883514,0.5571901620549234,True
18,6,fullnet,Learned Polytope Approx. (FullNet),328.7866424909944,426.43036631296997,97.64372382197558,0.08323116315709903,0.0,0.0,False
18,6,supervised,Supervised Regression (FullNet),328.7866424909944,359.45927315963485,30.672630668640466,0.026145241370490388,541.5861148075442,0.07984754248557512,True
18,6,cube,Inner Approx. (Cube),328.7866424909944,429.4176725830767,100.63103009208231,0.08577753240476099,0.0,0.0,False
18,6,power_energy,Outer Approx. (Power-Energy),328.7866424909944,174.75316864279148,-154.0334738482029,-0.13129758566857505,3638.222559170544,0.4454499978327257,True
18,7,fullnet,Learned Polytope Approx. (FullNet),313.48396513813384,419.84966883784125,106.36570369970741,0.097745879484284,0.0,0.0,False
18,7,supervised,Supervised Regression (FullNet),313.48396513813384,361.4393221953165,47.95535705718265,0.044069078551586524,366.0683269242829,0.05337838330056947,True
18,7,cube,Inner Approx. (Cube),313.48396513813384,390.63012101817594,77.1461558800421,0.07089426942179977,0.0,0.0,False
18,7,power_energy,Outer Approx. (Power-Energy),313.48396513813384,160.71945226270503,-152.7645128754288,-0.14038455202772365,4725.474153034248,0.713386361818597,True
18,8,fullnet,Learned Polytope Approx. (FullNet),336.3405447915825,450.22096166256426,113.88041687098178,0.10188293813253783,0.0,0.0,False
18,8,supervised,Supervised Regression (FullNet),336.3405447915825,375.2171476812937,38.876602889711194,0.03478089241193292,550.7591601225474,0.08261973693109795,True
18,8,cube,Inner Approx. (Cube),336.3405447915825,403.76055761607734,67.42001282449485,0.06031720979099449,0.0,0.0,False
18,8,power_energy,Outer Approx. (Power-Energy),336.3405447915825,193.30603827259938,-143.0345065189831,-0.1279655991688328,5090.047016584079,0.7843238526644367,True
18,9,fullnet,Learned Polytope Approx. (FullNet),349.34508058606065,424.1789936189929,74.83391303293223,0.059482112780903915,0.0,0.0,False
18,9,supervised,Supervised Regression (FullNet),349.34508058606065,349.7949967065179,0.44991612045726015,0.00035761809498333113,550.7591601225474,0.08261973693109795,True
18,9,cube,Inner Approx. (Cube),349.34508058606065,447.24592927576737,97.90084868970672,0.07781698279688593,0.0,0.0,False
18,9,power_energy,Outer Approx. (Power-Energy),349.34508058606065,183.79102964158244,-165.5540509444782,-0.13159147143997887,2955.899650508311,0.3231431456210775,True
19,0,fullnet,Learned Polytope Approx. (FullNet),294.3567494061973,440.11122649510395,145.75447708890664,0.1194459808577649,0.0,0.0,False
19,0,supervised,Supervised Regression (FullNet),294.3567494061973,341.8976132652433,47.540863859046,0.03895979888841034,176.84598564053485,0.025157958901785658,True
19,0,cube,Inner Approx. (Cube),294.3567494061973,488.33677283138536,193.98002342518805,0.1589668779141555,0.0,0.0,False
19,0,power_energy,Outer Approx. (Power-Energy),294.3567494061973,107.0526507916787,-187.3040986145186,-0.1534959489720778,3873.4150135377186,0.5244407772035172,True
19,1,fullnet,Learned Polytope Approx. (FullNet),305.9572257102064,453.5801622471707,147.6229365369643,0.12117678157856648,0.0,0.0,False
19,1,supervised,Supervised Regression (FullNet),305.9572257102064,343.37101259337396,37.413786883167575,0.030711232194147647,176.84598564053485,0.025157958901785658,True
19,1,cube,Inner Approx. (Cube),305.9572257102064,482.96881340347795,177.01158769327157,0.14530055424965688,0.0,0.0,False
19,1,power_energy,Outer Approx. (Power-Energy),305.9572257102064,102.4143884840707,-203.5428372261357,-0.16707881923387433,3873.4150135377195,0.5244407772035173,True
19,2,fullnet,Learned Polytope Approx. (FullNet),341.2011935519607,472.7564395478548,131.5552459958941,0.11180985319621979,0.0,0.0,False
19,2,supervised,Supervised Regression (FullNet),341.2011935519607,371.5641563476486,30.36296279568785,0.025805724333441613,517.3462571353598,0.07917998582125013,True
19,2,cube,Inner Approx. (Cube),341.2011935519607,437.6015842256743,96.40039067371356,0.0819314611720049,0.0,0.0,False
19,2,power_energy,Outer Approx. (Power-Energy),341.2011935519607,168.90359939578428,-172.29759415617644,-0.14643709996380685,4174.82002032853,0.5492602971837947,True
19,3,fullnet,Learned Polytope Approx. (FullNet),320.65100758700754,430.7260467294487,110.07503914244114,0.09737642162697323,0.0,0.0,False
19,3,supervised,Supervised Regression (FullNet),320.65100758700754,362.1684713401131,41.517463753105574,0.03672787297466618,268.2224919596875,0.03939602719586638,True
19,3,cube,Inner Approx. (Cube),320.65100758700754,421.62524219634406,100.97423460933652,0.08932551575163226,0.0,0.0,False
19,3,power_energy,Outer Approx. (Power-Energy),320.65100758700754,173.65950488955278,-146.99150269745476,-0.13003408087575172,4292.532480320073,0.5473780133523145,True
19,4,fullnet,Learned Polytope Approx. (FullNet),324.882428458871,426.2006767293808,101.3182482705098,0.0916684326788112,0.0,0.0,False
19,4,supervised,Supervised Regression (FullNet),324.882428458871,375.3359701250346,50.453541666163574,0.04564821408364683,305.50347596413644,0.0451441505449096,True
19,4,cube,Inner Approx. (Cube),324.882428458871,381.1285460253231,56.246117566452085,0.05088908986877483,0.0,0.0,False
19,4,power_energy,Outer Approx. (Power-Energy),324.882428458871,164.7514500150063,-160.1309784438647,-0.14487968424090994,5308.721563515864,0.7926701819561994,True
19,5,fullnet,Learned Polytope Approx. (FullNet),298.7859736141846,399.59222129564426,100.80624768145964,0.08796920723327438,0.0,0.0,False
19,5,supervised,Supervised Regression (FullNet),298.7859736141846,355.38809545802803,56.602121843843406,0.04939419828479434,100.43896828049385,0.014566058988699887,True
19,5,cube,Inner Approx. (Cube),298.7859736141846,401.31932289121585,102.53334927703122,0.08947637332335491,0.0,0.0,False
19,5,power_energy,Outer Approx. (Power-Energy),298.7859736141846,128.5874027604973,-170.19857085368733,-0.14852485530010318,4730.55187155981,0.5895367098177042,True
19,6,fullnet,Learned Polytope Approx. (FullNet),313.71616001888566,410.1127439614727,96.39658394258703,0.08316546899387164,0.0,0.0,False
19,6,supervised,Supervised Regression (FullNet),313.71616001888566,352.7540528124573,39.03789279357164,0.0336796650869238,268.2224919596875,0.03939602719586638,True
19,6,cube,Inner Approx. (Cube),313.71616001888566,410.29640545172987,96.58024543284421,0.08332392164176265,0.0,0.0,False
19,6,power_energy,Outer Approx. (Power-Energy),313.71616001888566,152.54422767593482,-161.17193234295084,-0.13904994133332904,3845.5104817271326,0.46261670510319797,True
19,7,fullnet,Learned Polytope Approx. (FullNet),301.9951934050719,407.18354992312504,105.18835651805313,0.09782622867432256,0.0,0.0,False
19,7,supervised,Supervised Regression (FullNet),301.9951934050719,358.618974018053,56.62378061298108,0.05266068502267615,68.70560651699154,0.009952987921371736,True
19,7,cube,Inner Approx. (Cube),301.9951934050719,373.42465920097857,71.42946579590665,0.06643012103564708,0.0,0.0,False
19,7,power_energy,Outer Approx. (Power-Energy),301.9951934050719,140.61500953897044,-161.38018386610148,-0.150085192819606,5308.721563515864,0.7926701819561994,True
19,8,fullnet,Learned Polytope Approx. (FullNet),323.17796236270704,436.5378389027861,113.35987654007909,0.1026025784446498,0.0,0.0,False
19,8,supervised,Supervised Regression (FullNet),323.17796236270704,375.9716298049668,52.79366744225979,0.04778380649709056,296.7810468994661,0.04468761373098629,True
19,8,cube,Inner Approx. (Cube),323.17796236270704,386.00006148592,62.82209912321298,0.05686058903802798,0.0,0.0,False
19,8,power_energy,Outer Approx. (Power-Energy),323.17796236270704,173.85044826764582,-149.32751409506122,-0.13515706303249278,5322.920291145066,0.820671801676989,True
19,9,fullnet,Learned Polytope Approx. (FullNet),328.923339597664,402.08203302459276,73.15869342692878,0.058749485390716547,0.0,0.0,False
19,9,supervised,Supervised Regression (FullNet),328.923339597664,340.33972173669446,11.416382139030475,0.00916783152178234,371.96935254925245,0.05657272500989255,True
19,9,cube,Inner Approx. (Cube),328.923339597664,422.2179312709494,93.29459167328542,0.07491945240953495,0.0,0.0,False
19,9,power_energy,Outer Approx. (Power-Energy),328.923339597664,157.71180887621273,-171.21153072145125,-0.13749000770344103,3053.6641763615253,0.33130474185006603,True
20,0,fullnet,Learned Polytope Approx. (FullNet),287.9251381497333,420.6246677901985,132.6995296404652,0.10576408842772357,0.0,0.0,False
20,0,supervised,Supervised Regression (FullNet),287.9251381497333,347.74498134559553,59.819843195862234,0.04767757054332806,348.7442456067885,0.05068251202777702,True
20,0,cube,Inner Approx. (Cube),287.9251381497333,487.37727224665645,199.45213409692315,0.15896720361315073,0.0,0.0,False
20,0,power_energy,Outer Approx. (Power-Energy),287.9251381497333,116.08256241304656,-171.84257573668674,-0.13696185227713523,3650.4949670052683,0.4972367286579319,True
20,1,fullnet,Learned Polytope Approx. (FullNet),298.9036286561144,435.49702701367175,136.59339835755736,0.1092164883159802,0.0,0.0,False
20,1,supervised,Supervised Regression (FullNet),298.9036286561144,350.27472863706316,51.37109998094877,0.04107498025755008,327.23163427502766,0.0474054203111659,True
20,1,cube,Inner Approx. (Cube),298.9036286561144,482.6706346409568,183.7670059848424,0.1469352641001611,0.0,0.0,False
20,1,power_energy,Outer Approx. (Power-Energy),298.9036286561144,111.68783267638486,-187.21579597972953,-0.14969282586163712,3650.494967005269,0.497236728657932,True
20,2,fullnet,Learned Polytope Approx. (FullNet),339.3945792040754,465.498648885379,126.1040696813036,0.10463032408044945,0.0,0.0,False
20,2,supervised,Supervised Regression (FullNet),339.3945792040754,375.52330671071337,36.12872750663797,0.029976514454982988,348.7442456067885,0.05068251202777702,True
20,2,cube,Inner Approx. (Cube),339.3945792040754,438.27481540582903,98.88023620175363,0.08204232571627122,0.0,0.0,False
20,2,power_energy,Outer Approx. (Power-Energy),339.3945792040754,179.47143658673468,-159.92314261734072,-0.1326904855830924,3980.3715174496815,0.5289811010681715,True
20,3,fullnet,Learned Polytope Approx. (FullNet),318.06432689150836,419.3736026694736,101.30927577796524,0.0873142307762038,0.0,0.0,False
20,3,supervised,Supervised Regression (FullNet),318.06432689150836,367.376841474519,49.312514583010625,0.04250039540202094,288.56153814492785,0.04171861507241038,True
20,3,cube,Inner Approx. (Cube),318.06432689150836,422.18423163094445,104.1199047394361,0.08973659441352756,0.0,0.0,False
20,3,power_energy,Outer Approx. (Power-Energy),318.06432689150836,182.85461851051812,-135.20970838099024,-0.1165315968365529,4053.8448810883183,0.523217466172393,True
20,4,fullnet,Learned Polytope Approx. (FullNet),322.3012901379915,417.9210944136394,95.61980427564794,0.08473066085497155,0.0,0.0,False
20,4,supervised,Supervised Regression (FullNet),322.3012901379915,382.902176164822,60.600886026830494,0.05369968240729663,288.56153814492785,0.04171861507241038,True
20,4,cube,Inner Approx. (Cube),322.3012901379915,381.30264954786696,59.00135940987548,0.05228230921419722,0.0,0.0,False
20,4,power_energy,Outer Approx. (Power-Energy),322.3012901379915,174.72295303929235,-147.57833709869914,-0.13077217763595772,4855.676439480366,0.7163755587275241,True
20,5,fullnet,Learned Polytope Approx. (FullNet),294.54433633680884,387.6650402852696,93.12070394846074,0.07946934603083229,0.0,0.0,False
20,5,supervised,Supervised Regression (FullNet),294.54433633680884,364.3498495454976,69.80551320868875,0.059572127881587146,0.0,0.0,False
20,5,cube,Inner Approx. (Cube),294.54433633680884,403.1525429928725,108.60820665606366,0.09268640367362185,0.0,0.0,False
20,5,power_energy,Outer Approx. (Power-Energy),294.54433633680884,139.71935082774266,-154.82498550906618,-0.1321278708808768,4447.850775740199,0.5612908456031324,True
20,6,fullnet,Learned Polytope Approx. (FullNet),312.42280964779434,400.61162589447576,88.18881624668143,0.07436711867499765,0.0,0.0,False
20,6,supervised,Supervised Regression (FullNet),312.42280964779434,362.7879962965045,50.365186648710164,0.0424715283865031,288.56153814492785,0.04171861507241038,True
20,6,cube,Inner Approx. (Cube),312.42280964779434,414.6301840226672,102.20737437487287,0.08618856974261867,0.0,0.0,False
20,6,power_energy,Outer Approx. (Power-Energy),312.42280964779434,163.98530952332797,-148.43750012446637,-0.12517311896667585,3646.06145644426,0.4426381825751399,True
20,7,fullnet,Learned Polytope Approx. (FullNet),297.84796541673916,397.96816846359957,100.12020304686041,0.0912024474492165,0.0,0.0,False
20,7,supervised,Supervised Regression (FullNet),297.84796541673916,365.2113400603883,67.36337464364914,0.06136328582018342,82.45261081609732,0.011798091289710419,True
20,7,cube,Inner Approx. (Cube),297.84796541673916,366.745846804012,68.89788138727283,0.0627611132954264,0.0,0.0,False
20,7,power_energy,Outer Approx. (Power-Energy),297.84796541673916,149.3319056061233,-148.51605981061584,-0.13528766151126112,4855.676439480366,0.7163755587275241,True
20,8,fullnet,Learned Polytope Approx. (FullNet),320.73361153976316,428.55045006357614,107.81683852381298,0.09563518070960873,0.0,0.0,False
20,8,supervised,Supervised Regression (FullNet),320.73361153976316,380.64643039256106,59.9128188527979,0.053143584399795524,158.47906840162193,0.022952091512152197,True
20,8,cube,Inner Approx. (Cube),320.73361153976316,379.6297900988706,58.896178559107454,0.05224180894862347,0.0,0.0,False
20,8,power_energy,Outer Approx. (Power-Energy),320.73361153976316,182.90241038610293,-137.83120115366023,-0.12225837828514506,5081.237135169585,0.7705819107476347,True
20,9,fullnet,Learned Polytope Approx. (FullNet),331.20498618501557,398.77729628995394,67.57231010493837,0.05316492388642474,27.34765640880039,0.003238138715393334,True
20,9,supervised,Supervised Regression (FullNet),331.20498618501557,360.49977227544696,29.294786090431387,0.02304871729778343,221.32848823858063,0.03240874428409306,True
20,9,cube,Inner Approx. (Cube),331.20498618501557,430.324789970295,99.11980378527943,0.07798603918821198,0.0,0.0,False
20,9,power_energy,Outer Approx. (Power-Energy),331.20498618501557,172.2553850493427,-158.94960113567288,-0.12505926514917287,2924.5727086753795,0.32416151809880017,True
21,0,fullnet,Learned Polytope Approx. (FullNet),261.5468665621728,402.62606575093076,141.07919918875797,0.12366851655309713,0.0,0.0,False
21,0,supervised,Supervised Regression (FullNet),261.5468665621728,307.9969542286885,46.450087666515685,0.04071764986270958,234.80656365340678,0.03571001132450195,True
21,0,cube,Inner Approx. (Cube),261.5468665621728,451.24215789078585,189.69529132861305,0.16628486276229548,0.0,0.0,False
21,0,power_energy,Outer Approx. (Power-Energy),261.5468665621728,87.18499453198802,-174.36187203018477,-0.15284375146291718,3834.3973556898704,0.5238823702140775,True
21,1,fullnet,Learned Polytope Approx. (FullNet),271.11778624669773,417.64942850997414,146.5316422632764,0.12850391149943305,0.0,0.0,False
21,1,supervised,Supervised Regression (FullNet),271.11778624669773,310.51937460386216,39.40158835716443,0.03455402631800775,234.80656365340678,0.03571001132450195,True
21,1,cube,Inner Approx. (Cube),271.11778624669773,443.39769941524116,172.27991316854343,0.15108438268345864,0.0,0.0,False
21,1,power_energy,Outer Approx. (Power-Energy),271.11778624669773,80.17928112455337,-190.93850512214436,-0.16744741535050242,3834.397355689871,0.5238823702140776,True
21,2,fullnet,Learned Polytope Approx. (FullNet),311.4144310166101,431.41866916931417,120.00423815270409,0.10781596433021952,0.0,0.0,False
21,2,supervised,Supervised Regression (FullNet),311.4144310166101,342.6544928411689,31.240061824558836,0.028067153653894446,423.2443273598171,0.06747199729916778,True
21,2,cube,Inner Approx. (Cube),311.4144310166101,406.29314174668315,94.87871073007307,0.08524232018167494,0.0,0.0,False
21,2,power_energy,Outer Approx. (Power-Energy),311.4144310166101,145.0842221836644,-166.3302088329457,-0.14943682105419662,3723.584285446357,0.5348530537147006,True
21,3,fullnet,Learned Polytope Approx. (FullNet),292.9334097814509,390.79605030463216,97.86264052318126,0.09123457878336916,0.0,0.0,False
21,3,supervised,Supervised Regression (FullNet),292.9334097814509,332.8935865526693,39.960176771218414,0.037253745416439034,340.09398989216567,0.05343688862321677,True
21,3,cube,Inner Approx. (Cube),292.9334097814509,394.60319370822356,101.66978392677265,0.0947838711684675,0.0,0.0,False
21,3,power_energy,Outer Approx. (Power-Energy),292.9334097814509,150.5044993251803,-142.42891045627061,-0.13278245490396295,4137.23849401971,0.5673369379001734,True
21,4,fullnet,Learned Polytope Approx. (FullNet),299.4514985126861,389.3521156165825,89.90061710389642,0.08479523841740896,0.0,0.0,False
21,4,supervised,Supervised Regression (FullNet),299.4514985126861,350.2406249283497,50.78912641566359,0.047904855630200784,154.32886559996746,0.023931152733106274,True
21,4,cube,Inner Approx. (Cube),299.4514985126861,358.60984988684845,59.15835137416235,0.055798799504965066,0.0,0.0,False
21,4,power_energy,Outer Approx. (Power-Energy),299.4514985126861,144.74167144435862,-154.70982706832748,-0.14592398911582508,4502.716245748335,0.7651403641091822,True
21,5,fullnet,Learned Polytope Approx. (FullNet),272.600142218345,361.59160834523186,88.99146612688685,0.08117281568867757,0.0,0.0,False
21,5,supervised,Supervised Regression (FullNet),272.600142218345,326.4130512578441,53.81290903949906,0.04908499137329178,86.32225337247354,0.01324787720347596,True
21,5,cube,Inner Approx. (Cube),272.600142218345,379.75543362206105,107.15529140371603,0.09774079580595241,0.0,0.0,False
21,5,power_energy,Outer Approx. (Power-Energy),272.600142218345,108.43742325037661,-164.1627189679684,-0.14973964032392817,4467.656266648748,0.5948129540660729,True
21,6,fullnet,Learned Polytope Approx. (FullNet),286.520762469002,368.3074187768441,81.78665630784207,0.07389389377257104,0.0,0.0,False
21,6,supervised,Supervised Regression (FullNet),286.520762469002,325.67362553226474,39.152863063262714,0.03537444412935789,154.32886559996746,0.023931152733106274,True
21,6,cube,Inner Approx. (Cube),286.520762469002,387.99348480483644,101.47272233583442,0.09168017013526915,0.0,0.0,False
21,6,power_energy,Outer Approx. (Power-Energy),286.520762469002,128.68700847785558,-157.83375399114644,-0.14260212090403784,3721.456200977969,0.4538739043423788,True
21,7,fullnet,Learned Polytope Approx. (FullNet),278.2052285232473,374.27893460431704,96.07370608106976,0.09335090220307717,0.0,0.0,False
21,7,supervised,Supervised Regression (FullNet),278.2052285232473,332.041868642916,53.83664011966869,0.0523108676843654,270.84899548228543,0.042783972141731526,True
21,7,cube,Inner Approx. (Cube),278.2052285232473,349.2265343133341,71.02130579008684,0.06900850650593963,0.0,0.0,False
21,7,power_energy,Outer Approx. (Power-Energy),278.2052285232473,123.66334754586674,-154.54188097738054,-0.15016204335060668,4504.61270764965,0.7555784434829161,True
21,8,fullnet,Learned Polytope Approx. (FullNet),297.9978735701378,400.029305236283,102.03143166614518,0.09661654541804265,0.0,0.0,False
21,8,supervised,Supervised Regression (FullNet),297.9978735701378,347.0006055527494,49.00273198261158,0.04640211945371632,457.1654450485066,0.07440752640134357,True
21,8,cube,Inner Approx. (Cube),297.9978735701378,358.8412245058607,60.84335093572287,0.057614347687504806,0.0,0.0,False
21,8,power_energy,Outer Approx. (Power-Energy),297.9978735701378,152.254728297543,-145.7431452725948,-0.13800844489444025,5032.233767618831,0.833431627420976,True
21,9,fullnet,Learned Polytope Approx. (FullNet),302.0477473141647,354.9746293990237,52.92688208485896,0.04464686570027252,265.71454849759476,0.03307337100100379,True
21,9,supervised,Supervised Regression (FullNet),302.0477473141647,311.76919397126113,9.721446657096408,0.008200598754633841,457.1654450485066,0.07440752640134357,True
21,9,cube,Inner Approx. (Cube),302.0477473141647,398.01340413785147,95.96565682368674,0.08095254478009935,0.0,0.0,False
21,9,power_energy,Outer Approx. (Power-Energy),302.0477473141647,130.86854596153967,-171.17920135262506,-0.14439949062589721,2843.8967140555724,0.3291230450169345,True
22,0,fullnet,Learned Polytope Approx. (FullNet),266.7463903032982,402.03052487671226,135.28413457341406,0.1135247919742787,0.0,0.0,False
22,0,supervised,Supervised Regression (FullNet),266.7463903032982,311.41082771401517,44.66443741071697,0.0374805292704019,493.56058555070854,0.07699698536603797,True
22,0,cube,Inner Approx. (Cube),266.7463903032982,464.02654762612394,197.28015732282574,0.16554926334375983,0.0,0.0,False
22,0,power_energy,Outer Approx. (Power-Energy),266.7463903032982,83.1102170245914,-183.6361732787068,-0.15409980213980445,3983.8249072471062,0.5497620422397953,True
22,1,fullnet,Learned Polytope Approx. (FullNet),277.078097518072,416.8816000005358,139.80350248246378,0.1174547527246732,0.0,0.0,False
22,1,supervised,Supervised Regression (FullNet),277.078097518072,313.454660830085,36.37656331201299,0.030561467866814265,493.56058555070854,0.07699698536603797,True
22,1,cube,Inner Approx. (Cube),277.078097518072,458.21214231580353,181.13404479773152,0.15217826495016507,0.0,0.0,False
22,1,power_energy,Outer Approx. (Power-Energy),277.078097518072,75.86006246850256,-201.21803504956944,-0.1690516627325294,3983.8249072471062,0.5497620422397953,True
22,2,fullnet,Learned Polytope Approx. (FullNet),315.8588441447582,439.0617011744774,123.20285702971915,0.10688099261669477,0.0,0.0,False
22,2,supervised,Supervised Regression (FullNet),315.8588441447582,342.2862133319713,26.42736918721306,0.022926282060941463,641.6028086784257,0.10381622752027742,True
22,2,cube,Inner Approx. (Cube),315.8588441447582,414.1944624948359,98.33561835007765,0.08530815560792944,0.0,0.0,False
22,2,power_energy,Outer Approx. (Power-Energy),315.8588441447582,141.50924374504987,-174.34960039970835,-0.15125183621796884,3791.4977440267353,0.5398451889205339,True
22,3,fullnet,Learned Polytope Approx. (FullNet),296.5764478166113,396.6940482296259,100.1176004130146,0.09035056028502182,0.0,0.0,False
22,3,supervised,Supervised Regression (FullNet),296.5764478166113,335.5595741073082,38.98312629069693,0.035180101076097876,453.582436430665,0.07104932660918681,True
22,3,cube,Inner Approx. (Cube),296.5764478166113,399.4550510545505,102.87860323793922,0.09284221161457205,0.0,0.0,False
22,3,power_energy,Outer Approx. (Power-Energy),296.5764478166113,147.9101547319167,-148.6662930846946,-0.13416305245319626,4391.208536390391,0.6063555308770855,True
22,4,fullnet,Learned Polytope Approx. (FullNet),303.13841148963525,396.6427192849421,93.50430779530683,0.08605439290840407,0.0,0.0,False
22,4,supervised,Supervised Regression (FullNet),303.13841148963525,351.7871748150234,48.64876332538813,0.04477269435409942,203.6504967471643,0.031235104299947223,True
22,4,cube,Inner Approx. (Cube),303.13841148963525,359.34114740695793,56.202735917322684,0.05172480747886263,0.0,0.0,False
22,4,power_energy,Outer Approx. (Power-Energy),303.13841148963525,142.04518283964603,-161.09322864998921,-0.14825819601249804,4442.730625783059,0.7367813231376967,True
22,5,fullnet,Learned Polytope Approx. (FullNet),276.40187358746573,366.95123662941097,90.54936304194524,0.08045993826697127,0.0,0.0,False
22,5,supervised,Supervised Regression (FullNet),276.40187358746573,328.10052378885626,51.698650201390535,0.04593814979971463,203.6504967471643,0.031235104299947223,True
22,5,cube,Inner Approx. (Cube),276.40187358746573,380.0014915421481,103.59961795468234,0.09205607400301906,0.0,0.0,False
22,5,power_energy,Outer Approx. (Power-Energy),276.40187358746573,106.26869603089031,-170.13317755657542,-0.15117615964923575,4716.805797885746,0.6349478601213183,True
22,6,fullnet,Learned Polytope Approx. (FullNet),291.46656561096336,377.13695057670293,85.67038496573957,0.07527907264219855,0.0,0.0,False
22,6,supervised,Supervised Regression (FullNet),291.46656561096336,328.35060781473874,36.88404220377538,0.03241022546480107,389.62365556981183,0.060881862150757735,True
22,6,cube,Inner Approx. (Cube),291.46656561096336,390.18296628641383,98.71640067545047,0.08674268360525583,0.0,0.0,False
22,6,power_energy,Outer Approx. (Power-Energy),291.46656561096336,126.19710723811843,-165.26945837284492,-0.14522324800293138,3959.2773004080864,0.4827764399371053,True
22,7,fullnet,Learned Polytope Approx. (FullNet),281.1461282511149,378.29249592742764,97.14636767631276,0.09192556570576171,0.0,0.0,False
22,7,supervised,Supervised Regression (FullNet),281.1461282511149,333.748490135319,52.60236188420413,0.04977542639346365,322.33801327085075,0.05048419771064675,True
22,7,cube,Inner Approx. (Cube),281.1461282511149,349.12735359251917,67.9812253414043,0.06432780500555145,0.0,0.0,False
22,7,power_energy,Outer Approx. (Power-Energy),281.1461282511149,120.75189194259744,-160.39423630851743,-0.15177439220096756,4442.858703043622,0.736151805289053,True
22,8,fullnet,Learned Polytope Approx. (FullNet),301.63125501287175,405.94979064015877,104.31853562728702,0.0960953744614321,0.0,0.0,False
22,8,supervised,Supervised Regression (FullNet),301.63125501287175,348.6387015542618,47.00744654139004,0.04330197074477572,511.08582075639225,0.08227630511249738,True
22,8,cube,Inner Approx. (Cube),301.63125501287175,360.94968530148776,59.318430288616014,0.05464251138853103,0.0,0.0,False
22,8,power_energy,Outer Approx. (Power-Energy),301.63125501287175,149.3549433997186,-152.27631161315315,-0.14027276263111238,4811.696095768376,0.8024294944841128,True
22,9,fullnet,Learned Polytope Approx. (FullNet),308.73341980764417,366.3504832024644,57.61706339482021,0.04712611258090541,258.10165085236963,0.03175725712969542,True
22,9,supervised,Supervised Regression (FullNet),308.73341980764417,316.4228441003078,7.689424292663659,0.006289329124868137,511.08582075639225,0.08227630511249738,True
22,9,cube,Inner Approx. (Cube),308.73341980764417,402.29138993002096,93.55797012237679,0.07652287661062028,0.0,0.0,False
22,9,power_energy,Outer Approx. (Power-Energy),308.73341980764417,128.12594250164392,-180.60747730600025,-0.14772235527090502,2997.153795676013,0.3474018041286793,True
23,0,fullnet,Learned Polytope Approx. (FullNet),248.88498914873827,374.13823469337035,125.25324554463208,0.10666096798099917,0.0,0.0,False
23,0,supervised,Supervised Regression (FullNet),248.88498914873827,290.0055250036593,41.120535854921,0.03501670666585952,708.3185884013523,0.12114535054862538,True
23,0,cube,Inner Approx. (Cube),248.88498914873827,448.1788965456618,199.29390739692354,0.16971121972321995,0.0,0.0,False
23,0,power_energy,Outer Approx. (Power-Energy),248.88498914873827,93.93112258994397,-154.9538665587943,-0.1319529033175451,3603.797532022604,0.5102705363683707,True
23,1,fullnet,Learned Polytope Approx. (FullNet),257.88709387149464,389.8072890805515,131.92019520905689,0.11264298970955046,0.0,0.0,False
23,1,supervised,Supervised Regression (FullNet),257.88709387149464,293.67487793272,35.78778406122535,0.030558194561096732,480.92152133951674,0.07867453601657923,True
23,1,cube,Inner Approx. (Cube),257.88709387149464,442.6687312284281,184.78163735693346,0.15777990657401594,0.0,0.0,False
23,1,power_energy,Outer Approx. (Power-Energy),257.88709387149464,87.59413743855407,-170.29295643294057,-0.14540842445454252,3603.7975320226033,0.5102705363683706,True
23,2,fullnet,Learned Polytope Approx. (FullNet),298.95754651253924,417.7547931458959,118.79724663335668,0.10466309660336134,0.0,0.0,False
23,2,supervised,Supervised Regression (FullNet),298.95754651253924,307.1545455264145,8.196999013875256,0.007221743971008754,682.8052281832436,0.11708637792584523,True
23,2,cube,Inner Approx. (Cube),298.95754651253924,395.7222685041005,96.76472199156126,0.08525193750371364,0.0,0.0,False
23,2,power_energy,Outer Approx. (Power-Energy),298.95754651253924,152.51717559545006,-146.44037091708918,-0.12901732255824674,3447.19587382203,0.5005226174394076,True
23,3,fullnet,Learned Polytope Approx. (FullNet),280.02752003237936,374.3438051826401,94.31628515026074,0.08618744033730635,0.0,0.0,False
23,3,supervised,Supervised Regression (FullNet),280.02752003237936,308.25037162994414,28.222851597564784,0.025790406548969573,682.8052281832436,0.11708637792584523,True
23,3,cube,Inner Approx. (Cube),280.02752003237936,380.6648400846077,100.63732005222835,0.09196368372534292,0.0,0.0,False
23,3,power_energy,Outer Approx. (Power-Energy),280.02752003237936,157.3318049417894,-122.69571509058997,-0.11212093019955131,3910.5306010901004,0.5494168086467348,True
23,4,fullnet,Learned Polytope Approx. (FullNet),285.02404945815704,377.3539084396475,92.32985898149047,0.0861625840701599,0.0,0.0,False
23,4,supervised,Supervised Regression (FullNet),285.02404945815704,327.1713744969489,42.14732503879185,0.03933204791004041,682.8052281832436,0.11708637792584523,True
23,4,cube,Inner Approx. (Cube),285.02404945815704,340.3737894088015,55.34973995064445,0.051652592935454995,0.0,0.0,False
23,4,power_energy,Outer Approx. (Power-Energy),285.02404945815704,151.36883194274733,-133.6552175154097,-0.12472756963590344,4398.834313939682,0.6996718973933639,True
23,5,fullnet,Learned Polytope Approx. (FullNet),256.43129002482067,344.7183854288646,88.28709540404395,0.07958494870850438,0.0,0.0,False
23,5,supervised,Supervised Regression (FullNet),256.43129002482067,306.2244954253151,49.79320540049446,0.04488526527795206,468.1011542136263,0.0781961187183045,True
23,5,cube,Inner Approx. (Cube),256.43129002482067,361.12380918576343,104.69251916094277,0.09437334787668301,0.0,0.0,False
23,5,power_energy,Outer Approx. (Power-Energy),256.43129002482067,118.0644243308694,-138.36686569395127,-0.12472853318838746,4183.669442014851,0.573236385915706,True
23,6,fullnet,Learned Polytope Approx. (FullNet),273.3462299059072,355.84980544878636,82.50357554287916,0.07361537934181273,0.0,0.0,False
23,6,supervised,Supervised Regression (FullNet),273.3462299059072,301.7925499634764,28.44632005756921,0.02538176834321834,682.8052281832436,0.11708637792584523,True
23,6,cube,Inner Approx. (Cube),273.3462299059072,371.915791464648,98.56956155874082,0.08795055993581297,0.0,0.0,False
23,6,power_energy,Outer Approx. (Power-Energy),273.3462299059072,138.01381935600983,-135.33241054989736,-0.12075290888083813,3425.8169973919153,0.4281393713229338,True
23,7,fullnet,Learned Polytope Approx. (FullNet),263.1584457244471,359.7904076082134,96.63196188376628,0.09268989888440751,0.0,0.0,False
23,7,supervised,Supervised Regression (FullNet),263.1584457244471,312.54454556195185,49.38609983750473,0.04737141325703108,613.3612810184807,0.1051937938092008,True
23,7,cube,Inner Approx. (Cube),263.1584457244471,329.1875920155629,66.02914629111581,0.06333551315566788,0.0,0.0,False
23,7,power_energy,Outer Approx. (Power-Energy),263.1584457244471,128.7344347255024,-134.4240109989447,-0.12894023617274658,4398.834313939682,0.6996718973933639,True
23,8,fullnet,Learned Polytope Approx. (FullNet),284.56903904407375,387.2475039128915,102.67846486881774,0.09595692783723528,0.0,0.0,False
23,8,supervised,Supervised Regression (FullNet),284.56903904407375,321.74446634015464,37.1754272960809,0.03474184970456985,558.5460603553356,0.09564294159101833,True
23,8,cube,Inner Approx. (Cube),284.56903904407375,341.0497847476126,56.480745703538844,0.05278340347795382,0.0,0.0,False
23,8,power_energy,Outer Approx. (Power-Energy),284.56903904407375,159.35659201561384,-125.2124470284599,-0.11701579059624595,4517.465246667323,0.7546981509468638,True
23,9,fullnet,Learned Polytope Approx. (FullNet),287.8310505854506,347.97874298086947,60.14769239541886,0.05019449996105483,163.64213578232906,0.01982773280648371,True
23,9,supervised,Supervised Regression (FullNet),287.8310505854506,294.98872484332264,7.157674257872031,0.005973227998442132,613.3612810184807,0.1051937938092008,True
23,9,cube,Inner Approx. (Cube),287.8310505854506,387.8649882547035,100.03393766925291,0.08348040100081898,0.0,0.0,False
23,9,power_energy,Outer Approx. (Power-Energy),287.8310505854506,142.06010268194478,-145.77094790350583,-0.12164888705560281,2616.7534296311364,0.3126583551121191,True
24,0,fullnet,Learned Polytope Approx. (FullNet),271.8208113656666,405.44585079792756,133.62503943226096,0.11693062402510306,0.0,0.0,False
24,0,supervised,Supervised Regression (FullNet),271.8208113656666,309.0743650172851,37.25355365161852,0.03259928898164819,535.3097769182219,0.08431644191963837,True
24,0,cube,Inner Approx. (Cube),271.8208113656666,463.5346193561413,191.71380799047472,0.16776208484427832,0.0,0.0,False
24,0,power_energy,Outer Approx. (Power-Energy),271.8208113656666,102.58853687078819,-169.23227449487842,-0.14808927687467657,3645.381433846237,0.5213245804160362,True
24,1,fullnet,Learned Polytope Approx. (FullNet),281.85652916723905,420.39335804735845,138.5368288801194,0.12124708273495352,0.0,0.0,False
24,1,supervised,Supervised Regression (FullNet),281.85652916723905,312.41863897333803,30.562109806098988,0.026747881311917212,426.9880577934582,0.06638294838919279,True
24,1,cube,Inner Approx. (Cube),281.85652916723905,458.08343574442176,176.22690657718272,0.15423334354201354,0.0,0.0,False
24,1,power_energy,Outer Approx. (Power-Energy),281.85652916723905,97.15841594334566,-184.6981132238934,-0.16164732220358236,3645.3814338462385,0.5213245804160364,True
24,2,fullnet,Learned Polytope Approx. (FullNet),321.9148648321793,439.5326888403274,117.61782400814809,0.10594728861231406,0.0,0.0,False
24,2,supervised,Supervised Regression (FullNet),321.9148648321793,337.5147817089619,15.599916876782572,0.014052027484865687,610.8371368844937,0.09786696557682918,True
24,2,cube,Inner Approx. (Cube),321.9148648321793,416.997952737545,95.08308790536569,0.08564854384452764,0.0,0.0,False
24,2,power_energy,Outer Approx. (Power-Energy),321.9148648321793,163.13589796326747,-158.77896686891185,-0.1430242496856623,3879.4435778955044,0.5406881689045816,True
24,3,fullnet,Learned Polytope Approx. (FullNet),302.1564205004614,397.75965797987817,95.60323747941675,0.08957222284385516,0.0,0.0,False
24,3,supervised,Supervised Regression (FullNet),302.1564205004614,334.6941096482143,32.53768914775287,0.030485088371553212,530.8633799186155,0.08389733314377272,True
24,3,cube,Inner Approx. (Cube),302.1564205004614,402.9060251012799,100.74960460081849,0.09439393761825003,0.0,0.0,False
24,3,power_energy,Outer Approx. (Power-Energy),302.1564205004614,167.48815317183738,-134.66826732862404,-0.1261728825213939,3934.585979630954,0.5319431439801487,True
24,4,fullnet,Learned Polytope Approx. (FullNet),307.79501791881444,399.58749638547533,91.7924784666609,0.08712745845708454,0.0,0.0,False
24,4,supervised,Supervised Regression (FullNet),307.79501791881444,355.23910543244733,47.444087513632894,0.04503291373028663,530.8633799186155,0.08389733314377272,True
24,4,cube,Inner Approx. (Cube),307.79501791881444,364.07150160822835,56.27648368941391,0.05341643538409372,0.0,0.0,False
24,4,power_energy,Outer Approx. (Power-Energy),307.79501791881444,161.61904501303155,-146.17597290578288,-0.13874710890825567,4644.7106087153,0.7643332368466867,True
24,5,fullnet,Learned Polytope Approx. (FullNet),280.7806696769743,371.16395112911266,90.38328145213836,0.08304055851744302,0.0,0.0,False
24,5,supervised,Supervised Regression (FullNet),280.7806696769743,334.91291916630195,54.13224948932765,0.04973455443504466,210.79816231532584,0.03222945510156268,True
24,5,cube,Inner Approx. (Cube),280.7806696769743,385.0100435768802,104.22937389990591,0.09576179668974401,0.0,0.0,False
24,5,power_energy,Outer Approx. (Power-Energy),280.7806696769743,126.86040855934174,-153.92026111763255,-0.14141580439439197,4239.219085224007,0.5599029414406924,True
24,6,fullnet,Learned Polytope Approx. (FullNet),296.1059978328518,380.4147270668537,84.30872923400187,0.07669529075429249,0.0,0.0,False
24,6,supervised,Supervised Regression (FullNet),296.1059978328518,331.3669937297452,35.260995896893405,0.032076777306085685,530.8633799186155,0.08389733314377272,True
24,6,cube,Inner Approx. (Cube),296.1059978328518,394.33696725738764,98.23096942453583,0.08936029316940972,0.0,0.0,False
24,6,power_energy,Outer Approx. (Power-Energy),296.1059978328518,148.64256859555354,-147.46342923729827,-0.13414685150322944,3525.4183794956193,0.44710700160795913,True
24,7,fullnet,Learned Polytope Approx. (FullNet),285.4470051510842,379.83959320178394,94.39258805069971,0.09210460075429391,0.0,0.0,False
24,7,supervised,Supervised Regression (FullNet),285.4470051510842,337.1143419149613,51.667336763877074,0.050414969257104446,411.03503008230564,0.06488145137615196,True
24,7,cube,Inner Approx. (Cube),285.4470051510842,350.3926479596381,64.94564280855388,0.06337142168832072,0.0,0.0,False
24,7,power_energy,Outer Approx. (Power-Energy),285.4470051510842,138.76036027585266,-146.68664487523156,-0.14313109896895074,4644.7106087153,0.7643332368466867,True
24,8,fullnet,Learned Polytope Approx. (FullNet),306.2447117324567,404.41446018027585,98.16974844781913,0.09328654952111771,0.0,0.0,False
24,8,supervised,Supervised Regression (FullNet),306.2447117324567,347.7201219548797,41.475410222422965,0.0394123237636623,492.507600272206,0.07882822350624895,True
24,8,cube,Inner Approx. (Cube),306.2447117324567,362.5748773801584,56.330165647701676,0.05352816799790654,0.0,0.0,False
24,8,power_energy,Outer Approx. (Power-Energy),306.2447117324567,169.39873412847618,-136.84597760398054,-0.13003893020368737,4709.85957647551,0.7835496892355026,True
24,9,fullnet,Learned Polytope Approx. (FullNet),311.82148776987026,369.32253232507117,57.501044555200906,0.04876497990152569,86.91659126133288,0.011109698335739797,True
24,9,supervised,Supervised Regression (FullNet),311.82148776987026,322.9635309807523,11.142043210882036,0.009449245964896973,492.507600272206,0.07882822350624895,True
24,9,cube,Inner Approx. (Cube),311.82148776987026,406.1158858322899,94.29439806241965,0.07996836339079076,0.0,0.0,False
24,9,power_energy,Outer Approx. (Power-Energy),311.82148776987026,153.71176622295073,-158.10972154691953,-0.13408830140589112,2794.3023455371,0.32256055291724184,True
25,0,fullnet,Learned Polytope Approx. (FullNet),220.43505332629553,361.04161842148085,140.60656509518532,0.11147541097316474,0.0,0.0,False
25,0,supervised,Supervised Regression (FullNet),220.43505332629553,259.93467556737914,39.499622241083614,0.03131601017085319,751.466995554418,0.14050803198554204,True
25,0,cube,Inner Approx. (Cube),220.43505332629553,428.21422612345833,207.7791727971628,0.16473106119581227,0.0,0.0,False
25,0,power_energy,Outer Approx. (Power-Energy),220.43505332629553,66.59414438126957,-153.84090894502594,-0.12196783654818988,3865.676356653572,0.5261283612437438,True
25,1,fullnet,Learned Polytope Approx. (FullNet),227.10509677422,377.4949064957451,150.38980972152513,0.11923049982919154,0.0,0.0,False
25,1,supervised,Supervised Regression (FullNet),227.10509677422,263.14126650216457,36.03616972794458,0.028569824887393583,751.466995554418,0.14050803198554204,True
25,1,cube,Inner Approx. (Cube),227.10509677422,419.8643199434874,192.7592231692674,0.15282138176592777,0.0,0.0,False
25,1,power_energy,Outer Approx. (Power-Energy),227.10509677422,57.26774100220725,-169.83735577201273,-0.1346487029663884,3841.3038366547366,0.5228111994269516,True
25,2,fullnet,Learned Polytope Approx. (FullNet),271.8815812091803,414.57573193439043,142.69415072521014,0.11728820387727269,0.0,0.0,False
25,2,supervised,Supervised Regression (FullNet),271.8815812091803,270.28071747820707,-1.6008637309732308,-0.001315838320658979,753.8397300675016,0.14286389293605192,True
25,2,cube,Inner Approx. (Cube),271.8815812091803,378.4029652624495,106.52138405326923,0.08755580902673828,0.0,0.0,False
25,2,power_energy,Outer Approx. (Power-Energy),271.8815812091803,122.65067047259602,-149.2309107365843,-0.12266112797412149,3618.0527578897268,0.5411996718091319,True
25,3,fullnet,Learned Polytope Approx. (FullNet),256.67522712597554,366.3142697037414,109.63904257776585,0.09402853426542082,0.0,0.0,False
25,3,supervised,Supervised Regression (FullNet),256.67522712597554,269.8823256423831,13.207098516407541,0.011326659611387867,753.8397300675016,0.14286389293605192,True
25,3,cube,Inner Approx. (Cube),256.67522712597554,363.18971746817186,106.51449034219632,0.09134885866776173,0.0,0.0,False
25,3,power_energy,Outer Approx. (Power-Energy),256.67522712597554,130.54053456306696,-126.13469256290858,-0.10817551834509509,3619.649281864202,0.5125349299196104,True
25,4,fullnet,Learned Polytope Approx. (FullNet),258.70724004795744,368.6425936409955,109.93535359303809,0.09618477603400999,0.0,0.0,False
25,4,supervised,Supervised Regression (FullNet),258.70724004795744,286.9560221530378,28.248782105080352,0.024715459506038005,762.2670799669856,0.1448383970809228,True
25,4,cube,Inner Approx. (Cube),258.70724004795744,323.17176038783896,64.46452033988152,0.05640137815888233,0.0,0.0,False
25,4,power_energy,Outer Approx. (Power-Energy),258.70724004795744,123.60410866571593,-135.10313138224151,-0.11820459941939238,4113.84835435554,0.6839400782487397,True
25,5,fullnet,Learned Polytope Approx. (FullNet),228.98104446087112,331.5834152992533,102.6023708383822,0.08652017206370334,0.0,0.0,False
25,5,supervised,Supervised Regression (FullNet),228.98104446087112,264.87114895185323,35.89010449098211,0.030264583464989902,753.8397300675016,0.14286389293605192,True
25,5,cube,Inner Approx. (Cube),228.98104446087112,343.4384785806053,114.45743411973419,0.0965170376969969,0.0,0.0,False
25,5,power_energy,Outer Approx. (Power-Energy),228.98104446087112,90.45619597611834,-138.5248484847528,-0.11681205442004994,3855.5727678878507,0.5439600210849505,True
25,6,fullnet,Learned Polytope Approx. (FullNet),248.06597200986073,344.9976632391183,96.93169122925758,0.08075037980274427,0.0,0.0,False
25,6,supervised,Supervised Regression (FullNet),248.06597200986073,260.7699570864131,12.703985076552385,0.010583242765399726,753.8397300675016,0.14286389293605192,True
25,6,cube,Inner Approx. (Cube),248.06597200986073,356.7627168870754,108.69674487721466,0.09055143184696406,0.0,0.0,False
25,6,power_energy,Outer Approx. (Power-Energy),248.06597200986073,107.63313915506893,-140.4328328547918,-0.11698964957682392,3697.302656744875,0.46919436712961915,True
25,7,fullnet,Learned Polytope Approx. (FullNet),236.17076656240798,347.5551243550574,111.38435779264941,0.10028575683950028,0.0,0.0,False
25,7,supervised,Supervised Regression (FullNet),236.17076656240798,275.19194540964696,39.021178847238986,0.035133016260233886,762.2670799669856,0.1448383970809228,True
25,7,cube,Inner Approx. (Cube),236.17076656240798,310.0900764232871,73.91930986087911,0.06655381492841006,0.0,0.0,False
25,7,power_energy,Outer Approx. (Power-Energy),236.17076656240798,103.11734718698321,-133.05341937542477,-0.11979566185574822,4113.84835435554,0.6839400782487397,True
25,8,fullnet,Learned Polytope Approx. (FullNet),259.1200223936089,376.2852833873876,117.1652609937787,0.1026066586697791,0.0,0.0,False
25,8,supervised,Supervised Regression (FullNet),259.1200223936089,283.2778701901652,24.15784779655627,0.02115606641450952,718.0148211852509,0.13632758461942007,True
25,8,cube,Inner Approx. (Cube),259.1200223936089,319.8119798186202,60.69195742501131,0.05315055765411188,0.0,0.0,False
25,8,power_energy,Outer Approx. (Power-Energy),259.1200223936089,130.72150616316372,-128.39851623044518,-0.11244410345539987,4219.600008060381,0.7474811691934635,True
25,9,fullnet,Learned Polytope Approx. (FullNet),261.95453059037794,331.7508336781141,69.79630308773613,0.05391645743231286,171.51844854594927,0.019260581639851518,True
25,9,supervised,Supervised Regression (FullNet),261.95453059037794,260.67341482728364,-1.2811157630943057,-0.0009896401449789101,762.2670799669856,0.1448383970809228,True
25,9,cube,Inner Approx. (Cube),261.95453059037794,371.71711125238807,109.76258066201012,0.08478972733677531,0.0,0.0,False
25,9,power_energy,Outer Approx. (Power-Energy),261.95453059037794,104.08580965174299,-157.86872093863497,-0.12195090278180047,2961.7173947902975,0.3339503396220567,True
26,0,fullnet,Learned Polytope Approx. (FullNet),246.35074251472332,376.9067930896422,130.55605057491886,0.11083501091811353,0.0,0.0,False
26,0,supervised,Supervised Regression (FullNet),246.35074251472332,296.48983515476147,50.13909264003814,0.04256537215786858,444.2993690508025,0.07193602806688446,True
26,0,cube,Inner Approx. (Cube),246.35074251472332,443.05598866163774,196.70524614691442,0.1669920927320991,0.0,0.0,False
26,0,power_energy,Outer Approx. (Power-Energy),246.35074251472332,80.57156558870982,-165.77917692601352,-0.1407375361285664,3832.41076377419,0.5175334934907333,True
26,1,fullnet,Learned Polytope Approx. (FullNet),255.12931528960294,392.8781681699876,137.74885288038465,0.1171290509505513,0.0,0.0,False
26,1,supervised,Supervised Regression (FullNet),255.12931528960294,298.89909922133955,43.76978393173661,0.037217829005711016,444.2993690508025,0.07193602806688446,True
26,1,cube,Inner Approx. (Cube),255.12931528960294,435.79735655821935,180.6680412686164,0.15362361114733797,0.0,0.0,False
26,1,power_energy,Outer Approx. (Power-Energy),255.12931528960294,72.66921275612313,-182.4601025334798,-0.15514741646991997,3832.41076377419,0.5175334934907333,True
26,2,fullnet,Learned Polytope Approx. (FullNet),296.85406550591586,417.13866871571304,120.28460320979718,0.10521308644701179,0.0,0.0,False
26,2,supervised,Supervised Regression (FullNet),296.85406550591586,328.9688238417317,32.11475833581585,0.028090817568044938,534.7710377600921,0.0890948409618112,True
26,2,cube,Inner Approx. (Cube),296.85406550591586,395.4449127496163,98.59084724370047,0.08623753212905562,0.0,0.0,False
26,2,power_energy,Outer Approx. (Power-Energy),296.85406550591586,138.29573365041182,-158.55833185550404,-0.13869116271938906,3573.7818931009087,0.5252691979573268,True
26,3,fullnet,Learned Polytope Approx. (FullNet),278.53586460339227,373.1877145100563,94.65184990666404,0.08600013770505247,0.0,0.0,False
26,3,supervised,Supervised Regression (FullNet),278.53586460339227,323.5971754878838,45.06131088449155,0.04094245326486334,367.0555307802076,0.05929974748013425,True
26,3,cube,Inner Approx. (Cube),278.53586460339227,382.69297068376227,104.15710608037,0.09463655992676923,0.0,0.0,False
26,3,power_energy,Outer Approx. (Power-Energy),278.53586460339227,144.28096605484205,-134.25489854855022,-0.12198324463957746,4124.703728624916,0.5748519328755639,True
26,4,fullnet,Learned Polytope Approx. (FullNet),284.18214210229934,375.4879301434462,91.30578804114685,0.08440654028137841,0.0,0.0,False
26,4,supervised,Supervised Regression (FullNet),284.18214210229934,341.7137153457138,57.53157324341447,0.053184372629618684,118.33456400148732,0.018734105025444068,True
26,4,cube,Inner Approx. (Cube),284.18214210229934,344.05994458221585,59.87780247991651,0.055353316097593704,0.0,0.0,False
26,4,power_energy,Outer Approx. (Power-Energy),284.18214210229934,138.02213662685855,-146.16000547544078,-0.13511586345577226,4419.481159499558,0.7168201373267895,True
26,5,fullnet,Learned Polytope Approx. (FullNet),256.3489989741147,343.67565845744065,87.32665948332595,0.07794999556217687,0.0,0.0,False
26,5,supervised,Supervised Regression (FullNet),256.3489989741147,317.8510309840997,61.50203200998499,0.054898276776046445,98.45398765936048,0.015532156497963901,True
26,5,cube,Inner Approx. (Cube),256.3489989741147,366.1918989019782,109.84289992786353,0.09804856400751784,0.0,0.0,False
26,5,power_energy,Outer Approx. (Power-Energy),256.3489989741147,104.46375399288405,-151.88524498123064,-0.13557662966035802,4260.964633455674,0.5907207777061586,True
26,6,fullnet,Learned Polytope Approx. (FullNet),272.39429489312107,353.4590872522523,81.06479235913122,0.07160145190346244,0.0,0.0,False
26,6,supervised,Supervised Regression (FullNet),272.39429489312107,317.05701158220114,44.66271668908007,0.03944888117055566,427.0842018553179,0.0697861358784975,True
26,6,cube,Inner Approx. (Cube),272.39429489312107,374.79151031377864,102.39721542065757,0.0904435708970867,0.0,0.0,False
26,6,power_energy,Outer Approx. (Power-Energy),272.39429489312107,123.24938653644287,-149.1449083566782,-0.131734032390254,3691.151033986317,0.46435079104240573,True
26,7,fullnet,Learned Polytope Approx. (FullNet),262.51254843400056,356.770170675085,94.25762224108445,0.08970682224094742,0.0,0.0,False
26,7,supervised,Supervised Regression (FullNet),262.51254843400056,323.5790010519897,61.066452617989114,0.05811813707623357,202.80526523348232,0.032633588957056925,True
26,7,cube,Inner Approx. (Cube),262.51254843400056,329.44214459447085,66.92959616047028,0.06369820543604482,0.0,0.0,False
26,7,power_energy,Outer Approx. (Power-Energy),262.51254843400056,116.59702785098305,-145.9155205830175,-0.13887065423373932,4419.481159499558,0.7168201373267895,True
26,8,fullnet,Learned Polytope Approx. (FullNet),283.3820411641898,384.4499703857384,101.06792922154864,0.09373333262005826,0.0,0.0,False
26,8,supervised,Supervised Regression (FullNet),283.3820411641898,336.8969603534488,53.51491918925899,0.04963129015443273,404.2454554196787,0.0670832384164729,True
26,8,cube,Inner Approx. (Cube),283.3820411641898,340.60818291481894,57.226141750629154,0.05307318573348855,0.0,0.0,False
26,8,power_energy,Outer Approx. (Power-Energy),283.3820411641898,145.90026450730392,-137.48177665688587,-0.1275045922067719,4477.87943354959,0.7667863082108746,True
26,9,fullnet,Learned Polytope Approx. (FullNet),286.9435185279127,342.4455900409423,55.50207151302959,0.045746919623070516,242.85831227245967,0.029583885312798004,True
26,9,supervised,Supervised Regression (FullNet),286.9435185279127,304.4645903428713,17.52107181495859,0.014441534201850277,404.2454554196787,0.0670832384164729,True
26,9,cube,Inner Approx. (Cube),286.9435185279127,385.2806890519646,98.33717052405188,0.0810532384339545,0.0,0.0,False
26,9,power_energy,Outer Approx. (Power-Energy),286.9435185279127,124.53438706780582,-162.4091314601069,-0.13386378706989366,2872.1708041263933,0.3441592923494157,True
27,0,fullnet,Learned Polytope Approx. (FullNet),210.09188586016865,327.3775901135414,117.28570425337273,0.0987279034448424,0.0,0.0,False
27,0,supervised,Supervised Regression (FullNet),210.09188586016865,245.19986976666348,35.10798390649484,0.02955294225607917,563.3554419804364,0.10560629706705313,True
27,0,cube,Inner Approx. (Cube),210.09188586016865,419.428963885123,209.33707802495434,0.17621423649403384,0.0,0.0,False
27,0,power_energy,Outer Approx. (Power-Energy),210.09188586016865,61.9474145919677,-148.14447126820096,-0.12470397094310479,3815.233799143904,0.5401765365813398,True
27,1,fullnet,Learned Polytope Approx. (FullNet),216.7465932903915,343.6832437841908,126.93665049379928,0.10693446591234886,0.0,0.0,False
27,1,supervised,Supervised Regression (FullNet),216.7465932903915,245.64982795902313,28.903234668631626,0.024348775159940023,563.3554419804364,0.10560629706705313,True
27,1,cube,Inner Approx. (Cube),216.7465932903915,409.1787135606894,192.4321202702979,0.16210941383308664,0.0,0.0,False
27,1,power_energy,Outer Approx. (Power-Energy),216.7465932903915,53.02463688440743,-163.7219564059841,-0.13792328612967455,3815.2337991439044,0.54017653658134,True
27,2,fullnet,Learned Polytope Approx. (FullNet),257.76956284998556,379.08789625563867,121.3183334056531,0.10565014406234646,0.0,0.0,False
27,2,supervised,Supervised Regression (FullNet),257.76956284998556,259.8925764012634,2.123013551277836,0.001848827635876224,741.1474612350801,0.1450283262617257,True
27,2,cube,Inner Approx. (Cube),257.76956284998556,364.0477644078294,106.27820155784383,0.09255243614111572,0.0,0.0,False
27,2,power_energy,Outer Approx. (Power-Energy),257.76956284998556,115.35113462795513,-142.41842822203043,-0.12402517440195347,3507.501602122643,0.5468004880685813,True
27,3,fullnet,Learned Polytope Approx. (FullNet),242.9436456730039,334.0805613337967,91.1369156607928,0.0826329998546472,0.0,0.0,False
27,3,supervised,Supervised Regression (FullNet),242.9436456730039,260.93367510895723,17.990029435953318,0.01631139356634771,741.1474612350801,0.1450283262617257,True
27,3,cube,Inner Approx. (Cube),242.9436456730039,349.2305035179912,106.28685784498731,0.09636931253571175,0.0,0.0,False
27,3,power_energy,Outer Approx. (Power-Energy),242.9436456730039,122.82086870135605,-120.12277697164787,-0.10891421264444018,3509.573133998406,0.5156180397406032,True
27,4,fullnet,Learned Polytope Approx. (FullNet),245.65607164960497,338.5578376808789,92.90176603127392,0.08580515272612783,0.0,0.0,False
27,4,supervised,Supervised Regression (FullNet),245.65607164960497,278.4107678298153,32.754696180210345,0.030252618742411707,741.1474612350801,0.1450283262617257,True
27,4,cube,Inner Approx. (Cube),245.65607164960497,307.3945113870645,61.738439737459515,0.05702234173850087,0.0,0.0,False
27,4,power_energy,Outer Approx. (Power-Energy),245.65607164960497,117.34098566273698,-128.31508598686798,-0.11851330734082124,3774.00760766675,0.6529141951826875,True
27,5,fullnet,Learned Polytope Approx. (FullNet),215.79934491413871,300.9962279353357,85.19688302119698,0.07601830231095724,0.0,0.0,False
27,5,supervised,Supervised Regression (FullNet),215.79934491413871,254.85801393483726,39.058669020698545,0.03485073167219453,741.1474612350801,0.1450283262617257,True
27,5,cube,Inner Approx. (Cube),215.79934491413871,328.11353542019367,112.31419050605496,0.10021416024780498,0.0,0.0,False
27,5,power_energy,Outer Approx. (Power-Energy),215.79934491413871,84.320735939082,-131.47860897505672,-0.11731392382046767,3664.9123359629334,0.5337239115389129,True
27,6,fullnet,Learned Polytope Approx. (FullNet),234.01670435474898,312.55656869260906,78.53986433786008,0.06929408071493758,0.0,0.0,False
27,6,supervised,Supervised Regression (FullNet),234.01670435474898,250.08702804369545,16.070323688946473,0.014178510699059494,741.1474612350801,0.1450283262617257,True
27,6,cube,Inner Approx. (Cube),234.01670435474898,339.72439595881974,105.70769160407076,0.09326368686724658,0.0,0.0,False
27,6,power_energy,Outer Approx. (Power-Energy),234.01670435474898,100.41544153148664,-133.60126282326235,-0.11787360174023151,3553.083682890888,0.46492821473822876,True
27,7,fullnet,Learned Polytope Approx. (FullNet),224.3609276418632,318.87244124522067,94.51151360335746,0.0896489808448949,0.0,0.0,False
27,7,supervised,Supervised Regression (FullNet),224.3609276418632,267.6472573276105,43.28632968574726,0.04105928677779113,738.4300708066019,0.14450578365744948,True
27,7,cube,Inner Approx. (Cube),224.3609276418632,299.64251526889234,75.28158762702913,0.07140841734344057,0.0,0.0,False
27,7,power_energy,Outer Approx. (Power-Energy),224.3609276418632,98.02498998471553,-126.33593765714768,-0.11983606677361607,3774.00760766675,0.6529141951826875,True
27,8,fullnet,Learned Polytope Approx. (FullNet),246.3682915624584,344.8586958552941,98.4904042928357,0.09092965217738858,0.0,0.0,False
27,8,supervised,Supervised Regression (FullNet),246.3682915624584,278.23845712281025,31.870165560351836,0.029423608218951947,629.0136575535228,0.12180200376368085,True
27,8,cube,Inner Approx. (Cube),246.3682915624584,309.3688324103166,63.00054084785819,0.058164217188616134,0.0,0.0,False
27,8,power_energy,Outer Approx. (Power-Energy),246.3682915624584,124.31480305838909,-122.05348850406932,-0.11268388363717195,3926.2258648133607,0.7226088659136237,True
27,9,fullnet,Learned Polytope Approx. (FullNet),245.12919923706494,296.4670250854209,51.337825848355976,0.04212730436284501,405.1160771606948,0.04609502783893722,True
27,9,supervised,Supervised Regression (FullNet),245.12919923706494,247.23546602628713,2.1062667892221896,0.0017283813763561823,741.1474612350801,0.1450283262617257,True
27,9,cube,Inner Approx. (Cube),245.12919923706494,351.68053182484516,106.55133258778022,0.087434953545776,0.0,0.0,False
27,9,power_energy,Outer Approx. (Power-Energy),245.12919923706494,95.94645989200409,-149.18273934506084,-0.12241785783130528,2774.649274451273,0.3209414553770094,True
28,0,fullnet,Learned Polytope Approx. (FullNet),270.8079031981147,413.422116374582,142.61421317646733,0.11652223802113995,0.0,0.0,False
28,0,supervised,Supervised Regression (FullNet),270.8079031981147,328.0309216486995,57.223018450584846,0.046753784406724,296.103246906294,0.04439737486077061,True
28,0,cube,Inner Approx. (Cube),270.8079031981147,473.6542212584998,202.8463180603851,0.1657345816261477,0.0,0.0,False
28,0,power_energy,Outer Approx. (Power-Energy),270.8079031981147,105.37954618979491,-165.42835700831978,-0.1351624214826176,3618.513254263786,0.5106360571082844,True
28,1,fullnet,Learned Polytope Approx. (FullNet),281.35554696416193,427.79404310395745,146.43849613979552,0.12008337287230106,0.0,0.0,False
28,1,supervised,Supervised Regression (FullNet),281.35554696416193,330.3300758407523,48.97452887659034,0.0401603865606393,296.103246906294,0.04439737486077061,True
28,1,cube,Inner Approx. (Cube),281.35554696416193,465.5223812018543,184.16683423769234,0.1510215906981449,0.0,0.0,False
28,1,power_energy,Outer Approx. (Power-Energy),281.35554696416193,100.4809154250957,-180.87463153906623,-0.14832189891864922,3618.5132542637857,0.5106360571082843,True
28,2,fullnet,Learned Polytope Approx. (FullNet),319.8897756647147,454.8981620749621,135.0083864102474,0.11477344846767784,0.0,0.0,False
28,2,supervised,Supervised Regression (FullNet),319.8897756647147,360.7608776875759,40.87110202286118,0.034745377280370277,330.65861684111763,0.049933475635585714,True
28,2,cube,Inner Approx. (Cube),319.8897756647147,421.4103198679744,101.5205442032597,0.08630473453046943,0.0,0.0,False
28,2,power_energy,Outer Approx. (Power-Energy),319.8897756647147,165.89334711311903,-153.99642855159567,-0.13091557959122052,3800.323222284528,0.5214686776499807,True
28,3,fullnet,Learned Polytope Approx. (FullNet),300.07027276273203,411.67730845856266,111.60703569583063,0.0984325942588515,0.0,0.0,False
28,3,supervised,Supervised Regression (FullNet),300.07027276273203,352.07898579072264,52.00871302799061,0.04586944286703683,217.96065694590928,0.03262919017180349,True
28,3,cube,Inner Approx. (Cube),300.07027276273203,406.36514172913996,106.29486896640793,0.09374749220365759,0.0,0.0,False
28,3,power_energy,Outer Approx. (Power-Energy),300.07027276273203,170.32597464216735,-129.74429812056468,-0.11442887784518146,4013.0129271666424,0.5344368138644786,True
28,4,fullnet,Learned Polytope Approx. (FullNet),305.1673036266675,409.87900446035144,104.71170083368395,0.09507724405287353,0.0,0.0,False
28,4,supervised,Supervised Regression (FullNet),305.1673036266675,367.84108396458873,62.673780337921244,0.056907205798989995,217.96065694590928,0.03262919017180349,True
28,4,cube,Inner Approx. (Cube),305.1673036266675,365.5119948030984,60.3446911764309,0.05479241464513754,0.0,0.0,False
28,4,power_energy,Outer Approx. (Power-Energy),305.1673036266675,164.39382289752052,-140.77348072914697,-0.12782100258992335,4153.143895488603,0.6843553667779649,True
28,5,fullnet,Learned Polytope Approx. (FullNet),276.6141593879215,380.17516971693317,103.56101032901165,0.09061842492313793,0.0,0.0,False
28,5,supervised,Supervised Regression (FullNet),276.6141593879215,347.82200629702174,71.20784690910023,0.06230861314089481,0.0,0.0,False
28,5,cube,Inner Approx. (Cube),276.6141593879215,386.40507700119326,109.79091761327174,0.09606974664859508,0.0,0.0,False
28,5,power_energy,Outer Approx. (Power-Energy),276.6141593879215,128.28752959364869,-148.32662979427283,-0.1297894402865726,4398.2696862286575,0.5729191894111767,True
28,6,fullnet,Learned Polytope Approx. (FullNet),293.33110697810446,392.0742088041779,98.74310182607343,0.08542190920788409,0.0,0.0,False
28,6,supervised,Supervised Regression (FullNet),293.33110697810446,345.2747779294282,51.943670951323725,0.044936076159970736,217.96065694590928,0.03262919017180349,True
28,6,cube,Inner Approx. (Cube),293.33110697810446,396.6383965690735,103.30728959096905,0.08937035346019641,0.0,0.0,False
28,6,power_energy,Outer Approx. (Power-Energy),293.33110697810446,150.43841339486713,-142.89269358323733,-0.12361538651314906,3582.091662956618,0.43047896004657427,True
28,7,fullnet,Learned Polytope Approx. (FullNet),282.1494920100087,392.3676392196956,110.21814720968689,0.10287100705404978,0.0,0.0,False
28,7,supervised,Supervised Regression (FullNet),282.1494920100087,352.5736002734307,70.424108263422,0.06572963818888197,36.17671086418122,0.005378210271742968,True
28,7,cube,Inner Approx. (Cube),282.1494920100087,359.470501754835,77.32100974482631,0.07216679231373622,0.0,0.0,False
28,7,power_energy,Outer Approx. (Power-Energy),282.1494920100087,141.05724639139777,-141.09224561861095,-0.1316870384936775,4156.852099938342,0.6712233679568906,True
28,8,fullnet,Learned Polytope Approx. (FullNet),303.8918729413844,421.7150253241027,117.82315238271832,0.10709519149588176,0.0,0.0,False
28,8,supervised,Supervised Regression (FullNet),303.8918729413844,368.8656624262733,64.97378948488887,0.05905783614153156,69.97649432413897,0.010444758723055515,True
28,8,cube,Inner Approx. (Cube),303.8918729413844,369.50034916894015,65.60847622755574,0.05963473377897566,0.0,0.0,False
28,8,power_energy,Outer Approx. (Power-Energy),303.8918729413844,171.12411709958315,-132.76775584180126,-0.12067906815266741,4808.892896544033,0.7584803030106723,True
28,9,fullnet,Learned Polytope Approx. (FullNet),309.75021406402675,389.6709736858596,79.92075962183287,0.06458775082188431,0.0,0.0,False
28,9,supervised,Supervised Regression (FullNet),309.75021406402675,340.0320070318846,30.281792967857825,0.024472151014360382,296.9435034516613,0.045750730205469076,True
28,9,cube,Inner Approx. (Cube),309.75021406402675,410.18653774123163,100.43632367720488,0.08116734973271339,0.0,0.0,False
28,9,power_energy,Outer Approx. (Power-Energy),309.75021406402675,156.7090127251555,-153.04120133887125,-0.12367984268828892,2755.0249739365768,0.3137143385739785,True
29,0,fullnet,Learned Polytope Approx. (FullNet),254.0977064336579,390.66474814665526,136.56704171299737,0.1219598936213731,0.0,0.0,False
29,0,supervised,Supervised Regression (FullNet),254.0977064336579,293.0422996650433,38.9445932313854,0.03477909741655752,508.44582928620423,0.08402528959575913,True
29,0,cube,Inner Approx. (Cube),254.0977064336579,443.17775110945894,189.08004467580105,0.16885612989294535,0.0,0.0,False
29,0,power_energy,Outer Approx. (Power-Energy),254.0977064336579,89.64075668315967,-164.4569497504982,-0.14686670989781997,3642.3663011115086,0.5217519642768493,True
29,1,fullnet,Learned Polytope Approx. (FullNet),263.6658402207961,404.9554288096766,141.28958858888052,0.12625865682335793,0.0,0.0,False
29,1,supervised,Supervised Regression (FullNet),263.6658402207961,296.09288890452314,32.42704868372704,0.02897733408698754,366.388617737763,0.05939835462736025,True
29,1,cube,Inner Approx. (Cube),263.6658402207961,435.91848016379015,172.25263994299405,0.15392773926720543,0.0,0.0,False
29,1,power_energy,Outer Approx. (Power-Energy),263.6658402207961,83.39247887039252,-180.27336135040358,-0.16109518537394268,3642.3663011115086,0.5217519642768494,True
29,2,fullnet,Learned Polytope Approx. (FullNet),302.68351631745884,424.66183562077646,121.97831930331762,0.11214595813107371,0.0,0.0,False
29,2,supervised,Supervised Regression (FullNet),302.68351631745884,318.71443499010445,16.030918672645612,0.014738707210702362,557.3491829256153,0.09318014899627164,True
29,2,cube,Inner Approx. (Cube),302.68351631745884,398.17064668217876,95.48713036471992,0.0877901563581144,0.0,0.0,False
29,2,power_energy,Outer Approx. (Power-Energy),302.68351631745884,146.95021614527923,-155.7333001721796,-0.1431800360955471,3605.5076692782636,0.5291940536320491,True
29,3,fullnet,Learned Polytope Approx. (FullNet),284.169878130928,383.2965336828157,99.12665555188772,0.09476663391959893,0.0,0.0,False
29,3,supervised,Supervised Regression (FullNet),284.169878130928,317.3604309286486,33.19055279772061,0.031730687866537335,506.35842693212294,0.0839136686074412,True
29,3,cube,Inner Approx. (Cube),284.169878130928,386.2176701243009,102.04779199337293,0.09755928606990298,0.0,0.0,False
29,3,power_energy,Outer Approx. (Power-Energy),284.169878130928,152.16330264283778,-132.00657548809022,-0.12620035190949722,4062.6270367483135,0.5744327304115435,True
29,4,fullnet,Learned Polytope Approx. (FullNet),291.30376052846054,385.8603036931633,94.55654316470276,0.09166404979504994,0.0,0.0,False
29,4,supervised,Supervised Regression (FullNet),291.30376052846054,336.65590202692005,45.3521414984595,0.04396481531040974,257.47872521046077,0.04172006532917038,True
29,4,cube,Inner Approx. (Cube),291.30376052846054,348.6271389086519,57.32337838019134,0.055569850952671154,0.0,0.0,False
29,4,power_energy,Outer Approx. (Power-Energy),291.30376052846054,148.29095432676004,-143.0128062017005,-0.13863803128006102,4216.901205789227,0.7515480078802685,True
29,5,fullnet,Learned Polytope Approx. (FullNet),263.85277999339723,356.2432455966985,92.39046560330127,0.08672704789660124,0.0,0.0,False
29,5,supervised,Supervised Regression (FullNet),263.85277999339723,314.5101274746687,50.65734748127147,0.04755211668904092,257.47872521046077,0.04172006532917038,True
29,5,cube,Inner Approx. (Cube),263.85277999339723,369.0116304473687,105.15885045397147,0.09871274704072099,0.0,0.0,False
29,5,power_energy,Outer Approx. (Power-Energy),263.85277999339723,112.91577702429618,-150.93700296910106,-0.14168475719212018,4393.5179706398,0.6041326627307174,True
29,6,fullnet,Learned Polytope Approx. (FullNet),278.12456239456276,365.7253996314532,87.60083723689041,0.08142528869591172,0.0,0.0,False
29,6,supervised,Supervised Regression (FullNet),278.12456239456276,312.3440031460128,34.219440751450065,0.03180709146266117,316.8292276842162,0.05177139161131009,True
29,6,cube,Inner Approx. (Cube),278.12456239456276,377.656041609728,99.53147921516523,0.09251486270057079,0.0,0.0,False
29,6,power_energy,Outer Approx. (Power-Energy),278.12456239456276,132.23534690541544,-145.88921548914732,-0.13560454287326593,3624.384751362181,0.4542552446457296,True
29,7,fullnet,Learned Polytope Approx. (FullNet),270.2006295979061,366.2795775427836,96.07894794487754,0.09562941021897588,0.0,0.0,False
29,7,supervised,Supervised Regression (FullNet),270.2006295979061,319.31799906846095,49.11736947055488,0.04888755731038496,453.73131717741455,0.07582268595804904,True
29,7,cube,Inner Approx. (Cube),270.2006295979061,339.1202428527472,68.91961325484112,0.06859714962596813,0.0,0.0,False
29,7,power_energy,Outer Approx. (Power-Energy),270.2006295979061,127.26611894515932,-142.93451065274675,-0.14226574339159223,4222.161840022435,0.7311065133000741,True
29,8,fullnet,Learned Polytope Approx. (FullNet),289.87198242318584,390.74449833315816,100.87251590997232,0.09782285078040383,0.0,0.0,False
29,8,supervised,Supervised Regression (FullNet),289.87198242318584,329.5805502995974,39.708567876411564,0.03850806411475388,484.70223148918217,0.08143763673346029,True
29,8,cube,Inner Approx. (Cube),289.87198242318584,349.3679442796113,59.49596185642548,0.05769722848899749,0.0,0.0,False
29,8,power_energy,Outer Approx. (Power-Energy),289.87198242318584,154.76274217408667,-135.10924024909917,-0.13102450086341844,4859.353507794841,0.8196046671047951,True
29,9,fullnet,Learned Polytope Approx. (FullNet),292.0095158988943,353.5497620336712,61.54024613477691,0.05328077059952428,141.5068740418156,0.018098467643832775,True
29,9,supervised,Supervised Regression (FullNet),292.0095158988943,303.0611139481997,11.051598049305426,0.009568334503141276,484.70223148918217,0.08143763673346029,True
29,9,cube,Inner Approx. (Cube),292.0095158988943,387.34000038030416,95.33048448140988,0.0825359336989256,0.0,0.0,False
29,9,power_energy,Outer Approx. (Power-Energy),292.0095158988943,134.49203645964624,-157.51747943924804,-0.13637665128991253,2759.719749036684,0.33066595194757403,True
30,0,fullnet,Learned Polytope Approx. (FullNet),257.462943402567,396.25594136227636,138.79299795970934,0.12225719478720425,0.0,0.0,False
30,0,supervised,Supervised Regression (FullNet),257.462943402567,322.5256263982799,65.06268299571286,0.0573111124142883,0.0,0.0,False
30,0,cube,Inner Approx. (Cube),257.462943402567,443.64047747612483,186.1775340735578,0.1639963354263724,0.0,0.0,False
30,0,power_energy,Outer Approx. (Power-Energy),257.462943402567,82.68130109303712,-174.7816423095299,-0.1539581506501267,3827.49149857676,0.5344120350285092,True
30,1,fullnet,Learned Polytope Approx. (FullNet),267.06638271909037,411.33915134901025,144.27276862991988,0.1271912351621525,0.0,0.0,False
30,1,supervised,Supervised Regression (FullNet),267.06638271909037,324.82369859156523,57.75731587247486,0.050918994729454325,49.93673657285038,0.0074517544451129574,True
30,1,cube,Inner Approx. (Cube),267.06638271909037,436.57927480112664,169.51289208203627,0.14944299138757597,0.0,0.0,False
30,1,power_energy,Outer Approx. (Power-Energy),267.06638271909037,75.89273118805993,-191.17365153103043,-0.16853917131834967,3827.49149857676,0.5344120350285092,True
30,2,fullnet,Learned Polytope Approx. (FullNet),305.55725050376066,427.4743459807927,121.91709547703203,0.11051627150695731,0.0,0.0,False
30,2,supervised,Supervised Regression (FullNet),305.55725050376066,353.72424930240345,48.166998798642794,0.04366276194554634,308.458455250372,0.04886510714377866,True
30,2,cube,Inner Approx. (Cube),305.55725050376066,399.7949654264823,94.23771492272164,0.08542527073700498,0.0,0.0,False
30,2,power_energy,Outer Approx. (Power-Energy),305.55725050376066,140.22610949719362,-165.33114100656704,-0.14987054273679795,3754.3964774563765,0.5389381065414637,True
30,3,fullnet,Learned Polytope Approx. (FullNet),287.53992300853247,387.1073929050191,99.56746989648661,0.09380180559305355,0.0,0.0,False
30,3,supervised,Supervised Regression (FullNet),287.53992300853247,343.7203069767379,56.18038396820543,0.05292714036630012,95.62656296966857,0.014652948431356373,True
30,3,cube,Inner Approx. (Cube),287.53992300853247,387.19715758247565,99.65723457394319,0.0938863722575742,0.0,0.0,False
30,3,power_energy,Outer Approx. (Power-Energy),287.53992300853247,146.52833040395143,-141.01159260458104,-0.1328460189820342,4190.446341818929,0.5802746443691665,True
30,4,fullnet,Learned Polytope Approx. (FullNet),294.1754037921453,387.071733610657,92.89632981851173,0.08887310078287672,0.0,0.0,False
30,4,supervised,Supervised Regression (FullNet),294.1754037921453,359.42838336269426,65.25297957054897,0.062426951001036894,0.0,0.0,False
30,4,cube,Inner Approx. (Cube),294.1754037921453,350.9700646145948,56.79466082244949,0.05433495193043697,0.0,0.0,False
30,4,power_energy,Outer Approx. (Power-Energy),294.1754037921453,141.31013593780145,-152.86526785434384,-0.14624485577376706,4452.947193260903,0.7696549108642206,True
30,5,fullnet,Learned Polytope Approx. (FullNet),267.01339124070216,358.43110270521777,91.4177114645156,0.08458398365214109,0.0,0.0,False
30,5,supervised,Supervised Regression (FullNet),267.01339124070216,336.35795847486287,69.3445672341607,0.0641608682533664,0.0,0.0,False
30,5,cube,Inner Approx. (Cube),267.01339124070216,369.9896601793355,102.97626893863332,0.09527850685525799,0.0,0.0,False
30,5,power_energy,Outer Approx. (Power-Energy),267.01339124070216,105.09980129496897,-161.91358994573318,-0.14981009943948656,4502.830365461039,0.6067228060401433,True
30,6,fullnet,Learned Polytope Approx. (FullNet),280.6575459927752,366.6313561729929,85.9738101802177,0.07876840963090344,0.0,0.0,False
30,6,supervised,Supervised Regression (FullNet),280.6575459927752,334.84112738316344,54.18358139038821,0.049642496072711435,95.62656296966857,0.014652948431356373,True
30,6,cube,Inner Approx. (Cube),280.6575459927752,379.0375908998524,98.38004490707715,0.09013488713020194,0.0,0.0,False
30,6,power_energy,Outer Approx. (Power-Energy),280.6575459927752,124.69201294980765,-155.9655330429676,-0.14289417869556575,3754.964649486026,0.4579769607513872,True
30,7,fullnet,Learned Polytope Approx. (FullNet),273.58606133127125,370.1902542984892,96.60419296721795,0.09501233228840597,0.0,0.0,False
30,7,supervised,Supervised Regression (FullNet),273.58606133127125,341.39692427774787,67.81086294647662,0.06669346376321927,0.0,0.0,False
30,7,cube,Inner Approx. (Cube),273.58606133127125,339.8914683993215,66.30540706805027,0.06521281504836363,0.0,0.0,False
30,7,power_energy,Outer Approx. (Power-Energy),273.58606133127125,120.65597448134355,-152.9300868499277,-0.1504100783038565,4454.844672564738,0.7598676987080867,True
30,8,fullnet,Learned Polytope Approx. (FullNet),292.921208308153,395.0272467490032,102.10603844085023,0.0978555802431776,0.0,0.0,False
30,8,supervised,Supervised Regression (FullNet),292.921208308153,354.61113626053486,61.68992795238188,0.059121906863884424,217.491586851218,0.03441671334813479,True
30,8,cube,Inner Approx. (Cube),292.921208308153,350.2574071328552,57.336198824702194,0.05494941426191632,0.0,0.0,False
30,8,power_energy,Outer Approx. (Power-Energy),292.921208308153,148.60663432020147,-144.31457398795152,-0.13830706382090038,5016.860792172375,0.8403272526784883,True
30,9,fullnet,Learned Polytope Approx. (FullNet),294.5496342083357,352.1517708475789,57.60213663924321,0.04913388808105813,214.44950171631996,0.02702219731194109,True
30,9,supervised,Supervised Regression (FullNet),294.5496342083357,319.9491062678534,25.399472059517677,0.021665425803668606,276.22448294949527,0.04406187498380781,True
30,9,cube,Inner Approx. (Cube),294.5496342083357,387.7912341585891,93.24159995025337,0.07953389585436627,0.0,0.0,False
30,9,power_energy,Outer Approx. (Power-Energy),294.5496342083357,125.73314025913156,-168.81649394920413,-0.14399831679656597,2826.6232291948913,0.3284659586971519,True
31,0,fullnet,Learned Polytope Approx. (FullNet),267.21259412644054,390.03223667194857,122.81964254550803,0.11074632243187064,0.0,0.0,False
31,0,supervised,Supervised Regression (FullNet),267.21259412644054,291.07223155411464,23.8596374276741,0.021514206074111114,657.5031549572329,0.1072861812524626,True
31,0,cube,Inner Approx. (Cube),267.21259412644054,466.3605033685338,199.14790924209325,0.17957142775746013,0.0,0.0,False
31,0,power_energy,Outer Approx. (Power-Energy),267.21259412644054,92.68958126195695,-174.52301286448358,-0.15736718861814092,3706.834180576335,0.548942522708723,True
31,1,fullnet,Learned Polytope Approx. (FullNet),277.9709367956351,405.0293742002476,127.0584374046125,0.11482496813175802,0.0,0.0,False
31,1,supervised,Supervised Regression (FullNet),277.9709367956351,294.0979633653659,16.127026569730788,0.014574280541735426,657.5031549572329,0.1072861812524626,True
31,1,cube,Inner Approx. (Cube),277.9709367956351,457.3785199800599,179.40758318442477,0.16213382159065856,0.0,0.0,False
31,1,power_energy,Outer Approx. (Power-Energy),277.9709367956351,87.10865654725671,-190.8622802483784,-0.17248563491525457,3706.8341805763357,0.5489425227087232,True
31,2,fullnet,Learned Polytope Approx. (FullNet),315.8291626665254,424.28668961985056,108.45752695332516,0.10095735565858029,0.0,0.0,False
31,2,supervised,Supervised Regression (FullNet),315.8291626665254,320.4836815559461,4.654518889420672,0.00433264460419652,765.1886484111349,0.12633473918045016,True
31,2,cube,Inner Approx. (Cube),315.8291626665254,415.1334686217834,99.30430595525797,0.092437108021723,0.0,0.0,False
31,2,power_energy,Outer Approx. (Power-Energy),315.8291626665254,150.08985713082498,-165.73930553570042,-0.15427792321665892,3718.7711800366123,0.5406690428740728,True
31,3,fullnet,Learned Polytope Approx. (FullNet),296.2679976962467,384.56975484647194,88.30175715022523,0.08531273904772092,0.0,0.0,False
31,3,supervised,Supervised Regression (FullNet),296.2679976962467,318.06680713894957,21.79880944270286,0.021060918848675034,705.8002209537543,0.11578147617265147,True
31,3,cube,Inner Approx. (Cube),296.2679976962467,403.11062050495786,106.84262280871116,0.10322599564294628,0.0,0.0,False
31,3,power_energy,Outer Approx. (Power-Energy),296.2679976962467,155.27796811637577,-140.99002957987094,-0.1362175112938543,3945.9667613249026,0.5561475733381427,True
31,4,fullnet,Learned Polytope Approx. (FullNet),303.69943824199186,387.55070082077066,83.8512625787788,0.08246040121323633,0.0,0.0,False
31,4,supervised,Supervised Regression (FullNet),303.69943824199186,338.8709081167789,35.17146987478702,0.03458807211649778,415.9394978667375,0.06628154395875606,True
31,4,cube,Inner Approx. (Cube),303.69943824199186,359.2383511950544,55.53891295306255,0.05461767544351322,0.0,0.0,False
31,4,power_energy,Outer Approx. (Power-Energy),303.69943824199186,150.7747745780702,-152.92466366392165,-0.15038806492959853,4554.199574287372,0.7754280895708232,True
31,5,fullnet,Learned Polytope Approx. (FullNet),277.6487940665679,358.10976370838523,80.46096964181731,0.07663104170339131,0.0,0.0,False
31,5,supervised,Supervised Regression (FullNet),277.6487940665679,315.6320275493762,37.98323348280826,0.036175238280225466,415.9394978667375,0.06628154395875606,True
31,5,cube,Inner Approx. (Cube),277.6487940665679,381.56619458126755,103.91740051469964,0.09897095061120499,0.0,0.0,False
31,5,power_energy,Outer Approx. (Power-Energy),277.6487940665679,116.59403244481959,-161.05476162174833,-0.15338858342507028,4224.354095130712,0.5819128829206266,True
31,6,fullnet,Learned Polytope Approx. (FullNet),292.18027668385054,367.8659685384374,75.68569185458688,0.07140051733907116,0.0,0.0,False
31,6,supervised,Supervised Regression (FullNet),292.18027668385054,313.654327421153,21.47405073730249,0.020258232361206042,705.8002209537543,0.11578147617265147,True
31,6,cube,Inner Approx. (Cube),292.18027668385054,391.39536212662847,99.21508544277793,0.09359772309493887,0.0,0.0,False
31,6,power_energy,Outer Approx. (Power-Energy),292.18027668385054,136.11617983330947,-156.06409685054106,-0.14722805566199262,3599.9677386224,0.46126889409395083,True
31,7,fullnet,Learned Polytope Approx. (FullNet),281.9567768644805,368.32741837057586,86.37064150609535,0.0870942833495752,0.0,0.0,False
31,7,supervised,Supervised Regression (FullNet),281.9567768644805,320.77255257377124,38.81577570929073,0.03914098713530971,498.28404604542044,0.08056333282953816,True
31,7,cube,Inner Approx. (Cube),281.9567768644805,350.0661062901343,68.10932942565381,0.06867997194774597,0.0,0.0,False
31,7,power_energy,Outer Approx. (Power-Energy),281.9567768644805,129.3628016231811,-152.5939752412994,-0.15387245811026984,4554.325768910494,0.7747567453746784,True
31,8,fullnet,Learned Polytope Approx. (FullNet),302.1062424494389,393.12402085312567,91.01777840368675,0.08948300421480643,0.0,0.0,False
31,8,supervised,Supervised Regression (FullNet),302.1062424494389,332.1666124952885,30.060370045849595,0.02955348138229711,730.2593521914653,0.12202874315002371,True
31,8,cube,Inner Approx. (Cube),302.1062424494389,361.4919461098644,59.38570366042546,0.058384320779355,0.0,0.0,False
31,8,power_energy,Outer Approx. (Power-Energy),302.1062424494389,158.2791114725286,-143.82713097691033,-0.14140186668068652,4577.6307667233605,0.7990146229297337,True
31,9,fullnet,Learned Polytope Approx. (FullNet),309.39273880649057,359.3843997802453,49.99166097375473,0.044046099473678886,252.19934758317368,0.032544443467650314,True
31,9,supervised,Supervised Regression (FullNet),309.39273880649057,304.37766234482257,-5.015076461668002,-0.004418628075084411,730.2593521914653,0.12202874315002371,True
31,9,cube,Inner Approx. (Cube),309.39273880649057,401.71542222114607,92.3226834146555,0.08134264831676107,0.0,0.0,False
31,9,power_energy,Outer Approx. (Power-Energy),309.39273880649057,140.03311130698066,-169.3596274995099,-0.1492175065674427,2835.3624802363634,0.3401831276699915,True
32,0,fullnet,Learned Polytope Approx. (FullNet),197.95472807017137,315.3685270586882,117.41379898851682,0.11166258399598346,0.0,0.0,False
32,0,supervised,Supervised Regression (FullNet),197.95472807017137,186.96168184586736,-10.99304622430401,-0.010454579938369317,1197.6126994694175,0.27290148004517295,True
32,0,cube,Inner Approx. (Cube),197.95472807017137,388.823644038367,190.8689159681956,0.18151968972237562,0.0,0.0,False
32,0,power_energy,Outer Approx. (Power-Energy),197.95472807017137,45.39699506687082,-152.55773300330054,-0.14508508218343147,3633.3356544732346,0.5565504292057083,True
32,1,fullnet,Learned Polytope Approx. (FullNet),204.03222418965936,331.7304513929399,127.69822720328057,0.12112963023082383,0.0,0.0,False
32,1,supervised,Supervised Regression (FullNet),204.03222418965936,190.47582159407636,-13.556402595582995,-0.012859082460472586,1172.355144553124,0.26591424963916754,True
32,1,cube,Inner Approx. (Cube),204.03222418965936,378.98922815178713,174.95700396212777,0.16595748946842764,0.0,0.0,False
32,1,power_energy,Outer Approx. (Power-Energy),204.03222418965936,36.313451598282015,-167.71877259137733,-0.15909158139228463,3495.0151270436054,0.5353626402894429,True
32,2,fullnet,Learned Polytope Approx. (FullNet),243.81155631329364,352.73740053721497,108.92584422392133,0.10558225821889862,0.0,0.0,False
32,2,supervised,Supervised Regression (FullNet),243.81155631329364,206.94031892681468,-36.87123738647895,-0.03573943846225058,1218.9740044377652,0.28238844654250195,True
32,2,cube,Inner Approx. (Cube),243.81155631329364,341.4620609602768,97.65050464698317,0.09465302628868044,0.0,0.0,False
32,2,power_energy,Outer Approx. (Power-Energy),243.81155631329364,93.3308476271992,-150.48070868609443,-0.14586155521362376,3535.190883734924,0.5673865016957749,True
32,3,fullnet,Learned Polytope Approx. (FullNet),230.35580917148144,314.1070734180793,83.75126424659788,0.08437057572135133,0.0,0.0,False
32,3,supervised,Supervised Regression (FullNet),230.35580917148144,212.04941971594135,-18.306389455540085,-0.01844175883955009,1218.9740044377652,0.28238844654250195,True
32,3,cube,Inner Approx. (Cube),230.35580917148144,330.98869765957227,100.63288848809083,0.10137703370355591,0.0,0.0,False
32,3,power_energy,Outer Approx. (Power-Energy),230.35580917148144,102.05312417731136,-128.30268499417008,-0.1292514387326761,3534.965301608842,0.559861403151754,True
32,4,fullnet,Learned Polytope Approx. (FullNet),236.0089173927867,319.498470746773,83.48955335398631,0.08441473467764647,0.0,0.0,False
32,4,supervised,Supervised Regression (FullNet),236.0089173927867,235.67579315526982,-0.33312423751689835,-0.00033681572118914217,1218.9740044377652,0.28238844654250195,True
32,4,cube,Inner Approx. (Cube),236.0089173927867,295.25208456895,59.2431671761633,0.05989966454168964,0.0,0.0,False
32,4,power_energy,Outer Approx. (Power-Energy),236.0089173927867,98.24974307189856,-137.75917432088815,-0.13928573914396425,3717.411939540776,0.6961833721932025,True
32,5,fullnet,Learned Polytope Approx. (FullNet),208.32419996830032,286.084822059379,77.76062209107869,0.07640242187582899,0.0,0.0,False
32,5,supervised,Supervised Regression (FullNet),208.32419996830032,208.47119977387345,0.14699980557313097,0.00014443224422649927,1218.9740044377652,0.28238844654250195,True
32,5,cube,Inner Approx. (Cube),208.32419996830032,314.2954266892691,105.97122672096879,0.10412028804439658,0.0,0.0,False
32,5,power_energy,Outer Approx. (Power-Energy),208.32419996830032,66.6389964328645,-141.68520353543582,-0.13921046929637418,3659.8151457631534,0.5735268135968509,True
32,6,fullnet,Learned Polytope Approx. (FullNet),222.59759553994147,291.00920901727363,68.41161347733217,0.06664556713512627,0.0,0.0,False
32,6,supervised,Supervised Regression (FullNet),222.59759553994147,201.69419852463955,-20.90339701530192,-0.020363775656264925,1218.9740044377652,0.28238844654250195,True
32,6,cube,Inner Approx. (Cube),222.59759553994147,324.2334484399143,101.63585289997283,0.09901212255467923,0.0,0.0,False
32,6,power_energy,Outer Approx. (Power-Energy),222.59759553994147,79.60248556690543,-142.99510997303605,-0.13930369007976184,3571.4223365825587,0.5005185427525844,True
32,7,fullnet,Learned Polytope Approx. (FullNet),216.95529153295055,302.8598185279419,85.90452699499136,0.08934698847701739,0.0,0.0,False
32,7,supervised,Supervised Regression (FullNet),216.95529153295055,225.07617349268415,8.120881959733595,0.008446310948453745,1211.5555259178996,0.28090477219295473,True
32,7,cube,Inner Approx. (Cube),216.95529153295055,285.03092876920886,68.0756372362583,0.07080363967393961,0.0,0.0,False
32,7,power_energy,Outer Approx. (Power-Energy),216.95529153295055,81.64373956318214,-135.3115519697684,-0.14073390655366885,3717.411939540776,0.6961833721932025,True
32,8,fullnet,Learned Polytope Approx. (FullNet),236.17168540292084,322.0915483826657,85.91986297974483,0.08704485763905273,0.0,0.0,False
32,8,supervised,Supervised Regression (FullNet),236.17168540292084,232.09475173958018,-4.076933663340668,-0.004130315133451859,1126.2949585088031,0.2591364526602128,True
32,8,cube,Inner Approx. (Cube),236.17168540292084,294.13591904592255,57.964233643001705,0.058723190315158234,0.0,0.0,False
32,8,power_energy,Outer Approx. (Power-Energy),236.17168540292084,105.87124493902306,-130.3004404638978,-0.1320065337296879,3831.8717417425564,0.7713939692318836,True
32,9,fullnet,Learned Polytope Approx. (FullNet),229.91923274704493,270.5526504648967,40.633417717851785,0.03688448425191268,362.13463537766415,0.04525698181758824,True
32,9,supervised,Supervised Regression (FullNet),229.91923274704493,192.48594923939555,-37.43328350764938,-0.03397960185437908,1211.5555259178996,0.28090477219295473,True
32,9,cube,Inner Approx. (Cube),229.91923274704493,331.8809527223573,101.96171997531235,0.09255449494407349,0.0,0.0,False
32,9,power_energy,Outer Approx. (Power-Energy),229.91923274704493,69.30409839264283,-160.6151343544021,-0.14579640912438085,2837.026521723511,0.34889789850007746,True
33,0,fullnet,Learned Polytope Approx. (FullNet),253.94792890753996,403.66683096283225,149.7189020552923,0.11871449707827485,0.0,0.0,False
33,0,supervised,Supervised Regression (FullNet),253.94792890753996,335.9773063241048,82.02937741656484,0.06504239713202778,42.73162798778522,0.0063707326414617115,True
33,0,cube,Inner Approx. (Cube),253.94792890753996,459.41776273433584,205.46983382679588,0.1629202969875944,0.0,0.0,False
33,0,power_energy,Outer Approx. (Power-Energy),253.94792890753996,86.42934913528113,-167.51857977225882,-0.13282814444889662,3922.2296974906367,0.5070534061571216,True
33,1,fullnet,Learned Polytope Approx. (FullNet),262.7324608352694,418.91470746291225,156.18224662764283,0.12404063420488794,0.0,0.0,False
33,1,supervised,Supervised Regression (FullNet),262.7324608352694,338.6097960344496,75.87733519918015,0.060262116745715695,9.493064323759143,0.0014039568129185203,True
33,1,cube,Inner Approx. (Cube),262.7324608352694,453.5014442496615,190.7689834143921,0.15150957423322653,0.0,0.0,False
33,1,power_energy,Outer Approx. (Power-Energy),262.7324608352694,78.22632472288274,-184.50613611238668,-0.14653559307952202,3922.229697490637,0.5070534061571216,True
33,2,fullnet,Learned Polytope Approx. (FullNet),305.96485448882754,445.6725723276749,139.70771783884737,0.114625995730908,0.0,0.0,False
33,2,supervised,Supervised Regression (FullNet),305.96485448882754,360.95561888356735,54.99076439473981,0.04511827422463333,158.20915235075384,0.024179940595929275,True
33,2,cube,Inner Approx. (Cube),305.96485448882754,408.23340814052494,102.2685536516974,0.08390828349087802,0.0,0.0,False
33,2,power_energy,Outer Approx. (Power-Energy),305.96485448882754,146.5285592365126,-159.43629525231495,-0.1308127022733594,3672.178181318709,0.5115994195707702,True
33,3,fullnet,Learned Polytope Approx. (FullNet),287.83058837489193,398.5194793781336,110.68889100324168,0.0945727310521578,0.0,0.0,False
33,3,supervised,Supervised Regression (FullNet),287.83058837489193,354.93461013395574,67.10402175906381,0.057333762628015025,27.79557550179203,0.004143645860729157,True
33,3,cube,Inner Approx. (Cube),287.83058837489193,393.1303885971213,105.29980022222935,0.08996828494714247,0.0,0.0,False
33,3,power_energy,Outer Approx. (Power-Energy),287.83058837489193,152.70339022079102,-135.1271981541009,-0.11545285216097392,4327.656840909584,0.571671788801049,True
33,4,fullnet,Learned Polytope Approx. (FullNet),292.4178488777027,398.13758184121616,105.71973296351348,0.09202611812831325,0.0,0.0,False
33,4,supervised,Supervised Regression (FullNet),292.4178488777027,372.0701383307621,79.65228945305944,0.0693351259308198,27.79557550179203,0.004143645860729157,True
33,4,cube,Inner Approx. (Cube),292.4178488777027,353.53591861527553,61.11806973757285,0.0532015977318587,0.0,0.0,False
33,4,power_energy,Outer Approx. (Power-Energy),292.4178488777027,145.46962102062983,-146.94822785707285,-0.12791438832132151,4241.29921086654,0.6813967047277683,True
33,5,fullnet,Learned Polytope Approx. (FullNet),263.1667132422419,365.93397236336693,102.76725912112505,0.08618902783052904,0.0,0.0,False
33,5,supervised,Supervised Regression (FullNet),263.1667132422419,351.4231604012615,88.25644715901961,0.07401907422136064,0.0,0.0,False
33,5,cube,Inner Approx. (Cube),263.1667132422419,372.4542596271507,109.28754638490881,0.09165747396062321,0.0,0.0,False
33,5,power_energy,Outer Approx. (Power-Energy),263.1667132422419,109.33774705394522,-153.82896618829665,-0.12901355121593577,4360.145517926546,0.5722392239588123,True
33,6,fullnet,Learned Polytope Approx. (FullNet),279.9925760919697,378.27292634781776,98.28035025584808,0.08145919065805167,0.0,0.0,False
33,6,supervised,Supervised Regression (FullNet),279.9925760919697,350.4178809191592,70.4253048271895,0.058371671632581244,27.79557550179203,0.004143645860729157,True
33,6,cube,Inner Approx. (Cube),279.9925760919697,384.4788348649432,104.48625877297354,0.08660292777118704,0.0,0.0,False
33,6,power_energy,Outer Approx. (Power-Energy),279.9925760919697,130.0453096950207,-149.94726639694898,-0.12428306299565628,3804.924389192551,0.45298101309107136,True
33,7,fullnet,Learned Polytope Approx. (FullNet),269.81894254759504,376.9507308332541,107.13178828565907,0.09596361369754317,0.0,0.0,False
33,7,supervised,Supervised Regression (FullNet),269.81894254759504,353.0528643073671,83.23392175977204,0.07455702963707098,0.0,0.0,False
33,7,cube,Inner Approx. (Cube),269.81894254759504,342.24837783790576,72.42943529031072,0.06487887918007433,0.0,0.0,False
33,7,power_energy,Outer Approx. (Power-Energy),269.81894254759504,123.22038300339091,-146.59855954420414,-0.13131608985378507,4241.567790143642,0.6802507630485597,True
33,8,fullnet,Learned Polytope Approx. (FullNet),291.4023234004501,407.49220549498494,116.08988209453486,0.10123347951016282,0.0,0.0,False
33,8,supervised,Supervised Regression (FullNet),291.4023234004501,367.04487373008317,75.64255032963308,0.06596232531837383,0.0,0.0,False
33,8,cube,Inner Approx. (Cube),291.4023234004501,353.91068767757633,62.50836427712625,0.054508964089646124,0.0,0.0,False
33,8,power_energy,Outer Approx. (Power-Energy),291.4023234004501,152.56530656760572,-138.83701683284437,-0.12106958888419392,4527.200028143342,0.7350966873123099,True
33,9,fullnet,Learned Polytope Approx. (FullNet),295.37403022612557,367.6706952991051,72.29666507297952,0.05579924427869383,37.101377080410714,0.0043396870707975155,True
33,9,supervised,Supervised Regression (FullNet),295.37403022612557,343.7916503100207,48.417620083895144,0.03736917335989251,0.0,0.0,False
33,9,cube,Inner Approx. (Cube),295.37403022612557,394.74532920366295,99.37129897753738,0.07669570069852477,0.0,0.0,False
33,9,power_energy,Outer Approx. (Power-Energy),295.37403022612557,132.0730959336505,-163.30093429247506,-0.12603719292344415,2950.4389097857234,0.33451405279914087,True
34,0,fullnet,Learned Polytope Approx. (FullNet),208.00632492595605,329.8828045140824,121.87647958812636,0.108251346916859,0.0,0.0,False
34,0,supervised,Supervised Regression (FullNet),208.00632492595605,250.7430713705156,42.73674644455954,0.03795900883502847,723.3676566849722,0.13726377525320013,True
34,0,cube,Inner Approx. (Cube),208.00632492595605,407.63961152219144,199.6332865962354,0.1773153625417582,0.0,0.0,False
34,0,power_energy,Outer Approx. (Power-Energy),208.00632492595605,55.75805987865954,-152.2482650472965,-0.1352277306730678,3638.916174587749,0.5331793545309914,True
34,1,fullnet,Learned Polytope Approx. (FullNet),214.1782067988245,346.1752208851186,131.99701408629412,0.11726246934003628,0.0,0.0,False
34,1,supervised,Supervised Regression (FullNet),214.1782067988245,252.91301762194823,38.73481082312372,0.03441092662572799,497.76592340904716,0.09037413007452273,True
34,1,cube,Inner Approx. (Cube),214.1782067988245,398.325009963776,184.14680316495148,0.16359088885206818,0.0,0.0,False
34,1,power_energy,Outer Approx. (Power-Energy),214.1782067988245,46.70749017133251,-167.47071662749198,-0.1487763182358554,3539.13863589875,0.518559802685745,True
34,2,fullnet,Learned Polytope Approx. (FullNet),257.76128695757444,371.86902377773333,114.10773682015889,0.10392763622497095,0.0,0.0,False
34,2,supervised,Supervised Regression (FullNet),257.76128695757444,272.2075739001821,14.446286942607685,0.01315746413005397,730.0048911414513,0.13872158137022397,True
34,2,cube,Inner Approx. (Cube),257.76128695757444,359.46138794198896,101.70010098441452,0.09262694532106246,0.0,0.0,False
34,2,power_energy,Outer Approx. (Power-Energy),257.76128695757444,107.46662443636407,-150.29466252121037,-0.13688615205537627,3526.601483477952,0.5679066371298392,True
34,3,fullnet,Learned Polytope Approx. (FullNet),243.00822191113048,329.9146291817174,86.9064072705869,0.08213489853037938,0.0,0.0,False
34,3,supervised,Supervised Regression (FullNet),243.00822191113048,272.53331747144273,29.525095560312252,0.027904049932653774,536.5553740334951,0.10119338540017461,True
34,3,cube,Inner Approx. (Cube),243.00822191113048,346.94612643180204,103.93790452067157,0.09823129858176645,0.0,0.0,False
34,3,power_energy,Outer Approx. (Power-Energy),243.00822191113048,115.30250768718759,-127.70571422394289,-0.12069416063737301,3529.272205042684,0.5356554283916052,True
34,4,fullnet,Learned Polytope Approx. (FullNet),247.31106568013428,335.6573244228945,88.3462587427602,0.08453584643561672,0.0,0.0,False
34,4,supervised,Supervised Regression (FullNet),247.31106568013428,290.497748747082,43.18668306694775,0.04132402276865314,536.5553740334951,0.10119338540017461,True
34,4,cube,Inner Approx. (Cube),247.31106568013428,309.34511518330464,62.034049503170365,0.05935849414799582,0.0,0.0,False
34,4,power_energy,Outer Approx. (Power-Energy),247.31106568013428,110.91287922047516,-136.39818645965912,-0.13051527375057367,3692.3071296043645,0.6632625575689838,True
34,5,fullnet,Learned Polytope Approx. (FullNet),218.89001342233618,300.4774761538275,81.58746273149134,0.0755571604514876,0.0,0.0,False
34,5,supervised,Supervised Regression (FullNet),218.89001342233618,264.737584181585,45.84757075924884,0.0424588796389964,536.5553740334951,0.10119338540017461,True
34,5,cube,Inner Approx. (Cube),218.89001342233618,332.5006271263929,113.6106137040567,0.10521341246853208,0.0,0.0,False
34,5,power_energy,Outer Approx. (Power-Energy),218.89001342233618,78.56001471856132,-140.32999870377486,-0.12995791109613236,3659.1346812374604,0.5519323113390443,True
34,6,fullnet,Learned Polytope Approx. (FullNet),235.91787840176846,308.29790241547863,72.38002401371017,0.06640146349493266,0.0,0.0,False
34,6,supervised,Supervised Regression (FullNet),235.91787840176846,261.10678462119245,25.188906219423984,0.02310831281970209,536.5553740334951,0.10119338540017461,True
34,6,cube,Inner Approx. (Cube),235.91787840176846,341.35028157762395,105.43240317585548,0.09672372959338188,0.0,0.0,False
34,6,power_energy,Outer Approx. (Power-Energy),235.91787840176846,93.3547253429226,-142.56315305884584,-0.13078749465137413,3572.937063565819,0.4839781455026629,True
34,7,fullnet,Learned Polytope Approx. (FullNet),226.29527059230634,319.3890473912506,93.09377679894425,0.09175004753832056,0.0,0.0,False
34,7,supervised,Supervised Regression (FullNet),226.29527059230634,278.62891841644023,52.33364782413389,0.051578256257538195,414.0706396574219,0.07618710367152215,True
34,7,cube,Inner Approx. (Cube),226.29527059230634,299.01088498648505,72.71561439417871,0.07166602652562856,0.0,0.0,False
34,7,power_energy,Outer Approx. (Power-Energy),226.29527059230634,92.66075462666504,-133.6345159656413,-0.1317056157157338,3692.3071296043645,0.6632625575689838,True
34,8,fullnet,Learned Polytope Approx. (FullNet),247.54258050827318,343.11380471419807,95.57122420592489,0.09178734657608062,0.0,0.0,False
34,8,supervised,Supervised Regression (FullNet),247.54258050827318,289.0781614677482,41.53558095947503,0.03989109479807039,583.9239883882881,0.1115735056520595,True
34,8,cube,Inner Approx. (Cube),247.54258050827318,308.05023152035994,60.50765101208677,0.05811201834125544,0.0,0.0,False
34,8,power_energy,Outer Approx. (Power-Energy),247.54258050827318,117.89898236725399,-129.6435981410192,-0.12451071933849035,3828.200210504113,0.7306709386770592,True
34,9,fullnet,Learned Polytope Approx. (FullNet),247.2472006329199,292.95250353661885,45.705302903698936,0.03915977191240911,445.57725042811757,0.053300837013746896,True
34,9,supervised,Supervised Regression (FullNet),247.2472006329199,251.20710974959974,3.9599091166798246,0.003392804071986614,605.3048493531783,0.11579178161587746,True
34,9,cube,Inner Approx. (Cube),247.2472006329199,354.1302796810055,106.88307904808559,0.09157617893131367,0.0,0.0,False
34,9,power_energy,Outer Approx. (Power-Energy),247.2472006329199,87.05151438713595,-160.19568624578397,-0.13725380067941875,2857.2165183324064,0.3400759730771936,True
35,0,fullnet,Learned Polytope Approx. (FullNet),223.1418121844232,355.7666626134417,132.62485042901852,0.10641325518192919,0.0,0.0,False
35,0,supervised,Supervised Regression (FullNet),223.1418121844232,266.0105389016884,42.86872671726519,0.0343962744593648,622.6046742107402,0.11222170776814992,True
35,0,cube,Inner Approx. (Cube),223.1418121844232,443.831647591982,220.6898354075588,0.1770733289825758,0.0,0.0,False
35,0,power_energy,Outer Approx. (Power-Energy),223.1418121844232,81.02033090458089,-142.12148127984233,-0.1140329991351045,3635.7812481761666,0.5095193621781835,True
35,1,fullnet,Learned Polytope Approx. (FullNet),230.276278944494,370.73428537143405,140.45800642694005,0.11304449198248799,0.0,0.0,False
35,1,supervised,Supervised Regression (FullNet),230.276278944494,267.8120632120365,37.53578426754248,0.030209838311322852,463.24587627429986,0.08120286587917314,True
35,1,cube,Inner Approx. (Cube),230.276278944494,433.8296954347775,203.55341649028347,0.16382542472160863,0.0,0.0,False
35,1,power_energy,Outer Approx. (Power-Energy),230.276278944494,73.37500346921637,-156.90127547527766,-0.1262784901246129,3635.781248176166,0.5095193621781835,True
35,2,fullnet,Learned Polytope Approx. (FullNet),274.1212144741866,412.11531498108445,137.99410050689784,0.11537708928269516,0.0,0.0,False
35,2,supervised,Supervised Regression (FullNet),274.1212144741866,279.3061680357155,5.184953561528857,0.0043351480084849,702.4448490677337,0.1297357626327035,True
35,2,cube,Inner Approx. (Cube),274.1212144741866,384.74094950916873,110.61973503498211,0.09248933830269966,0.0,0.0,False
35,2,power_energy,Outer Approx. (Power-Energy),274.1212144741866,136.4518321681159,-137.6693823060707,-0.11510559187294411,3403.272127440554,0.519000193084564,True
35,3,fullnet,Learned Polytope Approx. (FullNet),258.52028893301724,364.1855555400664,105.66526660704915,0.09212206331602273,0.0,0.0,False
35,3,supervised,Supervised Regression (FullNet),258.52028893301724,279.13689218895126,20.616603255934024,0.017974156423296923,702.4448490677337,0.1297357626327035,True
35,3,cube,Inner Approx. (Cube),258.52028893301724,369.4116837038249,110.89139477080766,0.09667835437607192,0.0,0.0,False
35,3,power_energy,Outer Approx. (Power-Energy),258.52028893301724,142.1590405271423,-116.36124840587493,-0.10144713241524479,3425.0770970617236,0.49120581562245186,True
35,4,fullnet,Learned Polytope Approx. (FullNet),260.8503721789796,366.8151288265669,105.96475664758725,0.09465041518073664,0.0,0.0,False
35,4,supervised,Supervised Regression (FullNet),260.8503721789796,296.64243721064815,35.79206503166853,0.03197038263099232,702.4448490677337,0.1297357626327035,True
35,4,cube,Inner Approx. (Cube),260.8503721789796,324.0338817114874,63.1835095325078,0.05643711738721822,0.0,0.0,False
35,4,power_energy,Outer Approx. (Power-Energy),260.8503721789796,135.67357795026706,-125.17679422871257,-0.1118110956848128,3903.0820521833903,0.6432316739381626,True
35,5,fullnet,Learned Polytope Approx. (FullNet),231.5435532219248,329.79441676224894,98.25086354032413,0.08457873093594909,0.0,0.0,False
35,5,supervised,Supervised Regression (FullNet),231.5435532219248,274.6830282418545,43.139475019929705,0.03713638658179568,673.4320651877516,0.1234763668827416,True
35,5,cube,Inner Approx. (Cube),231.5435532219248,346.0426542507686,114.49910102884377,0.09856593936553079,0.0,0.0,False
35,5,power_energy,Outer Approx. (Power-Energy),231.5435532219248,103.38181266051876,-128.16174056140605,-0.11032734960927057,3656.5049948651736,0.5173062675747875,True
35,6,fullnet,Learned Polytope Approx. (FullNet),250.4754500848797,345.29321352407294,94.81776343919324,0.08064237680821655,0.0,0.0,False
35,6,supervised,Supervised Regression (FullNet),250.4754500848797,270.64059491207604,20.165144827196343,0.017150427816090476,702.4448490677337,0.1297357626327035,True
35,6,cube,Inner Approx. (Cube),250.4754500848797,358.32231020151073,107.84686011663103,0.09172360553184528,0.0,0.0,False
35,6,power_energy,Outer Approx. (Power-Energy),250.4754500848797,121.12518468941079,-129.3502653954689,-0.11001222201316428,3553.969216571796,0.45652498204642494,True
35,7,fullnet,Learned Polytope Approx. (FullNet),238.28785162450512,342.59516209693965,104.30731047243452,0.09548803489757186,0.0,0.0,False
35,7,supervised,Supervised Regression (FullNet),238.28785162450512,283.6992106563066,45.41135903180148,0.04157178836588612,703.4408727845948,0.1296991118517136,True
35,7,cube,Inner Approx. (Cube),238.28785162450512,314.9909367681938,76.7030851436887,0.07021777129310182,0.0,0.0,False
35,7,power_energy,Outer Approx. (Power-Energy),238.28785162450512,114.09269881636706,-124.19515280813806,-0.11369434253207782,3903.0820521833903,0.6432316739381626,True
35,8,fullnet,Learned Polytope Approx. (FullNet),261.2794256118175,373.1314538344827,111.85202822266524,0.0996873148249876,0.0,0.0,False
35,8,supervised,Supervised Regression (FullNet),261.2794256118175,291.5442577942171,30.26483218239963,0.026973313777433425,634.1366173846396,0.11684814991347958,True
35,8,cube,Inner Approx. (Cube),261.2794256118175,325.5492548889361,64.26982927711862,0.057280022603989435,0.0,0.0,False
35,8,power_energy,Outer Approx. (Power-Energy),261.2794256118175,142.73702412220024,-118.54240148961725,-0.10565006182883835,3947.155903494994,0.6924645685265269,True
35,9,fullnet,Learned Polytope Approx. (FullNet),264.93223537638545,339.3510484565935,74.41881308020805,0.05883757491566373,169.01951585912386,0.019089909277127417,True
35,9,supervised,Supervised Regression (FullNet),264.93223537638545,270.21376160357056,5.281526227185111,0.004175720925918562,703.4408727845948,0.1296991118517136,True
35,9,cube,Inner Approx. (Cube),264.93223537638545,370.9067976928301,105.97456231644463,0.08378642431085456,0.0,0.0,False
35,9,power_energy,Outer Approx. (Power-Energy),264.93223537638545,121.34318020797782,-143.58905516840764,-0.11352548422715232,2767.8528376678028,0.3201347371734502,True
36,0,fullnet,Learned Polytope Approx. (FullNet),241.63521006401504,362.5934828432127,120.95827277919767,0.10020123680913685,0.0,0.0,False
36,0,supervised,Supervised Regression (FullNet),241.63521006401504,264.5561842460822,22.92097418206714,0.01898762200503584,720.0584024053637,0.12671642263691907,True
36,0,cube,Inner Approx. (Cube),241.63521006401504,453.27788140913106,211.642671345116,0.17532374547941987,0.0,0.0,False
36,0,power_energy,Outer Approx. (Power-Energy),241.63521006401504,82.47574013354028,-159.15946993047476,-0.13184692018570987,3773.665694223527,0.5131175385016208,True
36,1,fullnet,Learned Polytope Approx. (FullNet),249.85587841741983,378.6316468334681,128.77576841604827,0.10687111096308352,0.0,0.0,False
36,1,supervised,Supervised Regression (FullNet),249.85587841741983,266.5435003291157,16.687621911695885,0.013849070480969318,686.5042909822553,0.12010187076151964,True
36,1,cube,Inner Approx. (Cube),249.85587841741983,444.43389366093095,194.57801524351112,0.16148044708909967,0.0,0.0,False
36,1,power_energy,Outer Approx. (Power-Energy),249.85587841741983,74.84820077604799,-175.00767764137186,-0.14523900860118472,3773.6656942235268,0.5131175385016208,True
36,2,fullnet,Learned Polytope Approx. (FullNet),291.67488958495176,411.68906364238876,120.014174057437,0.10305838943743625,0.0,0.0,False
36,2,supervised,Supervised Regression (FullNet),291.67488958495176,284.1618579829826,-7.513031601969146,-0.006451579096990181,839.3471898803278,0.15304573304164185,True
36,2,cube,Inner Approx. (Cube),291.67488958495176,397.12170094663725,105.44681136168549,0.0905491258478152,0.0,0.0,False
36,2,power_energy,Outer Approx. (Power-Energy),291.67488958495176,139.79287395117782,-151.88201563377393,-0.13042389399969623,3480.336307196659,0.5127959464677754,True
36,3,fullnet,Learned Polytope Approx. (FullNet),274.0962477129082,365.9779523431846,91.88170463027637,0.08208729112511766,0.0,0.0,False
36,3,supervised,Supervised Regression (FullNet),274.0962477129082,285.52861460664343,11.432366893735207,0.010213698507569539,839.3471898803278,0.15304573304164185,True
36,3,cube,Inner Approx. (Cube),274.0962477129082,382.10771550221034,108.01146778930212,0.0964976524646465,0.0,0.0,False
36,3,power_energy,Outer Approx. (Power-Energy),274.0962477129082,145.91320395637823,-128.18304375653,-0.11451897711831038,3785.5131671079607,0.5290795304096689,True
36,4,fullnet,Learned Polytope Approx. (FullNet),278.4183184216953,369.31227029251414,90.89395187081885,0.0830028936675086,0.0,0.0,False
36,4,supervised,Supervised Regression (FullNet),278.4183184216953,305.23042931387965,26.812110892184364,0.024484388054205733,839.3471898803278,0.15304573304164185,True
36,4,cube,Inner Approx. (Cube),278.4183184216953,339.889987029327,61.47166860763173,0.05613493822179894,0.0,0.0,False
36,4,power_energy,Outer Approx. (Power-Energy),278.4183184216953,139.19450800673562,-139.22381041495967,-0.12713694249186094,4152.129500653426,0.6719055618989336,True
36,5,fullnet,Learned Polytope Approx. (FullNet),249.8940174328617,334.1508409269459,84.25682349408419,0.07423928686165322,0.0,0.0,False
36,5,supervised,Supervised Regression (FullNet),249.8940174328617,283.1508453168749,33.256827884013205,0.02930282774739584,657.2163812483191,0.11640861790005505,True
36,5,cube,Inner Approx. (Cube),249.8940174328617,360.50642450603254,110.61240707317086,0.09746137913375827,0.0,0.0,False
36,5,power_energy,Outer Approx. (Power-Energy),249.8940174328617,106.44512822252815,-143.44888921033353,-0.1263938372518777,3873.3968217844927,0.5393430544035672,True
36,6,fullnet,Learned Polytope Approx. (FullNet),267.07323218540705,346.67811091739287,79.60487873198582,0.06936723763791806,0.0,0.0,False
36,6,supervised,Supervised Regression (FullNet),267.07323218540705,278.415980767734,11.342748582326976,0.00988400646933321,839.3471898803278,0.15304573304164185,True
36,6,cube,Inner Approx. (Cube),267.07323218540705,371.46914557539685,104.3959133899898,0.09097000394827791,0.0,0.0,False
36,6,power_energy,Outer Approx. (Power-Energy),267.07323218540705,124.88417533721162,-142.18905684819543,-0.12390273376469679,3557.3850153078206,0.45000117217403685,True
36,7,fullnet,Learned Polytope Approx. (FullNet),255.86075957733667,349.2840851261086,93.42332554877194,0.08768900593537635,0.0,0.0,False
36,7,supervised,Supervised Regression (FullNet),255.86075957733667,291.0704131049281,35.20965352759143,0.03304848654259979,657.2163812483191,0.11640861790005505,True
36,7,cube,Inner Approx. (Cube),255.86075957733667,328.57681409912175,72.71605452178508,0.06825274629331347,0.0,0.0,False
36,7,power_energy,Outer Approx. (Power-Energy),255.86075957733667,117.45695147708332,-138.40380810025334,-0.12990858844610395,4152.129500653426,0.6719055618989336,True
36,8,fullnet,Learned Polytope Approx. (FullNet),277.85790374549435,377.46015524254574,99.60225149705138,0.09104332340589004,0.0,0.0,False
36,8,supervised,Supervised Regression (FullNet),277.85790374549435,300.8773796585078,23.019475913013423,0.0210413877064277,722.1308663747723,0.13100986418425997,True
36,8,cube,Inner Approx. (Cube),277.85790374549435,339.0798383209958,61.22193457550145,0.0559610682019234,0.0,0.0,False
36,8,power_energy,Outer Approx. (Power-Energy),277.85790374549435,147.15599324662162,-130.70191049887273,-0.11947055541880836,4215.942596393074,0.72264185056496,True
36,9,fullnet,Learned Polytope Approx. (FullNet),281.27405120222704,337.49932680874207,56.22527560651503,0.04561513530977916,283.26698931519877,0.033296077858385585,True
36,9,supervised,Supervised Regression (FullNet),281.27405120222704,273.36853644427737,-7.905514757949675,-0.006413683552234027,805.4601896559052,0.14668408195933116,True
36,9,cube,Inner Approx. (Cube),281.27405120222704,382.7017937433454,101.42774254111833,0.08228755039917406,0.0,0.0,False
36,9,power_energy,Outer Approx. (Power-Energy),281.27405120222704,124.48672983272164,-156.7873213695054,-0.1272003525456993,2992.3413231964446,0.34178265544366865,True
37,0,fullnet,Learned Polytope Approx. (FullNet),266.56336435221215,388.30325105553044,121.73988670331829,0.11053503688567573,0.0,0.0,False
37,0,supervised,Supervised Regression (FullNet),266.56336435221215,281.12075936442994,14.557395012217796,0.013217543060116766,787.9871575026812,0.13380721637456952,True
37,0,cube,Inner Approx. (Cube),266.56336435221215,452.54056514379135,185.9772007915792,0.16885999573409824,0.0,0.0,False
37,0,power_energy,Outer Approx. (Power-Energy),266.56336435221215,88.11615211109088,-178.44721224112126,-0.16202306180297033,3767.9979748362484,0.5569275641731695,True
37,1,fullnet,Learned Polytope Approx. (FullNet),276.89515517879335,401.5460952219873,124.65094004319394,0.11335697394988228,0.0,0.0,False
37,1,supervised,Supervised Regression (FullNet),276.89515517879335,283.60362522781327,6.7084700490199225,0.0061006508601283375,760.8768811288583,0.12851721112573705,True
37,1,cube,Inner Approx. (Cube),276.89515517879335,445.60291768774607,168.70776250895273,0.15342203944264984,0.0,0.0,False
37,1,power_energy,Outer Approx. (Power-Energy),276.89515517879335,82.34201477495387,-194.55314040383948,-0.1769257035765932,3767.997974836249,0.5569275641731696,True
37,2,fullnet,Learned Polytope Approx. (FullNet),314.0392122681281,418.5575970555809,104.51838478745282,0.09768371849140296,0.0,0.0,False
37,2,supervised,Supervised Regression (FullNet),314.0392122681281,309.93195285728626,-4.107259410841834,-0.0038386775003817694,882.2613647331888,0.15327484636745287,True
37,2,cube,Inner Approx. (Cube),314.0392122681281,406.72233910272064,92.68312683459254,0.08662239173543179,0.0,0.0,False
37,2,power_energy,Outer Approx. (Power-Energy),314.0392122681281,145.81972057315153,-168.21949169497657,-0.15721928256847353,3993.7202864267406,0.5744848163639028,True
37,3,fullnet,Learned Polytope Approx. (FullNet),294.8107199928128,379.53572116902757,84.72500117621479,0.08229605666514173,0.0,0.0,False
37,3,supervised,Supervised Regression (FullNet),294.8107199928128,307.3370579961579,12.526338003345131,0.012167225822587646,749.6303654705773,0.12713399165106312,True
37,3,cube,Inner Approx. (Cube),294.8107199928128,394.7146450595328,99.90392506672003,0.09703982253433095,0.0,0.0,False
37,3,power_energy,Outer Approx. (Power-Energy),294.8107199928128,151.02259087533983,-143.78812911747295,-0.1396659292693908,4068.6673649187933,0.5629812844374523,True
37,4,fullnet,Learned Polytope Approx. (FullNet),301.5588862164597,382.23471449511953,80.67582827865982,0.07938982816853446,0.0,0.0,False
37,4,supervised,Supervised Regression (FullNet),301.5588862164597,326.8738146488892,25.314928432429497,0.02491139987317538,489.62507475686084,0.08091795479121117,True
37,4,cube,Inner Approx. (Cube),301.5588862164597,356.676668188604,55.117781972144314,0.05423918580277851,0.0,0.0,False
37,4,power_energy,Outer Approx. (Power-Energy),301.5588862164597,145.97230495405105,-155.58658126240866,-0.15310647830088242,4573.835649470555,0.7890690648082637,True
37,5,fullnet,Learned Polytope Approx. (FullNet),275.3408985499785,352.79987250163305,77.45897395165457,0.073833434815363,0.0,0.0,False
37,5,supervised,Supervised Regression (FullNet),275.3408985499785,302.53003026394293,27.189131713964457,0.02591651918010506,489.62507475686084,0.08091795479121117,True
37,5,cube,Inner Approx. (Cube),275.3408985499785,376.71685657506936,101.37595802509088,0.096630962260902,0.0,0.0,False
37,5,power_energy,Outer Approx. (Power-Energy),275.3408985499785,110.34059652350369,-165.0003020264748,-0.15727730981552343,4319.508055306775,0.5808089102946625,True
37,6,fullnet,Learned Polytope Approx. (FullNet),288.98024044868635,361.88814150743815,72.9079010587518,0.06887431949144582,0.0,0.0,False
37,6,supervised,Supervised Regression (FullNet),288.98024044868635,300.492613189761,11.512372741074671,0.010875458307796241,609.3177866368869,0.10232009794464257,True
37,6,cube,Inner Approx. (Cube),288.98024044868635,385.4046494853046,96.42440903661827,0.09108979216683542,0.0,0.0,False
37,6,power_energy,Outer Approx. (Power-Energy),288.98024044868635,130.851538319272,-158.12870212941434,-0.14938033591794925,3665.131173946147,0.47594935285920076,True
37,7,fullnet,Learned Polytope Approx. (FullNet),280.4979287454429,362.1967284716953,81.69879972625239,0.08243994225594858,0.0,0.0,False
37,7,supervised,Supervised Regression (FullNet),280.4979287454429,308.778657987664,28.280729242221128,0.02853728198574323,600.1028883859673,0.10121607304258733,True
37,7,cube,Inner Approx. (Cube),280.4979287454429,344.3624802306447,63.86455148520179,0.06444390804128648,0.0,0.0,False
37,7,power_energy,Outer Approx. (Power-Energy),280.4979287454429,125.43727334243712,-155.06065540300577,-0.15646731066338662,4573.835649470555,0.7890690648082637,True
37,8,fullnet,Learned Polytope Approx. (FullNet),299.9008910338097,386.10374834298034,86.20285730917061,0.08482424646155642,0.0,0.0,False
37,8,supervised,Supervised Regression (FullNet),299.9008910338097,321.3995384896177,21.498647455807998,0.02115482743038458,707.6551472700463,0.12144392295557796,True
37,8,cube,Inner Approx. (Cube),299.9008910338097,355.73603419438257,55.83514316057284,0.05494219208630412,0.0,0.0,False
37,8,power_energy,Outer Approx. (Power-Energy),299.9008910338097,153.88957118218653,-146.0113198516232,-0.14367621408244935,4652.279383633084,0.831175612550159,True
37,9,fullnet,Learned Polytope Approx. (FullNet),301.9124744738507,348.79462229678484,46.882147822934144,0.041285069938578584,180.4194057569033,0.023275765128624636,True
37,9,supervised,Supervised Regression (FullNet),301.9124744738507,287.98439083861166,-13.928083635239034,-0.012265263723901363,773.6666116831065,0.13433802977431303,True
37,9,cube,Inner Approx. (Cube),301.9124744738507,394.19867090075473,92.28619642690404,0.08126850519391757,0.0,0.0,False
37,9,power_energy,Outer Approx. (Power-Energy),301.9124744738507,131.93264903814784,-169.97982543570285,-0.1496865930239535,2931.084510648973,0.341934276445889,True
38,0,fullnet,Learned Polytope Approx. (FullNet),292.7171150456422,431.68145925278384,138.96434420714166,0.11103569391330043,0.0,0.0,False
38,0,supervised,Supervised Regression (FullNet),292.7171150456422,338.4956770239493,45.77856197830715,0.036578119550130885,602.9316019823457,0.09055173554114958,True
38,0,cube,Inner Approx. (Cube),292.7171150456422,503.42027995750243,210.70316491186026,0.16835665478939907,0.0,0.0,False
38,0,power_energy,Outer Approx. (Power-Energy),292.7171150456422,116.91625528097305,-175.80085976466913,-0.1404689135612218,3741.3875172902344,0.5009927551850561,True
38,1,fullnet,Learned Polytope Approx. (FullNet),303.9462897128675,446.3468348458627,142.4005451329952,0.11387892351856568,0.0,0.0,False
38,1,supervised,Supervised Regression (FullNet),303.9462897128675,340.90853347174055,36.96224375887306,0.029559019778752103,477.896568797181,0.07079771327221891,True
38,1,cube,Inner Approx. (Cube),303.9462897128675,497.91238049097524,193.96609077810774,0.15511632765370084,0.0,0.0,False
38,1,power_energy,Outer Approx. (Power-Energy),303.9462897128675,112.58209375931554,-191.36419595355196,-0.15303557029808673,3741.3875172902344,0.500992755185056,True
38,2,fullnet,Learned Polytope Approx. (FullNet),344.8545935071746,472.62785171154604,127.77325820437142,0.10612425460817014,0.0,0.0,False
38,2,supervised,Supervised Regression (FullNet),344.8545935071746,360.06394232220646,15.20934881503183,0.012632383557827184,684.7762921068957,0.10440928670213075,True
38,2,cube,Inner Approx. (Cube),344.8545935071746,447.9518013631498,103.09720785597517,0.08562914094589964,0.0,0.0,False
38,2,power_energy,Outer Approx. (Power-Energy),344.8545935071746,180.5529415344113,-164.30165197276332,-0.13646353385315768,3926.1381421183473,0.5128291808261048,True
38,3,fullnet,Learned Polytope Approx. (FullNet),323.785217992813,427.20436823092626,103.41915023811328,0.08959948800674655,0.0,0.0,False
38,3,supervised,Supervised Regression (FullNet),323.785217992813,356.1807234681858,32.39550547537283,0.028066568886227914,562.4029901756417,0.08413766925568192,True
38,3,cube,Inner Approx. (Cube),323.785217992813,429.99224738843975,106.20702939562676,0.09201482931019726,0.0,0.0,False
38,3,power_energy,Outer Approx. (Power-Energy),323.785217992813,184.6264115060634,-139.1588064867496,-0.12056333652070196,4060.777384902362,0.5148894109362128,True
38,4,fullnet,Learned Polytope Approx. (FullNet),327.7568728351944,425.3045973110672,97.54772447587283,0.08644270762418815,0.0,0.0,False
38,4,supervised,Supervised Regression (FullNet),327.7568728351944,372.6442029321415,44.88733009694715,0.03977727181694061,562.4029901756417,0.08413766925568192,True
38,4,cube,Inner Approx. (Cube),327.7568728351944,388.23935130288567,60.482478467691294,0.0535970390971246,0.0,0.0,False
38,4,power_energy,Outer Approx. (Power-Energy),327.7568728351944,175.78846811491962,-151.96840472027475,-0.13466803503548833,4911.611210873247,0.7128547696124932,True
38,5,fullnet,Learned Polytope Approx. (FullNet),299.80299395056045,395.64988610050244,95.846892149942,0.0818783481875314,0.0,0.0,False
38,5,supervised,Supervised Regression (FullNet),299.80299395056045,353.75422452045143,53.95123056989098,0.04608848072858453,238.3305904162186,0.03455887423029418,True
38,5,cube,Inner Approx. (Cube),299.80299395056045,410.55867084751935,110.7556768969589,0.09461435497071999,0.0,0.0,False
38,5,power_energy,Outer Approx. (Power-Energy),299.80299395056045,140.15608055703524,-159.6469133935252,-0.13638027554874282,4461.093615545492,0.5528556420213422,True
38,6,fullnet,Learned Polytope Approx. (FullNet),317.96511130294164,408.59241241569646,90.62730111275482,0.07650048190080323,0.0,0.0,False
38,6,supervised,Supervised Regression (FullNet),317.96511130294164,351.30343397920535,33.338322676263715,0.028141605445422553,562.4029901756417,0.08413766925568192,True
38,6,cube,Inner Approx. (Cube),317.96511130294164,420.60608474302467,102.64097344008303,0.0866414847901589,0.0,0.0,False
38,6,power_energy,Outer Approx. (Power-Energy),317.96511130294164,164.5577515766047,-153.40735972633695,-0.12949449892139592,3702.4977889364754,0.43461982049951037,True
38,7,fullnet,Learned Polytope Approx. (FullNet),302.7198176773936,403.25164895379544,100.53183127640182,0.09155950139203717,0.0,0.0,False
38,7,supervised,Supervised Regression (FullNet),302.7198176773936,354.581338182091,51.86152050469735,0.04723294998762857,488.2138059012029,0.07369149048592565,True
38,7,cube,Inner Approx. (Cube),302.7198176773936,379.41821342196727,76.69839574457365,0.06985316772589932,0.0,0.0,False
38,7,power_energy,Outer Approx. (Power-Energy),302.7198176773936,150.14481412079647,-152.57500355659715,-0.1389578909800431,4911.611210873247,0.7128547696124932,True
38,8,fullnet,Learned Polytope Approx. (FullNet),326.20814948282646,432.2736367424583,106.06548725963182,0.09396371949571228,0.0,0.0,False
38,8,supervised,Supervised Regression (FullNet),326.20814948282646,366.3849616393569,40.176812156530445,0.035592753168305714,545.8086889958256,0.08310741301648929,True
38,8,cube,Inner Approx. (Cube),326.20814948282646,392.5065722136526,66.29842273082613,0.05873396292649177,0.0,0.0,False
38,8,power_energy,Outer Approx. (Power-Energy),326.20814948282646,184.27599822938618,-141.93215125344028,-0.1257381000396072,5025.130952624666,0.7502920846198485,True
38,9,fullnet,Learned Polytope Approx. (FullNet),338.34876227263,401.8646235740089,63.51586130137889,0.04976246055341621,0.0,0.0,False
38,9,supervised,Supervised Regression (FullNet),338.34876227263,344.00149957251824,5.652737299888258,0.004428722387464613,545.8086889958256,0.08310741301648929,True
38,9,cube,Inner Approx. (Cube),338.34876227263,437.7665942177765,99.41783194514653,0.07789040153296503,0.0,0.0,False
38,9,power_energy,Outer Approx. (Power-Energy),338.34876227263,171.91019921085848,-166.4385630617715,-0.13039880526266084,3038.059267917772,0.33021267097186496,True
39,0,fullnet,Learned Polytope Approx. (FullNet),245.08450728780295,383.8684761854896,138.78396889768666,0.1265620015468743,0.0,0.0,False
39,0,supervised,Supervised Regression (FullNet),245.08450728780295,282.48815916533306,37.40365187753011,0.03410971082886808,495.2555353675919,0.08303852198102443,True
39,0,cube,Inner Approx. (Cube),245.08450728780295,438.56574096592203,193.48123367811908,0.176442368600322,0.0,0.0,False
39,0,power_energy,Outer Approx. (Power-Energy),245.08450728780295,85.99937982058094,-159.085127467222,-0.14507534485798132,3590.358764499239,0.51332800893193,True
39,1,fullnet,Learned Polytope Approx. (FullNet),254.04259912921998,399.2398704256865,145.1972712964665,0.1324679821771904,0.0,0.0,False
39,1,supervised,Supervised Regression (FullNet),254.04259912921998,284.88476806595577,30.84216893673579,0.02813826904966663,495.2555353675919,0.08303852198102443,True
39,1,cube,Inner Approx. (Cube),254.04259912921998,430.00090127261797,175.958302143398,0.16053222642640372,0.0,0.0,False
39,1,power_energy,Outer Approx. (Power-Energy),254.04259912921998,79.6375396375564,-174.40505949166356,-0.15911515489282999,3590.358764499239,0.51332800893193,True
39,2,fullnet,Learned Polytope Approx. (FullNet),292.96260816336115,415.25105841302616,122.288450249665,0.11440169271198922,0.0,0.0,False
39,2,supervised,Supervised Regression (FullNet),292.96260816336115,315.9481542337079,22.985546070346743,0.02150313764700181,571.3417770985899,0.09869661489177059,True
39,2,cube,Inner Approx. (Cube),292.96260816336115,389.16222677388976,96.1996186105286,0.08999540990848726,0.0,0.0,False
39,2,power_energy,Outer Approx. (Power-Energy),292.96260816336115,142.11455817482607,-150.84804998853508,-0.1411193961961134,3509.022052010605,0.5224936278633362,True
39,3,fullnet,Learned Polytope Approx. (FullNet),275.4604455338788,376.06381672713474,100.60337119325595,0.0975961078794031,0.0,0.0,False
39,3,supervised,Supervised Regression (FullNet),275.4604455338788,311.9409226297968,36.48047709591799,0.035389992759844786,395.57591587737875,0.06608270843348421,True
39,3,cube,Inner Approx. (Cube),275.4604455338788,377.04724819020316,101.58680265632438,0.09855014234189892,0.0,0.0,False
39,3,power_energy,Outer Approx. (Power-Energy),275.4604455338788,147.25706472160425,-128.20338081227453,-0.12437109050971551,3954.010754567954,0.5625898891995261,True
39,4,fullnet,Learned Polytope Approx. (FullNet),282.45435823369814,377.00465966337913,94.55030142968099,0.09293011059216515,0.0,0.0,False
39,4,supervised,Supervised Regression (FullNet),282.45435823369814,330.733271298785,48.27891306508684,0.04745161742022365,139.68479055244086,0.022793251040805443,True
39,4,cube,Inner Approx. (Cube),282.45435823369814,337.9568778669133,55.50251963321517,0.05455144203315425,0.0,0.0,False
39,4,power_energy,Outer Approx. (Power-Energy),282.45435823369814,143.32628579926353,-139.1280724344346,-0.1367440078170716,4208.096215490921,0.7564753133912695,True
39,5,fullnet,Learned Polytope Approx. (FullNet),254.55072810925122,348.34359761617867,93.79286950692745,0.08930806029501581,0.0,0.0,False
39,5,supervised,Supervised Regression (FullNet),254.55072810925122,305.3693443304452,50.81861622119396,0.04838866819461632,139.68479055244086,0.022793251040805443,True
39,5,cube,Inner Approx. (Cube),254.55072810925122,356.87744097420057,102.32671286494934,0.09743384854707636,0.0,0.0,False
39,5,power_energy,Outer Approx. (Power-Energy),254.55072810925122,107.87364886722429,-146.67707924202693,-0.13966355337786357,4233.293282306481,0.585125815032101,True
39,6,fullnet,Learned Polytope Approx. (FullNet),268.03040250176844,354.93145647935216,86.90105397758373,0.08199895921998897,0.0,0.0,False
39,6,supervised,Supervised Regression (FullNet),268.03040250176844,304.3890218820509,36.35861938028245,0.03430762702403966,395.57591587737875,0.06608270843348421,True
39,6,cube,Inner Approx. (Cube),268.03040250176844,365.6073726865153,97.57697018474687,0.09207264621960815,0.0,0.0,False
39,6,power_energy,Outer Approx. (Power-Energy),268.03040250176844,126.78005916710303,-141.2503433346654,-0.13328240122261764,3490.938883234237,0.4388136932967571,True
39,7,fullnet,Learned Polytope Approx. (FullNet),262.23575851087116,361.96248087547053,99.72672236459937,0.10081373547928708,0.0,0.0,False
39,7,supervised,Supervised Regression (FullNet),262.23575851087116,313.1871067291337,50.951348218262524,0.05150671374528532,257.532270112501,0.043004230360801865,True
39,7,cube,Inner Approx. (Cube),262.23575851087116,331.64328467080713,69.40752615993597,0.07016406251654106,0.0,0.0,False
39,7,power_energy,Outer Approx. (Power-Energy),262.23575851087116,122.8639685794068,-139.37178993146438,-0.14089093103909173,4213.352777787679,0.7357326116898376,True
39,8,fullnet,Learned Polytope Approx. (FullNet),281.2483246498382,385.7757674002759,104.52744275043773,0.10298748080763516,0.0,0.0,False
39,8,supervised,Supervised Regression (FullNet),281.2483246498382,324.81953014029887,43.57120549046067,0.042929287956731864,449.2910063967438,0.07753769320149667,True
39,8,cube,Inner Approx. (Cube),281.2483246498382,341.7081510483031,60.459826398464884,0.059569095416512334,0.0,0.0,False
39,8,power_energy,Outer Approx. (Power-Energy),281.2483246498382,150.1091894058198,-131.1391352440184,-0.12920711364113668,4730.2914267547985,0.8095884057286924,True
39,9,fullnet,Learned Polytope Approx. (FullNet),279.38439263586866,342.99858231553384,63.614189679665174,0.056049570445348,60.21613336097755,0.007654070910224928,True
39,9,supervised,Supervised Regression (FullNet),279.38439263586866,288.3886901835702,9.004297547701526,0.007933560299237743,449.2910063967438,0.07753769320149667,True
39,9,cube,Inner Approx. (Cube),279.38439263586866,373.34105835550076,93.9566657196321,0.0827839005822616,0.0,0.0,False
39,9,power_energy,Outer Approx. (Power-Energy),279.38439263586866,127.7260528055283,-151.65833983034037,-0.13362403647283133,2677.0632281924873,0.32244129524208665,True
