sample_id,price_id,price_scenario,method_id,method,true_cost,method_cost,cost_diff,normalized_cost_diff,abs_decomp_error,rel_decomp_error,is_decomp_failed
0,0,high,fullnet,Learned Polytope Approx. (FullNet),1599.174166,2196.259432,597.0852656,0.111970649,0,0,FALSE
0,0,high,supervised,Supervised Regression (FullNet),1599.174166,362.0224596,-1237.151706,-0.232001505,4827.323557,0.981487023,TRUE
0,0,high,cube,Inner Approx. (Cube),1599.174166,2033.182723,434.0085566,0.081389079,0,0,FALSE
0,0,high,power_energy,Outer Approx. (Power-Energy),1599.174166,725.4005882,-873.7735778,-0.163857661,3753.337299,0.501441974,TRUE
0,1,high,fullnet,Learned Polytope Approx. (FullNet),2602.629945,3139.127219,536.4972746,0.068227176,0,0,FALSE
0,1,high,supervised,Supervised Regression (FullNet),2602.629945,841.2124329,-1761.417512,-0.22400215,4770.743752,0.968754707,TRUE
0,1,high,cube,Inner Approx. (Cube),2602.629945,2733.443798,130.8138539,0.016635797,0,0,FALSE
0,1,high,power_energy,Outer Approx. (Power-Energy),2602.629945,1682.540162,-920.0897823,-0.11700922,3217.906413,0.354882175,TRUE
0,2,high,fullnet,Learned Polytope Approx. (FullNet),3543.496123,4609.422152,1065.926029,0.094628293,0,0,FALSE
0,2,high,supervised,Supervised Regression (FullNet),3543.496123,1289.687947,-2253.808176,-0.200083321,4772.536284,0.969115563,TRUE
0,2,high,cube,Inner Approx. (Cube),3543.496123,4212.383,668.8868765,0.059380878,0,0,FALSE
0,2,high,power_energy,Outer Approx. (Power-Energy),3543.496123,1900.072492,-1643.423631,-0.145896027,4369.210792,0.55920787,TRUE
0,3,high,fullnet,Learned Polytope Approx. (FullNet),4259.623138,5812.981585,1553.358448,0.096239424,0,0,FALSE
0,3,high,supervised,Supervised Regression (FullNet),4259.623138,1684.288088,-2575.335049,-0.159556709,4754.042466,0.965538768,TRUE
0,3,high,cube,Inner Approx. (Cube),4259.623138,5669.481866,1409.858729,0.087348797,0,0,FALSE
0,3,high,power_energy,Outer Approx. (Power-Energy),4259.623138,2144.959274,-2114.663864,-0.131015499,5584.579882,0.776436899,TRUE
0,4,high,fullnet,Learned Polytope Approx. (FullNet),2938.393924,4028.596521,1090.202597,0.104234268,0,0,FALSE
0,4,high,supervised,Supervised Regression (FullNet),2938.393924,1724.995585,-1213.398339,-0.116013013,4770.743752,0.968754707,TRUE
0,4,high,cube,Inner Approx. (Cube),2938.393924,3596.660957,658.2670326,0.06293691,0,0,FALSE
0,4,high,power_energy,Outer Approx. (Power-Energy),2938.393924,1204.439316,-1733.954608,-0.165783397,4835.189213,0.753304476,TRUE
0,5,high,fullnet,Learned Polytope Approx. (FullNet),2059.307888,2722.001129,662.6932403,0.102831089,0,0,FALSE
0,5,high,supervised,Supervised Regression (FullNet),2059.307888,1008.807997,-1050.499891,-0.163007619,4776.054981,0.969841356,TRUE
0,5,high,cube,Inner Approx. (Cube),2059.307888,2315.123051,255.8151627,0.039695216,0,0,FALSE
0,5,high,power_energy,Outer Approx. (Power-Energy),2059.307888,1047.176953,-1012.130935,-0.157053851,4824.176638,0.752068125,TRUE
0,6,high,fullnet,Learned Polytope Approx. (FullNet),1887.724369,2423.462914,535.7385444,0.088377899,0,0,FALSE
0,6,high,supervised,Supervised Regression (FullNet),1887.724369,770.3189573,-1117.405412,-0.184332346,4757.065028,0.96615742,TRUE
0,6,high,cube,Inner Approx. (Cube),1887.724369,2129.34527,241.6209011,0.039858897,0,0,FALSE
0,6,high,power_energy,Outer Approx. (Power-Energy),1887.724369,1095.822049,-791.9023204,-0.130635856,4589.351979,0.582463351,TRUE
0,7,high,fullnet,Learned Polytope Approx. (FullNet),2096.515274,2680.383033,583.8677589,0.089159372,0,0,FALSE
0,7,high,supervised,Supervised Regression (FullNet),2096.515274,859.6747863,-1236.840487,-0.188871399,4757.065028,0.96615742,TRUE
0,7,high,cube,Inner Approx. (Cube),2096.515274,2270.081577,173.5663033,0.026504396,0,0,FALSE
0,7,high,power_energy,Outer Approx. (Power-Energy),2096.515274,1282.96411,-813.5511638,-0.124233115,4214.870121,0.643958187,TRUE
0,8,high,fullnet,Learned Polytope Approx. (FullNet),1261.138455,1703.699082,442.5606268,0.100972536,0,0,FALSE
0,8,high,supervised,Supervised Regression (FullNet),1261.138455,782.8306294,-478.3078255,-0.109128448,4037.468868,0.733340539,TRUE
0,8,high,cube,Inner Approx. (Cube),1261.138455,1457.315395,196.1769405,0.044758801,0,0,FALSE
0,8,high,power_energy,Outer Approx. (Power-Energy),1261.138455,539.9767312,-721.1617237,-0.164536843,4787.016638,0.733075301,TRUE
0,9,high,fullnet,Learned Polytope Approx. (FullNet),1340.318425,1893.56763,553.2492051,0.112415782,0,0,FALSE
0,9,high,supervised,Supervised Regression (FullNet),1340.318425,894.3178892,-446.0005354,-0.090623716,4117.239875,0.773134768,TRUE
0,9,high,cube,Inner Approx. (Cube),1340.318425,1650.954039,310.6356147,0.063118655,0,0,FALSE
0,9,high,power_energy,Outer Approx. (Power-Energy),1340.318425,550.0849602,-790.2334643,-0.160569075,4823.893132,0.796043982,TRUE
0,10,high,fullnet,Learned Polytope Approx. (FullNet),970.5662957,1254.882156,284.3158599,0.092663152,0,0,FALSE
0,10,high,supervised,Supervised Regression (FullNet),970.5662957,365.8217541,-604.7445416,-0.197096058,4779.311654,0.970556428,TRUE
0,10,high,cube,Inner Approx. (Cube),970.5662957,1112.084507,141.5182109,0.046123081,0,0,FALSE
0,10,high,power_energy,Outer Approx. (Power-Energy),970.5662957,530.5489558,-440.0173399,-0.143408791,4378.829937,0.556112252,TRUE
0,11,high,fullnet,Learned Polytope Approx. (FullNet),838.563163,1162.946801,324.3836383,0.114401697,0,0,FALSE
0,11,high,supervised,Supervised Regression (FullNet),838.563163,277.2544799,-561.308683,-0.197959016,4713.564983,0.914152183,TRUE
0,11,high,cube,Inner Approx. (Cube),838.563163,1159.761286,321.1981226,0.113278248,0,0,FALSE
0,11,high,power_energy,Outer Approx. (Power-Energy),838.563163,374.2092165,-464.3539464,-0.163765594,4098.700513,0.520535761,TRUE
0,12,high,fullnet,Learned Polytope Approx. (FullNet),1133.28219,1510.891786,377.6095964,0.107494529,0,0,FALSE
0,12,high,supervised,Supervised Regression (FullNet),1133.28219,688.3408049,-444.941385,-0.126661942,4774.411144,0.969510206,TRUE
0,12,high,cube,Inner Approx. (Cube),1133.28219,1215.245165,81.96297461,0.023332488,0,0,FALSE
0,12,high,power_energy,Outer Approx. (Power-Energy),1133.28219,579.6569189,-553.625271,-0.1576011,4810.754168,0.777738093,TRUE
0,13,high,fullnet,Learned Polytope Approx. (FullNet),922.8765952,1292.430538,369.5539426,0.108337659,0,0,FALSE
0,13,high,supervised,Supervised Regression (FullNet),922.8765952,543.0763528,-379.8002424,-0.111341443,4753.724237,0.965474162,TRUE
0,13,high,cube,Inner Approx. (Cube),922.8765952,1121.665397,198.7888023,0.058276508,0,0,FALSE
0,13,high,power_energy,Outer Approx. (Power-Energy),922.8765952,479.2523616,-443.6242336,-0.13005195,4062.223383,0.657634984,TRUE
0,14,high,fullnet,Learned Polytope Approx. (FullNet),628.9650352,1027.506531,398.541496,0.112152356,0,0,FALSE
0,14,high,supervised,Supervised Regression (FullNet),628.9650352,-35.17146967,-664.1365049,-0.186892643,4699.239227,0.941200677,TRUE
0,14,high,cube,Inner Approx. (Cube),628.9650352,1518.55333,889.5882952,0.250336349,0,0,FALSE
0,14,high,power_energy,Outer Approx. (Power-Energy),628.9650352,23.78962688,-605.1754083,-0.17030058,3567.913854,0.482429258,TRUE
1,0,high,fullnet,Learned Polytope Approx. (FullNet),1103.315879,1708.147101,604.831222,0.114196954,0,0,FALSE
1,0,high,supervised,Supervised Regression (FullNet),1103.315879,-26.85877731,-1130.174656,-0.21338598,4585.430948,1.125565103,TRUE
1,0,high,cube,Inner Approx. (Cube),1103.315879,1553.052105,449.7362258,0.084913783,0,0,FALSE
1,0,high,power_energy,Outer Approx. (Power-Energy),1103.315879,229.9060332,-873.4098458,-0.164906738,3830.113853,0.554142237,TRUE
1,1,high,fullnet,Learned Polytope Approx. (FullNet),1898.364998,2343.739125,445.3741263,0.056659187,403.0037806,0.045553758,TRUE
1,1,high,supervised,Supervised Regression (FullNet),1898.364998,264.8247856,-1633.540213,-0.207814184,4126.613454,0.989602072,TRUE
1,1,high,cube,Inner Approx. (Cube),1898.364998,2134.82742,236.4624221,0.030082054,0,0,FALSE
1,1,high,power_energy,Outer Approx. (Power-Energy),1898.364998,947.8567684,-950.5082299,-0.120920863,3129.784009,0.387977267,TRUE
1,2,high,fullnet,Learned Polytope Approx. (FullNet),2458.567329,3493.016415,1034.449086,0.092186182,0,0,FALSE
1,2,high,supervised,Supervised Regression (FullNet),2458.567329,270.1520894,-2188.415239,-0.195023272,4586.357003,1.09883787,TRUE
1,2,high,cube,Inner Approx. (Cube),2458.567329,3142.022815,683.4554864,0.060906963,0,0,FALSE
1,2,high,power_energy,Outer Approx. (Power-Energy),2458.567329,932.6683421,-1525.898987,-0.135982334,3780.852335,0.505847357,TRUE
1,3,high,fullnet,Learned Polytope Approx. (FullNet),2888.338548,4094.815536,1206.476988,0.073791816,0,0,FALSE
1,3,high,supervised,Supervised Regression (FullNet),2888.338548,222.0370934,-2666.301455,-0.163079138,4522.129746,1.082236222,TRUE
1,3,high,cube,Inner Approx. (Cube),2888.338548,4301.753807,1413.415259,0.086448793,0,0,FALSE
1,3,high,power_energy,Outer Approx. (Power-Energy),2888.338548,796.1869692,-2092.151579,-0.127962379,4273.806535,0.642767604,TRUE
1,4,high,fullnet,Learned Polytope Approx. (FullNet),1849.106355,2936.297826,1087.19147,0.103309567,0,0,FALSE
1,4,high,supervised,Supervised Regression (FullNet),1849.106355,665.0832154,-1184.02314,-0.112510925,4498.997655,1.076697761,TRUE
1,4,high,cube,Inner Approx. (Cube),1849.106355,2646.597837,797.4914814,0.075781039,0,0,FALSE
1,4,high,power_energy,Outer Approx. (Power-Energy),1849.106355,370.6248581,-1478.481497,-0.140491613,3926.854634,0.702155629,TRUE
1,5,high,fullnet,Learned Polytope Approx. (FullNet),1416.274067,2085.568136,669.2940696,0.103871461,0,0,FALSE
1,5,high,supervised,Supervised Regression (FullNet),1416.274067,418.7613802,-997.5126866,-0.15480953,4521.694305,1.08212175,TRUE
1,5,high,cube,Inner Approx. (Cube),1416.274067,1683.52887,267.2548036,0.041476756,0,0,FALSE
1,5,high,power_energy,Outer Approx. (Power-Energy),1416.274067,505.3295861,-910.9444807,-0.141374529,3918.709272,0.724837477,TRUE
1,6,high,fullnet,Learned Polytope Approx. (FullNet),1327.810856,1818.835306,491.0244497,0.080753023,204.7449518,0.023642817,TRUE
1,6,high,supervised,Supervised Regression (FullNet),1327.810856,255.6444979,-1072.166358,-0.176326606,4522.129746,1.082236222,TRUE
1,6,high,cube,Inner Approx. (Cube),1327.810856,1594.588171,266.7773145,0.043873731,0,0,FALSE
1,6,high,power_energy,Outer Approx. (Power-Energy),1327.810856,538.7340529,-789.0768034,-0.129770192,4013.139944,0.603564135,TRUE
1,7,high,fullnet,Learned Polytope Approx. (FullNet),1472.433795,2026.904312,554.4705172,0.084565845,0,0,FALSE
1,7,high,supervised,Supervised Regression (FullNet),1472.433795,324.3012302,-1148.132565,-0.175109041,4470.749646,1.070311421,TRUE
1,7,high,cube,Inner Approx. (Cube),1472.433795,1730.175741,257.7419457,0.039309873,0,0,FALSE
1,7,high,power_energy,Outer Approx. (Power-Energy),1472.433795,678.7319258,-793.7018694,-0.121052549,3324.077676,0.532778116,TRUE
1,8,high,fullnet,Learned Polytope Approx. (FullNet),784.8464575,1212.39579,427.5493328,0.0971206,0,0,FALSE
1,8,high,supervised,Supervised Regression (FullNet),784.8464575,340.4013285,-444.4451291,-0.10095859,4116.343521,0.986552497,TRUE
1,8,high,cube,Inner Approx. (Cube),784.8464575,1078.692255,293.8457975,0.066748976,0,0,FALSE
1,8,high,power_energy,Outer Approx. (Power-Energy),784.8464575,162.9101314,-621.9363261,-0.141276865,3932.561465,0.631508146,TRUE
1,9,high,fullnet,Learned Polytope Approx. (FullNet),816.5924497,1330.29181,513.6993599,0.103475983,0,0,FALSE
1,9,high,supervised,Supervised Regression (FullNet),816.5924497,399.8525022,-416.7399474,-0.083945162,4424.554694,1.074051003,TRUE
1,9,high,cube,Inner Approx. (Cube),816.5924497,1198.077658,381.4852086,0.076843695,0,0,FALSE
1,9,high,power_energy,Outer Approx. (Power-Energy),816.5924497,153.2845919,-663.3078577,-0.133612066,3918.709272,0.724837477,TRUE
1,10,high,fullnet,Learned Polytope Approx. (FullNet),687.109916,954.1059815,266.9960654,0.08698105,10.78435817,0.001291684,TRUE
1,10,high,supervised,Supervised Regression (FullNet),687.109916,92.82943235,-594.2804837,-0.193602631,4597.902408,1.101598037,TRUE
1,10,high,cube,Inner Approx. (Cube),687.109916,831.7765789,144.6666628,0.047129003,0,0,FALSE
1,10,high,power_energy,Outer Approx. (Power-Energy),687.109916,270.2975623,-416.8123537,-0.13578768,3663.904577,0.547137932,TRUE
1,11,high,fullnet,Learned Polytope Approx. (FullNet),534.5786733,840.2192006,305.6405273,0.109211756,0,0,FALSE
1,11,high,supervised,Supervised Regression (FullNet),534.5786733,13.26487246,-521.3138008,-0.186276329,4585.430948,1.125565103,TRUE
1,11,high,cube,Inner Approx. (Cube),534.5786733,836.2888692,301.7101959,0.107807366,0,0,FALSE
1,11,high,power_energy,Outer Approx. (Power-Energy),534.5786733,176.0241034,-358.5545699,-0.12811905,3538.525318,0.516330004,TRUE
1,12,high,fullnet,Learned Polytope Approx. (FullNet),760.443287,1133.268333,372.8250459,0.106177455,0,0,FALSE
1,12,high,supervised,Supervised Regression (FullNet),760.443287,344.4871236,-415.9561635,-0.118460837,4109.397314,0.985893669,TRUE
1,12,high,cube,Inner Approx. (Cube),760.443287,880.9992326,120.5559456,0.034333325,0,0,FALSE
1,12,high,power_energy,Outer Approx. (Power-Energy),760.443287,280.5396724,-479.9036147,-0.136672536,3907.708626,0.748615893,TRUE
1,13,high,fullnet,Learned Polytope Approx. (FullNet),580.9491129,894.3165324,313.3674195,0.091044451,0,0,FALSE
1,13,high,supervised,Supervised Regression (FullNet),580.9491129,215.605791,-365.3433219,-0.10614531,4458.820128,1.067848247,TRUE
1,13,high,cube,Inner Approx. (Cube),580.9491129,826.1054805,245.1563676,0.071226699,0,0,FALSE
1,13,high,power_energy,Outer Approx. (Power-Energy),580.9491129,174.6438207,-406.3052922,-0.118046229,3918.709272,0.647410343,TRUE
1,14,high,fullnet,Learned Polytope Approx. (FullNet),285.7230356,608.5965929,322.8735572,0.092885054,0,0,FALSE
1,14,high,supervised,Supervised Regression (FullNet),285.7230356,-133.6022974,-419.325333,-0.120632537,4596.38043,1.128252083,TRUE
1,14,high,cube,Inner Approx. (Cube),285.7230356,1250.227225,964.5041896,0.277470923,0,0,FALSE
1,14,high,power_energy,Outer Approx. (Power-Energy),285.7230356,-167.2724407,-452.9954764,-0.130318846,3636.087399,0.526187363,TRUE
2,0,high,fullnet,Learned Polytope Approx. (FullNet),1528.510142,2108.639861,580.1297193,0.111509379,0,0,FALSE
2,0,high,supervised,Supervised Regression (FullNet),1528.510142,464.313765,-1064.196377,-0.204554038,4355.653311,0.759015781,TRUE
2,0,high,cube,Inner Approx. (Cube),1528.510142,1936.391294,407.8811519,0.078400696,0,0,FALSE
2,0,high,power_energy,Outer Approx. (Power-Energy),1528.510142,555.1888842,-973.3212576,-0.187086517,3983.708391,0.538339175,TRUE
2,1,high,fullnet,Learned Polytope Approx. (FullNet),2476.931558,2929.074656,452.1430985,0.058617802,0,0,FALSE
2,1,high,supervised,Supervised Regression (FullNet),2476.931558,882.0602078,-1594.87135,-0.206766074,4278.54121,0.750226967,TRUE
2,1,high,cube,Inner Approx. (Cube),2476.931558,2608.685995,131.7544375,0.01708122,0,0,FALSE
2,1,high,power_energy,Outer Approx. (Power-Energy),2476.931558,1422.663436,-1054.268122,-0.136679915,3596.737232,0.38955469,TRUE
2,2,high,fullnet,Learned Polytope Approx. (FullNet),3379.393644,4373.170558,993.7769144,0.090135666,0,0,FALSE
2,2,high,supervised,Supervised Regression (FullNet),3379.393644,1463.404257,-1915.989387,-0.173780429,4283.840455,0.751176908,TRUE
2,2,high,cube,Inner Approx. (Cube),3379.393644,4024.617562,645.2239182,0.058521874,0,0,FALSE
2,2,high,power_energy,Outer Approx. (Power-Energy),3379.393644,1562.48598,-1816.907663,-0.164793707,4459.090271,0.569022335,TRUE
2,3,high,fullnet,Learned Polytope Approx. (FullNet),3975.13527,5444.456398,1469.321127,0.091834811,0,0,FALSE
2,3,high,supervised,Supervised Regression (FullNet),3975.13527,1653.493049,-2321.642222,-0.145106179,4227.767926,0.721749725,TRUE
2,3,high,cube,Inner Approx. (Cube),3975.13527,5537.693182,1562.557911,0.097662252,0,0,FALSE
2,3,high,power_energy,Outer Approx. (Power-Energy),3975.13527,1580.364412,-2394.770858,-0.14967683,5539.932948,0.78561829,TRUE
2,4,high,fullnet,Learned Polytope Approx. (FullNet),2777.655979,3835.210496,1057.554517,0.10239418,0,0,FALSE
2,4,high,supervised,Supervised Regression (FullNet),2777.655979,1748.202249,-1029.453729,-0.099673415,4097.89187,0.696118054,TRUE
2,4,high,cube,Inner Approx. (Cube),2777.655979,3464.483009,686.8270303,0.06649973,0,0,FALSE
2,4,high,power_energy,Outer Approx. (Power-Energy),2777.655979,890.3387187,-1887.31726,-0.182733182,4747.287961,0.760571495,TRUE
2,5,high,fullnet,Learned Polytope Approx. (FullNet),1964.239283,2585.531302,621.2920188,0.098148575,0,0,FALSE
2,5,high,supervised,Supervised Regression (FullNet),1964.239283,1103.513872,-860.7254109,-0.135973053,4226.148496,0.721473248,TRUE
2,5,high,cube,Inner Approx. (Cube),1964.239283,2212.841425,248.6021424,0.039272911,0,0,FALSE
2,5,high,power_energy,Outer Approx. (Power-Energy),1964.239283,855.8064156,-1108.432867,-0.175104626,4735.948043,0.770124538,TRUE
2,6,high,fullnet,Learned Polytope Approx. (FullNet),1791.313231,2288.850622,497.5373915,0.083395013,0,0,FALSE
2,6,high,supervised,Supervised Regression (FullNet),1791.313231,822.3940894,-968.9191415,-0.162405934,4226.398286,0.721515867,TRUE
2,6,high,cube,Inner Approx. (Cube),1791.313231,2039.779584,248.4663532,0.041646829,0,0,FALSE
2,6,high,power_energy,Outer Approx. (Power-Energy),1791.313231,899.8127784,-891.5004526,-0.149429356,4664.849572,0.596353017,TRUE
2,7,high,fullnet,Learned Polytope Approx. (FullNet),1994.048514,2524.691547,530.6430331,0.082456993,0,0,FALSE
2,7,high,supervised,Supervised Regression (FullNet),1994.048514,908.5595034,-1085.48901,-0.168674899,4282.467086,0.750936049,TRUE
2,7,high,cube,Inner Approx. (Cube),1994.048514,2172.097523,178.049009,0.027667161,0,0,FALSE
2,7,high,power_energy,Outer Approx. (Power-Energy),1994.048514,1076.354852,-917.6936619,-0.142601062,4290.213955,0.661217189,TRUE
2,8,high,fullnet,Learned Polytope Approx. (FullNet),1197.725117,1613.073322,415.3482044,0.09610701,0,0,FALSE
2,8,high,supervised,Supervised Regression (FullNet),1197.725117,800.9431343,-396.781983,-0.091810991,3822.13091,0.607115394,TRUE
2,8,high,cube,Inner Approx. (Cube),1197.725117,1400.546501,202.8213836,0.046930639,0,0,FALSE
2,8,high,power_energy,Outer Approx. (Power-Energy),1197.725117,411.5611937,-786.1639236,-0.181909693,4804.294564,0.742679141,TRUE
2,9,high,fullnet,Learned Polytope Approx. (FullNet),1264.269859,1787.951175,523.681316,0.107469066,0,0,FALSE
2,9,high,supervised,Supervised Regression (FullNet),1264.269859,893.5902974,-370.6795611,-0.076070284,3393.319563,0.501763019,TRUE
2,9,high,cube,Inner Approx. (Cube),1264.269859,1599.203362,334.9335032,0.068734533,0,0,FALSE
2,9,high,power_energy,Outer Approx. (Power-Energy),1264.269859,401.6498689,-862.6199896,-0.177025534,4735.948043,0.80501888,TRUE
2,10,high,fullnet,Learned Polytope Approx. (FullNet),923.9675248,1187.116721,263.1491967,0.087339332,0,0,FALSE
2,10,high,supervised,Supervised Regression (FullNet),923.9675248,403.9400953,-520.0274294,-0.172597329,4288.529354,0.751978423,TRUE
2,10,high,cube,Inner Approx. (Cube),923.9675248,1067.640311,143.6727866,0.04768506,0,0,FALSE
2,10,high,power_energy,Outer Approx. (Power-Energy),923.9675248,433.7984598,-490.169065,-0.162687325,4522.902834,0.574330662,TRUE
2,11,high,fullnet,Learned Polytope Approx. (FullNet),804.4658712,1106.959537,302.4936661,0.109796784,0,0,FALSE
2,11,high,supervised,Supervised Regression (FullNet),804.4658712,379.5781677,-424.8877035,-0.154222414,3822.938991,0.602610686,TRUE
2,11,high,cube,Inner Approx. (Cube),804.4658712,1102.609628,298.1437572,0.108217888,0,0,FALSE
2,11,high,power_energy,Outer Approx. (Power-Energy),804.4658712,303.0836274,-501.3822438,-0.181987803,4320.554627,0.548635929,TRUE
2,12,high,fullnet,Learned Polytope Approx. (FullNet),1086.529984,1426.764579,340.2345956,0.098524473,0,0,FALSE
2,12,high,supervised,Supervised Regression (FullNet),1086.529984,741.7260025,-344.8039814,-0.099847667,4093.263656,0.695313109,TRUE
2,12,high,cube,Inner Approx. (Cube),1086.529984,1165.723282,79.19329788,0.022932641,0,0,FALSE
2,12,high,power_energy,Outer Approx. (Power-Energy),1086.529984,482.5251015,-604.0048824,-0.174906561,4722.80908,0.797689499,TRUE
2,13,high,fullnet,Learned Polytope Approx. (FullNet),866.9029483,1198.042728,331.1397801,0.098068908,0,0,FALSE
2,13,high,supervised,Supervised Regression (FullNet),866.9029483,540.0795098,-326.8234386,-0.096790599,4227.396577,0.721686384,TRUE
2,13,high,cube,Inner Approx. (Cube),866.9029483,1078.237728,211.33478,0.062587983,0,0,FALSE
2,13,high,power_energy,Outer Approx. (Power-Energy),866.9029483,365.6594844,-501.2434639,-0.14844607,4137.567217,0.676479604,TRUE
2,14,high,fullnet,Learned Polytope Approx. (FullNet),596.4474918,1003.505031,407.0575395,0.119302662,0,0,FALSE
2,14,high,supervised,Supervised Regression (FullNet),596.4474918,-17.69102558,-614.1385173,-0.179995094,4238.29865,0.725610882,TRUE
2,14,high,cube,Inner Approx. (Cube),596.4474918,1397.844048,801.3965561,0.234877709,0,0,FALSE
2,14,high,power_energy,Outer Approx. (Power-Energy),596.4474918,-73.24366179,-669.6911536,-0.196276766,4019.129635,0.514898086,TRUE
3,0,high,fullnet,Learned Polytope Approx. (FullNet),1570.074464,2131.597279,561.5228145,0.111938078,0,0,FALSE
3,0,high,supervised,Supervised Regression (FullNet),1570.074464,430.5650956,-1139.509369,-0.227158158,4443.173166,0.880650069,TRUE
3,0,high,cube,Inner Approx. (Cube),1570.074464,1975.698713,405.6242484,0.080860114,0,0,FALSE
3,0,high,power_energy,Outer Approx. (Power-Energy),1570.074464,715.5972219,-854.4772422,-0.170337763,3906.470213,0.534706191,TRUE
3,1,high,fullnet,Learned Polytope Approx. (FullNet),2536.737139,3000.175457,463.4383184,0.062474797,0,0,FALSE
3,1,high,supervised,Supervised Regression (FullNet),2536.737139,927.6751576,-1609.061981,-0.216913053,4388.851138,0.873397974,TRUE
3,1,high,cube,Inner Approx. (Cube),2536.737139,2663.619612,126.8824729,0.017104664,0,0,FALSE
3,1,high,power_energy,Outer Approx. (Power-Energy),2536.737139,1645.670764,-891.0663755,-0.120122115,3134.14175,0.354497578,TRUE
3,2,high,fullnet,Learned Polytope Approx. (FullNet),3470.99323,4464.384495,993.391265,0.093522628,0,0,FALSE
3,2,high,supervised,Supervised Regression (FullNet),3470.99323,1453.790335,-2017.202895,-0.189909175,4392.382601,0.87409364,TRUE
3,2,high,cube,Inner Approx. (Cube),3470.99323,4081.262089,610.268859,0.057453643,0,0,FALSE
3,2,high,power_energy,Outer Approx. (Power-Energy),3470.99323,1869.035442,-1601.957788,-0.150816005,4119.830677,0.541613058,TRUE
3,3,high,fullnet,Learned Polytope Approx. (FullNet),4167.259383,5623.201118,1455.941734,0.095165049,0,0,FALSE
3,3,high,supervised,Supervised Regression (FullNet),4167.259383,1926.67235,-2240.587034,-0.146451997,4364.606879,0.858898631,TRUE
3,3,high,cube,Inner Approx. (Cube),4167.259383,5558.938662,1391.679279,0.090964647,0,0,FALSE
3,3,high,power_energy,Outer Approx. (Power-Energy),4167.259383,2116.480357,-2050.779027,-0.134045533,5168.117742,0.736131129,TRUE
3,4,high,fullnet,Learned Polytope Approx. (FullNet),2892.057256,3921.259185,1029.201929,0.103645028,0,0,FALSE
3,4,high,supervised,Supervised Regression (FullNet),2892.057256,1888.759937,-1003.297319,-0.101036323,3903.692951,0.702134873,TRUE
3,4,high,cube,Inner Approx. (Cube),2892.057256,3501.121003,609.0637472,0.061335319,0,0,FALSE
3,4,high,power_energy,Outer Approx. (Power-Energy),2892.057256,1197.315769,-1694.741487,-0.170667702,4818.741713,0.772243746,TRUE
3,5,high,fullnet,Learned Polytope Approx. (FullNet),2022.868816,2648.011121,625.1423045,0.102362595,0,0,FALSE
3,5,high,supervised,Supervised Regression (FullNet),2022.868816,1107.804805,-915.0640112,-0.149835208,4314.566773,0.85616027,TRUE
3,5,high,cube,Inner Approx. (Cube),2022.868816,2249.436727,226.56791,0.03709888,0,0,FALSE
3,5,high,power_energy,Outer Approx. (Power-Energy),2022.868816,1036.758258,-986.1105582,-0.161468573,4810.9449,0.767637353,TRUE
3,6,high,fullnet,Learned Polytope Approx. (FullNet),1849.020341,2356.259446,507.2391044,0.088377234,0,0,FALSE
3,6,high,supervised,Supervised Regression (FullNet),1849.020341,855.9001146,-993.1202266,-0.173033226,4396.005812,0.874818331,TRUE
3,6,high,cube,Inner Approx. (Cube),1849.020341,2076.782286,227.7619445,0.039683397,0,0,FALSE
3,6,high,power_energy,Outer Approx. (Power-Energy),1849.020341,1084.84157,-764.1787717,-0.133144321,4441.584014,0.57771474,TRUE
3,7,high,fullnet,Learned Polytope Approx. (FullNet),2051.324726,2595.720514,544.3957877,0.087912437,0,0,FALSE
3,7,high,supervised,Supervised Regression (FullNet),2051.324726,944.4606217,-1106.864105,-0.178743339,4396.005812,0.874818331,TRUE
3,7,high,cube,Inner Approx. (Cube),2051.324726,2210.429762,159.1050354,0.025693276,0,0,FALSE
3,7,high,power_energy,Outer Approx. (Power-Energy),2051.324726,1267.496087,-783.8286396,-0.126577552,3949.3251,0.62155361,TRUE
3,8,high,fullnet,Learned Polytope Approx. (FullNet),1242.704468,1661.050293,418.3458246,0.100472402,0,0,FALSE
3,8,high,supervised,Supervised Regression (FullNet),1242.704468,842.555855,-400.148613,-0.096102053,3160.259378,0.525059693,TRUE
3,8,high,cube,Inner Approx. (Cube),1242.704468,1421.52298,178.8185117,0.042946109,0,0,FALSE
3,8,high,power_energy,Outer Approx. (Power-Energy),1242.704468,543.102638,-699.60183,-0.168020505,4597.480811,0.725404432,TRUE
3,9,high,fullnet,Learned Polytope Approx. (FullNet),1320.476739,1841.284234,520.8074944,0.111094392,0,0,FALSE
3,9,high,supervised,Supervised Regression (FullNet),1320.476739,952.2843552,-368.1923841,-0.078539786,3489.483043,0.579101112,TRUE
3,9,high,cube,Inner Approx. (Cube),1320.476739,1610.594348,290.1176086,0.061885514,0,0,FALSE
3,9,high,power_energy,Outer Approx. (Power-Energy),1320.476739,550.0773384,-770.3994009,-0.164335295,4807.465184,0.817446752,TRUE
3,10,high,fullnet,Learned Polytope Approx. (FullNet),950.8548191,1219.690916,268.8360973,0.09265401,0,0,FALSE
3,10,high,supervised,Supervised Regression (FullNet),950.8548191,407.6882168,-543.1666023,-0.18720166,4397.413191,0.875148461,TRUE
3,10,high,cube,Inner Approx. (Cube),950.8548191,1085.379698,134.5248792,0.046363824,0,0,FALSE
3,10,high,power_energy,Outer Approx. (Power-Energy),950.8548191,523.0799652,-427.7748539,-0.147432045,4291.58404,0.558571398,TRUE
3,11,high,fullnet,Learned Polytope Approx. (FullNet),822.4056975,1116.974302,294.5686041,0.110385419,0,0,FALSE
3,11,high,supervised,Supervised Regression (FullNet),822.4056975,321.3192265,-501.086471,-0.18777507,3900.405546,0.669990289,TRUE
3,11,high,cube,Inner Approx. (Cube),822.4056975,1118.05469,295.6489921,0.110790279,0,0,FALSE
3,11,high,power_energy,Outer Approx. (Power-Energy),822.4056975,366.3000496,-456.1056479,-0.170919142,4135.704481,0.538282884,TRUE
3,12,high,fullnet,Learned Polytope Approx. (FullNet),1115.523093,1465.153854,349.6307611,0.104782132,0,0,FALSE
3,12,high,supervised,Supervised Regression (FullNet),1115.523093,740.1716327,-375.3514603,-0.112490463,4311.281509,0.855519168,TRUE
3,12,high,cube,Inner Approx. (Cube),1115.523093,1182.085776,66.5626835,0.019948416,0,0,FALSE
3,12,high,power_energy,Outer Approx. (Power-Energy),1115.523093,575.1585445,-540.3645485,-0.161943844,4795.915576,0.794257974,TRUE
3,13,high,fullnet,Learned Polytope Approx. (FullNet),906.3279441,1247.591277,341.2633327,0.105064582,0,0,FALSE
3,13,high,supervised,Supervised Regression (FullNet),906.3279441,596.4934611,-309.834483,-0.095388597,4364.168763,0.858812862,TRUE
3,13,high,cube,Inner Approx. (Cube),906.3279441,1098.34198,192.0140356,0.059115271,0,0,FALSE
3,13,high,power_energy,Outer Approx. (Power-Energy),906.3279441,475.7016873,-430.6262568,-0.132576704,3796.810124,0.634285923,TRUE
3,14,high,fullnet,Learned Polytope Approx. (FullNet),623.6130892,1007.372891,383.759802,0.116393454,0,0,FALSE
3,14,high,supervised,Supervised Regression (FullNet),623.6130892,-17.18809358,-640.8011828,-0.194353506,4307.802813,0.813916427,TRUE
3,14,high,cube,Inner Approx. (Cube),623.6130892,1429.782368,806.1692787,0.244509264,0,0,FALSE
3,14,high,power_energy,Outer Approx. (Power-Energy),623.6130892,24.95883655,-598.6542527,-0.18157044,3504.875697,0.49321018,TRUE
4,0,high,fullnet,Learned Polytope Approx. (FullNet),1009.660263,1636.289275,626.6290113,0.123320423,0,0,FALSE
4,0,high,supervised,Supervised Regression (FullNet),1009.660263,-17.2243807,-1026.884644,-0.202090624,4130.244067,0.997458372,TRUE
4,0,high,cube,Inner Approx. (Cube),1009.660263,1438.670966,429.0107024,0.084429192,0,0,FALSE
4,0,high,power_energy,Outer Approx. (Power-Energy),1009.660263,154.7790921,-854.8811714,-0.168240387,3805.214374,0.575647757,TRUE
4,1,high,fullnet,Learned Polytope Approx. (FullNet),1732.220992,2265.630749,533.409757,0.070750519,243.8978247,0.027863841,TRUE
4,1,high,supervised,Supervised Regression (FullNet),1732.220992,278.5218786,-1453.699113,-0.192816058,3675.298009,0.871054276,TRUE
4,1,high,cube,Inner Approx. (Cube),1732.220992,1961.09329,228.8722984,0.030357214,0,0,FALSE
4,1,high,power_energy,Outer Approx. (Power-Energy),1732.220992,808.5541136,-923.6668785,-0.122513528,3081.302191,0.394191745,TRUE
4,2,high,fullnet,Learned Polytope Approx. (FullNet),2262.486416,3358.139296,1095.65288,0.10148482,0,0,FALSE
4,2,high,supervised,Supervised Regression (FullNet),2262.486416,303.9095835,-1958.576833,-0.181413129,4128.429769,0.977519841,TRUE
4,2,high,cube,Inner Approx. (Cube),2262.486416,2917.375824,654.8894077,0.060659115,0,0,FALSE
4,2,high,power_energy,Outer Approx. (Power-Energy),2262.486416,767.9793579,-1494.507058,-0.138428678,3727.472108,0.518075955,TRUE
4,3,high,fullnet,Learned Polytope Approx. (FullNet),2621.950119,3929.543866,1307.593748,0.083414601,0,0,FALSE
4,3,high,supervised,Supervised Regression (FullNet),2621.950119,258.1789715,-2363.771147,-0.150790739,4070.870266,0.962806549,TRUE
4,3,high,cube,Inner Approx. (Cube),2621.950119,3946.432758,1324.482639,0.084491985,0,0,FALSE
4,3,high,power_energy,Outer Approx. (Power-Energy),2621.950119,577.4029066,-2044.547212,-0.130426664,4206.642847,0.663057357,TRUE
4,4,high,fullnet,Learned Polytope Approx. (FullNet),1707.163255,2810.15699,1102.993735,0.108817387,0,0,FALSE
4,4,high,supervised,Supervised Regression (FullNet),1707.163255,686.7300288,-1020.433226,-0.100672264,4050.928166,0.958089789,TRUE
4,4,high,cube,Inner Approx. (Cube),1707.163255,2455.01333,747.8500758,0.073780193,0,0,FALSE
4,4,high,power_energy,Outer Approx. (Power-Energy),1707.163255,255.6829864,-1451.480268,-0.143197812,3895.947092,0.731761247,TRUE
4,5,high,fullnet,Learned Polytope Approx. (FullNet),1316.00495,2012.459657,696.4547064,0.112148148,0,0,FALSE
4,5,high,supervised,Supervised Regression (FullNet),1316.00495,438.8360015,-877.1689487,-0.141248056,4070.326842,0.962660492,TRUE
4,5,high,cube,Inner Approx. (Cube),1316.00495,1566.771421,250.7664713,0.040380222,0,0,FALSE
4,5,high,power_energy,Outer Approx. (Power-Energy),1316.00495,421.9634239,-894.0415263,-0.143965,3887.801731,0.756701622,TRUE
4,6,high,fullnet,Learned Polytope Approx. (FullNet),1221.695839,1762.613501,540.9176619,0.092550358,0,0,FALSE
4,6,high,supervised,Supervised Regression (FullNet),1221.695839,271.0133071,-950.6825323,-0.162660631,4070.870266,0.962806549,TRUE
4,6,high,cube,Inner Approx. (Cube),1221.695839,1473.104038,251.4081989,0.043015639,0,0,FALSE
4,6,high,power_energy,Outer Approx. (Power-Energy),1221.695839,450.6033946,-771.0924449,-0.131932984,3978.491215,0.627095755,TRUE
4,7,high,fullnet,Learned Polytope Approx. (FullNet),1352.543376,1952.065317,599.5219411,0.095169149,0,0,FALSE
4,7,high,supervised,Supervised Regression (FullNet),1352.543376,338.2159007,-1014.327476,-0.161016096,4019.286166,0.950930194,TRUE
4,7,high,cube,Inner Approx. (Cube),1352.543376,1595.435759,242.8923823,0.038557156,0,0,FALSE
4,7,high,power_energy,Outer Approx. (Power-Energy),1352.543376,578.8759072,-773.6674691,-0.122813311,3261.482819,0.549171551,TRUE
4,8,high,fullnet,Learned Polytope Approx. (FullNet),725.7526139,1169.265404,443.5127905,0.104542898,0,0,FALSE
4,8,high,supervised,Supervised Regression (FullNet),725.7526139,344.7829259,-380.9696881,-0.089800511,3173.961634,0.678682066,TRUE
4,8,high,cube,Inner Approx. (Cube),725.7526139,1001.601147,275.848533,0.065021812,0,0,FALSE
4,8,high,power_energy,Outer Approx. (Power-Energy),725.7526139,115.4774176,-610.2751964,-0.143851404,3901.844073,0.65832996,TRUE
4,9,high,fullnet,Learned Polytope Approx. (FullNet),753.9022545,1280.594851,526.6925962,0.109969269,0,0,FALSE
4,9,high,supervised,Supervised Regression (FullNet),753.9022545,401.1195594,-352.7826951,-0.07365825,2799.890048,0.548321641,TRUE
4,9,high,cube,Inner Approx. (Cube),753.9022545,1109.864734,355.9624793,0.074322164,0,0,FALSE
4,9,high,power_energy,Outer Approx. (Power-Energy),753.9022545,102.6591041,-651.2431504,-0.135974444,3887.801731,0.756701622,TRUE
4,10,high,fullnet,Learned Polytope Approx. (FullNet),633.6330443,921.4609741,287.8279298,0.097543552,0,0,FALSE
4,10,high,supervised,Supervised Regression (FullNet),633.6330443,102.0756337,-531.5574106,-0.180142343,4142.163431,0.980759909,TRUE
4,10,high,cube,Inner Approx. (Cube),633.6330443,770.7381053,137.105061,0.04646427,0,0,FALSE
4,10,high,power_energy,Outer Approx. (Power-Energy),633.6330443,225.7758396,-407.8572047,-0.138220917,3657.793387,0.572210543,TRUE
4,11,high,fullnet,Learned Polytope Approx. (FullNet),491.8972946,805.0688456,313.171551,0.116028149,0,0,FALSE
4,11,high,supervised,Supervised Regression (FullNet),491.8972946,19.70799561,-472.189299,-0.174943255,4130.244067,0.997458372,TRUE
4,11,high,cube,Inner Approx. (Cube),491.8972946,783.9967212,292.0994266,0.108221056,0,0,FALSE
4,11,high,power_energy,Outer Approx. (Power-Energy),491.8972946,140.4556379,-351.4416567,-0.13020699,3513.04323,0.5362575,TRUE
4,12,high,fullnet,Learned Polytope Approx. (FullNet),707.9750685,1095.753446,387.7783776,0.114379085,0,0,FALSE
4,12,high,supervised,Supervised Regression (FullNet),707.9750685,354.9137746,-353.0612939,-0.104138936,3658.098191,0.867347799,TRUE
4,12,high,cube,Inner Approx. (Cube),707.9750685,816.8947967,108.9197282,0.032126956,0,0,FALSE
4,12,high,power_energy,Outer Approx. (Power-Energy),707.9750685,236.9186013,-471.0564672,-0.138942785,3876.801084,0.782969138,TRUE
4,13,high,fullnet,Learned Polytope Approx. (FullNet),530.3839549,860.1235069,329.739552,0.099426718,0,0,FALSE
4,13,high,supervised,Supervised Regression (FullNet),530.3839549,222.281681,-308.1022739,-0.092902407,4007.119957,0.948404014,TRUE
4,13,high,cube,Inner Approx. (Cube),530.3839549,766.9529857,236.5690309,0.071332912,0,0,FALSE
4,13,high,power_energy,Outer Approx. (Power-Energy),530.3839549,133.3645028,-397.019452,-0.119713698,3887.801731,0.675825335,TRUE
4,14,high,fullnet,Learned Polytope Approx. (FullNet),250.8809748,587.9268201,337.0458453,0.101555599,0,0,FALSE
4,14,high,supervised,Supervised Regression (FullNet),250.8809748,-132.8547056,-383.7356805,-0.115623757,4140.777114,1.000002195,TRUE
4,14,high,cube,Inner Approx. (Cube),250.8809748,1169.638613,918.7576379,0.276831723,0,0,FALSE
4,14,high,power_energy,Outer Approx. (Power-Energy),250.8809748,-192.4376201,-443.3185949,-0.13357674,3608.05429,0.53908474,TRUE
5,0,high,fullnet,Learned Polytope Approx. (FullNet),1564.520468,2164.432703,599.9122354,0.115568489,0,0,FALSE
5,0,high,supervised,Supervised Regression (FullNet),1564.520468,539.3384387,-1025.182029,-0.197493451,4183.966023,0.769746114,TRUE
5,0,high,cube,Inner Approx. (Cube),1564.520468,1976.822034,412.3015655,0.079426733,0,0,FALSE
5,0,high,power_energy,Outer Approx. (Power-Energy),1564.520468,669.6375735,-894.8828946,-0.172392323,3942.783773,0.534255342,TRUE
5,1,high,fullnet,Learned Polytope Approx. (FullNet),2523.300592,3106.069948,582.7693557,0.07610204,0,0,FALSE
5,1,high,supervised,Supervised Regression (FullNet),2523.300592,998.5522673,-1524.748325,-0.199112148,4107.32508,0.759971449,TRUE
5,1,high,cube,Inner Approx. (Cube),2523.300592,2660.26666,136.9660683,0.017885973,0,0,FALSE
5,1,high,power_energy,Outer Approx. (Power-Energy),2523.300592,1582.784165,-940.5164274,-0.122819119,3292.918202,0.366209789,TRUE
5,2,high,fullnet,Learned Polytope Approx. (FullNet),3438.835406,4509.116378,1070.280971,0.097263147,0,0,FALSE
5,2,high,supervised,Supervised Regression (FullNet),3438.835406,1609.480555,-1829.354851,-0.166244954,4116.399183,0.76167286,TRUE
5,2,high,cube,Inner Approx. (Cube),3438.835406,4124.29198,685.4565736,0.06229174,0,0,FALSE
5,2,high,power_energy,Outer Approx. (Power-Energy),3438.835406,1771.818558,-1667.016848,-0.151492281,4183.750141,0.542681265,TRUE
5,3,high,fullnet,Learned Polytope Approx. (FullNet),4070.473158,5736.001544,1665.528386,0.105342203,0,0,FALSE
5,3,high,supervised,Supervised Regression (FullNet),4070.473158,1911.136712,-2159.336445,-0.136574831,4044.80043,0.727327052,TRUE
5,3,high,cube,Inner Approx. (Cube),4070.473158,5576.144348,1505.67119,0.095231472,0,0,FALSE
5,3,high,power_energy,Outer Approx. (Power-Energy),4070.473158,1920.81394,-2149.659217,-0.13596276,5297.944961,0.749111137,TRUE
5,4,high,fullnet,Learned Polytope Approx. (FullNet),2831.705934,3960.323766,1128.617832,0.110095171,0,0,FALSE
5,4,high,supervised,Supervised Regression (FullNet),2831.705934,1881.277566,-950.4283683,-0.092713026,3925.511214,0.700865436,TRUE
5,4,high,cube,Inner Approx. (Cube),2831.705934,3522.222876,690.5169422,0.067359011,0,0,FALSE
5,4,high,power_energy,Outer Approx. (Power-Energy),2831.705934,1085.938515,-1745.767419,-0.170297294,4804.138509,0.764948495,TRUE
5,5,high,fullnet,Learned Polytope Approx. (FullNet),1997.383421,2666.644284,669.2608639,0.106112533,0,0,FALSE
5,5,high,supervised,Supervised Regression (FullNet),1997.383421,1185.833459,-811.5499617,-0.12867273,3930.414717,0.701740762,TRUE
5,5,high,cube,Inner Approx. (Cube),1997.383421,2259.233594,261.8501737,0.041516824,0,0,FALSE
5,5,high,power_energy,Outer Approx. (Power-Energy),1997.383421,972.4766694,-1024.906751,-0.162500839,4793.155039,0.762866182,TRUE
5,6,high,fullnet,Learned Polytope Approx. (FullNet),1826.003105,2382.779743,556.7766372,0.094011146,0,0,FALSE
5,6,high,supervised,Supervised Regression (FullNet),1826.003105,911.4589464,-914.5441588,-0.154419814,4118.954391,0.762145617,TRUE
5,6,high,cube,Inner Approx. (Cube),1826.003105,2077.206628,251.2035231,0.042415449,0,0,FALSE
5,6,high,power_energy,Outer Approx. (Power-Energy),1826.003105,1021.969481,-804.0336244,-0.135760227,4444.804164,0.573424089,TRUE
5,7,high,fullnet,Learned Polytope Approx. (FullNet),2031.776245,2635.826437,604.0501919,0.094537243,0,0,FALSE
5,7,high,supervised,Supervised Regression (FullNet),2031.776245,1000.112782,-1031.663463,-0.161461119,4118.954391,0.762145617,TRUE
5,7,high,cube,Inner Approx. (Cube),2031.776245,2212.366404,180.5901584,0.028263373,0,0,FALSE
5,7,high,power_energy,Outer Approx. (Power-Energy),2031.776245,1207.638527,-824.1377184,-0.128982176,4055.998683,0.631811641,TRUE
5,8,high,fullnet,Learned Polytope Approx. (FullNet),1220.228243,1674.470139,454.2418959,0.105887453,0,0,FALSE
5,8,high,supervised,Supervised Regression (FullNet),1220.228243,857.5861591,-362.6420841,-0.084534798,3637.764007,0.605207525,TRUE
5,8,high,cube,Inner Approx. (Cube),1220.228243,1428.74255,208.5143064,0.048606368,0,0,FALSE
5,8,high,power_energy,Outer Approx. (Power-Energy),1220.228243,494.5815813,-725.6466619,-0.169154096,4714.249542,0.736468799,TRUE
5,9,high,fullnet,Learned Polytope Approx. (FullNet),1289.234862,1846.089711,556.8548498,0.115109049,0,0,FALSE
5,9,high,supervised,Supervised Regression (FullNet),1289.234862,954.9223288,-334.3125327,-0.069106694,3203.669221,0.491539058,TRUE
5,9,high,cube,Inner Approx. (Cube),1289.234862,1621.078885,331.8440232,0.068596422,0,0,FALSE
5,9,high,power_energy,Outer Approx. (Power-Energy),1289.234862,491.0853987,-798.1494629,-0.164987745,4792.882938,0.809410637,TRUE
5,10,high,fullnet,Learned Polytope Approx. (FullNet),941.2305139,1233.167402,291.9368878,0.097405054,0,0,FALSE
5,10,high,supervised,Supervised Regression (FullNet),941.2305139,446.4220055,-494.8085084,-0.165093386,4124.62705,0.763172869,TRUE
5,10,high,cube,Inner Approx. (Cube),941.2305139,1087.403935,146.1734209,0.048770918,0,0,FALSE
5,10,high,power_energy,Outer Approx. (Power-Energy),941.2305139,494.1045642,-447.1259498,-0.149184049,4353.721866,0.558329634,TRUE
5,11,high,fullnet,Learned Polytope Approx. (FullNet),817.8281821,1135.21896,317.3907775,0.114647541,0,0,FALSE
5,11,high,supervised,Supervised Regression (FullNet),817.8281821,408.3866298,-409.4415523,-0.147898018,3563.787614,0.601451708,TRUE
5,11,high,cube,Inner Approx. (Cube),817.8281821,1135.465704,317.6375215,0.114736669,0,0,FALSE
5,11,high,power_energy,Outer Approx. (Power-Energy),817.8281821,348.1873888,-469.6407933,-0.16964312,4139.128503,0.53080977,TRUE
5,12,high,fullnet,Learned Polytope Approx. (FullNet),1103.41977,1468.805664,365.385894,0.106192906,0,0,FALSE
5,12,high,supervised,Supervised Regression (FullNet),1103.41977,783.6642977,-319.7554722,-0.092931236,3922.689478,0.700341556,TRUE
5,12,high,cube,Inner Approx. (Cube),1103.41977,1191.249576,87.82980647,0.02552617,0,0,FALSE
5,12,high,power_energy,Outer Approx. (Power-Energy),1103.41977,543.6590837,-559.7606862,-0.16268448,4779.743974,0.789503835,TRUE
5,13,high,fullnet,Learned Polytope Approx. (FullNet),885.3322668,1252.091733,366.7594665,0.109545507,0,0,FALSE
5,13,high,supervised,Supervised Regression (FullNet),885.3322668,588.9317689,-296.4004979,-0.088530347,3927.705902,0.701257221,TRUE
5,13,high,cube,Inner Approx. (Cube),885.3322668,1093.42953,208.0972627,0.062155506,0,0,FALSE
5,13,high,power_energy,Outer Approx. (Power-Energy),885.3322668,431.6989226,-453.6333442,-0.135493421,3903.351944,0.645286704,TRUE
5,14,high,fullnet,Learned Polytope Approx. (FullNet),621.5249974,1047.814664,426.2896664,0.123846258,0,0,FALSE
5,14,high,supervised,Supervised Regression (FullNet),621.5249974,26.73387983,-594.7911175,-0.17279953,4070.371238,0.732699544,TRUE
5,14,high,cube,Inner Approx. (Cube),621.5249974,1436.375034,814.8500362,0.236731349,0,0,FALSE
5,14,high,power_energy,Outer Approx. (Power-Energy),621.5249974,-12.95223352,-634.4772309,-0.184329195,3736.583593,0.508281446,TRUE
6,0,high,fullnet,Learned Polytope Approx. (FullNet),1604.638988,2207.918371,603.2793828,0.116929796,0,0,FALSE
6,0,high,supervised,Supervised Regression (FullNet),1604.638988,462.8114004,-1141.827588,-0.22131316,4474.329945,0.932758564,TRUE
6,0,high,cube,Inner Approx. (Cube),1604.638988,2033.886299,429.2473103,0.083198269,0,0,FALSE
6,0,high,power_energy,Outer Approx. (Power-Energy),1604.638988,755.0463291,-849.5926593,-0.164671127,3671.895018,0.503148718,TRUE
6,1,high,fullnet,Learned Polytope Approx. (FullNet),2605.355344,3154.292429,548.9370858,0.072096368,0,0,FALSE
6,1,high,supervised,Supervised Regression (FullNet),2605.355344,979.9251605,-1625.430183,-0.213480953,4423.776376,0.921659779,TRUE
6,1,high,cube,Inner Approx. (Cube),2605.355344,2736.821449,131.466105,0.017266512,0,0,FALSE
6,1,high,power_energy,Outer Approx. (Power-Energy),2605.355344,1716.793918,-888.5614258,-0.116701992,3127.155734,0.358223485,TRUE
6,2,high,fullnet,Learned Polytope Approx. (FullNet),3554.874904,4619.396067,1064.521163,0.097411318,0,0,FALSE
6,2,high,supervised,Supervised Regression (FullNet),3554.874904,1500.174404,-2054.700499,-0.188019826,4428.194783,0.922575385,TRUE
6,2,high,cube,Inner Approx. (Cube),3554.874904,4201.645808,646.7709047,0.059184175,0,0,FALSE
6,2,high,power_energy,Outer Approx. (Power-Energy),3554.874904,1954.991391,-1599.883513,-0.146400811,4216.87324,0.556438238,TRUE
6,3,high,fullnet,Learned Polytope Approx. (FullNet),4302.359197,5900.827643,1598.468447,0.101628177,0,0,FALSE
6,3,high,supervised,Supervised Regression (FullNet),4302.359197,1998.928935,-2303.430262,-0.14644857,4418.599178,0.920636943,TRUE
6,3,high,cube,Inner Approx. (Cube),4302.359197,5711.423366,1409.06417,0.089586143,0,0,FALSE
6,3,high,power_energy,Outer Approx. (Power-Energy),4302.359197,2260.069553,-2042.289644,-0.12984565,5346.685466,0.760350016,TRUE
6,4,high,fullnet,Learned Polytope Approx. (FullNet),2968.466637,4063.048015,1094.581378,0.107365682,0,0,FALSE
6,4,high,supervised,Supervised Regression (FullNet),2968.466637,1918.452295,-1050.014342,-0.102994175,4423.595353,0.921623382,TRUE
6,4,high,cube,Inner Approx. (Cube),2968.466637,3594.841814,626.3751762,0.061440108,0,0,FALSE
6,4,high,power_energy,Outer Approx. (Power-Energy),2968.466637,1277.315921,-1691.150716,-0.165882184,4886.594233,0.779763741,TRUE
6,5,high,fullnet,Learned Polytope Approx. (FullNet),2069.002493,2734.70264,665.7001473,0.106218233,0,0,FALSE
6,5,high,supervised,Supervised Regression (FullNet),2069.002493,1124.116898,-944.8855942,-0.150764692,4431.452273,0.923261546,TRUE
6,5,high,cube,Inner Approx. (Cube),2069.002493,2315.128647,246.1261543,0.039271563,0,0,FALSE
6,5,high,power_energy,Outer Approx. (Power-Energy),2069.002493,1082.143485,-986.8590081,-0.157461915,4875.996042,0.77039537,TRUE
6,6,high,fullnet,Learned Polytope Approx. (FullNet),1896.922059,2446.161605,549.2395462,0.093296642,0,0,FALSE
6,6,high,supervised,Supervised Regression (FullNet),1896.922059,880.3216931,-1016.600366,-0.172684943,4421.652413,0.921277129,TRUE
6,6,high,cube,Inner Approx. (Cube),1896.922059,2133.181333,236.2592737,0.04013221,0,0,FALSE
6,6,high,power_energy,Outer Approx. (Power-Energy),1896.922059,1132.252893,-764.6691666,-0.12989062,4454.357702,0.581931728,TRUE
6,7,high,fullnet,Learned Polytope Approx. (FullNet),2103.520205,2703.059323,599.5391186,0.094338551,0,0,FALSE
6,7,high,supervised,Supervised Regression (FullNet),2103.520205,976.6437832,-1126.876421,-0.177316018,4421.652413,0.921277129,TRUE
6,7,high,cube,Inner Approx. (Cube),2103.520205,2269.295371,165.7751666,0.026085019,0,0,FALSE
6,7,high,power_energy,Outer Approx. (Power-Energy),2103.520205,1319.613481,-783.9067242,-0.123349123,4029.909072,0.637686372,TRUE
6,8,high,fullnet,Learned Polytope Approx. (FullNet),1274.703041,1722.606721,447.9036794,0.104973479,0,0,FALSE
6,8,high,supervised,Supervised Regression (FullNet),1274.703041,858.8546035,-415.8484378,-0.097460814,3800.177906,0.709602476,TRUE
6,8,high,cube,Inner Approx. (Cube),1274.703041,1457.802962,183.0999203,0.042912431,0,0,FALSE
6,8,high,power_energy,Outer Approx. (Power-Energy),1274.703041,571.4440759,-703.2589654,-0.164820125,4785.555973,0.758911026,TRUE
6,9,high,fullnet,Learned Polytope Approx. (FullNet),1353.838926,1912.017463,558.1785373,0.116074377,0,0,FALSE
6,9,high,supervised,Supervised Regression (FullNet),1353.838926,973.6106053,-380.2283203,-0.079069262,3404.705499,0.581516686,TRUE
6,9,high,cube,Inner Approx. (Cube),1353.838926,1656.580628,302.741702,0.062955761,0,0,FALSE
6,9,high,power_energy,Outer Approx. (Power-Energy),1353.838926,583.8780805,-769.9608451,-0.160114944,4875.360574,0.82523847,TRUE
6,10,high,fullnet,Learned Polytope Approx. (FullNet),974.9779132,1265.3776,290.3996871,0.097488329,0,0,FALSE
6,10,high,supervised,Supervised Regression (FullNet),974.9779132,423.0553006,-551.9226126,-0.185282615,4432.354083,0.923492087,TRUE
6,10,high,cube,Inner Approx. (Cube),974.9779132,1115.729184,140.7512708,0.047250761,0,0,FALSE
6,10,high,power_energy,Outer Approx. (Power-Energy),974.9779132,547.7270333,-427.2508799,-0.143429819,4260.047037,0.556889173,TRUE
6,11,high,fullnet,Learned Polytope Approx. (FullNet),841.1963573,1158.557807,317.3614493,0.115405276,0,0,FALSE
6,11,high,supervised,Supervised Regression (FullNet),841.1963573,333.5338265,-507.6625307,-0.184606337,4354.161098,0.861343387,TRUE
6,11,high,cube,Inner Approx. (Cube),841.1963573,1153.186179,311.9898222,0.113451938,0,0,FALSE
6,11,high,power_energy,Outer Approx. (Power-Energy),841.1963573,385.9886689,-455.2076884,-0.165531665,4005.010672,0.523549872,TRUE
6,12,high,fullnet,Learned Polytope Approx. (FullNet),1138.692732,1514.736729,376.043997,0.109939909,0,0,FALSE
6,12,high,supervised,Supervised Regression (FullNet),1138.692732,751.5722637,-387.1204687,-0.113178217,4427.330248,0.922406752,TRUE
6,12,high,cube,Inner Approx. (Cube),1138.692732,1214.985149,76.29241628,0.022304787,0,0,FALSE
6,12,high,power_energy,Outer Approx. (Power-Energy),1138.692732,598.2650483,-540.4276841,-0.157998987,4862.270084,0.797062604,TRUE
6,13,high,fullnet,Learned Polytope Approx. (FullNet),931.7543201,1302.16646,370.4121403,0.111413625,0,0,FALSE
6,13,high,supervised,Supervised Regression (FullNet),931.7543201,604.0527198,-327.7016003,-0.098567026,4417.949332,0.920501676,TRUE
6,13,high,cube,Inner Approx. (Cube),931.7543201,1128.738879,196.9845591,0.05924958,0,0,FALSE
6,13,high,power_energy,Outer Approx. (Power-Energy),931.7543201,501.7699148,-429.9844053,-0.129331941,3877.262334,0.651410359,TRUE
6,14,high,fullnet,Learned Polytope Approx. (FullNet),635.0073629,1042.828654,407.8212914,0.119265402,0,0,FALSE
6,14,high,supervised,Supervised Regression (FullNet),635.0073629,9.749243252,-625.2581196,-0.182853771,4285.545157,0.862007294,TRUE
6,14,high,cube,Inner Approx. (Cube),635.0073629,1490.07179,855.0644269,0.250059536,0,0,FALSE
6,14,high,power_energy,Outer Approx. (Power-Energy),635.0073629,46.2792171,-588.7281458,-0.172170754,3452.83588,0.476314597,TRUE
7,0,high,fullnet,Learned Polytope Approx. (FullNet),1543.59047,2110.522531,566.9320607,0.112625371,0,0,FALSE
7,0,high,supervised,Supervised Regression (FullNet),1543.59047,351.3078318,-1192.282638,-0.236856026,4678.163995,0.871696295,TRUE
7,0,high,cube,Inner Approx. (Cube),1543.59047,1955.457559,411.8670895,0.081820534,0,0,FALSE
7,0,high,power_energy,Outer Approx. (Power-Energy),1543.59047,644.6423929,-898.948077,-0.178582881,3718.715563,0.509102436,TRUE
7,1,high,fullnet,Learned Polytope Approx. (FullNet),2509.250061,2935.254768,426.004707,0.057079843,13.78068884,0.00165003,TRUE
7,1,high,supervised,Supervised Regression (FullNet),2509.250061,806.6615028,-1702.588558,-0.228127732,4618.338572,0.863646238,TRUE
7,1,high,cube,Inner Approx. (Cube),2509.250061,2639.110513,129.8604524,0.017399841,0,0,FALSE
7,1,high,power_energy,Outer Approx. (Power-Energy),2509.250061,1550.581887,-958.6681736,-0.128450761,3287.077584,0.366462204,TRUE
7,2,high,fullnet,Learned Polytope Approx. (FullNet),3434.682841,4399.354912,964.6720707,0.090250115,0,0,FALSE
7,2,high,supervised,Supervised Regression (FullNet),3434.682841,1304.850443,-2129.832398,-0.199256954,4621.257597,0.864183833,TRUE
7,2,high,cube,Inner Approx. (Cube),3434.682841,4064.999992,630.3171514,0.058969464,0,0,FALSE
7,2,high,power_energy,Outer Approx. (Power-Energy),3434.682841,1748.127654,-1686.555187,-0.157786053,4137.092944,0.54216424,TRUE
7,3,high,fullnet,Learned Polytope Approx. (FullNet),4113.251731,5510.718173,1397.466442,0.090310919,0,0,FALSE
7,3,high,supervised,Supervised Regression (FullNet),4113.251731,1687.164513,-2426.087218,-0.156785279,4577.002774,0.843596798,TRUE
7,3,high,cube,Inner Approx. (Cube),4113.251731,5539.860577,1426.608846,0.092194239,0,0,FALSE
7,3,high,power_energy,Outer Approx. (Power-Energy),4113.251731,1922.04262,-2191.209111,-0.14160634,5219.513463,0.746164949,TRUE
7,4,high,fullnet,Learned Polytope Approx. (FullNet),2861.581167,3879.419574,1017.838407,0.101516456,0,0,FALSE
7,4,high,supervised,Supervised Regression (FullNet),2861.581167,1750.970025,-1110.611142,-0.110769358,4152.246014,0.708838906,TRUE
7,4,high,cube,Inner Approx. (Cube),2861.581167,3499.279458,637.6982914,0.063602307,0,0,FALSE
7,4,high,power_energy,Outer Approx. (Power-Energy),2861.581167,1085.945447,-1775.63572,-0.177097115,4840.985758,0.779908582,TRUE
7,5,high,fullnet,Learned Polytope Approx. (FullNet),2003.437328,2605.502247,602.0649195,0.097935981,0,0,FALSE
7,5,high,supervised,Supervised Regression (FullNet),2003.437328,1028.534772,-974.9025561,-0.158584291,4580.509056,0.844248636,TRUE
7,5,high,cube,Inner Approx. (Cube),2003.437328,2239.892212,236.4548844,0.038463362,0,0,FALSE
7,5,high,power_energy,Outer Approx. (Power-Energy),2003.437328,970.3024145,-1033.134913,-0.168056763,4830.05494,0.781833043,TRUE
7,6,high,fullnet,Learned Polytope Approx. (FullNet),1828.486693,2307.167052,478.6803591,0.082795536,0,0,FALSE
7,6,high,supervised,Supervised Regression (FullNet),1828.486693,770.9300641,-1057.556629,-0.182921581,4580.693894,0.844281665,TRUE
7,6,high,cube,Inner Approx. (Cube),1828.486693,2063.926127,235.4394334,0.040723071,0,0,FALSE
7,6,high,power_energy,Outer Approx. (Power-Energy),1828.486693,1015.597267,-812.8894259,-0.140602418,4476.898673,0.579968161,TRUE
7,7,high,fullnet,Learned Polytope Approx. (FullNet),2028.335325,2545.473826,517.1385008,0.082926407,0,0,FALSE
7,7,high,supervised,Supervised Regression (FullNet),2028.335325,852.7138277,-1175.621498,-0.188518292,4624.938807,0.864875738,TRUE
7,7,high,cube,Inner Approx. (Cube),2028.335325,2194.143532,165.8082065,0.026588387,0,0,FALSE
7,7,high,power_energy,Outer Approx. (Power-Energy),2028.335325,1192.119766,-836.2155597,-0.134092418,3958.169067,0.619843935,TRUE
7,8,high,fullnet,Learned Polytope Approx. (FullNet),1229.2708,1639.14968,409.8788801,0.097581833,0,0,FALSE
7,8,high,supervised,Supervised Regression (FullNet),1229.2708,782.9564802,-446.31432,-0.106256193,3443.815904,0.548846379,TRUE
7,8,high,cube,Inner Approx. (Cube),1229.2708,1415.813839,186.5430389,0.044411197,0,0,FALSE
7,8,high,power_energy,Outer Approx. (Power-Energy),1229.2708,496.7489627,-732.5218374,-0.174394991,4621.032557,0.725636863,TRUE
7,9,high,fullnet,Learned Polytope Approx. (FullNet),1306.031985,1826.979633,520.9476484,0.110057368,0,0,FALSE
7,9,high,supervised,Supervised Regression (FullNet),1306.031985,889.6947711,-416.3372136,-0.087956973,3726.998191,0.593261782,TRUE
7,9,high,cube,Inner Approx. (Cube),1306.031985,1609.713679,303.6816944,0.064156942,0,0,FALSE
7,9,high,power_energy,Outer Approx. (Power-Energy),1306.031985,500.2135565,-805.8184282,-0.170240245,4829.655346,0.825809651,TRUE
7,10,high,fullnet,Learned Polytope Approx. (FullNet),940.4417894,1194.177976,253.7361867,0.086891391,0,0,FALSE
7,10,high,supervised,Supervised Regression (FullNet),940.4417894,363.6270644,-576.814725,-0.197528916,4626.971273,0.865317334,TRUE
7,10,high,cube,Inner Approx. (Cube),940.4417894,1077.495981,137.0541912,0.046933902,0,0,FALSE
7,10,high,power_energy,Outer Approx. (Power-Energy),940.4417894,488.2493626,-452.1924268,-0.154852288,4276.238507,0.554366861,TRUE
7,11,high,fullnet,Learned Polytope Approx. (FullNet),814.2026161,1111.718951,297.5163352,0.111081208,0,0,FALSE
7,11,high,supervised,Supervised Regression (FullNet),814.2026161,289.597805,-524.6048111,-0.195867349,4134.016874,0.679538617,TRUE
7,11,high,cube,Inner Approx. (Cube),814.2026161,1115.502771,301.3001545,0.112493941,0,0,FALSE
7,11,high,power_energy,Outer Approx. (Power-Energy),814.2026161,339.6781522,-474.5244639,-0.177169265,4094.30819,0.530781614,TRUE
7,12,high,fullnet,Learned Polytope Approx. (FullNet),1104.897101,1449.800792,344.9036911,0.102701814,0,0,FALSE
7,12,high,supervised,Supervised Regression (FullNet),1104.897101,696.5302656,-408.3668358,-0.121599206,4470.841264,0.824652441,TRUE
7,12,high,cube,Inner Approx. (Cube),1104.897101,1178.18389,73.28678879,0.021822574,0,0,FALSE
7,12,high,power_energy,Outer Approx. (Power-Energy),1104.897101,540.5317606,-564.3653407,-0.168050809,4816.525604,0.809652046,TRUE
7,13,high,fullnet,Learned Polytope Approx. (FullNet),895.6340762,1232.530979,336.8969027,0.102872228,0,0,FALSE
7,13,high,supervised,Supervised Regression (FullNet),895.6340762,551.6871813,-343.9468949,-0.105024959,4576.63467,0.843529497,TRUE
7,13,high,cube,Inner Approx. (Cube),895.6340762,1093.398189,197.7641132,0.060387717,0,0,FALSE
7,13,high,power_energy,Outer Approx. (Power-Energy),895.6340762,438.9263725,-456.7077037,-0.139456726,3805.939469,0.63252096,TRUE
7,14,high,fullnet,Learned Polytope Approx. (FullNet),597.889164,991.1545833,393.2654193,0.119427461,0,0,FALSE
7,14,high,supervised,Supervised Regression (FullNet),597.889164,-60.75731052,-658.6464745,-0.200018797,4576.753815,0.816525432,TRUE
7,14,high,cube,Inner Approx. (Cube),597.889164,1425.965467,828.0763032,0.251471513,0,0,FALSE
7,14,high,power_energy,Outer Approx. (Power-Energy),597.889164,-11.38906822,-609.2782322,-0.185026571,3649.03139,0.485179276,TRUE
8,0,high,fullnet,Learned Polytope Approx. (FullNet),1543.040031,2104.330171,561.2901398,0.111464125,0,0,FALSE
8,0,high,supervised,Supervised Regression (FullNet),1543.040031,325.2224329,-1217.817598,-0.241841008,4772.728493,0.874358482,TRUE
8,0,high,cube,Inner Approx. (Cube),1543.040031,1944.016586,400.9765545,0.07962816,0,0,FALSE
8,0,high,power_energy,Outer Approx. (Power-Energy),1543.040031,647.1018441,-895.9381871,-0.1779204,3791.768656,0.514090315,TRUE
8,1,high,fullnet,Learned Polytope Approx. (FullNet),2507.571823,2921.593886,414.0220631,0.055384781,3.565945589,0.000428088,TRUE
8,1,high,supervised,Supervised Regression (FullNet),2507.571823,767.5275529,-1740.04427,-0.232770131,4711.315097,0.866106371,TRUE
8,1,high,cube,Inner Approx. (Cube),2507.571823,2639.660729,132.0889066,0.017669868,0,0,FALSE
8,1,high,power_energy,Outer Approx. (Power-Energy),2507.571823,1557.740258,-949.8315646,-0.127061375,3270.238016,0.360492233,TRUE
8,2,high,fullnet,Learned Polytope Approx. (FullNet),3431.036306,4383.196299,952.1599933,0.088919408,0,0,FALSE
8,2,high,supervised,Supervised Regression (FullNet),3431.036306,1253.569814,-2177.466492,-0.203347161,4714.065699,0.866603415,TRUE
8,2,high,cube,Inner Approx. (Cube),3431.036306,4078.710104,647.6737986,0.060484342,0,0,FALSE
8,2,high,power_energy,Outer Approx. (Power-Energy),3431.036306,1757.424795,-1673.611511,-0.156293633,4031.604995,0.523046614,TRUE
8,3,high,fullnet,Learned Polytope Approx. (FullNet),4094.95089,5499.545719,1404.594829,0.09050076,0,0,FALSE
8,3,high,supervised,Supervised Regression (FullNet),4094.95089,1606.80301,-2488.14788,-0.160316178,4658.316316,0.842264184,TRUE
8,3,high,cube,Inner Approx. (Cube),4094.95089,5623.945504,1528.994614,0.098516079,0,0,FALSE
8,3,high,power_energy,Outer Approx. (Power-Energy),4094.95089,1922.783937,-2172.166953,-0.139956916,5137.901478,0.727679298,TRUE
8,4,high,fullnet,Learned Polytope Approx. (FullNet),2848.776635,3872.83544,1024.058805,0.10182328,0,0,FALSE
8,4,high,supervised,Supervised Regression (FullNet),2848.776635,1700.984152,-1147.792483,-0.114126254,4252.275311,0.715603792,TRUE
8,4,high,cube,Inner Approx. (Cube),2848.776635,3549.722677,700.9460416,0.069695827,0,0,FALSE
8,4,high,power_energy,Outer Approx. (Power-Energy),2848.776635,1086.35945,-1762.417185,-0.175239057,4694.829206,0.748660236,TRUE
8,5,high,fullnet,Learned Polytope Approx. (FullNet),1999.424353,2601.665308,602.240955,0.097868808,0,0,FALSE
8,5,high,supervised,Supervised Regression (FullNet),1999.424353,1002.247051,-997.1773024,-0.162049016,4550.038606,0.823162859,TRUE
8,5,high,cube,Inner Approx. (Cube),1999.424353,2246.655196,247.2308421,0.040176922,0,0,FALSE
8,5,high,power_energy,Outer Approx. (Power-Energy),1999.424353,975.5636068,-1023.860747,-0.166385282,4689.716492,0.752955737,TRUE
8,6,high,fullnet,Learned Polytope Approx. (FullNet),1824.655503,2300.818626,476.1631227,0.082247401,0,0,FALSE
8,6,high,supervised,Supervised Regression (FullNet),1824.655503,743.5738416,-1081.081662,-0.186734656,4662.021605,0.842938752,TRUE
8,6,high,cube,Inner Approx. (Cube),1824.655503,2072.1252,247.4696972,0.042745308,0,0,FALSE
8,6,high,power_energy,Outer Approx. (Power-Energy),1824.655503,1020.758489,-803.8970139,-0.1388567,4503.001598,0.577450979,TRUE
8,7,high,fullnet,Learned Polytope Approx. (FullNet),2025.191007,2538.995364,513.8043575,0.08224149,0,0,FALSE
8,7,high,supervised,Supervised Regression (FullNet),2025.191007,821.6781639,-1203.512843,-0.192638866,4717.760312,0.867286114,TRUE
8,7,high,cube,Inner Approx. (Cube),2025.191007,2202.37012,177.1791132,0.028359966,0,0,FALSE
8,7,high,power_energy,Outer Approx. (Power-Energy),2025.191007,1198.356704,-826.8343032,-0.132346259,3876.771237,0.600759777,TRUE
8,8,high,fullnet,Learned Polytope Approx. (FullNet),1224.095193,1639.613086,415.5178924,0.098703034,0,0,FALSE
8,8,high,supervised,Supervised Regression (FullNet),1224.095193,761.2811511,-462.8140422,-0.109937866,3561.067478,0.561091481,TRUE
8,8,high,cube,Inner Approx. (Cube),1224.095193,1433.798762,209.7035683,0.049813447,0,0,FALSE
8,8,high,power_energy,Outer Approx. (Power-Energy),1224.095193,500.6268087,-723.4683846,-0.171854271,4451.960238,0.691804671,TRUE
8,9,high,fullnet,Learned Polytope Approx. (FullNet),1300.598918,1829.380535,528.7816162,0.111448473,0,0,FALSE
8,9,high,supervised,Supervised Regression (FullNet),1300.598918,866.1559631,-434.4429554,-0.091565218,3832.512088,0.603121538,TRUE
8,9,high,cube,Inner Approx. (Cube),1300.598918,1631.24046,330.6415417,0.069687549,0,0,FALSE
8,9,high,power_energy,Outer Approx. (Power-Energy),1300.598918,501.8708004,-798.7281181,-0.168343653,4683.486114,0.792163679,TRUE
8,10,high,fullnet,Learned Polytope Approx. (FullNet),938.7198941,1190.965069,252.2451753,0.086292774,0,0,FALSE
8,10,high,supervised,Supervised Regression (FullNet),938.7198941,348.2845734,-590.4353207,-0.20198722,4719.959695,0.867755824,TRUE
8,10,high,cube,Inner Approx. (Cube),938.7198941,1079.946192,141.2262981,0.048313349,0,0,FALSE
8,10,high,power_energy,Outer Approx. (Power-Energy),938.7198941,489.9475362,-448.7723579,-0.15352449,4302.498891,0.552134309,TRUE
8,11,high,fullnet,Learned Polytope Approx. (FullNet),813.0979391,1111.673689,298.5757501,0.111388743,0,0,FALSE
8,11,high,supervised,Supervised Regression (FullNet),813.0979391,274.8874265,-538.2105126,-0.200788551,4294.541478,0.700244585,TRUE
8,11,high,cube,Inner Approx. (Cube),813.0979391,1111.606557,298.5086183,0.111363698,0,0,FALSE
8,11,high,power_energy,Outer Approx. (Power-Energy),813.0979391,340.8841858,-472.2137533,-0.176167342,4160.186,0.533871473,TRUE
8,12,high,fullnet,Learned Polytope Approx. (FullNet),1103.556212,1449.003595,345.4473828,0.102708436,0,0,FALSE
8,12,high,supervised,Supervised Regression (FullNet),1103.556212,680.596497,-422.9597147,-0.125754407,4197.582978,0.712275079,TRUE
8,12,high,cube,Inner Approx. (Cube),1103.556212,1181.708214,78.15200262,0.023236158,0,0,FALSE
8,12,high,power_energy,Outer Approx. (Power-Energy),1103.556212,543.5618348,-559.9943769,-0.166497561,4674.46465,0.779151093,TRUE
8,13,high,fullnet,Learned Polytope Approx. (FullNet),892.3852583,1229.55136,337.1661017,0.102879516,0,0,FALSE
8,13,high,supervised,Supervised Regression (FullNet),892.3852583,536.3413695,-356.0438888,-0.108639697,4657.967461,0.842201706,TRUE
8,13,high,cube,Inner Approx. (Cube),892.3852583,1101.87368,209.4884215,0.063921217,0,0,FALSE
8,13,high,power_energy,Outer Approx. (Power-Energy),892.3852583,439.9043675,-452.4808909,-0.138065526,3725.728727,0.612350822,TRUE
8,14,high,fullnet,Learned Polytope Approx. (FullNet),599.9598263,997.1985012,397.2386749,0.120885368,0,0,FALSE
8,14,high,supervised,Supervised Regression (FullNet),599.9598263,-74.56606258,-674.5258888,-0.205267803,4693.54358,0.828722336,TRUE
8,14,high,cube,Inner Approx. (Cube),599.9598263,1390.157638,790.1978117,0.240468412,0,0,FALSE
8,14,high,power_energy,Outer Approx. (Power-Energy),599.9598263,-13.08895187,-613.0487781,-0.186559446,3681.2556,0.490530368,TRUE
9,0,high,fullnet,Learned Polytope Approx. (FullNet),1155.281958,1795.221488,639.9395298,0.118624648,0,0,FALSE
9,0,high,supervised,Supervised Regression (FullNet),1155.281958,44.61922502,-1110.662733,-0.205881915,4521.693843,1.146215553,TRUE
9,0,high,cube,Inner Approx. (Cube),1155.281958,1624.754971,469.4730127,0.087025521,0,0,FALSE
9,0,high,power_energy,Outer Approx. (Power-Energy),1155.281958,311.5831362,-843.698822,-0.156395208,3697.775143,0.531979042,TRUE
9,1,high,fullnet,Learned Polytope Approx. (FullNet),1988.36673,2494.525177,506.1584469,0.063292036,422.8534198,0.045879101,TRUE
9,1,high,supervised,Supervised Regression (FullNet),1988.36673,380.399858,-1607.966872,-0.20106648,4068.769788,1.009657188,TRUE
9,1,high,cube,Inner Approx. (Cube),1988.36673,2220.271703,231.9049726,0.028998307,0,0,FALSE
9,1,high,power_energy,Outer Approx. (Power-Energy),1988.36673,1082.027048,-906.3396817,-0.113332266,3010.062093,0.375036632,TRUE
9,2,high,fullnet,Learned Polytope Approx. (FullNet),2568.451241,3662.734842,1094.283602,0.095740768,0,0,FALSE
9,2,high,supervised,Supervised Regression (FullNet),2568.451241,430.9183892,-2137.532852,-0.187016453,4522.298354,1.12132179,TRUE
9,2,high,cube,Inner Approx. (Cube),2568.451241,3251.827928,683.3766878,0.059789811,0,0,FALSE
9,2,high,power_energy,Outer Approx. (Power-Energy),2568.451241,1100.879961,-1467.57128,-0.128400354,3700.283979,0.495054695,TRUE
9,3,high,fullnet,Learned Polytope Approx. (FullNet),3049.195341,4398.331966,1349.136626,0.080896918,0,0,FALSE
9,3,high,supervised,Supervised Regression (FullNet),3049.195341,455.3577385,-2593.837602,-0.155531667,4457.664805,1.104497439,TRUE
9,3,high,cube,Inner Approx. (Cube),3049.195341,4464.967444,1415.772104,0.084892514,0,0,FALSE
9,3,high,power_energy,Outer Approx. (Power-Energy),3049.195341,1053.715396,-1995.479945,-0.119652951,4276.267644,0.637619,TRUE
9,4,high,fullnet,Learned Polytope Approx. (FullNet),1937.874728,3100.01675,1162.142022,0.108373927,0,0,FALSE
9,4,high,supervised,Supervised Regression (FullNet),1937.874728,812.4681749,-1125.406553,-0.104948213,4459.1604,1.104868011,TRUE
9,4,high,cube,Inner Approx. (Cube),1937.874728,2725.947166,788.0724381,0.073490592,0,0,FALSE
9,4,high,power_energy,Outer Approx. (Power-Energy),1937.874728,514.6457236,-1423.229004,-0.132721228,3883.397934,0.682823981,TRUE
9,5,high,fullnet,Learned Polytope Approx. (FullNet),1474.666693,2191.08224,716.4155467,0.109199237,0,0,FALSE
9,5,high,supervised,Supervised Regression (FullNet),1474.666693,507.8279322,-966.838761,-0.147369855,4457.187581,1.103979492,TRUE
9,5,high,cube,Inner Approx. (Cube),1474.666693,1745.469378,270.8026848,0.041276947,0,0,FALSE
9,5,high,power_energy,Outer Approx. (Power-Energy),1474.666693,595.8276694,-878.8390238,-0.133956544,3875.252572,0.704460909,TRUE
9,6,high,fullnet,Learned Polytope Approx. (FullNet),1389.147208,1928.462048,539.3148401,0.087113103,93.89509503,0.010934107,TRUE
9,6,high,supervised,Supervised Regression (FullNet),1389.147208,343.0312242,-1046.115984,-0.168974414,4457.664432,1.104485484,TRUE
9,6,high,cube,Inner Approx. (Cube),1389.147208,1654.41158,265.2643719,0.042846962,0,0,FALSE
9,6,high,power_energy,Outer Approx. (Power-Energy),1389.147208,633.3773394,-755.7698685,-0.122076111,3974.586656,0.592636425,TRUE
9,7,high,fullnet,Learned Polytope Approx. (FullNet),1540.626623,2149.027506,608.400883,0.091188493,0,0,FALSE
9,7,high,supervised,Supervised Regression (FullNet),1540.626623,418.0797028,-1122.546921,-0.168249858,4410.552033,1.092806567,TRUE
9,7,high,cube,Inner Approx. (Cube),1540.626623,1796.692835,256.0662112,0.03837978,0,0,FALSE
9,7,high,power_energy,Outer Approx. (Power-Energy),1540.626623,781.8417041,-758.7849193,-0.113728391,3330.159985,0.528552716,TRUE
9,8,high,fullnet,Learned Polytope Approx. (FullNet),821.9094421,1290.171922,468.26248,0.104493194,0,0,FALSE
9,8,high,supervised,Supervised Regression (FullNet),821.9094421,403.5257203,-418.3837218,-0.093362704,4059.878119,1.007006255,TRUE
9,8,high,cube,Inner Approx. (Cube),821.9094421,1111.718846,289.8094042,0.064671229,0,0,FALSE
9,8,high,power_energy,Outer Approx. (Power-Energy),821.9094421,223.0477654,-598.8616767,-0.133636522,3889.117762,0.618354538,TRUE
9,9,high,fullnet,Learned Polytope Approx. (FullNet),856.4611553,1412.367861,555.9067057,0.109930949,0,0,FALSE
9,9,high,supervised,Supervised Regression (FullNet),856.4611553,466.5936183,-389.867537,-0.077096584,4414.066977,1.094062594,TRUE
9,9,high,cube,Inner Approx. (Cube),856.4611553,1237.886571,381.4254155,0.075427149,0,0,FALSE
9,9,high,power_energy,Outer Approx. (Power-Energy),856.4611553,218.0278176,-638.4333377,-0.126250649,3875.252572,0.704460909,TRUE
9,10,high,fullnet,Learned Polytope Approx. (FullNet),717.5222875,1006.517,288.9947123,0.092436364,0,0,FALSE
9,10,high,supervised,Supervised Regression (FullNet),717.5222875,137.8326378,-579.6896497,-0.185416553,4533.457393,1.124086486,TRUE
9,10,high,cube,Inner Approx. (Cube),717.5222875,863.9877046,146.4654171,0.046847676,0,0,FALSE
9,10,high,power_energy,Outer Approx. (Power-Energy),717.5222875,317.3865664,-400.1357211,-0.127985356,3544.17856,0.525016386,TRUE
9,11,high,fullnet,Learned Polytope Approx. (FullNet),558.5240658,878.3542244,319.8301586,0.112147191,0,0,FALSE
9,11,high,supervised,Supervised Regression (FullNet),558.5240658,47.00643508,-511.5176307,-0.179361652,4521.693843,1.146215553,TRUE
9,11,high,cube,Inner Approx. (Cube),558.5240658,864.0912724,305.5672066,0.107145943,0,0,FALSE
9,11,high,power_energy,Outer Approx. (Power-Energy),558.5240658,212.4074496,-346.1166162,-0.121364434,3406.451684,0.493941039,TRUE
9,12,high,fullnet,Learned Polytope Approx. (FullNet),790.8187015,1193.517395,402.6986939,0.112780725,0,0,FALSE
9,12,high,supervised,Supervised Regression (FullNet),790.8187015,393.2584782,-397.5602233,-0.111341633,4049.01477,1.005213568,TRUE
9,12,high,cube,Inner Approx. (Cube),790.8187015,908.8664902,118.0477887,0.033060736,0,0,FALSE
9,12,high,power_energy,Outer Approx. (Power-Energy),790.8187015,327.6953272,-463.1233743,-0.129703401,3864.251925,0.727100929,TRUE
9,13,high,fullnet,Learned Polytope Approx. (FullNet),611.8396668,957.6231997,345.7835329,0.098600368,0,0,FALSE
9,13,high,supervised,Supervised Regression (FullNet),611.8396668,264.060999,-347.7786678,-0.099169282,4398.902444,1.090305714,TRUE
9,13,high,cube,Inner Approx. (Cube),611.8396668,856.2792253,244.4395585,0.069702077,0,0,FALSE
9,13,high,power_energy,Outer Approx. (Power-Energy),611.8396668,223.9659011,-387.8737657,-0.110602422,3875.252572,0.633803197,TRUE
9,14,high,fullnet,Learned Polytope Approx. (FullNet),310.640489,652.9561532,342.3156642,0.096227917,0,0,FALSE
9,14,high,supervised,Supervised Regression (FullNet),310.640489,-95.25668336,-405.8971724,-0.114101233,4532.4895,1.148952141,TRUE
9,14,high,cube,Inner Approx. (Cube),310.640489,1318.927188,1008.286699,0.283438178,0,0,FALSE
9,14,high,power_energy,Outer Approx. (Power-Energy),310.640489,-129.0372793,-439.6777683,-0.123597252,3510.915844,0.505200505,TRUE
0,0,low,fullnet,Learned Polytope Approx. (FullNet),152.154952,210.6074184,58.45246636,0.12302738,0,0,FALSE
0,0,low,supervised,Supervised Regression (FullNet),152.154952,55.27343778,-96.88151424,-0.203910624,4835.991862,0.983173997,TRUE
0,0,low,cube,Inner Approx. (Cube),152.154952,181.1806097,29.02565767,0.06109153,0,0,FALSE
0,0,low,power_energy,Outer Approx. (Power-Energy),152.154952,86.59625313,-65.5586989,-0.137984169,3676.269996,0.566507328,TRUE
0,1,low,fullnet,Learned Polytope Approx. (FullNet),142.3193479,202.8471869,60.52783902,0.128240621,0,0,FALSE
0,1,low,supervised,Supervised Regression (FullNet),142.3193479,47.31201102,-95.00733687,-0.201292498,4725.289774,0.916599922,TRUE
0,1,low,cube,Inner Approx. (Cube),142.3193479,187.6541874,45.33483947,0.096051141,0,0,FALSE
0,1,low,power_energy,Outer Approx. (Power-Energy),142.3193479,71.88962891,-70.42971899,-0.149219782,3823.660612,0.531261004,TRUE
0,2,low,fullnet,Learned Polytope Approx. (FullNet),152.8827799,216.6567146,63.77393477,0.123224436,0,0,FALSE
0,2,low,supervised,Supervised Regression (FullNet),152.8827799,47.14712341,-105.7356564,-0.204303163,4706.171673,0.942523952,TRUE
0,2,low,cube,Inner Approx. (Cube),152.8827799,200.1388659,47.25608605,0.091308535,0,0,FALSE
0,2,low,power_energy,Outer Approx. (Power-Energy),152.8827799,76.2536707,-76.62910916,-0.148063292,3823.660612,0.531261004,TRUE
0,3,low,fullnet,Learned Polytope Approx. (FullNet),154.2670898,219.5738125,65.30672275,0.127294274,0,0,FALSE
0,3,low,supervised,Supervised Regression (FullNet),154.2670898,45.75870257,-108.5083872,-0.211501906,4706.171673,0.942523952,TRUE
0,3,low,cube,Inner Approx. (Cube),154.2670898,197.603906,43.33681621,0.084471067,0,0,FALSE
0,3,low,power_energy,Outer Approx. (Power-Energy),154.2670898,78.63570207,-75.63138771,-0.147418859,3653.245251,0.502789254,TRUE
0,4,low,fullnet,Learned Polytope Approx. (FullNet),159.294767,215.1083763,55.81360938,0.11288903,0,0,FALSE
0,4,low,supervised,Supervised Regression (FullNet),159.294767,50.95382553,-108.3409414,-0.219131211,4829.262055,0.981874331,TRUE
0,4,low,cube,Inner Approx. (Cube),159.294767,185.5866024,26.29183548,0.053178066,0,0,FALSE
0,4,low,power_energy,Outer Approx. (Power-Energy),159.294767,92.93812692,-66.35664005,-0.134213444,3954.802771,0.548796986,TRUE
0,5,low,fullnet,Learned Polytope Approx. (FullNet),129.0399471,175.918792,46.87884487,0.116040562,0,0,FALSE
0,5,low,supervised,Supervised Regression (FullNet),129.0399471,37.55973953,-91.48020759,-0.226443606,4827.41433,0.981495563,TRUE
0,5,low,cube,Inner Approx. (Cube),129.0399471,156.8639372,27.82399011,0.068873528,0,0,FALSE
0,5,low,power_energy,Outer Approx. (Power-Energy),129.0399471,71.22474811,-57.81519901,-0.143111636,4055.740228,0.610406315,TRUE
0,6,low,fullnet,Learned Polytope Approx. (FullNet),158.8566526,217.1581135,58.3014609,0.116735879,0,0,FALSE
0,6,low,supervised,Supervised Regression (FullNet),158.8566526,46.93058323,-111.9260694,-0.224107388,4829.262055,0.981874331,TRUE
0,6,low,cube,Inner Approx. (Cube),158.8566526,188.5328379,29.67618528,0.059420047,0,0,FALSE
0,6,low,power_energy,Outer Approx. (Power-Energy),158.8566526,89.09269725,-69.7639554,-0.139687008,3954.802771,0.548796986,TRUE
0,7,low,fullnet,Learned Polytope Approx. (FullNet),139.2674841,193.5426587,54.27517453,0.12227466,0,0,FALSE
0,7,low,supervised,Supervised Regression (FullNet),139.2674841,47.05221568,-92.21526845,-0.207748583,4776.703857,0.972899601,TRUE
0,7,low,cube,Inner Approx. (Cube),139.2674841,168.0172341,28.74974995,0.064769316,0,0,FALSE
0,7,low,power_energy,Outer Approx. (Power-Energy),139.2674841,78.76779773,-60.4996864,-0.136297647,3818.191485,0.563252561,TRUE
0,8,low,fullnet,Learned Polytope Approx. (FullNet),119.5189456,165.3951135,45.87616794,0.121833779,0,0,FALSE
0,8,low,supervised,Supervised Regression (FullNet),119.5189456,47.11165161,-72.40729395,-0.192292744,4837.609833,0.983495633,TRUE
0,8,low,cube,Inner Approx. (Cube),119.5189456,143.8539954,24.33504986,0.064626825,0,0,FALSE
0,8,low,power_energy,Outer Approx. (Power-Energy),119.5189456,70.9069048,-48.61204076,-0.129099462,4478.511001,0.718418494,TRUE
0,9,low,fullnet,Learned Polytope Approx. (FullNet),109.7424888,157.4787656,47.73627682,0.129594783,0,0,FALSE
0,9,low,supervised,Supervised Regression (FullNet),109.7424888,39.42510122,-70.31738758,-0.190898143,4699.239227,0.941200677,TRUE
0,9,low,cube,Inner Approx. (Cube),109.7424888,147.018912,37.27642324,0.101198299,0,0,FALSE
0,9,low,power_energy,Outer Approx. (Power-Energy),109.7424888,58.14456667,-51.59792213,-0.140078406,3601.279545,0.550743578,TRUE
0,10,low,fullnet,Learned Polytope Approx. (FullNet),121.0785072,177.70932,56.63081281,0.133366198,0,0,FALSE
0,10,low,supervised,Supervised Regression (FullNet),121.0785072,40.03301939,-81.04548779,-0.190863031,4714.298166,0.914528828,TRUE
0,10,low,cube,Inner Approx. (Cube),121.0785072,172.6081029,51.52959574,0.121352775,0,0,FALSE
0,10,low,power_energy,Outer Approx. (Power-Energy),121.0785072,58.58246064,-62.49604654,-0.147178889,4101.531276,0.56986847,TRUE
0,11,low,fullnet,Learned Polytope Approx. (FullNet),146.1625386,193.3398224,47.17728372,0.105496613,0,0,FALSE
0,11,low,supervised,Supervised Regression (FullNet),146.1625386,58.61526709,-87.54727154,-0.195770928,4835.991862,0.983173997,TRUE
0,11,low,cube,Inner Approx. (Cube),146.1625386,165.3060739,19.14353528,0.042808275,0,0,FALSE
0,11,low,power_energy,Outer Approx. (Power-Energy),146.1625386,92.77781155,-53.38472707,-0.119377536,4348.329131,0.619160827,TRUE
0,12,low,fullnet,Learned Polytope Approx. (FullNet),170.951754,208.2400293,37.28827526,0.070541511,0,0,FALSE
0,12,low,supervised,Supervised Regression (FullNet),170.951754,55.47873134,-115.4730227,-0.218450477,4770.743752,0.968754707,TRUE
0,12,low,cube,Inner Approx. (Cube),170.951754,185.0779837,14.12622962,0.026723831,0,0,FALSE
0,12,low,power_energy,Outer Approx. (Power-Energy),170.951754,107.9417936,-63.00996045,-0.119201486,3150.277844,0.36972964,TRUE
0,13,low,fullnet,Learned Polytope Approx. (FullNet),89.21004949,117.0319962,27.82194672,0.098776741,0,0,FALSE
0,13,low,supervised,Supervised Regression (FullNet),89.21004949,51.39414911,-37.81590038,-0.134258448,4288.177797,0.849364206,TRUE
0,13,low,cube,Inner Approx. (Cube),89.21004949,94.00303539,4.792985904,0.017016621,0,0,FALSE
0,13,low,power_energy,Outer Approx. (Power-Energy),89.21004949,51.51130541,-37.69874408,-0.133842506,4855.945203,0.774445664,TRUE
0,14,low,fullnet,Learned Polytope Approx. (FullNet),74.25588312,109.3359356,35.08005252,0.134758602,0,0,FALSE
0,14,low,supervised,Supervised Regression (FullNet),74.25588312,44.16740106,-30.08848206,-0.115583686,3666.89827,0.624459586,TRUE
0,14,low,cube,Inner Approx. (Cube),74.25588312,97.1000775,22.84419438,0.087755048,0,0,FALSE
0,14,low,power_energy,Outer Approx. (Power-Energy),74.25588312,30.98588329,-43.26999983,-0.166219953,4986.303548,0.778895658,TRUE
1,0,low,fullnet,Learned Polytope Approx. (FullNet),108.6658943,168.7153664,60.04947207,0.127602481,0,0,FALSE
1,0,low,supervised,Supervised Regression (FullNet),108.6658943,19.99203065,-88.67386366,-0.188428052,4312.726765,1.046134493,TRUE
1,0,low,cube,Inner Approx. (Cube),108.6658943,136.3662329,27.70033855,0.058861998,0,0,FALSE
1,0,low,power_energy,Outer Approx. (Power-Energy),108.6658943,48.76275609,-59.90313822,-0.127291528,3779.261338,0.615821932,TRUE
1,1,low,fullnet,Learned Polytope Approx. (FullNet),97.89962238,158.7326752,60.83305287,0.130616814,0.848769218,0.000103722,TRUE
1,1,low,supervised,Supervised Regression (FullNet),97.89962238,14.51869504,-83.38092734,-0.179030158,4352.123358,1.0557179,TRUE
1,1,low,cube,Inner Approx. (Cube),97.89962238,140.656963,42.75734064,0.091805809,0,0,FALSE
1,1,low,power_energy,Outer Approx. (Power-Energy),97.89962238,37.65280094,-60.24682144,-0.129358095,3405.930713,0.565267168,TRUE
1,2,low,fullnet,Learned Polytope Approx. (FullNet),105.7127328,169.4540268,63.741294,0.124621477,0,0,FALSE
1,2,low,supervised,Supervised Regression (FullNet),105.7127328,12.31355043,-93.39918237,-0.182606021,4312.726765,1.046134493,TRUE
1,2,low,cube,Inner Approx. (Cube),105.7127328,153.7262316,48.01349885,0.093871849,0,0,FALSE
1,2,low,power_energy,Outer Approx. (Power-Energy),105.7127328,34.91064888,-70.80208391,-0.138426124,3708.856057,0.536479387,TRUE
1,3,low,fullnet,Learned Polytope Approx. (FullNet),106.8402108,171.3167866,64.47657584,0.127010428,0,0,FALSE
1,3,low,supervised,Supervised Regression (FullNet),106.8402108,11.11747913,-95.72273164,-0.188561271,4352.123358,1.0557179,TRUE
1,3,low,cube,Inner Approx. (Cube),106.8402108,150.3977859,43.5575751,0.08580273,0,0,FALSE
1,3,low,power_energy,Outer Approx. (Power-Energy),106.8402108,35.8065509,-71.03365987,-0.139927026,3708.856057,0.536479387,TRUE
1,4,low,fullnet,Learned Polytope Approx. (FullNet),114.2759195,167.5511,53.27518044,0.10839204,0,0,FALSE
1,4,low,supervised,Supervised Regression (FullNet),114.2759195,12.28838224,-101.9875373,-0.2075007,4544.686406,1.089490672,TRUE
1,4,low,cube,Inner Approx. (Cube),114.2759195,140.1233875,25.84746791,0.052588462,0,0,FALSE
1,4,low,power_energy,Outer Approx. (Power-Energy),114.2759195,50.80577938,-63.47014017,-0.129134391,3739.958016,0.561489615,TRUE
1,5,low,fullnet,Learned Polytope Approx. (FullNet),92.15359103,136.9518245,44.79823344,0.111716216,0,0,FALSE
1,5,low,supervised,Supervised Regression (FullNet),92.15359103,4.842672548,-87.31091848,-0.217732814,4586.357003,1.09883787,TRUE
1,5,low,cube,Inner Approx. (Cube),92.15359103,117.0520861,24.89849508,0.062090967,0,0,FALSE
1,5,low,power_energy,Outer Approx. (Power-Energy),92.15359103,37.32175043,-54.8318406,-0.136737663,3750.086679,0.605967991,TRUE
1,6,low,fullnet,Learned Polytope Approx. (FullNet),113.4776463,168.4577572,54.98011099,0.110672338,0,0,FALSE
1,6,low,supervised,Supervised Regression (FullNet),113.4776463,8.844872878,-104.6327734,-0.210620776,4544.686406,1.089490672,TRUE
1,6,low,cube,Inner Approx. (Cube),113.4776463,143.001851,29.52420471,0.059430814,0,0,FALSE
1,6,low,power_energy,Outer Approx. (Power-Energy),113.4776463,46.69020347,-66.78744279,-0.134439933,3750.679013,0.551507295,TRUE
1,7,low,fullnet,Learned Polytope Approx. (FullNet),98.90169675,149.2779167,50.37621999,0.114220588,0,0,FALSE
1,7,low,supervised,Supervised Regression (FullNet),98.90169675,11.56184507,-87.33985168,-0.198030126,4544.686406,1.089490672,TRUE
1,7,low,cube,Inner Approx. (Cube),98.90169675,126.0987916,27.19709483,0.061665368,0,0,FALSE
1,7,low,power_energy,Outer Approx. (Power-Energy),98.90169675,42.21444867,-56.68724808,-0.128529905,3650.699882,0.562140889,TRUE
1,8,low,fullnet,Learned Polytope Approx. (FullNet),85.63283324,130.7479659,45.11513268,0.121113326,0,0,FALSE
1,8,low,supervised,Supervised Regression (FullNet),85.63283324,18.66186001,-66.97097322,-0.179786179,4536.301089,1.086838295,TRUE
1,8,low,cube,Inner Approx. (Cube),85.63283324,107.8289352,22.19610198,0.059586298,0,0,FALSE
1,8,low,power_energy,Outer Approx. (Power-Energy),85.63283324,41.3582527,-44.27458054,-0.118856831,4000.638796,0.713401323,TRUE
1,9,low,fullnet,Learned Polytope Approx. (FullNet),76.16130295,122.6462841,46.4849812,0.128008448,0,0,FALSE
1,9,low,supervised,Supervised Regression (FullNet),76.16130295,12.82536658,-63.33593636,-0.174411921,4596.38043,1.128252083,TRUE
1,9,low,cube,Inner Approx. (Cube),76.16130295,109.5744472,33.4131443,0.092011756,0,0,FALSE
1,9,low,power_energy,Outer Approx. (Power-Energy),76.16130295,31.55038878,-44.61091416,-0.122847718,3606.931149,0.587888276,TRUE
1,10,low,fullnet,Learned Polytope Approx. (FullNet),81.99294907,135.3138552,53.32090617,0.127627216,0,0,FALSE
1,10,low,supervised,Supervised Regression (FullNet),81.99294907,10.57786827,-71.4150808,-0.170936854,4586.775858,1.125895364,TRUE
1,10,low,cube,Inner Approx. (Cube),81.99294907,127.7645479,45.77159885,0.109557435,0,0,FALSE
1,10,low,power_energy,Outer Approx. (Power-Energy),81.99294907,29.26260083,-52.73034823,-0.126213676,3961.425686,0.565861014,TRUE
1,11,low,fullnet,Learned Polytope Approx. (FullNet),106.5322555,150.8940369,44.36178146,0.099921203,0,0,FALSE
1,11,low,supervised,Supervised Regression (FullNet),106.5322555,22.62998121,-83.90227425,-0.188982856,4212.817156,1.021897946,TRUE
1,11,low,cube,Inner Approx. (Cube),106.5322555,122.7706822,16.23842678,0.036575698,0,0,FALSE
1,11,low,power_energy,Outer Approx. (Power-Energy),106.5322555,56.19740735,-50.33484811,-0.113375036,3755.40108,0.580059621,TRUE
1,12,low,fullnet,Learned Polytope Approx. (FullNet),123.8918348,155.220382,31.32854718,0.059270758,205.0380406,0.023670536,TRUE
1,12,low,supervised,Supervised Regression (FullNet),123.8918348,16.09879444,-107.7930404,-0.203934614,4147.841482,0.993740076,TRUE
1,12,low,cube,Inner Approx. (Cube),123.8918348,143.4051518,19.51331695,0.036917418,0,0,FALSE
1,12,low,power_energy,Outer Approx. (Power-Energy),123.8918348,58.84517472,-65.04666012,-0.123062356,3330.918687,0.412753322,TRUE
1,13,low,fullnet,Learned Polytope Approx. (FullNet),61.43888032,86.11403867,24.67515836,0.087520361,0,0,FALSE
1,13,low,supervised,Supervised Regression (FullNet),61.43888032,23.5030323,-37.93584801,-0.134554723,4126.159369,1.00125315,TRUE
1,13,low,cube,Inner Approx. (Cube),61.43888032,67.90476715,6.465886831,0.022933865,0,0,FALSE
1,13,low,power_energy,Outer Approx. (Power-Energy),61.43888032,26.69731262,-34.7415677,-0.123224925,3899.222579,0.761479937,TRUE
1,14,low,fullnet,Learned Polytope Approx. (FullNet),47.9393987,80.84866187,32.90926317,0.127432036,0,0,FALSE
1,14,low,supervised,Supervised Regression (FullNet),47.9393987,22.35342643,-25.58597226,-0.099074614,3324.904483,0.638006298,TRUE
1,14,low,cube,Inner Approx. (Cube),47.9393987,63.44756468,15.50816598,0.060051091,0,0,FALSE
1,14,low,power_energy,Outer Approx. (Power-Energy),47.9393987,12.44096092,-35.49843777,-0.1374579,4155.443709,0.692340146,TRUE
2,0,low,fullnet,Learned Polytope Approx. (FullNet),145.9995351,202.9067093,56.90717425,0.12292794,0,0,FALSE
2,0,low,supervised,Supervised Regression (FullNet),145.9995351,64.33791624,-81.66161882,-0.176401213,4290.513261,0.766060202,TRUE
2,0,low,cube,Inner Approx. (Cube),145.9995351,171.0225379,25.02300281,0.054053399,0,0,FALSE
2,0,low,power_energy,Outer Approx. (Power-Energy),145.9995351,73.28768873,-72.71184633,-0.157068376,4100.403828,0.619545489,TRUE
2,1,low,fullnet,Learned Polytope Approx. (FullNet),136.8078495,196.5110973,59.70324779,0.130232171,0,0,FALSE
2,1,low,supervised,Supervised Regression (FullNet),136.8078495,57.99173834,-78.8161112,-0.171923533,4255.407462,0.72829859,TRUE
2,1,low,cube,Inner Approx. (Cube),136.8078495,176.3588462,39.55099665,0.086273567,0,0,FALSE
2,1,low,power_energy,Outer Approx. (Power-Energy),136.8078495,59.39896848,-77.40888106,-0.168853907,4155.837363,0.575910396,TRUE
2,2,low,fullnet,Learned Polytope Approx. (FullNet),146.6124051,209.0146108,62.40220569,0.124080833,0,0,FALSE
2,2,low,supervised,Supervised Regression (FullNet),146.6124051,56.13641564,-90.47598949,-0.179902874,4255.407462,0.72829859,TRUE
2,2,low,cube,Inner Approx. (Cube),146.6124051,188.1926761,41.58027098,0.082678402,0,0,FALSE
2,2,low,power_energy,Outer Approx. (Power-Energy),146.6124051,61.30386886,-85.30853627,-0.169627886,3991.438151,0.553128172,TRUE
2,3,low,fullnet,Learned Polytope Approx. (FullNet),147.8718162,210.3791296,62.50731339,0.12518546,0,0,FALSE
2,3,low,supervised,Supervised Regression (FullNet),147.8718162,54.71665383,-93.15516236,-0.186564919,4255.407462,0.72829859,TRUE
2,3,low,cube,Inner Approx. (Cube),147.8718162,186.1963276,38.3245114,0.076753764,0,0,FALSE
2,3,low,power_energy,Outer Approx. (Power-Energy),147.8718162,63.53705415,-84.33476204,-0.168900013,4025.9192,0.558024432,TRUE
2,4,low,fullnet,Learned Polytope Approx. (FullNet),152.1529333,202.3094122,50.15647897,0.103819579,0,0,FALSE
2,4,low,supervised,Supervised Regression (FullNet),152.1529333,58.17896095,-93.97397231,-0.194518006,4351.116457,0.758246793,TRUE
2,4,low,cube,Inner Approx. (Cube),152.1529333,175.938579,23.78564571,0.049234232,0,0,FALSE
2,4,low,power_energy,Outer Approx. (Power-Energy),152.1529333,78.01582819,-74.13710507,-0.153457404,4312.688242,0.584105239,TRUE
2,5,low,fullnet,Learned Polytope Approx. (FullNet),123.2973927,165.9218001,42.6244074,0.108065202,0,0,FALSE
2,5,low,supervised,Supervised Regression (FullNet),123.2973927,45.66295361,-77.63443908,-0.196825759,4351.116488,0.75824668,TRUE
2,5,low,cube,Inner Approx. (Cube),123.2973927,148.8824807,25.58508805,0.064865599,0,0,FALSE
2,5,low,power_energy,Outer Approx. (Power-Energy),123.2973927,59.400671,-63.89672169,-0.161996672,4332.44392,0.637086031,TRUE
2,6,low,fullnet,Learned Polytope Approx. (FullNet),151.6022065,203.5544219,51.95221536,0.106400343,0,0,FALSE
2,6,low,supervised,Supervised Regression (FullNet),151.6022065,54.02536219,-97.57684435,-0.19984152,4351.116457,0.758246793,TRUE
2,6,low,cube,Inner Approx. (Cube),151.6022065,178.6307723,27.02856581,0.05535565,0,0,FALSE
2,6,low,power_energy,Outer Approx. (Power-Energy),151.6022065,73.78814627,-77.81406026,-0.159366499,4312.688242,0.584105239,TRUE
2,7,low,fullnet,Learned Polytope Approx. (FullNet),132.8955081,180.833549,47.93804094,0.110485179,0,0,FALSE
2,7,low,supervised,Supervised Regression (FullNet),132.8955081,53.99341967,-78.9020884,-0.181849554,4351.116457,0.758246793,TRUE
2,7,low,cube,Inner Approx. (Cube),132.8955081,158.8416085,25.94610044,0.059799264,0,0,FALSE
2,7,low,power_energy,Outer Approx. (Power-Energy),132.8955081,65.38548785,-67.51002022,-0.15559369,4252.628218,0.607049187,TRUE
2,8,low,fullnet,Learned Polytope Approx. (FullNet),114.7552949,158.6924223,43.93712748,0.119703626,0,0,FALSE
2,8,low,supervised,Supervised Regression (FullNet),114.7552949,54.46066279,-60.29463208,-0.164268502,4353.866746,0.758704908,TRUE
2,8,low,cube,Inner Approx. (Cube),114.7552949,136.0979626,21.34266774,0.058146603,0,0,FALSE
2,8,low,power_energy,Outer Approx. (Power-Energy),114.7552949,60.86752257,-53.8877723,-0.146813461,4467.648369,0.732447671,TRUE
2,9,low,fullnet,Learned Polytope Approx. (FullNet),105.5207468,152.1986504,46.67790364,0.130389755,0,0,FALSE
2,9,low,supervised,Supervised Regression (FullNet),105.5207468,47.70318243,-57.81756435,-0.161507212,4238.29865,0.725610882,TRUE
2,9,low,cube,Inner Approx. (Cube),105.5207468,138.4544091,32.93366231,0.09199668,0,0,FALSE
2,9,low,power_energy,Outer Approx. (Power-Energy),105.5207468,48.78125598,-56.7394908,-0.158495728,3970.204173,0.617945919,TRUE
2,10,low,fullnet,Learned Polytope Approx. (FullNet),116.465971,171.6757175,55.20974652,0.133984329,0,0,FALSE
2,10,low,supervised,Supervised Regression (FullNet),116.465971,49.7685718,-66.69739918,-0.161862839,4055.397251,0.710810219,TRUE
2,10,low,cube,Inner Approx. (Cube),116.465971,162.3014027,45.83543169,0.111234519,0,0,FALSE
2,10,low,power_energy,Outer Approx. (Power-Energy),116.465971,47.99346757,-68.47250341,-0.166170704,4358.066596,0.594927715,TRUE
2,11,low,fullnet,Learned Polytope Approx. (FullNet),140.0678235,183.1610105,43.093187,0.098526564,0,0,FALSE
2,11,low,supervised,Supervised Regression (FullNet),140.0678235,66.97888259,-73.08894094,-0.167107674,4290.513261,0.766060202,TRUE
2,11,low,cube,Inner Approx. (Cube),140.0678235,157.4138008,17.34597723,0.039659159,0,0,FALSE
2,11,low,power_energy,Outer Approx. (Power-Energy),140.0678235,80.34738524,-59.72043829,-0.136542456,4444.369423,0.636592558,TRUE
2,12,low,fullnet,Learned Polytope Approx. (FullNet),162.5915979,195.7167132,33.12511526,0.063882347,0,0,FALSE
2,12,low,supervised,Supervised Regression (FullNet),162.5915979,58.97488219,-103.6167157,-0.199826594,4278.54121,0.750226967,TRUE
2,12,low,cube,Inner Approx. (Cube),162.5915979,176.8012838,14.20968586,0.02740362,0,0,FALSE
2,12,low,power_energy,Outer Approx. (Power-Energy),162.5915979,90.68535267,-71.90624523,-0.138672414,3529.108663,0.412846126,TRUE
2,13,low,fullnet,Learned Polytope Approx. (FullNet),85.3249152,109.0303382,23.70542301,0.085490142,0,0,FALSE
2,13,low,supervised,Supervised Regression (FullNet),85.3249152,56.40100205,-28.92391315,-0.104309864,3878.313227,0.65174481,TRUE
2,13,low,cube,Inner Approx. (Cube),85.3249152,90.37650548,5.051590281,0.018217822,0,0,FALSE
2,13,low,power_energy,Outer Approx. (Power-Energy),85.3249152,43.44640186,-41.87851333,-0.151028736,4761.366699,0.797860684,TRUE
2,14,low,fullnet,Learned Polytope Approx. (FullNet),71.76414691,105.2433295,33.4791826,0.130936068,0,0,FALSE
2,14,low,supervised,Supervised Regression (FullNet),71.76414691,49.70365204,-22.06049486,-0.086277926,3358.075952,0.471999011,TRUE
2,14,low,cube,Inner Approx. (Cube),71.76414691,93.55004888,21.78590198,0.085204002,0,0,FALSE
2,14,low,power_energy,Outer Approx. (Power-Energy),71.76414691,25.46758768,-46.29655922,-0.181064439,4992.128146,0.805642939,TRUE
3,0,low,fullnet,Learned Polytope Approx. (FullNet),149.1669038,204.6852043,55.51830055,0.124019318,0,0,FALSE
3,0,low,supervised,Supervised Regression (FullNet),149.1669038,61.50973592,-87.65716787,-0.19581259,4439.960604,0.882893382,TRUE
3,0,low,cube,Inner Approx. (Cube),149.1669038,174.3596789,25.19277508,0.056276773,0,0,FALSE
3,0,low,power_energy,Outer Approx. (Power-Energy),149.1669038,85.0490254,-64.11787839,-0.143229449,3604.005878,0.568473828,TRUE
3,1,low,fullnet,Learned Polytope Approx. (FullNet),139.8163174,196.9661437,57.14982634,0.128728438,0,0,FALSE
3,1,low,supervised,Supervised Regression (FullNet),139.8163174,53.25652993,-86.55978746,-0.194973581,4354.511409,0.821022927,TRUE
3,1,low,cube,Inner Approx. (Cube),139.8163174,179.6565219,39.84020456,0.089738983,0,0,FALSE
3,1,low,power_energy,Outer Approx. (Power-Energy),139.8163174,70.72643821,-69.08987917,-0.155623085,3748.820644,0.552035719,TRUE
3,2,low,fullnet,Learned Polytope Approx. (FullNet),150.3356771,210.5472636,60.21158647,0.123859176,0,0,FALSE
3,2,low,supervised,Supervised Regression (FullNet),150.3356771,53.00201923,-97.3336579,-0.200221708,4316.686034,0.815531623,TRUE
3,2,low,cube,Inner Approx. (Cube),150.3356771,192.0127925,41.67711538,0.085732556,0,0,FALSE
3,2,low,power_energy,Outer Approx. (Power-Energy),150.3356771,75.3337642,-75.00191293,-0.154283846,3748.820644,0.552035719,TRUE
3,3,low,fullnet,Learned Polytope Approx. (FullNet),151.4768659,212.5869318,61.11006587,0.126588846,0,0,FALSE
3,3,low,supervised,Supervised Regression (FullNet),151.4768659,51.37339288,-100.103473,-0.207363271,4354.511409,0.821022927,TRUE
3,3,low,cube,Inner Approx. (Cube),151.4768659,190.217803,38.74093709,0.080251436,0,0,FALSE
3,3,low,power_energy,Outer Approx. (Power-Energy),151.4768659,77.32014062,-74.15672531,-0.153614861,3683.596545,0.519311601,TRUE
3,4,low,fullnet,Learned Polytope Approx. (FullNet),155.7249453,207.1130837,51.38813836,0.110276439,0,0,FALSE
3,4,low,supervised,Supervised Regression (FullNet),155.7249453,57.47415408,-98.25079121,-0.210841407,4443.694374,0.88093394,TRUE
3,4,low,cube,Inner Approx. (Cube),155.7249453,179.3065372,23.58159191,0.050604946,0,0,FALSE
3,4,low,power_energy,Outer Approx. (Power-Energy),155.7249453,91.02201235,-64.70293294,-0.138849339,3836.290395,0.563007175,TRUE
3,5,low,fullnet,Learned Polytope Approx. (FullNet),126.0570666,168.7815224,42.72445575,0.112230915,0,0,FALSE
3,5,low,supervised,Supervised Regression (FullNet),126.0570666,43.3356079,-82.72145871,-0.217297208,4443.410256,0.880870468,TRUE
3,5,low,cube,Inner Approx. (Cube),126.0570666,151.5573702,25.50030363,0.066985579,0,0,FALSE
3,5,low,power_energy,Outer Approx. (Power-Energy),126.0570666,69.57571923,-56.48134738,-0.148368263,3908.406474,0.602206863,TRUE
3,6,low,fullnet,Learned Polytope Approx. (FullNet),155.2493646,207.596543,52.34717837,0.111208736,0,0,FALSE
3,6,low,supervised,Supervised Regression (FullNet),155.2493646,53.44243594,-101.8069287,-0.216283287,4443.694374,0.88093394,TRUE
3,6,low,cube,Inner Approx. (Cube),155.2493646,182.22312,26.97375538,0.057304277,0,0,FALSE
3,6,low,power_energy,Outer Approx. (Power-Energy),155.2493646,87.24292663,-68.00643798,-0.144475982,3836.290395,0.563007175,TRUE
3,7,low,fullnet,Learned Polytope Approx. (FullNet),136.3415253,184.8272077,48.48568241,0.115764867,0,0,FALSE
3,7,low,supervised,Supervised Regression (FullNet),136.3415253,53.26547686,-83.07604841,-0.198353148,4443.694374,0.88093394,TRUE
3,7,low,cube,Inner Approx. (Cube),136.3415253,162.2581326,25.91660738,0.061878733,0,0,FALSE
3,7,low,power_energy,Outer Approx. (Power-Energy),136.3415253,77.27532479,-59.06620048,-0.141027011,3733.932963,0.563984853,TRUE
3,8,low,fullnet,Learned Polytope Approx. (FullNet),117.1542419,159.9537363,42.79949439,0.120440874,0,0,FALSE
3,8,low,supervised,Supervised Regression (FullNet),117.1542419,52.14140679,-65.01283508,-0.182950822,4443.969443,0.883673176,TRUE
3,8,low,cube,Inner Approx. (Cube),117.1542419,138.5139152,21.35967334,0.060107666,0,0,FALSE
3,8,low,power_energy,Outer Approx. (Power-Energy),117.1542419,69.7285894,-47.42565247,-0.133459218,4500.914951,0.753614189,TRUE
3,9,low,fullnet,Learned Polytope Approx. (FullNet),107.8498853,153.0242662,45.17438094,0.130185907,0,0,FALSE
3,9,low,supervised,Supervised Regression (FullNet),107.8498853,44.17792469,-63.67196061,-0.183493205,4307.802813,0.813916427,TRUE
3,9,low,cube,Inner Approx. (Cube),107.8498853,140.8813227,33.03143735,0.095191733,0,0,FALSE
3,9,low,power_energy,Outer Approx. (Power-Energy),107.8498853,57.28667829,-50.56320701,-0.145715709,3638.79846,0.56963976,TRUE
3,10,low,fullnet,Learned Polytope Approx. (FullNet),119.2161489,172.7118654,53.49571655,0.133836671,0,0,FALSE
3,10,low,supervised,Supervised Regression (FullNet),119.2161489,45.09096152,-74.12518737,-0.1854479,4139.359508,0.745053888,TRUE
3,10,low,cube,Inner Approx. (Cube),119.2161489,165.1798067,45.96365778,0.114992813,0,0,FALSE
3,10,low,power_energy,Outer Approx. (Power-Energy),119.2161489,57.8649358,-61.35121309,-0.153489711,4027.245211,0.593035362,TRUE
3,11,low,fullnet,Learned Polytope Approx. (FullNet),142.9082687,185.9445816,43.03631294,0.101758531,0,0,FALSE
3,11,low,supervised,Supervised Regression (FullNet),142.9082687,64.52501634,-78.38325231,-0.185335686,4439.960604,0.882893382,TRUE
3,11,low,cube,Inner Approx. (Cube),142.9082687,160.1512918,17.24302314,0.040770795,0,0,FALSE
3,11,low,power_energy,Outer Approx. (Power-Energy),142.9082687,90.89644824,-52.01182042,-0.122980945,4078.869798,0.627079003,TRUE
3,12,low,fullnet,Learned Polytope Approx. (FullNet),166.7756001,200.4430704,33.66747021,0.067521937,0,0,FALSE
3,12,low,supervised,Supervised Regression (FullNet),166.7756001,61.48848258,-105.2871176,-0.211159022,4388.851138,0.873397974,TRUE
3,12,low,cube,Inner Approx. (Cube),166.7756001,180.5756872,13.80008706,0.027676823,0,0,FALSE
3,12,low,power_energy,Outer Approx. (Power-Energy),166.7756001,105.7423452,-61.03325497,-0.122405502,3067.623649,0.369132885,TRUE
3,13,low,fullnet,Learned Polytope Approx. (FullNet),87.53609071,112.2544546,24.71836393,0.092308067,0,0,FALSE
3,13,low,supervised,Supervised Regression (FullNet),87.53609071,55.87224396,-31.66384674,-0.118245224,3835.947939,0.730200806,TRUE
3,13,low,cube,Inner Approx. (Cube),87.53609071,92.28484419,4.74875348,0.017733708,0,0,FALSE
3,13,low,power_energy,Outer Approx. (Power-Energy),87.53609071,50.85703502,-36.67905569,-0.136973981,4846.84912,0.793301038,TRUE
3,14,low,fullnet,Learned Polytope Approx. (FullNet),73.44666931,106.3523896,32.90572032,0.132199863,0,0,FALSE
3,14,low,supervised,Supervised Regression (FullNet),73.44666931,46.41810999,-27.02855932,-0.108588166,3503.502533,0.543016786,TRUE
3,14,low,cube,Inner Approx. (Cube),73.44666931,94.92239898,21.47572967,0.086279482,0,0,FALSE
3,14,low,power_energy,Outer Approx. (Power-Energy),73.44666931,31.31658631,-42.13008299,-0.169259057,5084.664259,0.813823,TRUE
4,0,low,fullnet,Learned Polytope Approx. (FullNet),100.8608309,161.9582323,61.09740142,0.134952671,0,0,FALSE
4,0,low,supervised,Supervised Regression (FullNet),100.8608309,21.05261852,-79.8082124,-0.176281334,3863.126341,0.923604832,TRUE
4,0,low,cube,Inner Approx. (Cube),100.8608309,127.2180423,26.35721143,0.058218124,0,0,FALSE
4,0,low,power_energy,Outer Approx. (Power-Energy),100.8608309,42.13908641,-58.72174451,-0.129705292,3796.092274,0.651500625,TRUE
4,1,low,fullnet,Learned Polytope Approx. (FullNet),91.02038984,153.1266324,62.10624252,0.138562881,0.402228884,5.13E-05,TRUE
4,1,low,supervised,Supervised Regression (FullNet),91.02038984,15.40669139,-75.61369845,-0.168698853,3955.485978,0.945742373,TRUE
4,1,low,cube,Inner Approx. (Cube),91.02038984,131.6911076,40.67071773,0.090738895,0,0,FALSE
4,1,low,power_energy,Outer Approx. (Power-Energy),91.02038984,31.86144019,-59.15894965,-0.131987288,3405.380002,0.59599891,TRUE
4,2,low,fullnet,Learned Polytope Approx. (FullNet),97.87928836,163.2086446,65.32935628,0.132961477,0,0,FALSE
4,2,low,supervised,Supervised Regression (FullNet),97.87928836,13.37660353,-84.50268483,-0.171983966,3863.126341,0.923604832,TRUE
4,2,low,cube,Inner Approx. (Cube),97.87928836,143.2966978,45.41740943,0.092435716,0,0,FALSE
4,2,low,power_energy,Outer Approx. (Power-Energy),97.87928836,28.42545309,-69.45383527,-0.141355817,3628.848104,0.548838206,TRUE
4,3,low,fullnet,Learned Polytope Approx. (FullNet),98.72390716,164.1671231,65.44321593,0.13415512,0,0,FALSE
4,3,low,supervised,Supervised Regression (FullNet),98.72390716,12.10474368,-86.61916348,-0.177564688,3955.485978,0.945742373,TRUE
4,3,low,cube,Inner Approx. (Cube),98.72390716,140.1314688,41.40756166,0.084883304,0,0,FALSE
4,3,low,power_energy,Outer Approx. (Power-Energy),98.72390716,29.06248567,-69.66142148,-0.142802217,3628.848104,0.548838206,TRUE
4,4,low,fullnet,Learned Polytope Approx. (FullNet),105.1730738,160.0186918,54.845618,0.11609162,0,0,FALSE
4,4,low,supervised,Supervised Regression (FullNet),105.1730738,13.21607968,-91.95699415,-0.194645203,4094.9634,0.970104665,TRUE
4,4,low,cube,Inner Approx. (Cube),105.1730738,130.2437638,25.07069001,0.053067084,0,0,FALSE
4,4,low,power_energy,Outer Approx. (Power-Energy),105.1730738,43.08673514,-62.08633869,-0.131418041,3732.395849,0.55938862,TRUE
4,5,low,fullnet,Learned Polytope Approx. (FullNet),84.73744421,130.8687753,46.13133112,0.119636494,0,0,FALSE
4,5,low,supervised,Supervised Regression (FullNet),84.73744421,5.843291863,-78.89415235,-0.204603239,4128.429769,0.977519841,TRUE
4,5,low,cube,Inner Approx. (Cube),84.73744421,109.1842972,24.446853,0.063400204,0,0,FALSE
4,5,low,power_energy,Outer Approx. (Power-Energy),84.73744421,31.03431716,-53.70312705,-0.139273108,3730.145141,0.598921275,TRUE
4,6,low,fullnet,Learned Polytope Approx. (FullNet),104.217081,160.4171884,56.20010745,0.117768856,0,0,FALSE
4,6,low,supervised,Supervised Regression (FullNet),104.217081,9.717137108,-94.49994387,-0.198027207,4094.9634,0.970104665,TRUE
4,6,low,cube,Inner Approx. (Cube),104.217081,132.6736348,28.45655378,0.059631484,0,0,FALSE
4,6,low,power_energy,Outer Approx. (Power-Energy),104.217081,38.93347211,-65.28360886,-0.136803581,3607.280214,0.537051809,TRUE
4,7,low,fullnet,Learned Polytope Approx. (FullNet),91.26511413,142.2600685,50.9949544,0.120182138,0,0,FALSE
4,7,low,supervised,Supervised Regression (FullNet),91.26511413,12.42494527,-78.84016886,-0.185806227,4094.9634,0.970104665,TRUE
4,7,low,cube,Inner Approx. (Cube),91.26511413,117.6106975,26.34558335,0.06208984,0,0,FALSE
4,7,low,power_energy,Outer Approx. (Power-Energy),91.26511413,35.78586716,-55.47924697,-0.130750476,3640.220598,0.588083198,TRUE
4,8,low,fullnet,Learned Polytope Approx. (FullNet),79.52948735,125.6672438,46.13775644,0.128456855,0,0,FALSE
4,8,low,supervised,Supervised Regression (FullNet),79.52948735,19.50695814,-60.02252922,-0.167114873,4087.547427,0.967828052,TRUE
4,8,low,cube,Inner Approx. (Cube),79.52948735,101.1329885,21.60350119,0.060148521,0,0,FALSE
4,8,low,power_energy,Outer Approx. (Power-Energy),79.52948735,36.15668866,-43.37279869,-0.120758653,3979.064124,0.751703831,TRUE
4,9,low,fullnet,Learned Polytope Approx. (FullNet),70.89038124,118.2904076,47.40002632,0.135375412,0,0,FALSE
4,9,low,supervised,Supervised Regression (FullNet),70.89038124,13.55442025,-57.33596099,-0.163752638,4140.777114,1.000002195,TRUE
4,9,low,cube,Inner Approx. (Cube),70.89038124,103.0593923,32.16901107,0.091875332,0,0,FALSE
4,9,low,power_energy,Outer Approx. (Power-Energy),70.89038124,27.09245605,-43.7979252,-0.12508774,3608.827919,0.619256241,TRUE
4,10,low,fullnet,Learned Polytope Approx. (FullNet),76.34062159,130.5669135,54.22629195,0.134549716,0,0,FALSE
4,10,low,supervised,Supervised Regression (FullNet),76.34062159,11.42817221,-64.91244937,-0.161064887,4129.861321,0.99736618,TRUE
4,10,low,cube,Inner Approx. (Cube),76.34062159,120.3253128,43.98469118,0.109137606,0,0,FALSE
4,10,low,power_energy,Outer Approx. (Power-Energy),76.34062159,24.51414071,-51.82648088,-0.128595152,3866.766842,0.575131678,TRUE
4,11,low,fullnet,Learned Polytope Approx. (FullNet),98.51531691,145.0321998,46.51688292,0.108651183,0,0,FALSE
4,11,low,supervised,Supervised Regression (FullNet),98.51531691,23.71829677,-74.79702014,-0.174706132,3767.438131,0.900727209,TRUE
4,11,low,cube,Inner Approx. (Cube),98.51531691,114.4487943,15.93347742,0.037216405,0,0,FALSE
4,11,low,power_energy,Outer Approx. (Power-Energy),98.51531691,49.33400003,-49.18131687,-0.114874598,3571.131736,0.576924135,TRUE
4,12,low,fullnet,Learned Polytope Approx. (FullNet),113.0802027,150.1207738,37.04057104,0.073070145,54.72181778,0.006450363,TRUE
4,12,low,supervised,Supervised Regression (FullNet),113.0802027,17.16470359,-95.91549916,-0.18921305,3696.661932,0.875271158,TRUE
4,12,low,cube,Inner Approx. (Cube),113.0802027,131.782194,18.7019913,0.036893525,0,0,FALSE
4,12,low,power_energy,Outer Approx. (Power-Energy),113.0802027,49.79500979,-63.28519295,-0.12484306,3221.309955,0.413907791,TRUE
4,13,low,fullnet,Learned Polytope Approx. (FullNet),56.74660437,82.85232272,26.10571834,0.096012776,0,0,FALSE
4,13,low,supervised,Supervised Regression (FullNet),56.74660437,24.22914314,-32.51746124,-0.11959417,3676.993751,0.879431652,TRUE
4,13,low,cube,Inner Approx. (Cube),56.74660437,62.63458942,5.887985045,0.021655094,0,0,FALSE
4,13,low,power_energy,Outer Approx. (Power-Energy),56.74660437,22.77748508,-33.96911929,-0.124933142,3868.315037,0.797251142,TRUE
4,14,low,fullnet,Learned Polytope Approx. (FullNet),45.0862631,78.14185651,33.05559341,0.131563999,0,0,FALSE
4,14,low,supervised,Supervised Regression (FullNet),45.0862631,22.43216122,-22.65410188,-0.090165202,3083.646168,0.603544889,TRUE
4,14,low,cube,Inner Approx. (Cube),45.0862631,59.8694511,14.783188,0.058838313,0,0,FALSE
4,14,low,power_energy,Outer Approx. (Power-Energy),45.0862631,10.1250356,-34.9612275,-0.139148581,4205.819427,0.739121123,TRUE
5,0,low,fullnet,Learned Polytope Approx. (FullNet),148.5270982,206.5966946,58.06959644,0.12531218,0,0,FALSE
5,0,low,supervised,Supervised Regression (FullNet),148.5270982,69.81206919,-78.715029,-0.169864309,4126.726384,0.775133667,TRUE
5,0,low,cube,Inner Approx. (Cube),148.5270982,174.9694958,26.44239756,0.057061779,0,0,FALSE
5,0,low,power_energy,Outer Approx. (Power-Energy),148.5270982,81.49601031,-67.03108788,-0.144650768,3792.073108,0.589825091,TRUE
5,1,low,fullnet,Learned Polytope Approx. (FullNet),139.3063058,199.7480306,60.44172484,0.131313103,0,0,FALSE
5,1,low,supervised,Supervised Regression (FullNet),139.3063058,62.92165898,-76.38464683,-0.165950012,4089.671492,0.735915765,TRUE
5,1,low,cube,Inner Approx. (Cube),139.3063058,180.7433789,41.4370731,0.09002441,0,0,FALSE
5,1,low,power_energy,Outer Approx. (Power-Energy),139.3063058,67.16065069,-72.14565511,-0.156740561,3939.419567,0.560935222,TRUE
5,2,low,fullnet,Learned Polytope Approx. (FullNet),149.7748774,213.2631288,63.48825139,0.125984911,0,0,FALSE
5,2,low,supervised,Supervised Regression (FullNet),149.7748774,62.17200281,-87.60287459,-0.173837523,4089.671492,0.735915765,TRUE
5,2,low,cube,Inner Approx. (Cube),149.7748774,192.8013223,43.0264449,0.085380881,0,0,FALSE
5,2,low,power_energy,Outer Approx. (Power-Energy),149.7748774,70.89386191,-78.88101549,-0.156530027,3939.419567,0.560935222,TRUE
5,3,low,fullnet,Learned Polytope Approx. (FullNet),150.9023608,214.8768809,63.97452006,0.127997905,0,0,FALSE
5,3,low,supervised,Supervised Regression (FullNet),150.9023608,60.75886411,-90.14349668,-0.180355846,4089.671492,0.735915765,TRUE
5,3,low,cube,Inner Approx. (Cube),150.9023608,190.4817684,39.57940757,0.079189046,0,0,FALSE
5,3,low,power_energy,Outer Approx. (Power-Energy),150.9023608,73.0472319,-77.85512889,-0.155769725,3804.787838,0.527100696,TRUE
5,4,low,fullnet,Learned Polytope Approx. (FullNet),154.8355773,208.7862905,53.9507132,0.111818736,0,0,FALSE
5,4,low,supervised,Supervised Regression (FullNet),154.8355773,64.37655837,-90.45901893,-0.18748618,4174.45911,0.768020446,TRUE
5,4,low,cube,Inner Approx. (Cube),154.8355773,179.7811761,24.94559882,0.051702474,0,0,FALSE
5,4,low,power_energy,Outer Approx. (Power-Energy),154.8355773,87.09064639,-67.74493091,-0.140408756,3958.490269,0.564046542,TRUE
5,5,low,fullnet,Learned Polytope Approx. (FullNet),125.4179436,171.8526173,46.43467367,0.11775878,0,0,FALSE
5,5,low,supervised,Supervised Regression (FullNet),125.4179436,50.6142789,-74.80366468,-0.189702815,4174.459146,0.768020323,TRUE
5,5,low,cube,Inner Approx. (Cube),125.4179436,152.0356722,26.6177286,0.067502817,0,0,FALSE
5,5,low,power_energy,Outer Approx. (Power-Energy),125.4179436,66.5908905,-58.82705308,-0.149185974,4023.330127,0.604420913,TRUE
5,6,low,fullnet,Learned Polytope Approx. (FullNet),154.3716201,210.7368181,56.36519799,0.115667749,0,0,FALSE
5,6,low,supervised,Supervised Regression (FullNet),154.3716201,60.42407964,-93.94754044,-0.192790959,4174.45911,0.768020446,TRUE
5,6,low,cube,Inner Approx. (Cube),154.3716201,182.2867885,27.9151684,0.057285077,0,0,FALSE
5,6,low,power_energy,Outer Approx. (Power-Energy),154.3716201,83.16131895,-71.21030113,-0.146131577,3958.490269,0.564046542,TRUE
5,7,low,fullnet,Learned Polytope Approx. (FullNet),135.3482033,186.963851,51.61564779,0.118987232,0,0,FALSE
5,7,low,supervised,Supervised Regression (FullNet),135.3482033,59.43279209,-75.91541116,-0.175004383,4174.45911,0.768020446,TRUE
5,7,low,cube,Inner Approx. (Cube),135.3482033,162.2078932,26.85968999,0.061918435,0,0,FALSE
5,7,low,power_energy,Outer Approx. (Power-Energy),135.3482033,73.37492991,-61.97327334,-0.1428642,3912.1002,0.571640744,TRUE
5,8,low,fullnet,Learned Polytope Approx. (FullNet),116.6001611,161.9765414,45.37638032,0.123216939,0,0,FALSE
5,8,low,supervised,Supervised Regression (FullNet),116.6001611,58.53200245,-58.06815865,-0.15768073,4106.637075,0.771642266,TRUE
5,8,low,cube,Inner Approx. (Cube),116.6001611,139.2882962,22.68813505,0.06160832,0,0,FALSE
5,8,low,power_energy,Outer Approx. (Power-Energy),116.6001611,67.10134232,-49.49881878,-0.134411182,4659.644914,0.74667107,TRUE
5,9,low,fullnet,Learned Polytope Approx. (FullNet),107.3574369,154.9396052,47.58216836,0.132106919,0,0,FALSE
5,9,low,supervised,Supervised Regression (FullNet),107.3574369,51.3232333,-56.03420357,-0.155573111,4070.371238,0.732699544,TRUE
5,9,low,cube,Inner Approx. (Cube),107.3574369,141.9421407,34.58470385,0.096020817,0,0,FALSE
5,9,low,power_energy,Outer Approx. (Power-Energy),107.3574369,54.63663002,-52.72080685,-0.146373812,3756.281577,0.575536925,TRUE
5,10,low,fullnet,Learned Polytope Approx. (FullNet),118.6565599,174.971092,56.31453207,0.135627835,0,0,FALSE
5,10,low,supervised,Supervised Regression (FullNet),118.6565599,53.69590841,-64.9606515,-0.156451136,3923.419777,0.721859553,TRUE
5,10,low,cube,Inner Approx. (Cube),118.6565599,166.6022141,47.9456542,0.115472242,0,0,FALSE
5,10,low,power_energy,Outer Approx. (Power-Energy),118.6565599,54.74181761,-63.91474231,-0.15393217,4199.039146,0.597902538,TRUE
5,11,low,fullnet,Learned Polytope Approx. (FullNet),142.3013022,189.5000016,47.19869944,0.10788194,0,0,FALSE
5,11,low,supervised,Supervised Regression (FullNet),142.3013022,72.07090278,-70.23039938,-0.160525435,4126.726384,0.775133667,TRUE
5,11,low,cube,Inner Approx. (Cube),142.3013022,161.0152164,18.71391419,0.042774343,0,0,FALSE
5,11,low,power_energy,Outer Approx. (Power-Energy),142.3013022,87.93059998,-54.37070218,-0.124274968,4244.6839,0.62748043,TRUE
5,12,low,fullnet,Learned Polytope Approx. (FullNet),165.6968443,206.0584761,40.36163174,0.07843424,0,0,FALSE
5,12,low,supervised,Supervised Regression (FullNet),165.6968443,66.81170294,-98.88514139,-0.192162223,4107.32508,0.759971449,TRUE
5,12,low,cube,Inner Approx. (Cube),165.6968443,180.415604,14.71875964,0.028602776,0,0,FALSE
5,12,low,power_energy,Outer Approx. (Power-Energy),165.6968443,101.5013944,-64.19544994,-0.124750192,3225.289633,0.384432182,TRUE
5,13,low,fullnet,Learned Polytope Approx. (FullNet),86.75699275,113.5852167,26.82822392,0.097438896,0,0,FALSE
5,13,low,supervised,Supervised Regression (FullNet),86.75699275,60.07609699,-26.68089575,-0.096903806,4145.176989,0.75511276,TRUE
5,13,low,cube,Inner Approx. (Cube),86.75699275,91.89843494,5.141442189,0.018673485,0,0,FALSE
5,13,low,power_energy,Outer Approx. (Power-Energy),86.75699275,48.60198796,-38.15500479,-0.138577251,4847.535544,0.795319201,TRUE
5,14,low,fullnet,Learned Polytope Approx. (FullNet),72.78945463,108.0137186,35.22426392,0.137206766,0,0,FALSE
5,14,low,supervised,Supervised Regression (FullNet),72.78945463,51.8572986,-20.93215603,-0.081535655,3207.547456,0.462885336,TRUE
5,14,low,cube,Inner Approx. (Cube),72.78945463,95.55888029,22.76942566,0.088692251,0,0,FALSE
5,14,low,power_energy,Outer Approx. (Power-Energy),72.78945463,29.35638125,-43.43307339,-0.169182003,5037.906768,0.800491087,TRUE
6,0,low,fullnet,Learned Polytope Approx. (FullNet),152.2680284,210.6862803,58.41825186,0.126826052,0,0,FALSE
6,0,low,supervised,Supervised Regression (FullNet),152.2680284,63.44733152,-88.82069691,-0.192829774,4483.115117,0.934490024,TRUE
6,0,low,cube,Inner Approx. (Cube),152.2680284,179.7237684,27.45573999,0.059606424,0,0,FALSE
6,0,low,power_energy,Outer Approx. (Power-Energy),152.2680284,88.36418663,-63.9038418,-0.13873527,3608.127148,0.564042844,TRUE
6,1,low,fullnet,Learned Polytope Approx. (FullNet),142.5046371,202.4433844,59.93874725,0.131018905,0,0,FALSE
6,1,low,supervised,Supervised Regression (FullNet),142.5046371,55.1744564,-87.33018074,-0.19089329,4357.881302,0.861991079,TRUE
6,1,low,cube,Inner Approx. (Cube),142.5046371,185.5109474,43.00631027,0.094006631,0,0,FALSE
6,1,low,power_energy,Outer Approx. (Power-Energy),142.5046371,73.71229354,-68.7923436,-0.150371803,3754.564782,0.535464205,TRUE
6,2,low,fullnet,Learned Polytope Approx. (FullNet),153.1988665,216.6656616,63.46679505,0.126743385,0,0,FALSE
6,2,low,supervised,Supervised Regression (FullNet),153.1988665,55.71276077,-97.48610578,-0.194680053,4296.04358,0.864038552,TRUE
6,2,low,cube,Inner Approx. (Cube),153.1988665,198.4501537,45.2512872,0.09036696,0,0,FALSE
6,2,low,power_energy,Outer Approx. (Power-Energy),153.1988665,78.56680409,-74.63206245,-0.149040458,3754.564782,0.535464205,TRUE
6,3,low,fullnet,Learned Polytope Approx. (FullNet),154.3308153,219.156674,64.82585863,0.130496604,0,0,FALSE
6,3,low,supervised,Supervised Regression (FullNet),154.3308153,54.22018737,-100.110628,-0.201526015,4357.881302,0.861991079,TRUE
6,3,low,cube,Inner Approx. (Cube),154.3308153,196.0925642,41.76174892,0.084067786,0,0,FALSE
6,3,low,power_energy,Outer Approx. (Power-Energy),154.3308153,80.68825611,-73.64255921,-0.148244915,3569.707322,0.502806554,TRUE
6,4,low,fullnet,Learned Polytope Approx. (FullNet),159.4543994,214.7457776,55.29137823,0.115343608,0,0,FALSE
6,4,low,supervised,Supervised Regression (FullNet),159.4543994,59.6199838,-99.83441562,-0.208265051,4471.495704,0.932160256,TRUE
6,4,low,cube,Inner Approx. (Cube),159.4543994,184.732298,25.27789859,0.052732345,0,0,FALSE
6,4,low,power_energy,Outer Approx. (Power-Energy),159.4543994,94.94779673,-64.50660268,-0.134567532,3801.858487,0.551400473,TRUE
6,5,low,fullnet,Learned Polytope Approx. (FullNet),129.1044775,175.575917,46.47143949,0.118596476,0,0,FALSE
6,5,low,supervised,Supervised Regression (FullNet),129.1044775,44.98272359,-84.12175389,-0.214681182,4473.325494,0.932535493,TRUE
6,5,low,cube,Inner Approx. (Cube),129.1044775,155.8670268,26.76254934,0.068298811,0,0,FALSE
6,5,low,power_energy,Outer Approx. (Power-Energy),129.1044775,72.7539177,-56.35055977,-0.143808281,3888.357419,0.59481222,TRUE
6,6,low,fullnet,Learned Polytope Approx. (FullNet),159.0113443,216.5839174,57.57257306,0.118909305,0,0,FALSE
6,6,low,supervised,Supervised Regression (FullNet),159.0113443,55.74597934,-103.265365,-0.213282334,4471.495704,0.932160256,TRUE
6,6,low,cube,Inner Approx. (Cube),159.0113443,187.6362895,28.62494524,0.059121421,0,0,FALSE
6,6,low,power_energy,Outer Approx. (Power-Energy),159.0113443,91.2562885,-67.7550558,-0.139940012,3801.858487,0.551400473,TRUE
6,7,low,fullnet,Learned Polytope Approx. (FullNet),139.4402539,192.8663688,53.4261149,0.124045201,0,0,FALSE
6,7,low,supervised,Supervised Regression (FullNet),139.4402539,54.85771296,-84.58254098,-0.196384451,4436.255666,0.925553594,TRUE
6,7,low,cube,Inner Approx. (Cube),139.4402539,167.1426,27.7023461,0.064319539,0,0,FALSE
6,7,low,power_energy,Outer Approx. (Power-Energy),139.4402539,80.59690191,-58.84335202,-0.136622987,3697.687517,0.555307505,TRUE
6,8,low,fullnet,Learned Polytope Approx. (FullNet),119.6202502,165.1486376,45.52838734,0.124452058,0,0,FALSE
6,8,low,supervised,Supervised Regression (FullNet),119.6202502,53.38616967,-66.23408054,-0.181051167,4489.788155,0.935865863,TRUE
6,8,low,cube,Inner Approx. (Cube),119.6202502,142.5958658,22.97561561,0.062803952,0,0,FALSE
6,8,low,power_energy,Outer Approx. (Power-Energy),119.6202502,72.25909269,-47.36115752,-0.129461944,4575.216873,0.742041485,TRUE
6,9,low,fullnet,Learned Polytope Approx. (FullNet),109.9154006,157.2648357,47.34943512,0.132374285,0,0,FALSE
6,9,low,supervised,Supervised Regression (FullNet),109.9154006,45.4735588,-64.44184182,-0.180159335,4285.545157,0.862007294,TRUE
6,9,low,cube,Inner Approx. (Cube),109.9154006,145.2972244,35.3818238,0.098916568,0,0,FALSE
6,9,low,power_energy,Outer Approx. (Power-Energy),109.9154006,59.52812721,-50.38727342,-0.140867136,3604.390277,0.559534762,TRUE
6,10,low,fullnet,Learned Polytope Approx. (FullNet),121.3146916,177.405009,56.09031732,0.136066004,0,0,FALSE
6,10,low,supervised,Supervised Regression (FullNet),121.3146916,46.80502634,-74.5096653,-0.180748352,4341.791516,0.858884742,TRUE
6,10,low,cube,Inner Approx. (Cube),121.3146916,170.4544035,49.13971184,0.119204963,0,0,FALSE
6,10,low,power_energy,Outer Approx. (Power-Energy),121.3146916,60.19767685,-61.11701479,-0.148259956,4034.549357,0.575394723,TRUE
6,11,low,fullnet,Learned Polytope Approx. (FullNet),146.2039437,192.9991804,46.79523669,0.107666226,0,0,FALSE
6,11,low,supervised,Supervised Regression (FullNet),146.2039437,66.30025897,-79.90368472,-0.183841963,4483.115117,0.934490024,TRUE
6,11,low,cube,Inner Approx. (Cube),146.2039437,164.5297079,18.32576426,0.042163819,0,0,FALSE
6,11,low,power_energy,Outer Approx. (Power-Energy),146.2039437,94.29213914,-51.91180455,-0.119438397,4142.02313,0.621035786,TRUE
6,12,low,fullnet,Learned Polytope Approx. (FullNet),171.3631781,209.80355,38.44037187,0.075120157,0,0,FALSE
6,12,low,supervised,Supervised Regression (FullNet),171.3631781,65.03053067,-106.3326474,-0.207795211,4423.776376,0.921659779,TRUE
6,12,low,cube,Inner Approx. (Cube),171.3631781,185.3987156,14.03553748,0.027428241,0,0,FALSE
6,12,low,power_energy,Outer Approx. (Power-Energy),171.3631781,110.5279688,-60.83520935,-0.118884138,3059.527165,0.371542649,TRUE
6,13,low,fullnet,Learned Polytope Approx. (FullNet),89.62837043,117.1051169,27.4767465,0.100300168,0,0,FALSE
6,13,low,supervised,Supervised Regression (FullNet),89.62837043,56.8014315,-32.82693893,-0.119830326,4405.742495,0.918401971,TRUE
6,13,low,cube,Inner Approx. (Cube),89.62837043,94.47365265,4.845282221,0.017687051,0,0,FALSE
6,13,low,power_energy,Outer Approx. (Power-Energy),89.62837043,52.9699141,-36.65845633,-0.133816765,4931.716295,0.796985578,TRUE
6,14,low,fullnet,Learned Polytope Approx. (FullNet),74.67349917,109.6842329,35.01073371,0.137369644,0,0,FALSE
6,14,low,supervised,Supervised Regression (FullNet),74.67349917,47.55608378,-27.11741539,-0.106399075,3481.970894,0.545975652,TRUE
6,14,low,cube,Inner Approx. (Cube),74.67349917,96.66377181,21.99027265,0.086281994,0,0,FALSE
6,14,low,power_energy,Outer Approx. (Power-Energy),74.67349917,32.35768625,-42.31581292,-0.166032172,5063.344912,0.802816264,TRUE
7,0,low,fullnet,Learned Polytope Approx. (FullNet),147.3913678,203.4949297,56.10356195,0.12498469,0,0,FALSE
7,0,low,supervised,Supervised Regression (FullNet),147.3913678,55.79136434,-91.60000341,-0.204061874,4635.051126,0.865117253,TRUE
7,0,low,cube,Inner Approx. (Cube),147.3913678,173.4360587,26.04469099,0.058021051,0,0,FALSE
7,0,low,power_energy,Outer Approx. (Power-Energy),147.3913678,80.12266616,-67.2687016,-0.149857826,3638.777413,0.581591189,TRUE
7,1,low,fullnet,Learned Polytope Approx. (FullNet),137.9256486,196.4519262,58.52627751,0.131620792,0,0,FALSE
7,1,low,supervised,Supervised Regression (FullNet),137.9256486,47.99469495,-89.9309537,-0.20224733,4583.849286,0.817738901,TRUE
7,1,low,cube,Inner Approx. (Cube),137.9256486,179.0644808,41.13883216,0.092517856,0,0,FALSE
7,1,low,power_energy,Outer Approx. (Power-Energy),137.9256486,66.04206673,-71.88358191,-0.161660273,3775.648355,0.533633832,TRUE
7,2,low,fullnet,Learned Polytope Approx. (FullNet),147.698999,209.2682467,61.56924766,0.12637242,0,0,FALSE
7,2,low,supervised,Supervised Regression (FullNet),147.698999,46.58990424,-101.1090948,-0.207528945,4583.849286,0.817738901,TRUE
7,2,low,cube,Inner Approx. (Cube),147.698999,190.9659562,43.26695724,0.088806511,0,0,FALSE
7,2,low,power_energy,Outer Approx. (Power-Energy),147.698999,69.35826765,-78.34073135,-0.16079631,3774.167248,0.533424499,TRUE
7,3,low,fullnet,Learned Polytope Approx. (FullNet),148.914442,210.975185,62.06074298,0.128315465,0,0,FALSE
7,3,low,supervised,Supervised Regression (FullNet),148.914442,44.86533259,-104.0491095,-0.215129714,4583.849286,0.817738901,TRUE
7,3,low,cube,Inner Approx. (Cube),148.914442,189.0259695,40.11152741,0.082933736,0,0,FALSE
7,3,low,power_energy,Outer Approx. (Power-Energy),148.914442,71.48309281,-77.43134924,-0.160095402,3636.895122,0.514132352,TRUE
7,4,low,fullnet,Learned Polytope Approx. (FullNet),154.061725,204.2858666,50.22414156,0.107347933,0,0,FALSE
7,4,low,supervised,Supervised Regression (FullNet),154.061725,51.34772214,-102.7140029,-0.219538563,4678.831793,0.872004847,TRUE
7,4,low,cube,Inner Approx. (Cube),154.061725,178.3104497,24.24872474,0.05182867,0,0,FALSE
7,4,low,power_energy,Outer Approx. (Power-Energy),154.061725,85.67146276,-68.39026224,-0.146175784,3898.273434,0.559269052,TRUE
7,5,low,fullnet,Learned Polytope Approx. (FullNet),124.77504,166.4748562,41.69981624,0.10916297,0,0,FALSE
7,5,low,supervised,Supervised Regression (FullNet),124.77504,38.34907962,-86.42596038,-0.226248349,4678.013766,0.871844459,TRUE
7,5,low,cube,Inner Approx. (Cube),124.77504,150.7375177,25.96247771,0.067965316,0,0,FALSE
7,5,low,power_energy,Outer Approx. (Power-Energy),124.77504,65.32006119,-59.4549788,-0.155642942,3984.44643,0.620661934,TRUE
7,6,low,fullnet,Learned Polytope Approx. (FullNet),153.4679323,204.9478364,51.47990411,0.10896609,0,0,FALSE
7,6,low,supervised,Supervised Regression (FullNet),153.4679323,47.14776126,-106.3201711,-0.225044967,4678.831793,0.872004847,TRUE
7,6,low,cube,Inner Approx. (Cube),153.4679323,181.2861156,27.81818332,0.05888198,0,0,FALSE
7,6,low,power_energy,Outer Approx. (Power-Energy),153.4679323,81.73812143,-71.72981089,-0.151828508,3898.273434,0.559269052,TRUE
7,7,low,fullnet,Learned Polytope Approx. (FullNet),134.6788413,183.1360141,48.45717275,0.115377952,0,0,FALSE
7,7,low,supervised,Supervised Regression (FullNet),134.6788413,47.96456143,-86.71427988,-0.206469248,4678.831793,0.872004847,TRUE
7,7,low,cube,Inner Approx. (Cube),134.6788413,161.4036679,26.7248266,0.063632597,0,0,FALSE
7,7,low,power_energy,Outer Approx. (Power-Energy),134.6788413,72.55396207,-62.12487924,-0.147921163,3813.703045,0.580976291,TRUE
7,8,low,fullnet,Learned Polytope Approx. (FullNet),115.9775682,158.9172881,42.93971991,0.120617926,0,0,FALSE
7,8,low,supervised,Supervised Regression (FullNet),115.9775682,48.08769442,-67.88987376,-0.190703055,4637.500103,0.865557177,TRUE
7,8,low,cube,Inner Approx. (Cube),115.9775682,137.930905,21.95333682,0.061667052,0,0,FALSE
7,8,low,power_energy,Outer Approx. (Power-Energy),115.9775682,66.0049971,-49.97257108,-0.140373247,4435.766581,0.740813358,TRUE
7,9,low,fullnet,Learned Polytope Approx. (FullNet),106.5244935,152.4903072,45.96581365,0.132394412,0,0,FALSE
7,9,low,supervised,Supervised Regression (FullNet),106.5244935,40.31220892,-66.21228461,-0.190709916,4576.753815,0.816525432,TRUE
7,9,low,cube,Inner Approx. (Cube),106.5244935,140.468146,33.9436525,0.097767222,0,0,FALSE
7,9,low,power_energy,Outer Approx. (Power-Energy),106.5244935,53.77963951,-52.74485402,-0.151919946,3551.692338,0.562977318,TRUE
7,10,low,fullnet,Learned Polytope Approx. (FullNet),117.5184454,172.0039112,54.48546579,0.136322077,0,0,FALSE
7,10,low,supervised,Supervised Regression (FullNet),117.5184454,40.89101836,-76.62742708,-0.191721037,4542.151907,0.820568826,TRUE
7,10,low,cube,Inner Approx. (Cube),117.5184454,164.8227252,47.30427972,0.118354823,0,0,FALSE
7,10,low,power_energy,Outer Approx. (Power-Energy),117.5184454,53.72357977,-63.79486568,-0.1596141,4062.759904,0.573237616,TRUE
7,11,low,fullnet,Learned Polytope Approx. (FullNet),141.5835228,183.641121,42.05759824,0.099146616,0,0,FALSE
7,11,low,supervised,Supervised Regression (FullNet),141.5835228,59.2817651,-82.30175769,-0.19401823,4635.051126,0.865117253,TRUE
7,11,low,cube,Inner Approx. (Cube),141.5835228,159.3590854,17.77556263,0.041904126,0,0,FALSE
7,11,low,power_energy,Outer Approx. (Power-Energy),141.5835228,86.37980607,-55.20371672,-0.130137286,4094.943781,0.62395079,TRUE
7,12,low,fullnet,Learned Polytope Approx. (FullNet),164.9281752,195.8662442,30.93806892,0.061643637,0,0,FALSE
7,12,low,supervised,Supervised Regression (FullNet),164.9281752,53.17920271,-111.7489725,-0.222658147,4618.338572,0.863646238,TRUE
7,12,low,cube,Inner Approx. (Cube),164.9281752,178.8923682,13.96419301,0.027823445,0,0,FALSE
7,12,low,power_energy,Outer Approx. (Power-Energy),164.9281752,99.33507962,-65.59309562,-0.130693257,3219.449014,0.383538451,TRUE
7,13,low,fullnet,Learned Polytope Approx. (FullNet),86.71576538,110.8807884,24.16502305,0.08969943,0,0,FALSE
7,13,low,supervised,Supervised Regression (FullNet),86.71576538,51.80810962,-34.90765575,-0.129575578,4152.315556,0.749682755,TRUE
7,13,low,cube,Inner Approx. (Cube),86.71576538,91.44772755,4.731962177,0.017564821,0,0,FALSE
7,13,low,power_energy,Outer Approx. (Power-Energy),86.71576538,47.832948,-38.88281738,-0.144331191,4849.453978,0.804659411,TRUE
7,14,low,fullnet,Learned Polytope Approx. (FullNet),72.72690981,105.730763,33.00385324,0.132558107,0,0,FALSE
7,14,low,supervised,Supervised Regression (FullNet),72.72690981,43.63864284,-29.08826697,-0.116831377,3653.650995,0.549634786,TRUE
7,14,low,cube,Inner Approx. (Cube),72.72690981,94.51027243,21.78336263,0.087491642,0,0,FALSE
7,14,low,power_energy,Outer Approx. (Power-Energy),72.72690981,29.15341772,-43.57349208,-0.175010463,5011.703914,0.811405482,TRUE
8,0,low,fullnet,Learned Polytope Approx. (FullNet),147.3739312,203.3326833,55.95875207,0.124578998,0,0,FALSE
8,0,low,supervised,Supervised Regression (FullNet),147.3739312,53.82535233,-93.54857892,-0.208263906,4722.777917,0.868798539,TRUE
8,0,low,cube,Inner Approx. (Cube),147.3739312,172.1697554,24.79582412,0.05520207,0,0,FALSE
8,0,low,power_energy,Outer Approx. (Power-Energy),147.3739312,80.3800551,-66.99387614,-0.149146106,3743.906425,0.593462077,TRUE
8,1,low,fullnet,Learned Polytope Approx. (FullNet),137.9642088,196.6592314,58.69502252,0.13196295,0,0,FALSE
8,1,low,supervised,Supervised Regression (FullNet),137.9642088,45.94611073,-92.01809811,-0.206882613,4700.042291,0.829821128,TRUE
8,1,low,cube,Inner Approx. (Cube),137.9642088,177.1857622,39.22155332,0.088181104,0,0,FALSE
8,1,low,power_energy,Outer Approx. (Power-Energy),137.9642088,66.21389715,-71.75031168,-0.161314918,3891.348281,0.546145574,TRUE
8,2,low,fullnet,Learned Polytope Approx. (FullNet),147.8178376,208.8636315,61.04579392,0.125307326,0,0,FALSE
8,2,low,supervised,Supervised Regression (FullNet),147.8178376,44.18841777,-103.6294198,-0.212717775,4700.042291,0.829821128,TRUE
8,2,low,cube,Inner Approx. (Cube),147.8178376,189.001461,41.18362339,0.084536696,0,0,FALSE
8,2,low,power_energy,Outer Approx. (Power-Energy),147.8178376,69.4708613,-78.34697628,-0.160821073,3891.348281,0.546145574,TRUE
8,3,low,fullnet,Learned Polytope Approx. (FullNet),149.0539256,210.5166306,61.46270494,0.127026927,0,0,FALSE
8,3,low,supervised,Supervised Regression (FullNet),149.0539256,42.44877418,-106.6051514,-0.220324256,4700.042291,0.829821128,TRUE
8,3,low,cube,Inner Approx. (Cube),149.0539256,187.175206,38.12128039,0.078786462,0,0,FALSE
8,3,low,power_energy,Outer Approx. (Power-Energy),149.0539256,71.64552702,-77.4083986,-0.159982399,3707.777233,0.519235161,TRUE
8,4,low,fullnet,Learned Polytope Approx. (FullNet),153.9939375,203.364176,49.37023842,0.105413102,0,0,FALSE
8,4,low,supervised,Supervised Regression (FullNet),153.9939375,49.28014867,-104.7137889,-0.22358015,4773.398726,0.87466607,TRUE
8,4,low,cube,Inner Approx. (Cube),153.9939375,177.6761169,23.68217933,0.050565119,0,0,FALSE
8,4,low,power_energy,Outer Approx. (Power-Energy),153.9939375,86.04218531,-67.95175223,-0.14508751,3937.718541,0.566415824,TRUE
8,5,low,fullnet,Learned Polytope Approx. (FullNet),124.7259542,165.7715823,41.0456281,0.107292439,0,0,FALSE
8,5,low,supervised,Supervised Regression (FullNet),124.7259542,36.64977034,-88.07618389,-0.230229358,4772.433462,0.874480935,TRUE
8,5,low,cube,Inner Approx. (Cube),124.7259542,150.3231316,25.59717732,0.066910502,0,0,FALSE
8,5,low,power_energy,Outer Approx. (Power-Energy),124.7259542,65.64597953,-59.0799747,-0.154433855,3979.156956,0.614573365,TRUE
8,6,low,fullnet,Learned Polytope Approx. (FullNet),153.4245153,203.8903473,50.46583207,0.106689828,0,0,FALSE
8,6,low,supervised,Supervised Regression (FullNet),153.4245153,45.04321314,-108.3813021,-0.229128938,4773.398726,0.87466607,TRUE
8,6,low,cube,Inner Approx. (Cube),153.4245153,180.3425666,26.91805136,0.056907459,0,0,FALSE
8,6,low,power_energy,Outer Approx. (Power-Energy),153.4245153,82.13192752,-71.29258774,-0.150719677,3937.718541,0.566415824,TRUE
8,7,low,fullnet,Learned Polytope Approx. (FullNet),134.602321,182.7554804,48.15315947,0.114564543,0,0,FALSE
8,7,low,supervised,Supervised Regression (FullNet),134.602321,46.15716601,-88.44515495,-0.210426043,4773.398726,0.87466607,TRUE
8,7,low,cube,Inner Approx. (Cube),134.602321,160.5274998,25.92517889,0.061680403,0,0,FALSE
8,7,low,power_energy,Outer Approx. (Power-Energy),134.602321,72.77556465,-61.8267563,-0.147096352,3912.09116,0.588816315,TRUE
8,8,low,fullnet,Learned Polytope Approx. (FullNet),115.9192791,159.1641051,43.24482606,0.121328746,0,0,FALSE
8,8,low,supervised,Supervised Regression (FullNet),115.9192791,46.63758857,-69.2816905,-0.194378413,4724.7488,0.869144006,TRUE
8,8,low,cube,Inner Approx. (Cube),115.9192791,137.1298153,21.21053618,0.059508801,0,0,FALSE
8,8,low,power_energy,Outer Approx. (Power-Energy),115.9192791,66.22174178,-49.6975373,-0.139432631,4443.706801,0.736352716,TRUE
8,9,low,fullnet,Learned Polytope Approx. (FullNet),106.4936416,152.6209093,46.1272677,0.132750357,0,0,FALSE
8,9,low,supervised,Supervised Regression (FullNet),106.4936416,38.74127021,-67.75237137,-0.194985568,4693.54358,0.828722336,TRUE
8,9,low,cube,Inner Approx. (Cube),106.4936416,139.2492783,32.75563675,0.094267939,0,0,FALSE
8,9,low,power_energy,Outer Approx. (Power-Energy),106.4936416,53.88285228,-52.6107893,-0.151409381,3647.432913,0.573340577,TRUE
8,10,low,fullnet,Learned Polytope Approx. (FullNet),117.4814431,172.1016058,54.62016273,0.136585987,0,0,FALSE
8,10,low,supervised,Supervised Regression (FullNet),117.4814431,39.16457367,-78.31686943,-0.19584319,4647.864878,0.834274941,TRUE
8,10,low,cube,Inner Approx. (Cube),117.4814431,163.0926488,45.61120568,0.114057726,0,0,FALSE
8,10,low,power_energy,Outer Approx. (Power-Energy),117.4814431,53.76967873,-63.71176437,-0.159320913,4167.435706,0.584894078,TRUE
8,11,low,fullnet,Learned Polytope Approx. (FullNet),141.5140685,183.0192542,41.50518568,0.097652243,0,0,FALSE
8,11,low,supervised,Supervised Regression (FullNet),141.5140685,57.42787095,-84.08619756,-0.197835661,4722.777917,0.868798539,TRUE
8,11,low,cube,Inner Approx. (Cube),141.5140685,159.1290915,17.61502296,0.041444135,0,0,FALSE
8,11,low,power_energy,Outer Approx. (Power-Energy),141.5140685,86.74262899,-54.77143951,-0.128864715,4023.246711,0.620046659,TRUE
8,12,low,fullnet,Learned Polytope Approx. (FullNet),164.7513018,194.9320819,30.18078017,0.060030756,0,0,FALSE
8,12,low,supervised,Supervised Regression (FullNet),164.7513018,50.47512521,-114.2761765,-0.2272998,4711.315097,0.866106371,TRUE
8,12,low,cube,Inner Approx. (Cube),164.7513018,179.137922,14.38662021,0.028615552,0,0,FALSE
8,12,low,power_energy,Outer Approx. (Power-Energy),164.7513018,99.72962051,-65.02168125,-0.129330676,3203.45321,0.377528661,TRUE
8,13,low,fullnet,Learned Polytope Approx. (FullNet),86.57703316,110.7263531,24.1493199,0.089479414,0,0,FALSE
8,13,low,supervised,Supervised Regression (FullNet),86.57703316,50.91617733,-35.66085582,-0.132132603,4237.527958,0.749784052,TRUE
8,13,low,cube,Inner Approx. (Cube),86.57703316,91.74544907,5.168415913,0.019150304,0,0,FALSE
8,13,low,power_energy,Outer Approx. (Power-Energy),86.57703316,48.0804077,-38.49662546,-0.142639855,4704.54417,0.773931729,TRUE
8,14,low,fullnet,Learned Polytope Approx. (FullNet),72.66574915,105.8684192,33.20267001,0.13297177,0,0,FALSE
8,14,low,supervised,Supervised Regression (FullNet),72.66574915,42.63847538,-30.02727377,-0.120254779,3747.196599,0.559098573,TRUE
8,14,low,cube,Inner Approx. (Cube),72.66574915,94.43912257,21.77337342,0.087199132,0,0,FALSE
8,14,low,power_energy,Outer Approx. (Power-Energy),72.66574915,29.35088223,-43.31486692,-0.17346962,5016.248391,0.805002162,TRUE
9,0,low,fullnet,Learned Polytope Approx. (FullNet),112.9946429,175.2044649,62.20982196,0.129747442,0,0,FALSE
9,0,low,supervised,Supervised Regression (FullNet),112.9946429,26.01697767,-86.97766525,-0.181404306,4246.333602,1.066432618,TRUE
9,0,low,cube,Inner Approx. (Cube),112.9946429,142.3355694,29.34092646,0.06119468,0,0,FALSE
9,0,low,power_energy,Outer Approx. (Power-Energy),112.9946429,55.27036212,-57.7242808,-0.120392207,3770.797972,0.605049633,TRUE
9,1,low,fullnet,Learned Polytope Approx. (FullNet),101.7975436,164.5972586,62.79971497,0.132240109,0.986366881,0.00011621,TRUE
9,1,low,supervised,Supervised Regression (FullNet),101.7975436,20.08260997,-81.71493366,-0.172070713,4354.587367,1.093629796,TRUE
9,1,low,cube,Inner Approx. (Cube),101.7975436,146.9714447,45.17390111,0.095124661,0,0,FALSE
9,1,low,power_energy,Outer Approx. (Power-Energy),101.7975436,43.55531124,-58.24223239,-0.122643218,3324.420994,0.542465392,TRUE
9,2,low,fullnet,Learned Polytope Approx. (FullNet),110.244589,176.373903,66.129314,0.126846337,0,0,FALSE
9,2,low,supervised,Supervised Regression (FullNet),110.244589,18.95092453,-91.29366445,-0.175115485,4246.333602,1.066432618,TRUE
9,2,low,cube,Inner Approx. (Cube),110.244589,160.940042,50.69545306,0.097241785,0,0,FALSE
9,2,low,power_energy,Outer Approx. (Power-Energy),110.244589,41.7950748,-68.44951419,-0.131296843,3655.829855,0.525836449,TRUE
9,3,low,fullnet,Learned Polytope Approx. (FullNet),111.3143083,178.4900742,67.1757659,0.12985633,0,0,FALSE
9,3,low,supervised,Supervised Regression (FullNet),111.3143083,17.6553639,-93.65894437,-0.181050511,4354.587367,1.093629796,TRUE
9,3,low,cube,Inner Approx. (Cube),111.3143083,157.234606,45.92029777,0.088767746,0,0,FALSE
9,3,low,power_energy,Outer Approx. (Power-Energy),111.3143083,42.74463321,-68.56967506,-0.132550872,3655.829855,0.525836449,TRUE
9,4,low,fullnet,Learned Polytope Approx. (FullNet),119.2364042,175.4725595,56.23615525,0.112273266,0,0,FALSE
9,4,low,supervised,Supervised Regression (FullNet),119.2364042,18.75864612,-100.4777581,-0.200599881,4488.835787,1.113445361,TRUE
9,4,low,cube,Inner Approx. (Cube),119.2364042,146.1603146,26.92391035,0.053752525,0,0,FALSE
9,4,low,power_energy,Outer Approx. (Power-Energy),119.2364042,58.27424855,-60.96215567,-0.121708539,3590.012862,0.550749644,TRUE
9,5,low,fullnet,Learned Polytope Approx. (FullNet),96.17930356,143.6137879,47.43448435,0.116031121,0,0,FALSE
9,5,low,supervised,Supervised Regression (FullNet),96.17930356,10.30994975,-85.86935381,-0.210047975,4522.298354,1.12132179,TRUE
9,5,low,cube,Inner Approx. (Cube),96.17930356,122.0395468,25.8602432,0.063257629,0,0,FALSE
9,5,low,power_energy,Outer Approx. (Power-Energy),96.17930356,43.33302009,-52.84628347,-0.129269109,3609.212483,0.575713567,TRUE
9,6,low,fullnet,Learned Polytope Approx. (FullNet),118.565873,177.1207365,58.55486352,0.115647381,0,0,FALSE
9,6,low,supervised,Supervised Regression (FullNet),118.565873,15.42304709,-103.1428259,-0.203709769,4488.835787,1.113445361,TRUE
9,6,low,cube,Inner Approx. (Cube),118.565873,149.0954884,30.5296154,0.060296786,0,0,FALSE
9,6,low,power_energy,Outer Approx. (Power-Energy),118.565873,54.30494142,-64.26093159,-0.126917014,3609.804817,0.543284348,TRUE
9,7,low,fullnet,Learned Polytope Approx. (FullNet),103.1901238,156.7993328,53.609209,0.119211491,0,0,FALSE
9,7,low,supervised,Supervised Regression (FullNet),103.1901238,17.31250493,-85.8776189,-0.190967171,4488.835787,1.113445361,TRUE
9,7,low,cube,Inner Approx. (Cube),103.1901238,131.8047588,28.61463495,0.063630734,0,0,FALSE
9,7,low,power_energy,Outer Approx. (Power-Energy),103.1901238,48.6384476,-54.55167623,-0.121307267,3605.521733,0.549109732,TRUE
9,8,low,fullnet,Learned Polytope Approx. (FullNet),88.97119943,135.712885,46.74168557,0.123056743,0,0,FALSE
9,8,low,supervised,Supervised Regression (FullNet),88.97119943,23.35292059,-65.61827884,-0.172753112,4485.000445,1.112071135,TRUE
9,8,low,cube,Inner Approx. (Cube),88.97119943,112.2944153,23.3232159,0.061402984,0,0,FALSE
9,8,low,power_energy,Outer Approx. (Power-Energy),88.97119943,46.40298199,-42.56821744,-0.112069261,3958.879824,0.689108572,TRUE
9,9,low,fullnet,Learned Polytope Approx. (FullNet),79.144729,127.4248127,48.2800837,0.130286279,0,0,FALSE
9,9,low,supervised,Supervised Regression (FullNet),79.144729,17.07880036,-62.06592864,-0.167488088,4532.4895,1.148952141,TRUE
9,9,low,cube,Inner Approx. (Cube),79.144729,114.4314952,35.2867662,0.095223146,0,0,FALSE
9,9,low,power_energy,Outer Approx. (Power-Energy),79.144729,36.1035556,-43.0411734,-0.116148811,3506.014091,0.562692375,TRUE
9,10,low,fullnet,Learned Polytope Approx. (FullNet),85.25074076,140.6491087,55.39836796,0.129916246,0,0,FALSE
9,10,low,supervised,Supervised Regression (FullNet),85.25074076,15.41018621,-69.84055454,-0.163785018,4523.152221,1.146585371,TRUE
9,10,low,cube,Inner Approx. (Cube),85.25074076,133.3298012,48.07906042,0.112751536,0,0,FALSE
9,10,low,power_energy,Outer Approx. (Power-Energy),85.25074076,34.26255693,-50.98818383,-0.119573802,3876.702859,0.555065106,TRUE
9,11,low,fullnet,Learned Polytope Approx. (FullNet),110.8608681,157.7071478,46.84627965,0.103605037,0,0,FALSE
9,11,low,supervised,Supervised Regression (FullNet),110.8608681,28.46608892,-82.39477923,-0.182223951,4161.067464,1.045018301,TRUE
9,11,low,cube,Inner Approx. (Cube),110.8608681,127.4792372,16.61836903,0.036753116,0,0,FALSE
9,11,low,power_energy,Outer Approx. (Power-Energy),110.8608681,62.64793807,-48.21293008,-0.106627516,3646.578705,0.569627466,TRUE
9,12,low,fullnet,Learned Polytope Approx. (FullNet),129.829599,165.0353043,35.20570529,0.065474452,106.2154812,0.012243254,TRUE
9,12,low,supervised,Supervised Regression (FullNet),129.829599,23.84724598,-105.982353,-0.197102613,4151.40105,1.029710984,TRUE
9,12,low,cube,Inner Approx. (Cube),129.829599,148.8133869,18.98378791,0.035305446,0,0,FALSE
9,12,low,power_energy,Outer Approx. (Power-Energy),129.829599,67.78697226,-62.04262678,-0.115384906,3278.010755,0.408276066,TRUE
9,13,low,fullnet,Learned Polytope Approx. (FullNet),64.08640183,91.08847176,27.00206992,0.094308599,0,0,FALSE
9,13,low,supervised,Supervised Regression (FullNet),64.08640183,27.57678177,-36.50962006,-0.127515081,4068.469045,1.02213974,TRUE
9,13,low,cube,Inner Approx. (Cube),64.08640183,70.24443974,6.158037909,0.02150783,0,0,FALSE
9,13,low,power_energy,Outer Approx. (Power-Energy),64.08640183,30.7988966,-33.28750524,-0.116261383,3855.765879,0.739307674,TRUE
9,14,low,fullnet,Learned Polytope Approx. (FullNet),49.66551257,84.37650797,34.7109954,0.132153038,0,0,FALSE
9,14,low,supervised,Supervised Regression (FullNet),49.66551257,25.70824585,-23.95726672,-0.091211028,3273.079428,0.631702723,TRUE
9,14,low,cube,Inner Approx. (Cube),49.66551257,65.11630107,15.4507885,0.058824837,0,0,FALSE
9,14,low,power_energy,Outer Approx. (Power-Energy),49.66551257,15.14693512,-34.51857746,-0.131420457,4153.424544,0.680953811,TRUE
0,0,normal,fullnet,Learned Polytope Approx. (FullNet),293.4980133,446.1490343,152.6510211,0.125795175,0,0,FALSE
0,0,normal,supervised,Supervised Regression (FullNet),293.4980133,52.95332481,-240.5446885,-0.198225736,4829.262055,0.981874331,TRUE
0,0,normal,cube,Inner Approx. (Cube),293.4980133,499.2667412,205.7687279,0.1695679,0,0,FALSE
0,0,normal,power_energy,Outer Approx. (Power-Energy),293.4980133,120.9532422,-172.5447711,-0.142189023,3527.025817,0.485513421,TRUE
0,1,normal,fullnet,Learned Polytope Approx. (FullNet),304.628127,457.8880306,153.2599036,0.126820718,0,0,FALSE
0,1,normal,supervised,Supervised Regression (FullNet),304.628127,51.63235257,-252.9957744,-0.209350946,4699.239227,0.941200677,TRUE
0,1,normal,cube,Inner Approx. (Cube),304.628127,490.4165311,185.7884041,0.153737659,0,0,FALSE
0,1,normal,power_energy,Outer Approx. (Power-Energy),304.628127,117.4163439,-187.2117831,-0.154915488,3527.025817,0.485513421,TRUE
0,2,normal,fullnet,Learned Polytope Approx. (FullNet),343.9333057,482.9131471,138.9798414,0.119302979,0,0,FALSE
0,2,normal,supervised,Supervised Regression (FullNet),343.9333057,92.99392396,-250.9393818,-0.21541121,4770.743752,0.968754707,TRUE
0,2,normal,cube,Inner Approx. (Cube),343.9333057,447.4696258,103.53632,0.088877576,0,0,FALSE
0,2,normal,power_energy,Outer Approx. (Power-Energy),343.9333057,183.9136403,-160.0196654,-0.13736397,3954.802771,0.539003206,TRUE
0,3,normal,fullnet,Learned Polytope Approx. (FullNet),324.0995621,438.5968099,114.4972477,0.102171052,0,0,FALSE
0,3,normal,supervised,Supervised Regression (FullNet),324.0995621,101.7235236,-222.3760385,-0.198436157,4776.703857,0.972899601,TRUE
0,3,normal,cube,Inner Approx. (Cube),324.0995621,433.3369043,109.2373422,0.097477402,0,0,FALSE
0,3,normal,power_energy,Outer Approx. (Power-Energy),324.0995621,187.3528253,-136.7467368,-0.122025274,4098.143391,0.535044388,TRUE
0,4,normal,fullnet,Learned Polytope Approx. (FullNet),330.8792507,437.5621591,106.6829084,0.097777753,0,0,FALSE
0,4,normal,supervised,Supervised Regression (FullNet),330.8792507,145.3169786,-185.5622721,-0.170072811,4770.743752,0.968754707,TRUE
0,4,normal,cube,Inner Approx. (Cube),330.8792507,388.7070977,57.82784704,0.053000776,0,0,FALSE
0,4,normal,power_energy,Outer Approx. (Power-Energy),330.8792507,182.9834387,-147.895812,-0.135550487,4818.951297,0.78512568,TRUE
0,5,normal,fullnet,Learned Polytope Approx. (FullNet),304.9852973,409.8555281,104.8702308,0.092661841,0,0,FALSE
0,5,normal,supervised,Supervised Regression (FullNet),304.9852973,102.766191,-202.2191063,-0.178677921,4772.536284,0.969115563,TRUE
0,5,normal,cube,Inner Approx. (Cube),304.9852973,411.109188,106.1238907,0.093769557,0,0,FALSE
0,5,normal,power_energy,Outer Approx. (Power-Energy),304.9852973,146.3644776,-158.6208197,-0.140155096,4640.447292,0.588350777,TRUE
0,6,normal,fullnet,Learned Polytope Approx. (FullNet),319.441881,421.6765091,102.2346281,0.089272712,0,0,FALSE
0,6,normal,supervised,Supervised Regression (FullNet),319.441881,92.65827294,-226.783608,-0.19803063,4772.536284,0.969115563,TRUE
0,6,normal,cube,Inner Approx. (Cube),319.441881,419.7271864,100.2853054,0.087570536,0,0,FALSE
0,6,normal,power_energy,Outer Approx. (Power-Energy),319.441881,169.8087936,-149.6330874,-0.130661712,3714.873932,0.456087255,TRUE
0,7,normal,fullnet,Learned Polytope Approx. (FullNet),308.3178122,417.0910717,108.7732595,0.102321136,0,0,FALSE
0,7,normal,supervised,Supervised Regression (FullNet),308.3178122,141.5666431,-166.7511691,-0.156859958,4751.207796,0.964966195,TRUE
0,7,normal,cube,Inner Approx. (Cube),308.3178122,385.7356691,77.41785687,0.072825647,0,0,FALSE
0,7,normal,power_energy,Outer Approx. (Power-Energy),308.3178122,159.3647299,-148.9530823,-0.140117604,4826.96453,0.752023101,TRUE
0,8,normal,fullnet,Learned Polytope Approx. (FullNet),329.1145315,447.8810555,118.766524,0.108843495,0,0,FALSE
0,8,normal,supervised,Supervised Regression (FullNet),329.1145315,139.6341184,-189.4804131,-0.173649187,4754.042466,0.965538768,TRUE
0,8,normal,cube,Inner Approx. (Cube),329.1145315,397.2438855,68.129354,0.062437097,0,0,FALSE
0,8,normal,power_energy,Outer Approx. (Power-Energy),329.1145315,190.7129043,-138.4016272,-0.126838071,5261.853217,0.827743156,TRUE
0,9,normal,fullnet,Learned Polytope Approx. (FullNet),335.4189592,418.1311466,82.71218737,0.067328521,0,0,FALSE
0,9,normal,supervised,Supervised Regression (FullNet),335.4189592,70.81582091,-264.6031383,-0.215389514,4770.743752,0.968754707,TRUE
0,9,normal,cube,Inner Approx. (Cube),335.4189592,427.2298191,91.81085992,0.074734928,0,0,FALSE
0,9,normal,power_energy,Outer Approx. (Power-Energy),335.4189592,175.5304868,-159.8884724,-0.130150763,2896.820294,0.324813692,TRUE
0,10,normal,fullnet,Learned Polytope Approx. (FullNet),310.7824158,415.8422721,105.0598563,0.099934437,0,0,FALSE
0,10,normal,supervised,Supervised Regression (FullNet),310.7824158,144.4234223,-166.3589935,-0.158243053,4751.207796,0.964966195,TRUE
0,10,normal,cube,Inner Approx. (Cube),310.7824158,368.3771302,57.59471441,0.054784916,0,0,FALSE
0,10,normal,power_energy,Outer Approx. (Power-Energy),310.7824158,174.3135232,-136.4688926,-0.129811162,4771.271511,0.730155986,TRUE
0,11,normal,fullnet,Learned Polytope Approx. (FullNet),289.8783209,385.7896297,95.91130877,0.088948657,0,0,FALSE
0,11,normal,supervised,Supervised Regression (FullNet),289.8783209,124.4947042,-165.3836167,-0.153377644,4751.207796,0.964966195,TRUE
0,11,normal,cube,Inner Approx. (Cube),289.8783209,366.4930089,76.61468793,0.071052868,0,0,FALSE
0,11,normal,power_energy,Outer Approx. (Power-Energy),289.8783209,149.6762741,-140.2020468,-0.130024122,3966.891887,0.500638046,TRUE
0,12,normal,fullnet,Learned Polytope Approx. (FullNet),284.2936501,384.0636971,99.77004707,0.095341526,0,0,FALSE
0,12,normal,supervised,Supervised Regression (FullNet),284.2936501,126.8370228,-157.4566273,-0.150467556,4772.536284,0.969115563,TRUE
0,12,normal,cube,Inner Approx. (Cube),284.2936501,365.4497103,81.15606028,0.077553763,0,0,FALSE
0,12,normal,power_energy,Outer Approx. (Power-Energy),284.2936501,140.8840608,-143.4095893,-0.137044027,5113.931249,0.639025387,TRUE
0,13,normal,fullnet,Learned Polytope Approx. (FullNet),341.8418417,450.6499997,108.8081581,0.09822826,0,0,FALSE
0,13,normal,supervised,Supervised Regression (FullNet),341.8418417,113.0637526,-228.7780891,-0.206532984,4829.262055,0.981874331,TRUE
0,13,normal,cube,Inner Approx. (Cube),341.8418417,413.0821504,71.24030869,0.064313299,0,0,FALSE
0,13,normal,power_energy,Outer Approx. (Power-Energy),341.8418417,193.403708,-148.4381337,-0.134004838,3889.97626,0.493741014,TRUE
0,14,normal,fullnet,Learned Polytope Approx. (FullNet),294.6776755,440.3374452,145.6597697,0.132318675,0,0,FALSE
0,14,normal,supervised,Supervised Regression (FullNet),294.6776755,91.26718015,-203.4104954,-0.184779965,4582.582754,0.910935113,TRUE
0,14,normal,cube,Inner Approx. (Cube),294.6776755,447.0508584,152.3731829,0.138417201,0,0,FALSE
0,14,normal,power_energy,Outer Approx. (Power-Energy),294.6776755,144.4260053,-150.2516703,-0.136489999,3741.819063,0.551869878,TRUE
1,0,normal,fullnet,Learned Polytope Approx. (FullNet),191.2383699,322.0694899,130.8311201,0.109937956,0,0,FALSE
1,0,normal,supervised,Supervised Regression (FullNet),191.2383699,-10.82420084,-202.0625707,-0.169794052,4596.38043,1.128252083,TRUE
1,0,normal,cube,Inner Approx. (Cube),191.2383699,400.3098407,209.0714708,0.175683661,0,0,FALSE
1,0,normal,power_energy,Outer Approx. (Power-Energy),191.2383699,38.31806251,-152.9203073,-0.128499596,3832.95929,0.554553916,TRUE
1,1,normal,fullnet,Learned Polytope Approx. (FullNet),196.6843891,338.08992,141.4055309,0.118745317,0,0,FALSE
1,1,normal,supervised,Supervised Regression (FullNet),196.6843891,-15.64466425,-212.3290534,-0.178303356,4596.38043,1.128252083,TRUE
1,1,normal,cube,Inner Approx. (Cube),196.6843891,387.6552429,190.9708538,0.160367804,0,0,FALSE
1,1,normal,power_energy,Outer Approx. (Power-Energy),196.6843891,28.02344512,-168.660944,-0.141633054,3654.901071,0.52879239,TRUE
1,2,normal,fullnet,Learned Polytope Approx. (FullNet),239.8874114,369.6927955,129.8053841,0.112336652,0,0,FALSE
1,2,normal,supervised,Supervised Regression (FullNet),239.8874114,7.820488677,-232.0669228,-0.200836208,4544.686406,1.089490672,TRUE
1,2,normal,cube,Inner Approx. (Cube),239.8874114,347.2444997,107.3570882,0.092909365,0,0,FALSE
1,2,normal,power_energy,Outer Approx. (Power-Energy),239.8874114,88.27614427,-151.6112672,-0.131207979,3750.679013,0.551507295,TRUE
1,3,normal,fullnet,Learned Polytope Approx. (FullNet),227.4583069,325.4305794,97.97227249,0.088385434,0,0,FALSE
1,3,normal,supervised,Supervised Regression (FullNet),227.4583069,16.7803504,-210.6779565,-0.190062577,4596.006931,1.101149392,TRUE
1,3,normal,cube,Inner Approx. (Cube),227.4583069,334.2028695,106.7445626,0.096299333,0,0,FALSE
1,3,normal,power_energy,Outer Approx. (Power-Energy),227.4583069,98.35275629,-129.1055507,-0.116472241,3744.739325,0.565843569,TRUE
1,4,normal,fullnet,Learned Polytope Approx. (FullNet),228.5599137,329.5531856,100.9932719,0.092358527,0,0,FALSE
1,4,normal,supervised,Supervised Regression (FullNet),228.5599137,50.54441584,-178.0154979,-0.16279549,4152.425083,0.994929843,TRUE
1,4,normal,cube,Inner Approx. (Cube),228.5599137,295.0817464,66.52183272,0.060834335,0,0,FALSE
1,4,normal,power_energy,Outer Approx. (Power-Energy),228.5599137,91.76235034,-136.7975633,-0.125101615,3921.87686,0.701260209,TRUE
1,5,normal,fullnet,Learned Polytope Approx. (FullNet),199.5289839,291.1982572,91.66927326,0.080971897,0,0,FALSE
1,5,normal,supervised,Supervised Regression (FullNet),199.5289839,11.83154052,-187.6974434,-0.165794028,4522.129746,1.082236222,TRUE
1,5,normal,cube,Inner Approx. (Cube),199.5289839,317.1513405,117.6223566,0.103896377,0,0,FALSE
1,5,normal,power_energy,Outer Approx. (Power-Energy),199.5289839,59.42420919,-140.1047747,-0.123755202,3862.73441,0.581212147,TRUE
1,6,normal,fullnet,Learned Polytope Approx. (FullNet),217.6522957,302.039173,84.38687731,0.073738199,0,0,FALSE
1,6,normal,supervised,Supervised Regression (FullNet),217.6522957,4.65316302,-212.9991327,-0.186121029,4522.129746,1.082236222,TRUE
1,6,normal,cube,Inner Approx. (Cube),217.6522957,327.5138255,109.8615298,0.095998236,0,0,FALSE
1,6,normal,power_energy,Outer Approx. (Power-Energy),217.6522957,73.35619304,-144.2961027,-0.126087551,3353.752195,0.447900436,TRUE
1,7,normal,fullnet,Learned Polytope Approx. (FullNet),208.0554699,310.5295956,102.4741257,0.096434936,0,0,FALSE
1,7,normal,supervised,Supervised Regression (FullNet),208.0554699,50.46686257,-157.5886074,-0.148301311,4137.641652,0.99091055,TRUE
1,7,normal,cube,Inner Approx. (Cube),208.0554699,286.9222119,78.86674194,0.074218825,0,0,FALSE
1,7,normal,power_energy,Outer Approx. (Power-Energy),208.0554699,74.60384077,-133.4516292,-0.125586817,3921.87686,0.701260209,TRUE
1,8,normal,fullnet,Learned Polytope Approx. (FullNet),229.796161,335.9437759,106.1476148,0.09723766,0,0,FALSE
1,8,normal,supervised,Supervised Regression (FullNet),229.796161,44.48853473,-185.3076263,-0.169753038,4517.001402,1.08100812,TRUE
1,8,normal,cube,Inner Approx. (Cube),229.796161,294.4174832,64.62132214,0.059197055,0,0,FALSE
1,8,normal,power_energy,Outer Approx. (Power-Energy),229.796161,99.34005299,-130.456108,-0.119505716,4098.129966,0.778175957,TRUE
1,9,normal,fullnet,Learned Polytope Approx. (FullNet),226.711454,281.4123496,54.70089569,0.044363906,403.0037806,0.045553758,TRUE
1,9,normal,supervised,Supervised Regression (FullNet),226.711454,-11.35684777,-238.0683017,-0.193079833,4152.425083,0.994929843,TRUE
1,9,normal,cube,Inner Approx. (Cube),226.711454,338.8101231,112.0986692,0.090915053,0,0,FALSE
1,9,normal,power_energy,Outer Approx. (Power-Energy),226.711454,62.70427522,-164.0071787,-0.133014259,2953.654113,0.342013199,TRUE
1,10,normal,fullnet,Learned Polytope Approx. (FullNet),209.6832612,308.2506456,98.56738441,0.093572795,0,0,FALSE
1,10,normal,supervised,Supervised Regression (FullNet),209.6832612,52.73121808,-156.9520431,-0.148998996,4137.641652,0.99091055,TRUE
1,10,normal,cube,Inner Approx. (Cube),209.6832612,272.9791187,63.2958575,0.060088541,0,0,FALSE
1,10,normal,power_energy,Outer Approx. (Power-Energy),209.6832612,84.11812948,-125.5651317,-0.119202517,3917.444697,0.648474936,TRUE
1,11,normal,fullnet,Learned Polytope Approx. (FullNet),191.9308034,268.3569225,76.42611912,0.070131901,0,0,FALSE
1,11,normal,supervised,Supervised Regression (FullNet),191.9308034,26.97717651,-164.9536268,-0.151368557,4498.997655,1.076697761,TRUE
1,11,normal,cube,Inner Approx. (Cube),191.9308034,274.6023824,82.67157908,0.075863004,0,0,FALSE
1,11,normal,power_energy,Outer Approx. (Power-Energy),191.9308034,55.86237924,-136.0684241,-0.12486225,3735.066677,0.499623679,TRUE
1,12,normal,fullnet,Learned Polytope Approx. (FullNet),186.9618332,271.0187286,84.05689532,0.079608033,0,0,FALSE
1,12,normal,supervised,Supervised Regression (FullNet),186.9618332,26.35000544,-160.6118278,-0.152111158,4522.129746,1.082236222,TRUE
1,12,normal,cube,Inner Approx. (Cube),186.9618332,266.7073151,79.74548183,0.075524809,0,0,FALSE
1,12,normal,power_energy,Outer Approx. (Power-Energy),186.9618332,52.45041527,-134.511418,-0.127392159,3633.315772,0.48591583,TRUE
1,13,normal,fullnet,Learned Polytope Approx. (FullNet),241.9215002,330.1202724,88.19877214,0.079718755,0,0,FALSE
1,13,normal,supervised,Supervised Regression (FullNet),241.9215002,13.22820209,-228.6932981,-0.206705202,4596.006931,1.101149392,TRUE
1,13,normal,cube,Inner Approx. (Cube),241.9215002,299.6109114,57.6894112,0.052142767,0,0,FALSE
1,13,normal,power_energy,Outer Approx. (Power-Energy),241.9215002,98.55044239,-143.3710578,-0.12958641,3468.747209,0.463833152,TRUE
1,14,normal,fullnet,Learned Polytope Approx. (FullNet),196.6939826,322.9691158,126.2751333,0.116491872,0,0,FALSE
1,14,normal,supervised,Supervised Regression (FullNet),196.6939826,7.841824637,-188.8521579,-0.174220694,4596.006931,1.101149392,TRUE
1,14,normal,cube,Inner Approx. (Cube),196.6939826,326.1348796,129.440897,0.119412366,0,0,FALSE
1,14,normal,power_energy,Outer Approx. (Power-Energy),196.6939826,63.20062953,-133.493353,-0.123150855,3605.454843,0.554674726,TRUE
2,0,normal,fullnet,Learned Polytope Approx. (FullNet),279.9071003,427.6702419,147.7631416,0.126391917,0,0,FALSE
2,0,normal,supervised,Supervised Regression (FullNet),279.9071003,69.13766948,-210.7694308,-0.180285503,4273.403438,0.763269116,TRUE
2,0,normal,cube,Inner Approx. (Cube),279.9071003,464.1811304,184.2740301,0.157622176,0,0,FALSE
2,0,normal,power_energy,Outer Approx. (Power-Energy),279.9071003,88.74258423,-191.1645161,-0.163516079,3974.913094,0.551071057,TRUE
2,1,normal,fullnet,Learned Polytope Approx. (FullNet),290.4817463,441.5732632,151.0915169,0.129228114,0,0,FALSE
2,1,normal,supervised,Supervised Regression (FullNet),290.4817463,69.00723784,-221.4745084,-0.189426472,4238.29865,0.725610882,TRUE
2,1,normal,cube,Inner Approx. (Cube),290.4817463,457.7763045,167.2945583,0.143086526,0,0,FALSE
2,1,normal,power_energy,Outer Approx. (Power-Energy),290.4817463,82.55805448,-207.9236918,-0.1778365,3974.913094,0.551071057,TRUE
2,2,normal,fullnet,Learned Polytope Approx. (FullNet),327.3316039,455.2100099,127.878406,0.112666919,0,0,FALSE
2,2,normal,supervised,Supervised Regression (FullNet),327.3316039,103.7552479,-223.576356,-0.196981335,4281.803485,0.750819841,TRUE
2,2,normal,cube,Inner Approx. (Cube),327.3316039,422.0440994,94.71249546,0.083446184,0,0,FALSE
2,2,normal,power_energy,Outer Approx. (Power-Energy),327.3316039,148.5428093,-178.7887946,-0.157521377,4312.688242,0.582151922,TRUE
2,3,normal,fullnet,Learned Polytope Approx. (FullNet),308.2753008,416.1310707,107.8557699,0.098825953,0,0,FALSE
2,3,normal,supervised,Supervised Regression (FullNet),308.2753008,114.9626419,-193.3126589,-0.177128287,4281.803485,0.750819841,TRUE
2,3,normal,cube,Inner Approx. (Cube),308.2753008,410.0057026,101.7304018,0.093213408,0,0,FALSE
2,3,normal,power_energy,Outer Approx. (Power-Energy),308.2753008,155.2480621,-153.0272387,-0.140215612,4373.638062,0.572499475,TRUE
2,4,normal,fullnet,Learned Polytope Approx. (FullNet),314.0474988,412.8725224,98.82502359,0.092072101,0,0,FALSE
2,4,normal,supervised,Supervised Regression (FullNet),314.0474988,151.7248164,-162.3226824,-0.15123083,4278.54121,0.750226967,TRUE
2,4,normal,cube,Inner Approx. (Cube),314.0474988,373.1538624,59.1063636,0.055067501,0,0,FALSE
2,4,normal,power_energy,Outer Approx. (Power-Energy),314.0474988,148.7446046,-165.3028942,-0.154007398,4731.032811,0.793663798,TRUE
2,5,normal,fullnet,Learned Polytope Approx. (FullNet),287.4217867,387.9686491,100.5468624,0.090502884,0,0,FALSE
2,5,normal,supervised,Supervised Regression (FullNet),287.4217867,107.3716454,-180.0501412,-0.162064301,4283.840455,0.751176908,TRUE
2,5,normal,cube,Inner Approx. (Cube),287.4217867,394.2995028,106.8777161,0.096201326,0,0,FALSE
2,5,normal,power_energy,Outer Approx. (Power-Energy),287.4217867,110.4891143,-176.9326723,-0.159258247,4700.396508,0.59987003,TRUE
2,6,normal,fullnet,Learned Polytope Approx. (FullNet),301.1785017,394.9721346,93.79363293,0.083531297,0,0,FALSE
2,6,normal,supervised,Supervised Regression (FullNet),301.1785017,96.22336676,-204.9551349,-0.182530175,4283.840455,0.751176908,TRUE
2,6,normal,cube,Inner Approx. (Cube),301.1785017,400.8901552,99.71165351,0.088801803,0,0,FALSE
2,6,normal,power_energy,Outer Approx. (Power-Energy),301.1785017,132.4653697,-168.7131319,-0.150253554,3954.352307,0.475963722,TRUE
2,7,normal,fullnet,Learned Polytope Approx. (FullNet),292.1126743,396.4978616,104.3851874,0.100104736,0,0,FALSE
2,7,normal,supervised,Supervised Regression (FullNet),292.1126743,149.1156817,-142.9969925,-0.137133213,4097.89187,0.696118054,TRUE
2,7,normal,cube,Inner Approx. (Cube),292.1126743,365.4872462,73.37457197,0.070365751,0,0,FALSE
2,7,normal,power_energy,Outer Approx. (Power-Energy),292.1126743,127.0762616,-165.0364127,-0.158268878,4739.044149,0.759245586,TRUE
2,8,normal,fullnet,Learned Polytope Approx. (FullNet),312.1831531,422.0554764,109.8723233,0.102588347,0,0,FALSE
2,8,normal,supervised,Supervised Regression (FullNet),312.1831531,148.3459614,-163.8371917,-0.152975619,4227.767926,0.721749725,TRUE
2,8,normal,cube,Inner Approx. (Cube),312.1831531,376.6821442,64.49899107,0.060223036,0,0,FALSE
2,8,normal,power_energy,Outer Approx. (Power-Energy),312.1831531,156.1354539,-156.0476992,-0.14570253,5245.551,0.842515409,TRUE
2,9,normal,fullnet,Learned Polytope Approx. (FullNet),314.6044608,384.3295269,69.7250661,0.057754371,0,0,FALSE
2,9,normal,supervised,Supervised Regression (FullNet),314.6044608,72.04980198,-242.5546589,-0.200911848,4222.469075,0.720825753,TRUE
2,9,normal,cube,Inner Approx. (Cube),314.6044608,408.7813832,94.17692236,0.07800823,0,0,FALSE
2,9,normal,power_energy,Outer Approx. (Power-Energy),314.6044608,131.9563821,-182.6480787,-0.151290283,3203.953028,0.351629667,TRUE
2,10,normal,fullnet,Learned Polytope Approx. (FullNet),293.9594591,392.3289026,98.36944344,0.09509768,0,0,FALSE
2,10,normal,supervised,Supervised Regression (FullNet),293.9594591,151.5933826,-142.3660766,-0.137630986,4097.89187,0.696118054,TRUE
2,10,normal,cube,Inner Approx. (Cube),293.9594591,351.3453454,57.38588627,0.055477234,0,0,FALSE
2,10,normal,power_energy,Outer Approx. (Power-Energy),293.9594591,140.5782878,-153.3811713,-0.14827972,4788.023165,0.749776725,TRUE
2,11,normal,fullnet,Learned Polytope Approx. (FullNet),271.545646,358.8431982,87.29755225,0.081720939,0,0,FALSE
2,11,normal,supervised,Supervised Regression (FullNet),271.545646,123.9646339,-147.5810121,-0.138153461,4160.596116,0.702503277,TRUE
2,11,normal,cube,Inner Approx. (Cube),271.545646,354.002217,82.456571,0.077189203,0,0,FALSE
2,11,normal,power_energy,Outer Approx. (Power-Energy),271.545646,111.7919225,-159.7537235,-0.149548573,4118.333257,0.516382566,TRUE
2,12,normal,fullnet,Learned Polytope Approx. (FullNet),267.1166442,360.6189018,93.50225762,0.090186696,0,0,FALSE
2,12,normal,supervised,Supervised Regression (FullNet),267.1166442,127.2518534,-139.8647908,-0.134905229,3789.034484,0.601769294,TRUE
2,12,normal,cube,Inner Approx. (Cube),267.1166442,352.4990862,85.38244204,0.082354807,0,0,FALSE
2,12,normal,power_energy,Outer Approx. (Power-Energy),267.1166442,105.7558729,-161.3607712,-0.155638968,5036.399899,0.625688976,TRUE
2,13,normal,fullnet,Learned Polytope Approx. (FullNet),324.8673897,420.214876,95.34748635,0.087600767,0,0,FALSE
2,13,normal,supervised,Supervised Regression (FullNet),324.8673897,135.8366738,-189.0307159,-0.173672493,4256.734264,0.72979573,TRUE
2,13,normal,cube,Inner Approx. (Cube),324.8673897,395.4535153,70.58612566,0.064851198,0,0,FALSE
2,13,normal,power_energy,Outer Approx. (Power-Energy),324.8673897,159.2273779,-165.6400117,-0.152182219,4012.415544,0.5127718,TRUE
2,14,normal,fullnet,Learned Polytope Approx. (FullNet),281.7095014,419.2475031,137.5380016,0.128525085,0,0,FALSE
2,14,normal,supervised,Supervised Regression (FullNet),281.7095014,114.8998558,-166.8096456,-0.155878547,4108.086439,0.685605083,TRUE
2,14,normal,cube,Inner Approx. (Cube),281.7095014,421.2137688,139.5042673,0.1303625,0,0,FALSE
2,14,normal,power_energy,Outer Approx. (Power-Energy),281.7095014,115.8183332,-165.8911683,-0.155020258,4162.721323,0.613346027,TRUE
3,0,normal,fullnet,Learned Polytope Approx. (FullNet),288.1870845,431.1787746,142.9916902,0.126476932,0,0,FALSE
3,0,normal,supervised,Supervised Regression (FullNet),288.1870845,65.81484557,-222.3722389,-0.196689462,4431.502623,0.881279482,TRUE
3,0,normal,cube,Inner Approx. (Cube),288.1870845,472.4031742,184.2160897,0.162940139,0,0,FALSE
3,0,normal,power_energy,Outer Approx. (Power-Energy),288.1870845,118.5542435,-169.632841,-0.150041176,3468.680396,0.489108451,TRUE
3,1,normal,fullnet,Learned Polytope Approx. (FullNet),299.2842653,443.8195592,144.5352939,0.127976262,0,0,FALSE
3,1,normal,supervised,Supervised Regression (FullNet),299.2842653,64.12488204,-235.1593833,-0.208217786,4307.802813,0.813916427,TRUE
3,1,normal,cube,Inner Approx. (Cube),299.2842653,467.69835,168.4140847,0.149119322,0,0,FALSE
3,1,normal,power_energy,Outer Approx. (Power-Energy),299.2842653,115.3244922,-183.9597731,-0.162883981,3468.680396,0.489108451,TRUE
3,2,normal,fullnet,Learned Polytope Approx. (FullNet),336.0479604,464.8835191,128.8355587,0.117811845,0,0,FALSE
3,2,normal,supervised,Supervised Regression (FullNet),336.0479604,107.8310234,-228.216937,-0.208689733,4388.851138,0.873397974,TRUE
3,2,normal,cube,Inner Approx. (Cube),336.0479604,429.4497419,93.40178149,0.085409931,0,0,FALSE
3,2,normal,power_energy,Outer Approx. (Power-Energy),336.0479604,179.8274207,-156.2205397,-0.142853651,3836.290395,0.535615275,TRUE
3,3,normal,fullnet,Learned Polytope Approx. (FullNet),316.5062458,424.1505728,107.6443269,0.102202023,0,0,FALSE
3,3,normal,supervised,Supervised Regression (FullNet),316.5062458,116.5294717,-199.9767741,-0.189866308,4443.694374,0.88093394,TRUE
3,3,normal,cube,Inner Approx. (Cube),316.5062458,415.8883292,99.38208334,0.094357504,0,0,FALSE
3,3,normal,power_energy,Outer Approx. (Power-Energy),316.5062458,183.2138139,-133.2924319,-0.126553406,4030.816965,0.53924091,TRUE
3,4,normal,fullnet,Learned Polytope Approx. (FullNet),324.1674066,422.6922614,98.52485478,0.095367497,0,0,FALSE
3,4,normal,supervised,Supervised Regression (FullNet),324.1674066,160.8720703,-163.2953363,-0.158062324,4388.851138,0.873397974,TRUE
3,4,normal,cube,Inner Approx. (Cube),324.1674066,377.9380912,53.7706846,0.052047533,0,0,FALSE
3,4,normal,power_energy,Outer Approx. (Power-Energy),324.1674066,180.1137189,-144.0536877,-0.139437299,4802.502037,0.812719879,TRUE
3,5,normal,fullnet,Learned Polytope Approx. (FullNet),298.527781,397.4575105,98.9297295,0.092697043,0,0,FALSE
3,5,normal,supervised,Supervised Regression (FullNet),298.527781,119.0923479,-179.435433,-0.168130796,4392.382601,0.87409364,TRUE
3,5,normal,cube,Inner Approx. (Cube),298.527781,397.7218652,99.19408425,0.092944743,0,0,FALSE
3,5,normal,power_energy,Outer Approx. (Power-Energy),298.527781,144.2511619,-154.276619,-0.144557016,4374.795706,0.56845372,TRUE
3,6,normal,fullnet,Learned Polytope Approx. (FullNet),311.9672815,405.5528024,93.58552088,0.086762265,0,0,FALSE
3,6,normal,supervised,Supervised Regression (FullNet),311.9672815,108.1367285,-203.830553,-0.188969408,4392.382601,0.87409364,TRUE
3,6,normal,cube,Inner Approx. (Cube),311.9672815,406.7622696,94.79498809,0.087883551,0,0,FALSE
3,6,normal,power_energy,Outer Approx. (Power-Energy),311.9672815,166.6371514,-145.3301301,-0.13473421,3573.550067,0.45928077,TRUE
3,7,normal,fullnet,Learned Polytope Approx. (FullNet),302.6027943,406.6648778,104.0620835,0.103527891,0,0,FALSE
3,7,normal,supervised,Supervised Regression (FullNet),302.6027943,157.1614743,-145.4413199,-0.144694712,4307.605906,0.854782948,TRUE
3,7,normal,cube,Inner Approx. (Cube),302.6027943,372.3382103,69.73541605,0.069377436,0,0,FALSE
3,7,normal,power_energy,Outer Approx. (Power-Energy),302.6027943,157.3622378,-145.2405565,-0.144494979,4810.516787,0.777137603,TRUE
3,8,normal,fullnet,Learned Polytope Approx. (FullNet),322.4517101,434.2166325,111.7649223,0.108246946,0,0,FALSE
3,8,normal,supervised,Supervised Regression (FullNet),322.4517101,155.8570696,-166.5946406,-0.161350813,4364.606879,0.858898631,TRUE
3,8,normal,cube,Inner Approx. (Cube),322.4517101,384.3712411,61.91953094,0.059970516,0,0,FALSE
3,8,normal,power_energy,Outer Approx. (Power-Energy),322.4517101,187.8862995,-134.5654106,-0.130329753,4807.082844,0.849842501,TRUE
3,9,normal,fullnet,Learned Polytope Approx. (FullNet),326.0385925,398.5537149,72.51512235,0.062715157,0,0,FALSE
3,9,normal,supervised,Supervised Regression (FullNet),326.0385925,84.84258145,-241.1960111,-0.208599878,4388.851138,0.873397974,TRUE
3,9,normal,cube,Inner Approx. (Cube),326.0385925,418.1930027,92.15441017,0.079700318,0,0,FALSE
3,9,normal,power_energy,Outer Approx. (Power-Energy),326.0385925,171.0176114,-155.0209811,-0.134070865,2797.977847,0.321739811,TRUE
3,10,normal,fullnet,Learned Polytope Approx. (FullNet),304.5792543,404.360066,99.78081163,0.100150537,0,0,FALSE
3,10,normal,supervised,Supervised Regression (FullNet),304.5792543,160.634745,-143.9445093,-0.144477878,4307.605906,0.854782948,TRUE
3,10,normal,cube,Inner Approx. (Cube),304.5792543,357.7290272,53.1497729,0.053346713,0,0,FALSE
3,10,normal,power_energy,Outer Approx. (Power-Energy),304.5792543,172.1612994,-132.4179549,-0.132908613,4581.994854,0.732337009,TRUE
3,11,normal,fullnet,Learned Polytope Approx. (FullNet),284.0760795,371.8468766,87.77079713,0.085614012,0,0,FALSE
3,11,normal,supervised,Supervised Regression (FullNet),284.0760795,140.8411199,-143.2349596,-0.139715257,4334.232674,0.848362052,TRUE
3,11,normal,cube,Inner Approx. (Cube),284.0760795,360.7714053,76.69532586,0.074810697,0,0,FALSE
3,11,normal,power_energy,Outer Approx. (Power-Energy),284.0760795,147.954105,-136.1219745,-0.132777059,4031.724176,0.524104183,TRUE
3,12,normal,fullnet,Learned Polytope Approx. (FullNet),279.0520276,373.249552,94.19752442,0.09449881,0,0,FALSE
3,12,normal,supervised,Supervised Regression (FullNet),279.0520276,140.8063819,-138.2456457,-0.138687816,3995.778262,0.732089504,TRUE
3,12,normal,cube,Inner Approx. (Cube),279.0520276,359.4788778,80.42685025,0.080684091,0,0,FALSE
3,12,normal,power_energy,Outer Approx. (Power-Energy),279.0520276,140.8370203,-138.2150073,-0.13865708,4645.940959,0.597927402,TRUE
3,13,normal,fullnet,Learned Polytope Approx. (FullNet),333.7502769,431.6734933,97.92321636,0.093314408,0,0,FALSE
3,13,normal,supervised,Supervised Regression (FullNet),333.7502769,130.7813489,-202.968928,-0.193416087,4428.754335,0.875190834,TRUE
3,13,normal,cube,Inner Approx. (Cube),333.7502769,403.5155649,69.76528796,0.066481747,0,0,FALSE
3,13,normal,power_energy,Outer Approx. (Power-Energy),333.7502769,189.0824318,-144.6678451,-0.137858976,3928.48627,0.511017324,TRUE
3,14,normal,fullnet,Learned Polytope Approx. (FullNet),289.4577314,425.3316201,135.8738887,0.13095604,0,0,FALSE
3,14,normal,supervised,Supervised Regression (FullNet),289.4577314,104.3858024,-185.071929,-0.178373395,4285.177184,0.804099369,TRUE
3,14,normal,cube,Inner Approx. (Cube),289.4577314,428.7135175,139.2557861,0.134215532,0,0,FALSE
3,14,normal,power_energy,Outer Approx. (Power-Energy),289.4577314,142.5060848,-146.9516466,-0.141632847,3668.875553,0.554042332,TRUE
4,0,normal,fullnet,Learned Polytope Approx. (FullNet),174.4153395,308.6121592,134.1968197,0.117605496,0,0,FALSE
4,0,normal,supervised,Supervised Regression (FullNet),174.4153395,-9.192328467,-183.6076679,-0.160907471,4140.777114,1.000002195,TRUE
4,0,normal,cube,Inner Approx. (Cube),174.4153395,375.1557721,200.7404327,0.17592204,0,0,FALSE
4,0,normal,power_energy,Outer Approx. (Power-Energy),174.4153395,24.73959648,-149.675743,-0.131170695,3808.059811,0.576078211,TRUE
4,1,normal,fullnet,Learned Polytope Approx. (FullNet),179.1480625,324.1414328,144.9933703,0.127157137,0,0,FALSE
4,1,normal,supervised,Supervised Regression (FullNet),179.1480625,-13.97672311,-193.1247856,-0.169367708,4140.777114,1.000002195,TRUE
4,1,normal,cube,Inner Approx. (Cube),179.1480625,361.9053008,182.7572383,0.160275515,0,0,FALSE
4,1,normal,power_energy,Outer Approx. (Power-Energy),179.1480625,14.21006634,-164.9379962,-0.144648292,3616.882774,0.547157204,TRUE
4,2,normal,fullnet,Learned Polytope Approx. (FullNet),218.8982179,352.3091087,133.4108908,0.120280505,0,0,FALSE
4,2,normal,supervised,Supervised Regression (FullNet),218.8982179,9.750498752,-209.1477192,-0.188563265,4094.9634,0.970104665,TRUE
4,2,normal,cube,Inner Approx. (Cube),218.8982179,323.2351982,104.3369802,0.094068067,0,0,FALSE
4,2,normal,power_energy,Outer Approx. (Power-Energy),218.8982179,70.99140323,-147.9068147,-0.13334973,3607.280214,0.537051809,TRUE
4,3,normal,fullnet,Learned Polytope Approx. (FullNet),208.2823873,311.9326003,103.650213,0.097088523,0,0,FALSE
4,3,normal,supervised,Supervised Regression (FullNet),208.2823873,19.06777369,-189.2146136,-0.177236177,4137.48418,0.979663807,TRUE
4,3,normal,cube,Inner Approx. (Cube),208.2823873,313.6021161,105.3197288,0.098652349,0,0,FALSE
4,3,normal,power_energy,Outer Approx. (Power-Energy),208.2823873,82.1023071,-126.1800802,-0.118192113,3724.797788,0.589971031,TRUE
4,4,normal,fullnet,Learned Polytope Approx. (FullNet),210.4385153,316.9743477,106.5358324,0.10129327,0,0,FALSE
4,4,normal,supervised,Supervised Regression (FullNet),210.4385153,53.00140676,-157.4371086,-0.149689726,3701.97551,0.87660305,TRUE
4,4,normal,cube,Inner Approx. (Cube),210.4385153,274.3075187,63.86900335,0.060726049,0,0,FALSE
4,4,normal,power_energy,Outer Approx. (Power-Energy),210.4385153,76.5753848,-133.8631305,-0.127275809,3890.969318,0.730820362,TRUE
4,5,normal,fullnet,Learned Polytope Approx. (FullNet),181.4893301,279.0746473,97.58531714,0.089729271,0,0,FALSE
4,5,normal,supervised,Supervised Regression (FullNet),181.4893301,14.1773361,-167.311994,-0.153842645,4070.870266,0.962806549,TRUE
4,5,normal,cube,Inner Approx. (Cube),181.4893301,295.2705335,113.7812034,0.104621317,0,0,FALSE
4,5,normal,power_energy,Outer Approx. (Power-Energy),181.4893301,44.73979666,-136.7495335,-0.125740596,3839.198538,0.603677834,TRUE
4,6,normal,fullnet,Learned Polytope Approx. (FullNet),197.2182488,288.4573671,91.23911827,0.083067485,0,0,FALSE
4,6,normal,supervised,Supervised Regression (FullNet),197.2182488,6.76050654,-190.4577423,-0.173399809,4070.870266,0.962806549,TRUE
4,6,normal,cube,Inner Approx. (Cube),197.2182488,304.4167995,107.1985507,0.097597546,0,0,FALSE
4,6,normal,power_energy,Outer Approx. (Power-Energy),197.2182488,56.62419492,-140.5940539,-0.128002054,3233.548544,0.44952338,TRUE
4,7,normal,fullnet,Learned Polytope Approx. (FullNet),192.1511037,300.7246546,108.5735509,0.106129514,0,0,FALSE
4,7,normal,supervised,Supervised Regression (FullNet),192.1511037,53.05492006,-139.0961836,-0.13596507,3681.28847,0.871285338,TRUE
4,7,normal,cube,Inner Approx. (Cube),192.1511037,267.6587747,75.50767099,0.073807961,0,0,FALSE
4,7,normal,power_energy,Outer Approx. (Power-Energy),192.1511037,61.34887801,-130.8022257,-0.127857812,3890.969318,0.730820362,TRUE
4,8,normal,fullnet,Learned Polytope Approx. (FullNet),211.8112592,325.7194645,113.9082053,0.108475532,0,0,FALSE
4,8,normal,supervised,Supervised Regression (FullNet),211.8112592,47.1969806,-164.6142786,-0.156763259,4066.457868,0.961762504,TRUE
4,8,normal,cube,Inner Approx. (Cube),211.8112592,274.6000127,62.78875357,0.059794142,0,0,FALSE
4,8,normal,power_energy,Outer Approx. (Power-Energy),211.8112592,84.18971891,-127.6215403,-0.121534831,4070.819891,0.819107025,TRUE
4,9,normal,fullnet,Learned Polytope Approx. (FullNet),200.7707274,269.5365968,68.76586939,0.058338333,243.8978247,0.027863841,TRUE
4,9,normal,supervised,Supervised Regression (FullNet),200.7707274,-9.42216416,-210.1928916,-0.178319607,3701.97551,0.87660305,TRUE
4,9,normal,cube,Inner Approx. (Cube),200.7707274,309.7136339,108.9429065,0.092422994,0,0,FALSE
4,9,normal,power_energy,Outer Approx. (Power-Energy),200.7707274,41.71023116,-159.0604962,-0.13494084,2877.333913,0.344356894,TRUE
4,10,normal,fullnet,Learned Polytope Approx. (FullNet),192.7180861,297.5748954,104.8568093,0.103324872,0,0,FALSE
4,10,normal,supervised,Supervised Regression (FullNet),192.7180861,55.2524409,-137.4656452,-0.1354573,3681.28847,0.871285338,TRUE
4,10,normal,cube,Inner Approx. (Cube),192.7180861,254.0529856,61.33489946,0.060438809,0,0,FALSE
4,10,normal,power_energy,Outer Approx. (Power-Energy),192.7180861,69.976508,-122.7415781,-0.120948348,3886.727305,0.677054688,TRUE
4,11,normal,fullnet,Learned Polytope Approx. (FullNet),174.351947,258.3811407,84.02919374,0.080239899,0,0,FALSE
4,11,normal,supervised,Supervised Regression (FullNet),174.351947,29.25525601,-145.096691,-0.138553558,4050.928166,0.958089789,TRUE
4,11,normal,cube,Inner Approx. (Cube),174.351947,254.1675397,79.81559274,0.07621631,0,0,FALSE
4,11,normal,power_energy,Outer Approx. (Power-Energy),174.351947,41.51686217,-132.8350848,-0.126844889,3705.017861,0.515934553,TRUE
4,12,normal,fullnet,Learned Polytope Approx. (FullNet),170.4631887,260.2550252,89.79183654,0.088300363,0,0,FALSE
4,12,normal,supervised,Supervised Regression (FullNet),170.4631887,28.86593332,-141.5972554,-0.139245276,4070.870266,0.962806549,TRUE
4,12,normal,cube,Inner Approx. (Cube),170.4631887,248.4129744,77.94978576,0.076655013,0,0,FALSE
4,12,normal,power_energy,Outer Approx. (Power-Energy),170.4631887,39.04041619,-131.4227725,-0.129239795,3622.325239,0.504313203,TRUE
4,13,normal,fullnet,Learned Polytope Approx. (FullNet),221.3410241,316.6890357,95.34801154,0.0895264,0,0,FALSE
4,13,normal,supervised,Supervised Regression (FullNet),221.3410241,15.98042537,-205.3605988,-0.192822009,4137.48418,0.979663807,TRUE
4,13,normal,cube,Inner Approx. (Cube),221.3410241,278.1002063,56.75918215,0.053293668,0,0,FALSE
4,13,normal,power_energy,Outer Approx. (Power-Energy),221.3410241,81.29756415,-140.04346,-0.131492903,3415.303058,0.475411497,TRUE
4,14,normal,fullnet,Learned Polytope Approx. (FullNet),181.1862563,309.1436965,127.9574402,0.122197689,0,0,FALSE
4,14,normal,supervised,Supervised Regression (FullNet),181.1862563,10.20856587,-170.9776904,-0.163281468,4137.48418,0.979663807,TRUE
4,14,normal,cube,Inner Approx. (Cube),181.1862563,307.6969582,126.510702,0.120816073,0,0,FALSE
4,14,normal,power_energy,Outer Approx. (Power-Energy),181.1862563,50.4286857,-130.7575706,-0.124871777,3583.027776,0.578438316,TRUE
5,0,normal,fullnet,Learned Polytope Approx. (FullNet),286.8863743,438.2859397,151.3995654,0.128461301,0,0,FALSE
5,0,normal,supervised,Supervised Regression (FullNet),286.8863743,83.09850429,-203.78787,-0.172912351,4107.424136,0.771790417,TRUE
5,0,normal,cube,Inner Approx. (Cube),286.8863743,479.2927772,192.4064029,0.163255269,0,0,FALSE
5,0,normal,power_energy,Outer Approx. (Power-Energy),286.8863743,108.7915523,-178.094822,-0.151112009,3694.796313,0.511958005,TRUE
5,1,normal,fullnet,Learned Polytope Approx. (FullNet),298.0666593,451.2231497,153.1564904,0.130547369,0,0,FALSE
5,1,normal,supervised,Supervised Regression (FullNet),298.0666593,83.53146387,-214.5351954,-0.182865285,4070.371238,0.732699544,TRUE
5,1,normal,cube,Inner Approx. (Cube),298.0666593,468.9498697,170.8832105,0.145657252,0,0,FALSE
5,1,normal,power_energy,Outer Approx. (Power-Energy),298.0666593,104.5615754,-193.5050839,-0.164939661,3694.796313,0.511958005,TRUE
5,2,normal,fullnet,Learned Polytope Approx. (FullNet),333.6388237,468.36056,134.7217363,0.118637525,0,0,FALSE
5,2,normal,supervised,Supervised Regression (FullNet),333.6388237,118.9552649,-214.6835588,-0.189052835,4113.681056,0.761170044,TRUE
5,2,normal,cube,Inner Approx. (Cube),333.6388237,432.5864377,98.947614,0.087134418,0,0,FALSE
5,2,normal,power_energy,Outer Approx. (Power-Energy),333.6388237,169.830639,-163.8081847,-0.144251389,3958.490269,0.535557938,TRUE
5,3,normal,fullnet,Learned Polytope Approx. (FullNet),313.886558,429.891703,116.0051449,0.105845901,0,0,FALSE
5,3,normal,supervised,Supervised Regression (FullNet),313.886558,128.5459117,-185.3406463,-0.16910929,4113.681056,0.761170044,TRUE
5,3,normal,cube,Inner Approx. (Cube),313.886558,421.7353672,107.8488092,0.098403863,0,0,FALSE
5,3,normal,power_energy,Outer Approx. (Power-Energy),313.886558,174.4616781,-139.4248799,-0.127214634,4097.451197,0.539703116,TRUE
5,4,normal,fullnet,Learned Polytope Approx. (FullNet),319.8351351,428.6361204,108.8009853,0.101889577,0,0,FALSE
5,4,normal,supervised,Supervised Regression (FullNet),319.8351351,166.196565,-153.6385702,-0.143878926,4107.32508,0.759971449,TRUE
5,4,normal,cube,Inner Approx. (Cube),319.8351351,379.3979089,59.56277374,0.055779144,0,0,FALSE
5,4,normal,power_energy,Outer Approx. (Power-Energy),319.8351351,169.1862183,-150.6489168,-0.141079186,4787.878321,0.798056294,TRUE
5,5,normal,fullnet,Learned Polytope Approx. (FullNet),293.7065517,402.4938316,108.7872799,0.098317826,0,0,FALSE
5,5,normal,supervised,Supervised Regression (FullNet),293.7065517,123.2100699,-170.4964817,-0.154088267,4116.399183,0.76167286,TRUE
5,5,normal,cube,Inner Approx. (Cube),293.7065517,402.6236515,108.9170999,0.098435153,0,0,FALSE
5,5,normal,power_energy,Outer Approx. (Power-Energy),293.7065517,132.7407307,-160.965821,-0.145474817,4481.305399,0.577355524,TRUE
5,6,normal,fullnet,Learned Polytope Approx. (FullNet),307.6532634,413.1298506,105.4765872,0.09434565,0,0,FALSE
5,6,normal,supervised,Supervised Regression (FullNet),307.6532634,112.5431732,-195.1100902,-0.174520135,4116.399183,0.76167286,TRUE
5,6,normal,cube,Inner Approx. (Cube),307.6532634,409.3998176,101.7465542,0.091009247,0,0,FALSE
5,6,normal,power_energy,Outer Approx. (Power-Energy),307.6532634,155.3608087,-152.2924547,-0.136221042,3665.631527,0.457466796,TRUE
5,7,normal,fullnet,Learned Polytope Approx. (FullNet),297.4512403,410.4862745,113.0350342,0.108676638,0,0,FALSE
5,7,normal,supervised,Supervised Regression (FullNet),297.4512403,162.5486082,-134.9026321,-0.129701067,3925.511214,0.700865436,TRUE
5,7,normal,cube,Inner Approx. (Cube),297.4512403,373.8809087,76.42966844,0.073482699,0,0,FALSE
5,7,normal,power_energy,Outer Approx. (Power-Energy),297.4512403,145.7037648,-151.7474755,-0.145896408,4795.896024,0.763631539,TRUE
5,8,normal,fullnet,Learned Polytope Approx. (FullNet),317.871591,437.9744164,120.1028254,0.1125545,0,0,FALSE
5,8,normal,supervised,Supervised Regression (FullNet),317.871591,163.2726109,-154.5989801,-0.14488261,4044.80043,0.727327052,TRUE
5,8,normal,cube,Inner Approx. (Cube),317.871591,383.886835,66.01524402,0.061866261,0,0,FALSE
5,8,normal,power_energy,Outer Approx. (Power-Energy),317.871591,176.0481971,-141.8233939,-0.132909955,4961.667125,0.838617155,TRUE
5,9,normal,fullnet,Learned Polytope Approx. (FullNet),321.7755755,412.248456,90.47288048,0.075785696,0,0,FALSE
5,9,normal,supervised,Supervised Regression (FullNet),321.7755755,92.75300939,-229.0225661,-0.191843506,4107.32508,0.759971449,TRUE
5,9,normal,cube,Inner Approx. (Cube),321.7755755,416.6428444,94.86726892,0.079466708,0,0,FALSE
5,9,normal,power_energy,Outer Approx. (Power-Energy),321.7755755,159.334949,-162.4406265,-0.136070344,2940.880234,0.330983142,TRUE
5,10,normal,fullnet,Learned Polytope Approx. (FullNet),299.6202276,406.5180587,106.8978311,0.103776376,0,0,FALSE
5,10,normal,supervised,Supervised Regression (FullNet),299.6202276,165.7991027,-133.8211249,-0.1299135,3925.511214,0.700865436,TRUE
5,10,normal,cube,Inner Approx. (Cube),299.6202276,358.7642048,59.14397726,0.057416952,0,0,FALSE
5,10,normal,power_energy,Outer Approx. (Power-Energy),299.6202276,160.2283066,-139.391921,-0.135321627,4699.270435,0.737015667,TRUE
5,11,normal,fullnet,Learned Polytope Approx. (FullNet),277.6880902,378.4198385,100.7317483,0.095327261,0,0,FALSE
5,11,normal,supervised,Supervised Regression (FullNet),277.6880902,140.768884,-136.9192062,-0.129573179,3957.378081,0.70241737,TRUE
5,11,normal,cube,Inner Approx. (Cube),277.6880902,358.0273333,80.33924309,0.07602886,0,0,FALSE
5,11,normal,power_energy,Outer Approx. (Power-Energy),277.6880902,134.2053972,-143.4826929,-0.13578452,3957.134134,0.504277275,TRUE
5,12,normal,fullnet,Learned Polytope Approx. (FullNet),272.6991592,376.4143725,103.7152133,0.100860137,0,0,FALSE
5,12,normal,supervised,Supervised Regression (FullNet),272.6991592,144.2844162,-128.414743,-0.124879737,3546.029695,0.583979485,TRUE
5,12,normal,cube,Inner Approx. (Cube),272.6991592,356.6314743,83.93231511,0.081621823,0,0,FALSE
5,12,normal,power_energy,Outer Approx. (Power-Energy),272.6991592,126.3163472,-146.382812,-0.14235318,4831.059313,0.609640476,TRUE
5,13,normal,fullnet,Learned Polytope Approx. (FullNet),331.0369378,438.3024531,107.2655153,0.098938281,0,0,FALSE
5,13,normal,supervised,Supervised Regression (FullNet),331.0369378,150.3190402,-180.7178976,-0.16668841,4045.899266,0.737309082,TRUE
5,13,normal,cube,Inner Approx. (Cube),331.0369378,402.4556151,71.41867733,0.065874304,0,0,FALSE
5,13,normal,power_energy,Outer Approx. (Power-Energy),331.0369378,179.8989363,-151.1380015,-0.13940486,3849.073324,0.496419166,TRUE
5,14,normal,fullnet,Learned Polytope Approx. (FullNet),287.1718218,430.1673403,142.9955185,0.132529643,0,0,FALSE
5,14,normal,supervised,Supervised Regression (FullNet),287.1718218,124.3149438,-162.856878,-0.150937345,3974.854935,0.699147056,TRUE
5,14,normal,cube,Inner Approx. (Cube),287.1718218,432.9285042,145.7566823,0.135088717,0,0,FALSE
5,14,normal,power_energy,Outer Approx. (Power-Energy),287.1718218,134.025688,-153.1461339,-0.141937333,3844.820492,0.561699686,TRUE
6,0,normal,fullnet,Learned Polytope Approx. (FullNet),294.2508764,445.7474737,151.4965973,0.129380179,0,0,FALSE
6,0,normal,supervised,Supervised Regression (FullNet),294.2508764,71.48641385,-222.7644625,-0.190243917,4472.840544,0.932439143,TRUE
6,0,normal,cube,Inner Approx. (Cube),294.2508764,490.9159553,196.665079,0.167954684,0,0,FALSE
6,0,normal,power_energy,Outer Approx. (Power-Energy),294.2508764,126.3415374,-167.9093389,-0.143396886,3412.893692,0.480806355,TRUE
6,1,normal,fullnet,Learned Polytope Approx. (FullNet),305.4062376,457.570686,152.1644484,0.130440243,0,0,FALSE
6,1,normal,supervised,Supervised Regression (FullNet),305.4062376,70.98943746,-234.4168001,-0.200949596,4285.545157,0.862007294,TRUE
6,1,normal,cube,Inner Approx. (Cube),305.4062376,484.0802839,178.6740464,0.153165121,0,0,FALSE
6,1,normal,power_energy,Outer Approx. (Power-Energy),305.4062376,123.2255981,-182.1806394,-0.156171085,3412.893692,0.480806355,TRUE
6,2,normal,fullnet,Learned Polytope Approx. (FullNet),344.4934768,482.0435702,137.5500935,0.121967016,0,0,FALSE
6,2,normal,supervised,Supervised Regression (FullNet),344.4934768,113.1213868,-231.37209,-0.2051599,4423.595353,0.921623382,TRUE
6,2,normal,cube,Inner Approx. (Cube),344.4934768,443.9559488,99.46247201,0.088194349,0,0,FALSE
6,2,normal,power_energy,Outer Approx. (Power-Energy),344.4934768,189.0843296,-155.4091471,-0.137802814,3801.858487,0.530684027,TRUE
6,3,normal,fullnet,Learned Polytope Approx. (FullNet),324.6657716,439.176864,114.5110923,0.105319085,0,0,FALSE
6,3,normal,supervised,Supervised Regression (FullNet),324.6657716,120.6215761,-204.0441955,-0.187665208,4436.255666,0.925553594,TRUE
6,3,normal,cube,Inner Approx. (Cube),324.6657716,429.5906646,104.924893,0.096502387,0,0,FALSE
6,3,normal,power_energy,Outer Approx. (Power-Energy),324.6657716,191.7061653,-132.9596063,-0.122286704,3978.748929,0.533659812,TRUE
6,4,normal,fullnet,Learned Polytope Approx. (FullNet),332.5973852,439.6169215,107.0195363,0.100814032,0,0,FALSE
6,4,normal,supervised,Supervised Regression (FullNet),332.5973852,165.0097628,-167.5876224,-0.157870091,4423.776376,0.921659779,TRUE
6,4,normal,cube,Inner Approx. (Cube),332.5973852,388.7872349,56.18984976,0.052931694,0,0,FALSE
6,4,normal,power_energy,Outer Approx. (Power-Energy),332.5973852,188.7773075,-143.8200777,-0.135480703,4870.350699,0.813651211,TRUE
6,5,normal,fullnet,Learned Polytope Approx. (FullNet),307.7349979,413.1311082,105.3961103,0.095890114,0,0,FALSE
6,5,normal,supervised,Supervised Regression (FullNet),307.7349979,123.4812912,-184.2537067,-0.167635303,4428.194783,0.922575385,TRUE
6,5,normal,cube,Inner Approx. (Cube),307.7349979,409.3660474,101.6310495,0.092464635,0,0,FALSE
6,5,normal,power_energy,Outer Approx. (Power-Energy),307.7349979,153.7250595,-154.0099383,-0.140119313,4455.14604,0.581484815,TRUE
6,6,normal,fullnet,Learned Polytope Approx. (FullNet),321.2340621,424.1515126,102.9174505,0.092658587,0,0,FALSE
6,6,normal,supervised,Supervised Regression (FullNet),321.2340621,113.4065338,-207.8275283,-0.187111175,4428.194783,0.922575385,TRUE
6,6,normal,cube,Inner Approx. (Cube),321.2340621,418.7409326,97.50687056,0.087787336,0,0,FALSE
6,6,normal,power_energy,Outer Approx. (Power-Energy),321.2340621,176.3410849,-144.8929772,-0.130449972,3592.640835,0.456972511,TRUE
6,7,normal,fullnet,Learned Polytope Approx. (FullNet),310.1261177,420.1502559,110.0241382,0.106503227,0,0,FALSE
6,7,normal,supervised,Supervised Regression (FullNet),310.1261177,159.2083047,-150.9178129,-0.146088252,4413.077283,0.919492695,TRUE
6,7,normal,cube,Inner Approx. (Cube),310.1261177,384.381035,74.25491729,0.071878666,0,0,FALSE
6,7,normal,power_energy,Outer Approx. (Power-Energy),310.1261177,164.8440805,-145.2820372,-0.140632829,4878.368777,0.778451188,TRUE
6,8,normal,fullnet,Learned Polytope Approx. (FullNet),330.3661733,450.1419748,119.7758015,0.112987394,0,0,FALSE
6,8,normal,supervised,Supervised Regression (FullNet),330.3661733,158.469483,-171.8966903,-0.162154282,4418.599178,0.920636943,TRUE
6,8,normal,cube,Inner Approx. (Cube),330.3661733,396.1293912,65.76321785,0.062036025,0,0,FALSE
6,8,normal,power_energy,Outer Approx. (Power-Energy),330.3661733,196.005582,-134.3605913,-0.126745577,4988.691259,0.844777511,TRUE
6,9,normal,fullnet,Learned Polytope Approx. (FullNet),337.5312309,422.537125,85.00589419,0.071608625,0,0,FALSE
6,9,normal,supervised,Supervised Regression (FullNet),337.5312309,93.48853119,-244.0426997,-0.205580592,4423.776376,0.921659779,TRUE
6,9,normal,cube,Inner Approx. (Cube),337.5312309,428.7896931,91.25846226,0.076875763,0,0,FALSE
6,9,normal,power_energy,Outer Approx. (Power-Energy),337.5312309,183.2318595,-154.2993713,-0.129981172,2803.136838,0.326147475,TRUE
6,10,normal,fullnet,Learned Polytope Approx. (FullNet),312.4287673,418.6695042,106.2407368,0.103917799,0,0,FALSE
6,10,normal,supervised,Supervised Regression (FullNet),312.4287673,162.8732687,-149.5554986,-0.14628549,4413.077283,0.919492695,TRUE
6,10,normal,cube,Inner Approx. (Cube),312.4287673,368.7952476,56.36648027,0.055134036,0,0,FALSE
6,10,normal,power_energy,Outer Approx. (Power-Energy),312.4287673,180.0143626,-132.4144048,-0.129519184,4770.242032,0.748146163,TRUE
6,11,normal,fullnet,Learned Polytope Approx. (FullNet),293.0725071,389.8652733,96.79276622,0.092222028,0,0,FALSE
6,11,normal,supervised,Supervised Regression (FullNet),293.0725071,144.8735622,-148.1989448,-0.141200709,4423.595353,0.921623382,TRUE
6,11,normal,cube,Inner Approx. (Cube),293.0725071,369.4201778,76.34767069,0.072742389,0,0,FALSE
6,11,normal,power_energy,Outer Approx. (Power-Energy),293.0725071,157.2906568,-135.7818502,-0.129369973,3944.613879,0.515252368,TRUE
6,12,normal,fullnet,Learned Polytope Approx. (FullNet),287.1761649,387.7935456,100.6173807,0.098628342,0,0,FALSE
6,12,normal,supervised,Supervised Regression (FullNet),287.1761649,146.5001603,-140.6760046,-0.137895074,4062.306993,0.785343015,TRUE
6,12,normal,cube,Inner Approx. (Cube),287.1761649,368.0290131,80.85284817,0.079254522,0,0,FALSE
6,12,normal,power_energy,Outer Approx. (Power-Energy),287.1761649,148.2660694,-138.9100955,-0.136164074,4900.935,0.633778158,TRUE
6,13,normal,fullnet,Learned Polytope Approx. (FullNet),342.4700869,450.3486316,107.8785447,0.100192743,0,0,FALSE
6,13,normal,supervised,Supervised Regression (FullNet),342.4700869,134.3871864,-208.0829004,-0.193258045,4471.495704,0.932160256,TRUE
6,13,normal,cube,Inner Approx. (Cube),342.4700869,413.0307941,70.56070726,0.065533613,0,0,FALSE
6,13,normal,power_energy,Outer Approx. (Power-Energy),342.4700869,198.2352214,-144.2348655,-0.13395886,3809.880849,0.497772562,TRUE
6,14,normal,fullnet,Learned Polytope Approx. (FullNet),294.9395488,439.4535087,144.5139599,0.135071213,0,0,FALSE
6,14,normal,supervised,Supervised Regression (FullNet),294.9395488,108.9686063,-185.9709425,-0.173819337,4109.124393,0.803712022,TRUE
6,14,normal,cube,Inner Approx. (Cube),294.9395488,441.6536589,146.7141101,0.137127602,0,0,FALSE
6,14,normal,power_energy,Outer Approx. (Power-Energy),294.9395488,148.4123567,-146.5271921,-0.136952897,3640.066839,0.546548056,TRUE
7,0,normal,fullnet,Learned Polytope Approx. (FullNet),282.202933,428.0976087,145.8946757,0.128818121,0,0,FALSE
7,0,normal,supervised,Supervised Regression (FullNet),282.202933,51.81011862,-230.3928144,-0.203425994,4628.404153,0.863928511,TRUE
7,0,normal,cube,Inner Approx. (Cube),282.202933,472.3476968,190.1447638,0.167888863,0,0,FALSE
7,0,normal,power_energy,Outer Approx. (Power-Energy),282.202933,106.3494845,-175.8534486,-0.155270305,3604.814849,0.509705685,TRUE
7,1,normal,fullnet,Learned Polytope Approx. (FullNet),292.4803895,441.3114131,148.8310236,0.131594107,0,0,FALSE
7,1,normal,supervised,Supervised Regression (FullNet),292.4803895,48.96805826,-243.5123313,-0.215309866,4576.753815,0.816525432,TRUE
7,1,normal,cube,Inner Approx. (Cube),292.4803895,465.5162118,173.0358222,0.152995619,0,0,FALSE
7,1,normal,power_energy,Outer Approx. (Power-Energy),292.4803895,101.6909605,-190.789429,-0.168693085,3604.814849,0.509705685,TRUE
7,2,normal,fullnet,Learned Polytope Approx. (FullNet),331.8489383,457.5333966,125.6844582,0.114427547,0,0,FALSE
7,2,normal,supervised,Supervised Regression (FullNet),331.8489383,92.83540353,-239.0135348,-0.217606321,4618.338572,0.863646238,TRUE
7,2,normal,cube,Inner Approx. (Cube),331.8489383,428.1450476,96.29610927,0.087671362,0,0,FALSE
7,2,normal,power_energy,Outer Approx. (Power-Energy),331.8489383,167.3610652,-164.4878731,-0.14975554,3898.273434,0.545298598,TRUE
7,3,normal,fullnet,Learned Polytope Approx. (FullNet),313.174506,417.4278367,104.2533307,0.098617608,0,0,FALSE
7,3,normal,supervised,Supervised Regression (FullNet),313.174506,103.1396856,-210.0348204,-0.198680765,4678.831793,0.872004847,TRUE
7,3,normal,cube,Inner Approx. (Cube),313.174506,415.5082573,102.3337513,0.096801797,0,0,FALSE
7,3,normal,power_energy,Outer Approx. (Power-Energy),313.174506,171.9046876,-141.2698184,-0.133633059,4093.044383,0.546618101,TRUE
7,4,normal,fullnet,Learned Polytope Approx. (FullNet),320.8329277,416.9497514,96.11682366,0.09237281,0,0,FALSE
7,4,normal,supervised,Supervised Regression (FullNet),320.8329277,146.4692731,-174.3636547,-0.167571712,4618.338572,0.863646238,TRUE
7,4,normal,cube,Inner Approx. (Cube),320.8329277,376.6467786,55.81385088,0.053639748,0,0,FALSE
7,4,normal,power_energy,Outer Approx. (Power-Energy),320.8329277,168.1597993,-152.6731285,-0.146726091,4824.750932,0.819045968,TRUE
7,5,normal,fullnet,Learned Polytope Approx. (FullNet),294.9668982,391.0754815,96.1085832,0.089353487,0,0,FALSE
7,5,normal,supervised,Supervised Regression (FullNet),294.9668982,103.7293012,-191.237597,-0.177796255,4621.257597,0.864183833,TRUE
7,5,normal,cube,Inner Approx. (Cube),294.9668982,396.4428016,101.4759033,0.094343559,0,0,FALSE
7,5,normal,power_energy,Outer Approx. (Power-Energy),294.9668982,131.4439973,-163.522901,-0.152029516,4383.933342,0.567306037,TRUE
7,6,normal,fullnet,Learned Polytope Approx. (FullNet),308.0739312,399.1920236,91.11809243,0.083861584,0,0,FALSE
7,6,normal,supervised,Supervised Regression (FullNet),308.0739312,91.95954475,-216.1143865,-0.198903359,4621.257597,0.864183833,TRUE
7,6,normal,cube,Inner Approx. (Cube),308.0739312,405.2874496,97.21351837,0.089471579,0,0,FALSE
7,6,normal,power_energy,Outer Approx. (Power-Energy),308.0739312,153.3821025,-154.6918287,-0.142372402,3643.342727,0.462294016,TRUE
7,7,normal,fullnet,Learned Polytope Approx. (FullNet),299.5164949,400.1255235,100.6090287,0.099414097,0,0,FALSE
7,7,normal,supervised,Supervised Regression (FullNet),299.5164949,145.1393301,-154.3771647,-0.15254363,4574.082934,0.843067766,TRUE
7,7,normal,cube,Inner Approx. (Cube),299.5164949,371.8738449,72.35735004,0.071497963,0,0,FALSE
7,7,normal,power_energy,Outer Approx. (Power-Energy),299.5164949,146.5779379,-152.938557,-0.151122109,4832.7615,0.783083488,TRUE
7,8,normal,fullnet,Learned Polytope Approx. (FullNet),319.0501967,427.6658495,108.6156528,0.10457477,0,0,FALSE
7,8,normal,supervised,Supervised Regression (FullNet),319.0501967,142.4766551,-176.5735415,-0.170004388,4577.002774,0.843596798,TRUE
7,8,normal,cube,Inner Approx. (Cube),319.0501967,382.7338502,63.68365358,0.061314399,0,0,FALSE
7,8,normal,power_energy,Outer Approx. (Power-Energy),319.0501967,176.5576279,-142.4925687,-0.137191347,4864.760297,0.849156916,TRUE
7,9,normal,fullnet,Learned Polytope Approx. (FullNet),321.6386631,388.001942,66.36327893,0.056927232,13.78068884,0.00165003,TRUE
7,9,normal,supervised,Supervised Regression (FullNet),321.6386631,64.1571063,-257.4815568,-0.220870829,4574.082934,0.843067766,TRUE
7,9,normal,cube,Inner Approx. (Cube),321.6386631,413.4102761,91.77161307,0.078722812,0,0,FALSE
7,9,normal,power_energy,Outer Approx. (Power-Energy),321.6386631,154.8201108,-166.8185522,-0.143098995,2962.668777,0.336177102,TRUE
7,10,normal,fullnet,Learned Polytope Approx. (FullNet),301.2270666,396.9479688,95.72090218,0.09542204,0,0,FALSE
7,10,normal,supervised,Supervised Regression (FullNet),301.2270666,148.0160377,-153.2110289,-0.15273267,4467.112598,0.823959136,TRUE
7,10,normal,cube,Inner Approx. (Cube),301.2270666,356.4610551,55.23398847,0.055061536,0,0,FALSE
7,10,normal,power_energy,Outer Approx. (Power-Energy),301.2270666,161.0675102,-140.1595564,-0.139721947,4604.847545,0.746760436,TRUE
7,11,normal,fullnet,Learned Polytope Approx. (FullNet),280.417516,365.5483144,85.1307984,0.082362074,0,0,FALSE
7,11,normal,supervised,Supervised Regression (FullNet),280.417516,125.3401429,-155.0773731,-0.150033764,4488.439256,0.815550476,TRUE
7,11,normal,cube,Inner Approx. (Cube),280.417516,358.3866406,77.96912456,0.075433321,0,0,FALSE
7,11,normal,power_energy,Outer Approx. (Power-Energy),280.417516,135.1164519,-145.3010641,-0.140575411,4117.818624,0.527675562,TRUE
7,12,normal,fullnet,Learned Polytope Approx. (FullNet),275.5734381,367.1539416,91.58050348,0.091297282,0,0,FALSE
7,12,normal,supervised,Supervised Regression (FullNet),275.5734381,126.6518195,-148.9216186,-0.148461065,4143.626703,0.706161615,TRUE
7,12,normal,cube,Inner Approx. (Cube),275.5734381,357.5014498,81.92801165,0.081674642,0,0,FALSE
7,12,normal,power_energy,Outer Approx. (Power-Energy),275.5734381,129.0140885,-146.5593496,-0.146106101,4721.049068,0.599002274,TRUE
7,13,normal,fullnet,Learned Polytope Approx. (FullNet),330.0621517,425.514164,95.45201225,0.090617938,0,0,FALSE
7,13,normal,supervised,Supervised Regression (FullNet),330.0621517,117.6000843,-212.4620674,-0.201702134,4615.682541,0.84982585,TRUE
7,13,normal,cube,Inner Approx. (Cube),330.0621517,400.5748749,70.51272318,0.066941675,0,0,FALSE
7,13,normal,power_energy,Outer Approx. (Power-Energy),330.0621517,176.905993,-153.1561587,-0.145399715,3910.622513,0.506652742,TRUE
7,14,normal,fullnet,Learned Polytope Approx. (FullNet),285.1569253,422.0712849,136.9143596,0.131994278,0,0,FALSE
7,14,normal,supervised,Supervised Regression (FullNet),285.1569253,95.09017215,-190.0667532,-0.183236615,4472.96954,0.787140228,TRUE
7,14,normal,cube,Inner Approx. (Cube),285.1569253,428.1164963,142.959571,0.137822251,0,0,FALSE
7,14,normal,power_energy,Outer Approx. (Power-Energy),285.1569253,131.3824685,-153.7744568,-0.148248499,3734.829057,0.56909798,TRUE
8,0,normal,fullnet,Learned Polytope Approx. (FullNet),282.3666319,427.880281,145.5136491,0.128579876,0,0,FALSE
8,0,normal,supervised,Supervised Regression (FullNet),282.3666319,47.15686814,-235.2097638,-0.207837838,4716.719467,0.867731324,TRUE
8,0,normal,cube,Inner Approx. (Cube),282.3666319,464.7044848,182.3378528,0.161118759,0,0,FALSE
8,0,normal,power_energy,Outer Approx. (Power-Energy),282.3666319,106.5107484,-175.8558836,-0.155391112,3637.039059,0.509438308,TRUE
8,1,normal,fullnet,Learned Polytope Approx. (FullNet),292.9633805,441.2892469,148.3258665,0.131245189,0,0,FALSE
8,1,normal,supervised,Supervised Regression (FullNet),292.9633805,43.46523906,-249.4981414,-0.220766825,4693.54358,0.828722336,TRUE
8,1,normal,cube,Inner Approx. (Cube),292.9633805,457.5358974,164.5725169,0.145620933,0,0,FALSE
8,1,normal,power_energy,Outer Approx. (Power-Energy),292.9633805,102.0049015,-190.958479,-0.168968382,3637.039059,0.509438308,TRUE
8,2,normal,fullnet,Learned Polytope Approx. (FullNet),331.8771007,455.1707818,123.2936811,0.112160187,0,0,FALSE
8,2,normal,supervised,Supervised Regression (FullNet),331.8771007,87.86268987,-244.0144108,-0.221979761,4711.315097,0.866106371,TRUE
8,2,normal,cube,Inner Approx. (Cube),331.8771007,426.2899401,94.41283942,0.085887303,0,0,FALSE
8,2,normal,power_energy,Outer Approx. (Power-Energy),331.8771007,168.0843653,-163.7927354,-0.149002152,3937.718541,0.545596618,TRUE
8,3,normal,fullnet,Learned Polytope Approx. (FullNet),312.8318704,415.6792308,102.8473605,0.097123502,0,0,FALSE
8,3,normal,supervised,Supervised Regression (FullNet),312.8318704,98.5405744,-214.291296,-0.202365145,4773.398726,0.87466607,TRUE
8,3,normal,cube,Inner Approx. (Cube),312.8318704,415.8678193,103.035949,0.097301594,0,0,FALSE
8,3,normal,power_energy,Outer Approx. (Power-Energy),312.8318704,172.6326091,-140.1992613,-0.132396623,4116.405693,0.544314902,TRUE
8,4,normal,fullnet,Learned Polytope Approx. (FullNet),320.0604811,415.3019863,95.24150518,0.091380051,0,0,FALSE
8,4,normal,supervised,Supervised Regression (FullNet),320.0604811,141.3141102,-178.7463708,-0.17149931,4711.315097,0.866106371,TRUE
8,4,normal,cube,Inner Approx. (Cube),320.0604811,378.8132895,58.75280848,0.056370745,0,0,FALSE
8,4,normal,power_energy,Outer Approx. (Power-Energy),320.0604811,168.8623069,-151.1981741,-0.145068023,4678.595521,0.798062593,TRUE
8,5,normal,fullnet,Learned Polytope Approx. (FullNet),293.6762787,389.6243296,95.94805095,0.089007711,0,0,FALSE
8,5,normal,supervised,Supervised Regression (FullNet),293.6762787,98.27503915,-195.4012395,-0.181267018,4714.065699,0.866603415,TRUE
8,5,normal,cube,Inner Approx. (Cube),293.6762787,401.106441,107.4301623,0.099659272,0,0,FALSE
8,5,normal,power_energy,Outer Approx. (Power-Energy),293.6762787,131.5743838,-162.1018949,-0.15037636,4302.604612,0.551146703,TRUE
8,6,normal,fullnet,Learned Polytope Approx. (FullNet),307.3432457,397.4081379,90.06489224,0.082738683,0,0,FALSE
8,6,normal,supervised,Supervised Regression (FullNet),307.3432457,86.34282815,-221.0004175,-0.203023432,4714.065699,0.866603415,TRUE
8,6,normal,cube,Inner Approx. (Cube),307.3432457,407.6991506,100.3559049,0.092192587,0,0,FALSE
8,6,normal,power_energy,Outer Approx. (Power-Energy),307.3432457,153.9710259,-153.3722197,-0.14089636,3613.995088,0.462108003,TRUE
8,7,normal,fullnet,Learned Polytope Approx. (FullNet),298.7741764,400.1658294,101.391653,0.100153735,0,0,FALSE
8,7,normal,supervised,Supervised Regression (FullNet),298.7741764,140.7993837,-157.9747928,-0.156046035,4543.718218,0.822025472,TRUE
8,7,normal,cube,Inner Approx. (Cube),298.7741764,371.2966341,72.52245762,0.071637011,0,0,FALSE
8,7,normal,power_energy,Outer Approx. (Power-Energy),298.7741764,147.4648176,-151.3093588,-0.149461982,4686.605105,0.762896961,TRUE
8,8,normal,fullnet,Learned Polytope Approx. (FullNet),318.6084633,426.7398931,108.1314297,0.104128433,0,0,FALSE
8,8,normal,supervised,Supervised Regression (FullNet),318.6084633,138.067085,-180.5413784,-0.173857785,4658.316316,0.842264184,TRUE
8,8,normal,cube,Inner Approx. (Cube),318.6084633,381.2983748,62.68991142,0.060369148,0,0,FALSE
8,8,normal,power_energy,Outer Approx. (Power-Energy),318.6084633,177.2435653,-141.3648981,-0.136131607,4783.204263,0.841720843,TRUE
8,9,normal,fullnet,Learned Polytope Approx. (FullNet),320.6149213,385.7195373,65.10461599,0.055729006,3.565945589,0.000428088,TRUE
8,9,normal,supervised,Supervised Regression (FullNet),320.6149213,57.72482555,-262.8900958,-0.22503172,4711.315097,0.866106371,TRUE
8,9,normal,cube,Inner Approx. (Cube),320.6149213,415.4333277,94.81840636,0.081163762,0,0,FALSE
8,9,normal,power_energy,Outer Approx. (Power-Energy),320.6149213,155.1587703,-165.4561511,-0.141629079,2917.22235,0.327344902,TRUE
8,10,normal,fullnet,Learned Polytope Approx. (FullNet),300.525611,396.260229,95.73461804,0.095383927,0,0,FALSE
8,10,normal,supervised,Supervised Regression (FullNet),300.525611,143.3124455,-157.2131655,-0.15663727,4543.718218,0.822025472,TRUE
8,10,normal,cube,Inner Approx. (Cube),300.525611,357.8203368,57.29472581,0.057084846,0,0,FALSE
8,10,normal,power_energy,Outer Approx. (Power-Energy),300.525611,161.7140534,-138.8115576,-0.13830307,4435.704252,0.713506067,TRUE
8,11,normal,fullnet,Learned Polytope Approx. (FullNet),279.1725693,363.215468,84.04289872,0.081206237,0,0,FALSE
8,11,normal,supervised,Supervised Regression (FullNet),279.1725693,119.3591134,-159.8134559,-0.154419346,4571.989444,0.815424469,TRUE
8,11,normal,cube,Inner Approx. (Cube),279.1725693,361.4791634,82.30659407,0.079528537,0,0,FALSE
8,11,normal,power_energy,Outer Approx. (Power-Energy),279.1725693,135.2883066,-143.8842627,-0.139027803,4129.940276,0.524941731,TRUE
8,12,normal,fullnet,Learned Polytope Approx. (FullNet),274.5249837,365.4869129,90.96192919,0.090595967,0,0,FALSE
8,12,normal,supervised,Supervised Regression (FullNet),274.5249837,121.0061058,-153.5188779,-0.152901234,4224.230036,0.707036145,TRUE
8,12,normal,cube,Inner Approx. (Cube),274.5249837,359.6717496,85.14676592,0.0848042,0,0,FALSE
8,12,normal,power_energy,Outer Approx. (Power-Energy),274.5249837,129.6973165,-144.8276672,-0.14424499,4577.343303,0.576952013,TRUE
8,13,normal,fullnet,Learned Polytope Approx. (FullNet),329.6903563,423.3263723,93.636016,0.088702359,0,0,FALSE
8,13,normal,supervised,Supervised Regression (FullNet),329.6903563,112.9111527,-216.7792035,-0.205357165,4671.757847,0.858031482,TRUE
8,13,normal,cube,Inner Approx. (Cube),329.6903563,400.5483336,70.85797736,0.067124489,0,0,FALSE
8,13,normal,power_energy,Outer Approx. (Power-Energy),329.6903563,177.6331732,-152.0571831,-0.14404533,3982.510631,0.510749421,TRUE
8,14,normal,fullnet,Learned Polytope Approx. (FullNet),284.9410459,422.5964591,137.6554132,0.132558966,0,0,FALSE
8,14,normal,supervised,Supervised Regression (FullNet),284.9410459,92.38460758,-192.5564383,-0.185427378,4496.707235,0.780183394,TRUE
8,14,normal,cube,Inner Approx. (Cube),284.9410459,424.6639626,139.7229167,0.134549924,0,0,FALSE
8,14,normal,power_energy,Outer Approx. (Power-Energy),284.9410459,131.4736226,-153.4674233,-0.147785564,3823.232415,0.577498028,TRUE
9,0,normal,fullnet,Learned Polytope Approx. (FullNet),201.2535612,337.6963329,136.4427717,0.112174696,0,0,FALSE
9,0,normal,supervised,Supervised Regression (FullNet),201.2535612,3.011821102,-198.2417401,-0.162981935,4532.4895,1.148952141,TRUE
9,0,normal,cube,Inner Approx. (Cube),201.2535612,416.7808041,215.5272429,0.177192992,0,0,FALSE
9,0,normal,power_energy,Outer Approx. (Power-Energy),201.2535612,53.37144372,-147.8821175,-0.12157941,3700.620579,0.5323884,TRUE
9,1,normal,fullnet,Learned Polytope Approx. (FullNet),206.9892653,354.1611944,147.171929,0.121043947,0,0,FALSE
9,1,normal,supervised,Supervised Regression (FullNet),206.9892653,-0.993220119,-207.9824855,-0.171058578,4532.4895,1.148952141,TRUE
9,1,normal,cube,Inner Approx. (Cube),206.9892653,405.5802849,198.5910196,0.163334414,0,0,FALSE
9,1,normal,power_energy,Outer Approx. (Power-Energy),206.9892653,43.65311061,-163.3361547,-0.134338477,3538.254224,0.509029625,TRUE
9,2,normal,fullnet,Learned Polytope Approx. (FullNet),251.384221,388.3027525,136.9185315,0.116126463,0,0,FALSE
9,2,normal,supervised,Supervised Regression (FullNet),251.384221,22.87487484,-228.5093462,-0.19380855,4488.835787,1.113445361,TRUE
9,2,normal,cube,Inner Approx. (Cube),251.384221,362.1649416,110.7807206,0.093957867,0,0,FALSE
9,2,normal,power_energy,Outer Approx. (Power-Energy),251.384221,105.6080246,-145.7761964,-0.123639027,3609.804817,0.543284348,TRUE
9,3,normal,fullnet,Learned Polytope Approx. (FullNet),238.0353216,341.9499054,103.9145838,0.091784921,0,0,FALSE
9,3,normal,supervised,Supervised Regression (FullNet),238.0353216,30.70569241,-207.3296292,-0.183128614,4532.65619,1.123890066,TRUE
9,3,normal,cube,Inner Approx. (Cube),238.0353216,347.1688835,109.1335618,0.096394703,0,0,FALSE
9,3,normal,power_energy,Outer Approx. (Power-Energy),238.0353216,114.270259,-123.7650626,-0.109318309,3605.013648,0.539668227,TRUE
9,4,normal,fullnet,Learned Polytope Approx. (FullNet),238.9824988,346.6919859,107.7094871,0.096572531,0,0,FALSE
9,4,normal,supervised,Supervised Regression (FullNet),238.9824988,65.5484439,-173.4340549,-0.155501303,4117.15628,1.021215987,TRUE
9,4,normal,cube,Inner Approx. (Cube),238.9824988,306.2066287,67.22412996,0.060273283,0,0,FALSE
9,4,normal,power_energy,Outer Approx. (Power-Energy),238.9824988,107.9931932,-130.9893055,-0.11744526,3878.42016,0.681943969,TRUE
9,5,normal,fullnet,Learned Polytope Approx. (FullNet),210.3237677,308.6964131,98.37264541,0.085134054,0,0,FALSE
9,5,normal,supervised,Supervised Regression (FullNet),210.3237677,27.38298977,-182.9407779,-0.158321349,4457.664805,1.104497439,TRUE
9,5,normal,cube,Inner Approx. (Cube),210.3237677,329.9524978,119.6287302,0.103529581,0,0,FALSE
9,5,normal,power_energy,Outer Approx. (Power-Energy),210.3237677,76.43669129,-133.8870764,-0.115869096,3769.271257,0.562262291,TRUE
9,6,normal,fullnet,Learned Polytope Approx. (FullNet),229.377037,320.7728328,91.39579573,0.078238313,0,0,FALSE
9,6,normal,supervised,Supervised Regression (FullNet),229.377037,20.48822706,-208.88881,-0.178816847,4461.532146,1.107702099,TRUE
9,6,normal,cube,Inner Approx. (Cube),229.377037,339.6298446,110.2528076,0.094380639,0,0,FALSE
9,6,normal,power_energy,Outer Approx. (Power-Energy),229.377037,91.35330347,-138.0237336,-0.118153619,3320.35418,0.443483305,TRUE
9,7,normal,fullnet,Learned Polytope Approx. (FullNet),217.392596,326.3990993,109.0065033,0.100611469,0,0,FALSE
9,7,normal,supervised,Supervised Regression (FullNet),217.392596,64.45643209,-152.9361639,-0.141157927,4107.722746,1.018134367,TRUE
9,7,normal,cube,Inner Approx. (Cube),217.392596,296.6243414,79.2317454,0.073129786,0,0,FALSE
9,7,normal,power_energy,Outer Approx. (Power-Energy),217.392596,89.16107625,-128.2315197,-0.118355888,3878.42016,0.681943969,TRUE
9,8,normal,fullnet,Learned Polytope Approx. (FullNet),240.0346963,354.3017539,114.2670576,0.102677222,0,0,FALSE
9,8,normal,supervised,Supervised Regression (FullNet),240.0346963,59.05410822,-180.9805881,-0.162624157,4457.664805,1.104497439,TRUE
9,8,normal,cube,Inner Approx. (Cube),240.0346963,306.0839978,66.04930143,0.059350078,0,0,FALSE
9,8,normal,power_energy,Outer Approx. (Power-Energy),240.0346963,115.1189112,-124.9157851,-0.112245874,4025.648524,0.760710142,TRUE
9,9,normal,fullnet,Learned Polytope Approx. (FullNet),241.0229744,306.0419494,65.01897506,0.051812114,286.4300305,0.032487912,TRUE
9,9,normal,supervised,Supervised Regression (FullNet),241.0229744,7.241447319,-233.7815271,-0.18629508,4151.40105,1.029710984,TRUE
9,9,normal,cube,Inner Approx. (Cube),241.0229744,351.8789943,110.8560199,0.088338592,0,0,FALSE
9,9,normal,power_energy,Outer Approx. (Power-Energy),241.0229744,84.76238598,-156.2605884,-0.124520441,2848.770138,0.332965451,TRUE
9,10,normal,fullnet,Learned Polytope Approx. (FullNet),219.602332,325.9515337,106.3492017,0.099069405,0,0,FALSE
9,10,normal,supervised,Supervised Regression (FullNet),219.602332,67.04271488,-152.5596171,-0.142116633,4107.722746,1.018134367,TRUE
9,10,normal,cube,Inner Approx. (Cube),219.602332,283.6897985,64.08746657,0.059700563,0,0,FALSE
9,10,normal,power_energy,Outer Approx. (Power-Energy),219.602332,99.44119048,-120.1611415,-0.111935893,3874.000993,0.634747002,TRUE
9,11,normal,fullnet,Learned Polytope Approx. (FullNet),202.6157118,287.34044,84.72472824,0.076237131,0,0,FALSE
9,11,normal,supervised,Supervised Regression (FullNet),202.6157118,42.98274346,-159.6329683,-0.143641175,4459.1604,1.104868011,TRUE
9,11,normal,cube,Inner Approx. (Cube),202.6157118,284.6875524,82.0718406,0.073850006,0,0,FALSE
9,11,normal,power_energy,Outer Approx. (Power-Energy),202.6157118,72.90466969,-129.7110421,-0.116716783,3690.855064,0.493703159,TRUE
9,12,normal,fullnet,Learned Polytope Approx. (FullNet),196.9221031,288.1527304,91.23062738,0.084672862,0,0,FALSE
9,12,normal,supervised,Supervised Regression (FullNet),196.9221031,41.7799023,-155.1422008,-0.143990396,4461.532146,1.107702099,TRUE
9,12,normal,cube,Inner Approx. (Cube),196.9221031,276.9109238,79.98882075,0.07423913,0,0,FALSE
9,12,normal,power_energy,Outer Approx. (Power-Energy),196.9221031,68.15125807,-128.770845,-0.119514644,3558.214588,0.475872177,TRUE
9,13,normal,fullnet,Learned Polytope Approx. (FullNet),253.3602329,349.6547774,96.29454449,0.085453375,0,0,FALSE
9,13,normal,supervised,Supervised Regression (FullNet),253.3602329,28.54407742,-224.8161555,-0.199505583,4532.65619,1.123890066,TRUE
9,13,normal,cube,Inner Approx. (Cube),253.3602329,311.0191667,57.65893382,0.051167494,0,0,FALSE
9,13,normal,power_energy,Outer Approx. (Power-Energy),253.3602329,115.6402221,-137.7200108,-0.12221502,3404.064055,0.455189148,TRUE
9,14,normal,fullnet,Learned Polytope Approx. (FullNet),205.4174873,337.8729436,132.4554562,0.119665761,0,0,FALSE
9,14,normal,supervised,Supervised Regression (FullNet),205.4174873,20.43610889,-184.9813784,-0.16711986,4532.65619,1.123890066,TRUE
9,14,normal,cube,Inner Approx. (Cube),205.4174873,339.1944834,133.7769961,0.120859694,0,0,FALSE
9,14,normal,power_energy,Outer Approx. (Power-Energy),205.4174873,76.49073202,-128.9267553,-0.116477786,3477.491493,0.529280476,TRUE
