sample_id,price_id,method_id,method,true_cost,method_cost,cost_diff,normalized_cost_diff,abs_decomp_error,rel_decomp_error,is_decomp_failed
0,0,fullnet,Learned Polytope Approx. (FullNet),265.8019148,406.4925641,140.6906493,0.111717708,0,0,FALSE
0,0,supervised,Supervised Regression (FullNet),265.8019148,329.0191501,63.21723528,0.050198678,337.4376672,0.051850974,TRUE
0,0,cube,Inner Approx. (Cube),265.8019148,462.46947,196.6675553,0.156167085,0,0,FALSE
0,0,power_energy,Outer Approx. (Power-Energy),265.8019148,88.78687944,-177.0150353,-0.140561681,4004.22531,0.535985402,TRUE
0,1,fullnet,Learned Polytope Approx. (FullNet),275.7102316,421.2119049,145.5016733,0.115723045,0,0,FALSE
0,1,supervised,Supervised Regression (FullNet),275.7102316,331.2831401,55.57290857,0.04419926,198.0681313,0.029976414,TRUE
0,1,cube,Inner Approx. (Cube),275.7102316,456.8463714,181.1361399,0.144064499,0,0,FALSE
0,1,power_energy,Outer Approx. (Power-Energy),275.7102316,81.45713305,-194.2530985,-0.154496918,4004.22531,0.535985402,TRUE
0,2,fullnet,Learned Polytope Approx. (FullNet),316.4712321,448.3460366,131.8748044,0.108583516,0,0,FALSE
0,2,supervised,Supervised Regression (FullNet),316.4712321,351.4249883,34.95375622,0.02878034,409.2221526,0.063868206,TRUE
0,2,cube,Inner Approx. (Cube),316.4712321,416.1106151,99.63938296,0.082041407,0,0,FALSE
0,2,power_energy,Outer Approx. (Power-Energy),316.4712321,148.7298211,-167.741411,-0.138115482,3785.593238,0.520420659,TRUE
0,3,fullnet,Learned Polytope Approx. (FullNet),297.0104035,403.0468943,106.0364908,0.090887613,0,0,FALSE
0,3,supervised,Supervised Regression (FullNet),297.0104035,347.4250665,50.41466303,0.043212184,301.39741,0.046152163,TRUE
0,3,cube,Inner Approx. (Cube),297.0104035,401.6520795,104.641676,0.089692068,0,0,FALSE
0,3,power_energy,Outer Approx. (Power-Energy),297.0104035,154.9535139,-142.0568896,-0.121761966,4393.231996,0.584267813,TRUE
0,4,fullnet,Learned Polytope Approx. (FullNet),301.6125978,400.6451394,99.03254165,0.086816076,0,0,FALSE
0,4,supervised,Supervised Regression (FullNet),301.6125978,363.4804682,61.86787048,0.054235968,336.3887415,0.05183762,TRUE
0,4,cube,Inner Approx. (Cube),301.6125978,363.3641086,61.75151086,0.054133962,0,0,FALSE
0,4,power_energy,Outer Approx. (Power-Energy),301.6125978,146.5764454,-155.0361523,-0.135911188,4503.666262,0.692554493,TRUE
0,5,fullnet,Learned Polytope Approx. (FullNet),272.9719435,369.4981931,96.52624955,0.081501087,0,0,FALSE
0,5,supervised,Supervised Regression (FullNet),272.9719435,343.6163954,70.64445191,0.05964802,0,0,FALSE
0,5,cube,Inner Approx. (Cube),272.9719435,383.7587767,110.7868332,0.093541885,0,0,FALSE
0,5,power_energy,Outer Approx. (Power-Energy),272.9719435,110.7454322,-162.2265113,-0.136974524,4562.270243,0.592031353,TRUE
0,6,fullnet,Learned Polytope Approx. (FullNet),289.9623236,381.2233468,91.26102327,0.076159514,0,0,FALSE
0,6,supervised,Supervised Regression (FullNet),289.9623236,341.2487519,51.28642828,0.042799755,301.39741,0.046152163,TRUE
0,6,cube,Inner Approx. (Cube),289.9623236,394.3346689,104.3723453,0.087101226,0,0,FALSE
0,6,power_energy,Outer Approx. (Power-Energy),289.9623236,131.942722,-158.0196016,-0.131871149,3902.425349,0.459816529,TRUE
0,7,fullnet,Learned Polytope Approx. (FullNet),278.4882603,381.1700288,102.6817685,0.092674684,0,0,FALSE
0,7,supervised,Supervised Regression (FullNet),278.4882603,346.2991552,67.8108949,0.061202231,54.46269233,0.008200289,TRUE
0,7,cube,Inner Approx. (Cube),278.4882603,350.2389182,71.75065794,0.064758035,0,0,FALSE
0,7,power_energy,Outer Approx. (Power-Energy),278.4882603,123.8920233,-154.596237,-0.139529711,4503.666262,0.692554493,TRUE
0,8,fullnet,Learned Polytope Approx. (FullNet),300.4743562,411.6349926,111.1606364,0.097638865,0,0,FALSE
0,8,supervised,Supervised Regression (FullNet),300.4743562,359.0092883,58.53493208,0.051414642,245.2645215,0.038092311,TRUE
0,8,cube,Inner Approx. (Cube),300.4743562,361.9224405,61.44808429,0.053973433,0,0,FALSE
0,8,power_energy,Outer Approx. (Power-Energy),300.4743562,154.8036815,-145.6706748,-0.127951043,4672.066487,0.749742978,TRUE
0,9,fullnet,Learned Polytope Approx. (FullNet),306.067202,371.7273928,65.66019077,0.051007216,116.19321,0.013587398,TRUE
0,9,supervised,Supervised Regression (FullNet),306.067202,333.9915687,27.92436671,0.02169266,245.2645215,0.038092311,TRUE
0,9,cube,Inner Approx. (Cube),306.067202,407.2210155,101.1538135,0.078579949,0,0,FALSE
0,9,power_energy,Outer Approx. (Power-Energy),306.067202,133.8568709,-172.2103311,-0.133779228,3086.077355,0.345943499,TRUE
1,0,fullnet,Learned Polytope Approx. (FullNet),225.3700208,347.5585863,122.1885655,0.111167054,0,0,FALSE
1,0,supervised,Supervised Regression (FullNet),225.3700208,276.49538,51.12535919,0.046513809,309.1840925,0.051767042,TRUE
1,0,cube,Inner Approx. (Cube),225.3700208,415.1023215,189.7323007,0.172618287,0,0,FALSE
1,0,power_energy,Outer Approx. (Power-Energy),225.3700208,75.96563999,-149.4043808,-0.13592798,3675.625433,0.519528008,TRUE
1,1,fullnet,Learned Polytope Approx. (FullNet),232.6751846,360.4414669,127.7662823,0.116055571,0,0,FALSE
1,1,supervised,Supervised Regression (FullNet),232.6751846,278.9242598,46.24907516,0.04201001,309.1840925,0.051767042,TRUE
1,1,cube,Inner Approx. (Cube),232.6751846,408.1347079,175.4595233,0.159377379,0,0,FALSE
1,1,power_energy,Outer Approx. (Power-Energy),232.6751846,68.37404291,-164.3011417,-0.149241744,3675.625433,0.519528008,TRUE
1,2,fullnet,Learned Polytope Approx. (FullNet),274.1834924,384.9250799,110.7415876,0.103108088,0,0,FALSE
1,2,supervised,Supervised Regression (FullNet),274.1834924,305.0976849,30.91419251,0.028783254,577.1022778,0.103353895,TRUE
1,2,cube,Inner Approx. (Cube),274.1834924,370.1013353,95.91784295,0.089306155,0,0,FALSE
1,2,power_energy,Outer Approx. (Power-Energy),274.1834924,130.6717276,-143.5117648,-0.133619393,3362.312331,0.518367369,TRUE
1,3,fullnet,Learned Polytope Approx. (FullNet),257.8483381,343.6804255,85.83208736,0.083244982,0,0,FALSE
1,3,supervised,Supervised Regression (FullNet),257.8483381,302.0905413,44.24220319,0.042908678,97.68449547,0.016470161,TRUE
1,3,cube,Inner Approx. (Cube),257.8483381,359.2641109,101.4157727,0.098358952,0,0,FALSE
1,3,power_energy,Outer Approx. (Power-Energy),257.8483381,136.5071674,-121.3411707,-0.11768377,3810.566919,0.551525876,TRUE
1,4,fullnet,Learned Polytope Approx. (FullNet),262.8340826,348.4336966,85.59961392,0.083577583,0,0,FALSE
1,4,supervised,Supervised Regression (FullNet),262.8340826,317.881842,55.04775941,0.053747423,106.1402331,0.01792439,TRUE
1,4,cube,Inner Approx. (Cube),262.8340826,323.2461137,60.41203103,0.05898498,0,0,FALSE
1,4,power_energy,Outer Approx. (Power-Energy),262.8340826,130.8109341,-132.0231485,-0.128904502,4293.981549,0.716428335,TRUE
1,5,fullnet,Learned Polytope Approx. (FullNet),234.1109647,315.252966,81.14200132,0.076795322,0,0,FALSE
1,5,supervised,Supervised Regression (FullNet),234.1109647,291.1058043,56.99483961,0.053941694,97.68449547,0.016470161,TRUE
1,5,cube,Inner Approx. (Cube),234.1109647,344.0304856,109.919521,0.104031264,0,0,FALSE
1,5,power_energy,Outer Approx. (Power-Energy),234.1109647,98.08025095,-136.0307137,-0.128743711,3970.601036,0.566711499,TRUE
1,6,fullnet,Learned Polytope Approx. (FullNet),249.731002,322.9363813,73.20537935,0.068624842,0,0,FALSE
1,6,supervised,Supervised Regression (FullNet),249.731002,290.2601652,40.52916319,0.037993211,106.1402331,0.01792439,TRUE
1,6,cube,Inner Approx. (Cube),249.731002,352.794109,103.063107,0.09661434,0,0,FALSE
1,6,power_energy,Outer Approx. (Power-Energy),249.731002,115.5545295,-134.1764725,-0.12578091,3338.733617,0.432207317,TRUE
1,7,fullnet,Learned Polytope Approx. (FullNet),242.2172529,327.9636367,85.74638383,0.086084136,0,0,FALSE
1,7,supervised,Supervised Regression (FullNet),242.2172529,297.6649398,55.44768691,0.055666093,240.1226355,0.041977899,TRUE
1,7,cube,Inner Approx. (Cube),242.2172529,309.0079804,66.79072752,0.067053814,0,0,FALSE
1,7,power_energy,Outer Approx. (Power-Energy),242.2172529,110.4443277,-131.7729252,-0.132291974,4293.981549,0.716428335,TRUE
1,8,fullnet,Learned Polytope Approx. (FullNet),262.7294489,350.2819582,87.55250936,0.085643726,0,0,FALSE
1,8,supervised,Supervised Regression (FullNet),262.7294489,308.3126413,45.58319242,0.044589407,439.4674561,0.079839391,TRUE
1,8,cube,Inner Approx. (Cube),262.7294489,318.6951724,55.96572351,0.054745582,0,0,FALSE
1,8,power_energy,Outer Approx. (Power-Energy),262.7294489,139.3046218,-123.424827,-0.120733971,4310.81564,0.767872614,TRUE
1,9,fullnet,Learned Polytope Approx. (FullNet),260.1007372,304.3551217,44.2543845,0.038544108,253.9479269,0.031758231,TRUE
1,9,supervised,Supervised Regression (FullNet),260.1007372,268.6372031,8.536465973,0.00743498,493.9557401,0.089529214,TRUE
1,9,cube,Inner Approx. (Cube),260.1007372,362.4576918,102.3569547,0.089149528,0,0,FALSE
1,9,power_energy,Outer Approx. (Power-Energy),260.1007372,113.0830595,-147.0176776,-0.128047543,2788.705805,0.334601395,TRUE
2,0,fullnet,Learned Polytope Approx. (FullNet),194.586811,303.8851149,109.2983038,0.101381706,4.353617346,0.000560908,TRUE
2,0,supervised,Supervised Regression (FullNet),194.586811,126.5568436,-68.02996739,-0.063102481,2001.358502,0.596882297,TRUE
2,0,cube,Inner Approx. (Cube),194.586811,392.5758752,197.9890642,0.183648496,0,0,FALSE
2,0,power_energy,Outer Approx. (Power-Energy),194.586811,50.3721631,-144.2146479,-0.133769021,3519.805007,0.536727792,TRUE
2,1,fullnet,Learned Polytope Approx. (FullNet),200.4139205,319.8871402,119.4732196,0.111039671,0,0,FALSE
2,1,supervised,Supervised Regression (FullNet),200.4139205,124.9272693,-75.48665125,-0.07015809,2001.358502,0.596882297,TRUE
2,1,cube,Inner Approx. (Cube),200.4139205,380.4279668,180.0140463,0.167306954,0,0,FALSE
2,1,power_energy,Outer Approx. (Power-Energy),200.4139205,41.60445286,-158.8094677,-0.147599195,3399.767185,0.518423472,TRUE
2,2,fullnet,Learned Polytope Approx. (FullNet),240.864449,344.3145714,103.4501224,0.098454389,0,0,FALSE
2,2,supervised,Supervised Regression (FullNet),240.864449,141.02346,-99.84098899,-0.095019545,2003.071599,0.600605488,TRUE
2,2,cube,Inner Approx. (Cube),240.864449,342.5057072,101.6412582,0.096732877,0,0,FALSE
2,2,power_energy,Outer Approx. (Power-Energy),240.864449,99.38411515,-141.4803339,-0.134648075,3434.985156,0.559921254,TRUE
2,3,fullnet,Learned Polytope Approx. (FullNet),227.3177163,305.5938149,78.27609868,0.077141715,0,0,FALSE
2,3,supervised,Supervised Regression (FullNet),227.3177163,147.3263204,-79.99139586,-0.078832154,2003.071599,0.600605488,TRUE
2,3,cube,Inner Approx. (Cube),227.3177163,331.7759964,104.4582802,0.102944462,0,0,FALSE
2,3,power_energy,Outer Approx. (Power-Energy),227.3177163,107.5446469,-119.7730694,-0.118037308,3434.518484,0.544152957,TRUE
2,4,fullnet,Learned Polytope Approx. (FullNet),231.2196114,314.6009163,83.38130486,0.083274786,0,0,FALSE
2,4,supervised,Supervised Regression (FullNet),231.2196114,172.339497,-58.88011444,-0.058804895,2041.09253,0.612626023,TRUE
2,4,cube,Inner Approx. (Cube),231.2196114,292.075897,60.85628557,0.060778542,0,0,FALSE
2,4,power_energy,Outer Approx. (Power-Energy),231.2196114,103.9143245,-127.3052869,-0.127142655,3439.28046,0.640905533,TRUE
2,5,fullnet,Learned Polytope Approx. (FullNet),203.1650861,277.7915822,74.62649615,0.072249566,0,0,FALSE
2,5,supervised,Supervised Regression (FullNet),203.1650861,147.023416,-56.14167005,-0.054353501,2023.448564,0.608999608,TRUE
2,5,cube,Inner Approx. (Cube),203.1650861,314.363162,111.198076,0.107656304,0,0,FALSE
2,5,power_energy,Outer Approx. (Power-Energy),203.1650861,72.88600616,-130.2790799,-0.126129558,3476.821701,0.545889041,TRUE
2,6,fullnet,Learned Polytope Approx. (FullNet),219.4040598,286.6913437,67.28728397,0.064598024,0,0,FALSE
2,6,supervised,Supervised Regression (FullNet),219.4040598,141.8512651,-77.55279472,-0.074453255,2041.09253,0.612626023,TRUE
2,6,cube,Inner Approx. (Cube),219.4040598,323.9706394,104.5665796,0.100387384,0,0,FALSE
2,6,power_energy,Outer Approx. (Power-Energy),219.4040598,86.20480305,-133.1992567,-0.127875703,3398.572488,0.478031628,TRUE
2,7,fullnet,Learned Polytope Approx. (FullNet),211.8978061,298.7008308,86.80302463,0.089046614,0,0,FALSE
2,7,supervised,Supervised Regression (FullNet),211.8978061,163.2655832,-48.63222289,-0.049889215,2036.498136,0.615460022,TRUE
2,7,cube,Inner Approx. (Cube),211.8978061,283.1875627,71.28975655,0.073132376,0,0,FALSE
2,7,power_energy,Outer Approx. (Power-Energy),211.8978061,86.62757449,-125.2702316,-0.128508079,3439.28046,0.640905533,TRUE
2,8,fullnet,Learned Polytope Approx. (FullNet),232.2090258,321.6070585,89.39803263,0.089443988,0,0,FALSE
2,8,supervised,Supervised Regression (FullNet),232.2090258,166.9139671,-65.29505875,-0.065328624,2046.16156,0.61730028,TRUE
2,8,cube,Inner Approx. (Cube),232.2090258,291.1598516,58.95082573,0.05898113,0,0,FALSE
2,8,power_energy,Outer Approx. (Power-Energy),232.2090258,111.4072606,-120.8017652,-0.120863864,3547.977065,0.709580845,TRUE
2,9,fullnet,Learned Polytope Approx. (FullNet),227.5947274,271.5743244,43.979597,0.03953284,387.8069104,0.047154457,TRUE
2,9,supervised,Supervised Regression (FullNet),227.5947274,137.814036,-89.78069137,-0.080703007,2041.09253,0.612626023,TRUE
2,9,cube,Inner Approx. (Cube),227.5947274,333.5413251,105.9465977,0.095234386,0,0,FALSE
2,9,power_energy,Outer Approx. (Power-Energy),227.5947274,78.52894768,-149.0657797,-0.133993808,2661.256541,0.328836019,TRUE
3,0,fullnet,Learned Polytope Approx. (FullNet),276.3925609,419.3515757,142.9590148,0.112868935,0,0,FALSE
3,0,supervised,Supervised Regression (FullNet),276.3925609,316.3241496,39.93158869,0.031526769,494.8712567,0.076251626,TRUE
3,0,cube,Inner Approx. (Cube),276.3925609,478.4596166,202.0670557,0.159535888,0,0,FALSE
3,0,power_energy,Outer Approx. (Power-Energy),276.3925609,109.4916517,-166.9009092,-0.131771528,3654.619758,0.518083014,TRUE
3,1,fullnet,Learned Polytope Approx. (FullNet),287.2121352,434.0893875,146.8772523,0.116807243,0,0,FALSE
3,1,supervised,Supervised Regression (FullNet),287.2121352,318.6963158,31.48418057,0.025038461,475.055095,0.073004312,TRUE
3,1,cube,Inner Approx. (Cube),287.2121352,472.0512981,184.8391629,0.146997256,0,0,FALSE
3,1,power_energy,Outer Approx. (Power-Energy),287.2121352,104.4615982,-182.750537,-0.145336232,3654.619758,0.518083014,TRUE
3,2,fullnet,Learned Polytope Approx. (FullNet),328.3325335,467.6045631,139.2720296,0.115189973,0,0,FALSE
3,2,supervised,Supervised Regression (FullNet),328.3325335,332.5366896,4.204156154,0.0034772,636.7175514,0.10147586,TRUE
3,2,cube,Inner Approx. (Cube),328.3325335,429.8059682,101.4734347,0.083927277,0,0,FALSE
3,2,power_energy,Outer Approx. (Power-Energy),328.3325335,170.8840701,-157.4484634,-0.13022345,3621.37129,0.502444349,TRUE
3,3,fullnet,Learned Polytope Approx. (FullNet),308.0015021,422.4083039,114.4068018,0.098065177,0,0,FALSE
3,3,supervised,Supervised Regression (FullNet),308.0015021,331.2427887,23.24128667,0.019921551,636.7175514,0.10147586,TRUE
3,3,cube,Inner Approx. (Cube),308.0015021,414.4648249,106.4633229,0.091256327,0,0,FALSE
3,3,power_energy,Outer Approx. (Power-Energy),308.0015021,175.2632272,-132.7382749,-0.113778221,4040.633108,0.546334623,TRUE
3,4,fullnet,Learned Polytope Approx. (FullNet),313.5827919,421.3233982,107.7406063,0.095700053,0,0,FALSE
3,4,supervised,Supervised Regression (FullNet),313.5827919,349.1330765,35.55028458,0.031577362,636.7175514,0.10147586,TRUE
3,4,cube,Inner Approx. (Cube),313.5827919,374.7646027,61.18181075,0.054344436,0,0,FALSE
3,4,power_energy,Outer Approx. (Power-Energy),313.5827919,169.0166732,-144.5661187,-0.128410129,4572.332527,0.706740665,TRUE
3,5,fullnet,Learned Polytope Approx. (FullNet),286.1170506,391.4792026,105.362152,0.089987658,0,0,FALSE
3,5,supervised,Supervised Regression (FullNet),286.1170506,330.6053614,44.48831083,0.037996556,492.035567,0.076823893,TRUE
3,5,cube,Inner Approx. (Cube),286.1170506,398.2715933,112.1545427,0.0957889,0,0,FALSE
3,5,power_energy,Outer Approx. (Power-Energy),286.1170506,135.0719789,-151.0450717,-0.129004505,4503.47335,0.595996603,TRUE
3,6,fullnet,Learned Polytope Approx. (FullNet),303.189912,406.8334137,103.6435017,0.087493744,0,0,FALSE
3,6,supervised,Supervised Regression (FullNet),303.189912,327.6771449,24.48723288,0.020671626,636.7175514,0.10147586,TRUE
3,6,cube,Inner Approx. (Cube),303.189912,407.7035859,104.5136739,0.088228326,0,0,FALSE
3,6,power_energy,Outer Approx. (Power-Energy),303.189912,156.7464969,-146.4434151,-0.123624564,3628.805989,0.440600235,TRUE
3,7,fullnet,Learned Polytope Approx. (FullNet),289.61811,400.2563597,110.6382497,0.100799921,0,0,FALSE
3,7,supervised,Supervised Regression (FullNet),289.61811,332.7496237,43.13151373,0.039296113,492.035567,0.076823893,TRUE
3,7,cube,Inner Approx. (Cube),289.61811,362.636009,73.01789901,0.066524899,0,0,FALSE
3,7,power_energy,Outer Approx. (Power-Energy),289.61811,144.5230726,-145.0950373,-0.132192694,4572.332527,0.706740665,TRUE
3,8,fullnet,Learned Polytope Approx. (FullNet),311.9968899,430.6935347,118.6966448,0.105448581,0,0,FALSE
3,8,supervised,Supervised Regression (FullNet),311.9968899,346.1556084,34.15871842,0.030346168,588.2716538,0.093394349,TRUE
3,8,cube,Inner Approx. (Cube),311.9968899,373.9257989,61.92890899,0.05501685,0,0,FALSE
3,8,power_energy,Outer Approx. (Power-Energy),311.9968899,176.3428096,-135.6540804,-0.120513349,4813.033556,0.763634525,TRUE
3,9,fullnet,Learned Polytope Approx. (FullNet),321.9235755,412.8948561,90.97128068,0.071967317,0,0,FALSE
3,9,supervised,Supervised Regression (FullNet),321.9235755,330.8742308,8.950655314,0.007080857,588.2716538,0.093394349,TRUE
3,9,cube,Inner Approx. (Cube),321.9235755,423.1680425,101.244467,0.080094428,0,0,FALSE
3,9,power_energy,Outer Approx. (Power-Energy),321.9235755,162.9267581,-158.9968174,-0.125782273,2930.470544,0.340333709,TRUE
4,0,fullnet,Learned Polytope Approx. (FullNet),255.4669132,405.0963487,149.6294355,0.125095102,0,0,FALSE
4,0,supervised,Supervised Regression (FullNet),255.4669132,300.2855739,44.81866071,0.037469866,480.3729443,0.078974329,TRUE
4,0,cube,Inner Approx. (Cube),255.4669132,454.4601283,198.9932151,0.166364837,0,0,FALSE
4,0,power_energy,Outer Approx. (Power-Energy),255.4669132,88.15271223,-167.3142009,-0.139880145,3667.367346,0.530799946,TRUE
4,1,fullnet,Learned Polytope Approx. (FullNet),264.9566987,419.4187996,154.4621009,0.129824778,0,0,FALSE
4,1,supervised,Supervised Regression (FullNet),264.9566987,301.7013854,36.74468674,0.030883762,375.9060971,0.06091767,TRUE
4,1,cube,Inner Approx. (Cube),264.9566987,446.3008795,181.3441808,0.152419058,0,0,FALSE
4,1,power_energy,Outer Approx. (Power-Energy),264.9566987,81.9110977,-183.045601,-0.153849095,3667.367346,0.530799946,TRUE
4,2,fullnet,Learned Polytope Approx. (FullNet),302.8972051,444.5304754,141.6332702,0.123394884,0,0,FALSE
4,2,supervised,Supervised Regression (FullNet),302.8972051,325.9197603,23.02255513,0.020057897,480.3729443,0.078974329,TRUE
4,2,cube,Inner Approx. (Cube),302.8972051,401.7888992,98.8916941,0.086157222,0,0,FALSE
4,2,power_energy,Outer Approx. (Power-Energy),302.8972051,145.9481597,-156.9490455,-0.136738418,3654.567537,0.526653057,TRUE
4,3,fullnet,Learned Polytope Approx. (FullNet),284.7823462,403.9876647,119.2053184,0.107548294,0,0,FALSE
4,3,supervised,Supervised Regression (FullNet),284.7823462,324.0160986,39.23375233,0.035397105,428.4247856,0.070045848,TRUE
4,3,cube,Inner Approx. (Cube),284.7823462,389.0781879,104.2958417,0.094096807,0,0,FALSE
4,3,power_energy,Outer Approx. (Power-Energy),284.7823462,151.7515434,-133.0308028,-0.120021792,4182.457095,0.585436359,TRUE
4,4,fullnet,Learned Polytope Approx. (FullNet),291.4213876,403.9500173,112.5286297,0.104592467,0,0,FALSE
4,4,supervised,Supervised Regression (FullNet),291.4213876,340.9057546,49.48436707,0.045994446,428.4247856,0.070045848,TRUE
4,4,cube,Inner Approx. (Cube),291.4213876,348.7801359,57.35874837,0.053313481,0,0,FALSE
4,4,power_energy,Outer Approx. (Power-Energy),291.4213876,147.48722,-143.9341675,-0.133783106,4160.558801,0.731994805,TRUE
4,5,fullnet,Learned Polytope Approx. (FullNet),263.6027148,374.1422985,110.5395838,0.099094543,0,0,FALSE
4,5,supervised,Supervised Regression (FullNet),263.6027148,319.4066665,55.80395173,0.050026125,102.1062329,0.016113763,TRUE
4,5,cube,Inner Approx. (Cube),263.6027148,368.0879668,104.4852521,0.093667064,0,0,FALSE
4,5,power_energy,Outer Approx. (Power-Energy),263.6027148,111.7168356,-151.8858791,-0.136159928,4577.587577,0.62551559,TRUE
4,6,fullnet,Learned Polytope Approx. (FullNet),277.7985406,386.2352823,108.4367417,0.096190766,0,0,FALSE
4,6,supervised,Supervised Regression (FullNet),277.7985406,315.9715218,38.17298113,0.033862031,428.4247856,0.070045848,TRUE
4,6,cube,Inner Approx. (Cube),277.7985406,377.3640686,99.56552798,0.088321396,0,0,FALSE
4,6,power_energy,Outer Approx. (Power-Energy),277.7985406,131.4178188,-146.3807218,-0.129849657,3708.994778,0.460557484,TRUE
4,7,fullnet,Learned Polytope Approx. (FullNet),270.2560544,386.4908303,116.2347759,0.110794043,0,0,FALSE
4,7,supervised,Supervised Regression (FullNet),270.2560544,325.438731,55.18267659,0.052599679,17.8149582,0.002765221,TRUE
4,7,cube,Inner Approx. (Cube),270.2560544,343.4316636,73.17560923,0.069750396,0,0,FALSE
4,7,power_energy,Outer Approx. (Power-Energy),270.2560544,126.2602957,-143.9957588,-0.137255586,4164.273759,0.716951299,TRUE
4,8,fullnet,Learned Polytope Approx. (FullNet),289.949392,414.5852647,124.6358727,0.115795215,0,0,FALSE
4,8,supervised,Supervised Regression (FullNet),289.949392,340.476484,50.52709198,0.04694311,230.1307044,0.037123652,TRUE
4,8,cube,Inner Approx. (Cube),289.949392,353.7019893,63.75259732,0.059230505,0,0,FALSE
4,8,power_energy,Outer Approx. (Power-Energy),289.949392,153.8560532,-136.0933388,-0.126439982,4784.695821,0.802603014,TRUE
4,9,fullnet,Learned Polytope Approx. (FullNet),290.0885384,385.0064961,94.91795772,0.078874138,0,0,FALSE
4,9,supervised,Supervised Regression (FullNet),290.0885384,308.8869857,18.79844726,0.015620978,317.1987968,0.052020899,TRUE
4,9,cube,Inner Approx. (Cube),290.0885384,385.7488677,95.6603293,0.079491027,0,0,FALSE
4,9,power_energy,Outer Approx. (Power-Energy),290.0885384,132.4530575,-157.6354809,-0.130990625,2846.247634,0.336504326,TRUE
5,0,fullnet,Learned Polytope Approx. (FullNet),271.9096425,400.9658043,129.0561618,0.105726518,0,0,FALSE
5,0,supervised,Supervised Regression (FullNet),271.9096425,317.3978006,45.48815801,0.037265207,492.3442386,0.075818614,TRUE
5,0,cube,Inner Approx. (Cube),271.9096425,472.4999905,200.5903479,0.16432938,0,0,FALSE
5,0,power_energy,Outer Approx. (Power-Energy),271.9096425,96.88434587,-175.0252967,-0.143385755,3868.739398,0.544459128,TRUE
5,1,fullnet,Learned Polytope Approx. (FullNet),282.4001997,414.5241781,132.1239784,0.108341008,0,0,FALSE
5,1,supervised,Supervised Regression (FullNet),282.4001997,319.9446366,37.54443685,0.030786252,492.3442386,0.075818614,TRUE
5,1,cube,Inner Approx. (Cube),282.4001997,467.8684178,185.4682181,0.15208302,0,0,FALSE
5,1,power_energy,Outer Approx. (Power-Energy),282.4001997,90.81879437,-191.5814054,-0.157095803,3868.739398,0.544459128,TRUE
5,2,fullnet,Learned Polytope Approx. (FullNet),321.1039856,442.8743076,121.770322,0.103433591,0,0,FALSE
5,2,supervised,Supervised Regression (FullNet),321.1039856,346.5727934,25.46880776,0.021633599,625.4671659,0.099673316,TRUE
5,2,cube,Inner Approx. (Cube),321.1039856,420.6797266,99.57574098,0.084581172,0,0,FALSE
5,2,power_energy,Outer Approx. (Power-Energy),321.1039856,156.8902378,-164.2137478,-0.139485693,3800.2855,0.519343118,TRUE
5,3,fullnet,Learned Polytope Approx. (FullNet),300.6810564,398.4238923,97.74283597,0.086551413,0,0,FALSE
5,3,supervised,Supervised Regression (FullNet),300.6810564,340.5096553,39.82859895,0.035268278,420.2230158,0.064660473,TRUE
5,3,cube,Inner Approx. (Cube),300.6810564,405.1895178,104.5084615,0.092542383,0,0,FALSE
5,3,power_energy,Outer Approx. (Power-Energy),300.6810564,162.468609,-138.2124473,-0.122387308,4156.186624,0.550110871,TRUE
5,4,fullnet,Learned Polytope Approx. (FullNet),305.1633744,397.3791655,92.21579117,0.08331785,0,0,FALSE
5,4,supervised,Supervised Regression (FullNet),305.1633744,358.1378024,52.97442799,0.047862903,420.2230158,0.064660473,TRUE
5,4,cube,Inner Approx. (Cube),305.1633744,362.573098,57.40972366,0.051870235,0,0,FALSE
5,4,power_energy,Outer Approx. (Power-Energy),305.1633744,154.3934325,-150.7699419,-0.136222085,4577.136851,0.697642477,TRUE
5,5,fullnet,Learned Polytope Approx. (FullNet),276.4879354,366.3506548,89.86271938,0.078354967,0,0,FALSE
5,5,supervised,Supervised Regression (FullNet),276.4879354,337.1127239,60.62478855,0.052861223,95.52404721,0.014252135,TRUE
5,5,cube,Inner Approx. (Cube),276.4879354,383.8488219,107.3608866,0.093612331,0,0,FALSE
5,5,power_energy,Outer Approx. (Power-Energy),276.4879354,118.8673902,-157.6205452,-0.137435776,4476.861379,0.578801132,TRUE
5,6,fullnet,Learned Polytope Approx. (FullNet),294.0504276,377.8431711,83.79274348,0.072214359,0,0,FALSE
5,6,supervised,Supervised Regression (FullNet),294.0504276,334.4077917,40.35736415,0.03478083,420.2230158,0.064660473,TRUE
5,6,cube,Inner Approx. (Cube),294.0504276,395.3557311,101.3053035,0.087307054,0,0,FALSE
5,6,power_energy,Outer Approx. (Power-Energy),294.0504276,140.6399585,-153.410469,-0.132212388,3707.963653,0.436698886,TRUE
5,7,fullnet,Learned Polytope Approx. (FullNet),281.6482242,375.5672183,93.91899404,0.087171744,0,0,FALSE
5,7,supervised,Supervised Regression (FullNet),281.6482242,339.1791119,57.53088762,0.053397802,268.513871,0.041300196,TRUE
5,7,cube,Inner Approx. (Cube),281.6482242,351.1376796,69.48945542,0.064497252,0,0,FALSE
5,7,power_energy,Outer Approx. (Power-Energy),281.6482242,131.1519223,-150.496302,-0.139684472,4577.136851,0.697642477,TRUE
5,8,fullnet,Learned Polytope Approx. (FullNet),304.1373949,404.9178553,100.7804604,0.091005299,0,0,FALSE
5,8,supervised,Supervised Regression (FullNet),304.1373949,354.333118,50.19572307,0.045327008,352.7634023,0.054817105,TRUE
5,8,cube,Inner Approx. (Cube),304.1373949,364.1963188,60.05892391,0.054233532,0,0,FALSE
5,8,power_energy,Outer Approx. (Power-Energy),304.1373949,162.886083,-141.2513119,-0.127550696,4801.663849,0.760932962,TRUE
5,9,fullnet,Learned Polytope Approx. (FullNet),311.3966415,366.7925511,55.39590958,0.044387407,135.5074203,0.016242678,TRUE
5,9,supervised,Supervised Regression (FullNet),311.3966415,325.0035893,13.60694786,0.010902919,450.3996437,0.071162685,TRUE
5,9,cube,Inner Approx. (Cube),311.3966415,410.7397269,99.34308538,0.07960122,0,0,FALSE
5,9,power_energy,Outer Approx. (Power-Energy),311.3966415,144.5601646,-166.8364768,-0.133682047,2956.798137,0.331844705,TRUE
6,0,fullnet,Learned Polytope Approx. (FullNet),276.8976396,434.224191,157.3265514,0.134197479,0,0,FALSE
6,0,supervised,Supervised Regression (FullNet),276.8976396,279.3613849,2.463745304,0.002101542,1040.186245,0.186913559,TRUE
6,0,cube,Inner Approx. (Cube),276.8976396,463.6906306,186.7929911,0.159331964,0,0,FALSE
6,0,power_energy,Outer Approx. (Power-Energy),276.8976396,102.6309749,-174.2666647,-0.148647173,3726.414221,0.521983172,TRUE
6,1,fullnet,Learned Polytope Approx. (FullNet),286.8153219,447.5774168,160.7620949,0.137118414,0,0,FALSE
6,1,supervised,Supervised Regression (FullNet),286.8153219,281.609539,-5.205782905,-0.004440155,1040.186245,0.186913559,TRUE
6,1,cube,Inner Approx. (Cube),286.8153219,459.2931939,172.477872,0.147111122,0,0,FALSE
6,1,power_energy,Outer Approx. (Power-Energy),286.8153219,97.04303597,-189.7722859,-0.161862004,3726.414221,0.521983172,TRUE
6,2,fullnet,Learned Polytope Approx. (FullNet),324.2176982,464.134722,139.9170239,0.122911221,0,0,FALSE
6,2,supervised,Supervised Regression (FullNet),324.2176982,298.2202048,-25.99749337,-0.022837705,1015.328627,0.182673417,TRUE
6,2,cube,Inner Approx. (Cube),324.2176982,417.4084919,93.19079376,0.081864193,0,0,FALSE
6,2,power_energy,Outer Approx. (Power-Energy),324.2176982,163.4972713,-160.7204269,-0.141186136,4071.141665,0.556717968,TRUE
6,3,fullnet,Learned Polytope Approx. (FullNet),305.8044875,422.1180311,116.3135436,0.106350621,0,0,FALSE
6,3,supervised,Supervised Regression (FullNet),305.8044875,297.5689597,-8.235527896,-0.007530108,1015.328627,0.182673417,TRUE
6,3,cube,Inner Approx. (Cube),305.8044875,403.2210393,97.4165518,0.089072265,0,0,FALSE
6,3,power_energy,Outer Approx. (Power-Energy),305.8044875,168.3345809,-137.4699067,-0.125694821,4189.607214,0.554106808,TRUE
6,4,fullnet,Learned Polytope Approx. (FullNet),310.831072,419.740314,108.909242,0.100946122,0,0,FALSE
6,4,supervised,Supervised Regression (FullNet),310.831072,317.6637338,6.832661821,0.006333078,1015.328627,0.182673417,TRUE
6,4,cube,Inner Approx. (Cube),310.831072,366.2026927,55.37162063,0.051323012,0,0,FALSE
6,4,power_energy,Outer Approx. (Power-Energy),310.831072,161.1463443,-149.6847277,-0.138740225,5260.839065,0.821378046,TRUE
6,5,fullnet,Learned Polytope Approx. (FullNet),284.8370503,393.9237036,109.0866533,0.097760878,0,0,FALSE
6,5,supervised,Supervised Regression (FullNet),284.8370503,301.3770323,16.53998198,0.014822741,694.3371774,0.118646151,TRUE
6,5,cube,Inner Approx. (Cube),284.8370503,384.0946122,99.25756187,0.088952279,0,0,FALSE
6,5,power_energy,Outer Approx. (Power-Energy),284.8370503,125.7987024,-159.0383479,-0.142526406,4654.148187,0.600182184,TRUE
6,6,fullnet,Learned Polytope Approx. (FullNet),297.7752009,402.305066,104.5298651,0.092696348,0,0,FALSE
6,6,supervised,Supervised Regression (FullNet),297.7752009,294.196796,-3.578404892,-0.003173304,1015.328627,0.182673417,TRUE
6,6,cube,Inner Approx. (Cube),297.7752009,392.5156516,94.74045072,0.084015165,0,0,FALSE
6,6,power_energy,Outer Approx. (Power-Energy),297.7752009,148.1524005,-149.6228004,-0.132684446,3720.214699,0.454359657,TRUE
6,7,fullnet,Learned Polytope Approx. (FullNet),289.6830981,401.5347895,111.8516914,0.106653227,0,0,FALSE
6,7,supervised,Supervised Regression (FullNet),289.6830981,306.3613709,16.67827285,0.015903127,929.679938,0.166184777,TRUE
6,7,cube,Inner Approx. (Cube),289.6830981,357.5973568,67.91425869,0.064757848,0,0,FALSE
6,7,power_energy,Outer Approx. (Power-Energy),289.6830981,137.7626703,-151.9204278,-0.144859713,5260.839065,0.821378046,TRUE
6,8,fullnet,Learned Polytope Approx. (FullNet),309.1569471,427.8287094,118.6717623,0.110136312,0,0,FALSE
6,8,supervised,Supervised Regression (FullNet),309.1569471,314.8056727,5.648725658,0.005242442,929.679938,0.166184777,TRUE
6,8,cube,Inner Approx. (Cube),309.1569471,370.3418615,61.18491441,0.056784198,0,0,FALSE
6,8,power_energy,Outer Approx. (Power-Energy),309.1569471,169.5478241,-139.6091229,-0.129567756,5331.382255,0.845539084,TRUE
6,9,fullnet,Learned Polytope Approx. (FullNet),309.4505392,390.4674701,81.01693095,0.066905527,0,0,FALSE
6,9,supervised,Supervised Regression (FullNet),309.4505392,288.8454445,-20.60509472,-0.017016131,929.679938,0.166184777,TRUE
6,9,cube,Inner Approx. (Cube),309.4505392,400.3226855,90.8721463,0.075044176,0,0,FALSE
6,9,power_energy,Outer Approx. (Power-Energy),309.4505392,151.98225,-157.4682892,-0.130040706,2850.197156,0.320394115,TRUE
7,0,fullnet,Learned Polytope Approx. (FullNet),282.2636353,417.6812179,135.4175826,0.109699571,0,0,FALSE
7,0,supervised,Supervised Regression (FullNet),282.2636353,310.4059762,28.14234093,0.02279765,996.0555155,0.163224527,TRUE
7,0,cube,Inner Approx. (Cube),282.2636353,482.9285944,200.6649591,0.162555404,0,0,FALSE
7,0,power_energy,Outer Approx. (Power-Energy),282.2636353,111.9036089,-170.3600264,-0.138005873,3724.839619,0.51335682,TRUE
7,1,fullnet,Learned Polytope Approx. (FullNet),292.6982556,430.4866865,137.7884309,0.111700685,0,0,FALSE
7,1,supervised,Supervised Regression (FullNet),292.6982556,313.3170361,20.61878056,0.016714988,996.0555155,0.163224527,TRUE
7,1,cube,Inner Approx. (Cube),292.6982556,479.5122084,186.8139529,0.151444112,0,0,FALSE
7,1,power_energy,Outer Approx. (Power-Energy),292.6982556,106.709489,-185.9887666,-0.15077516,3724.839619,0.51335682,TRUE
7,2,fullnet,Learned Polytope Approx. (FullNet),334.1690665,456.7241062,122.5550397,0.102659573,0,0,FALSE
7,2,supervised,Supervised Regression (FullNet),334.1690665,326.4570701,-7.711996379,-0.006460038,990.9552465,0.162422453,TRUE
7,2,cube,Inner Approx. (Cube),334.1690665,432.5167628,98.3476963,0.082382026,0,0,FALSE
7,2,power_energy,Outer Approx. (Power-Energy),334.1690665,174.8869664,-159.2821,-0.133424398,4021.257812,0.539399559,TRUE
7,3,fullnet,Learned Polytope Approx. (FullNet),313.0756545,409.9333228,96.85766826,0.084628891,0,0,FALSE
7,3,supervised,Supervised Regression (FullNet),313.0756545,327.2183585,14.14270397,0.012357115,990.9552465,0.162422453,TRUE
7,3,cube,Inner Approx. (Cube),313.0756545,414.2438032,101.1681487,0.088395152,0,0,FALSE
7,3,power_energy,Outer Approx. (Power-Energy),313.0756545,178.1353253,-134.9403292,-0.117903421,4059.233343,0.522073723,TRUE
7,4,fullnet,Learned Polytope Approx. (FullNet),316.8883178,408.8776461,91.98932827,0.081655402,0,0,FALSE
7,4,supervised,Supervised Regression (FullNet),316.8883178,345.3640121,28.47569426,0.025276783,990.9552465,0.162422453,TRUE
7,4,cube,Inner Approx. (Cube),316.8883178,375.7100713,58.82175351,0.052213817,0,0,FALSE
7,4,power_energy,Outer Approx. (Power-Energy),316.8883178,169.4087411,-147.4795767,-0.130911969,4877.486839,0.716502638,TRUE
7,5,fullnet,Learned Polytope Approx. (FullNet),288.7972893,377.5920697,88.7947804,0.076019939,0,0,FALSE
7,5,supervised,Supervised Regression (FullNet),288.7972893,324.8011222,36.00383293,0.030823987,613.0445815,0.096558344,TRUE
7,5,cube,Inner Approx. (Cube),288.7972893,397.0374674,108.2401782,0.092667742,0,0,FALSE
7,5,power_energy,Outer Approx. (Power-Energy),288.7972893,133.7868126,-155.0104767,-0.132709231,4448.9553,0.557024176,TRUE
7,6,fullnet,Learned Polytope Approx. (FullNet),306.3989982,390.2070134,83.80801511,0.070947961,0,0,FALSE
7,6,supervised,Supervised Regression (FullNet),306.3989982,321.309369,14.91037076,0.012622425,990.9552465,0.162422453,TRUE
7,6,cube,Inner Approx. (Cube),306.3989982,406.7487965,100.3497982,0.084951463,0,0,FALSE
7,6,power_energy,Outer Approx. (Power-Energy),306.3989982,158.140065,-148.2589332,-0.125509105,3616.57255,0.436479606,TRUE
7,7,fullnet,Learned Polytope Approx. (FullNet),292.8623651,386.1018524,93.23948734,0.085109629,0,0,FALSE
7,7,supervised,Supervised Regression (FullNet),292.8623651,329.5935894,36.73122431,0.033528508,626.7706841,0.098934086,TRUE
7,7,cube,Inner Approx. (Cube),292.8623651,361.8161958,68.95383074,0.062941519,0,0,FALSE
7,7,power_energy,Outer Approx. (Power-Energy),292.8623651,144.5251528,-148.3372123,-0.135403202,4877.486839,0.716502638,TRUE
7,8,fullnet,Learned Polytope Approx. (FullNet),315.5667671,415.8582727,100.2915056,0.089125383,0,0,FALSE
7,8,supervised,Supervised Regression (FullNet),315.5667671,339.6641049,24.09733781,0.02141442,833.3771254,0.136681404,TRUE
7,8,cube,Inner Approx. (Cube),315.5667671,376.1916107,60.62484355,0.053875075,0,0,FALSE
7,8,power_energy,Outer Approx. (Power-Energy),315.5667671,178.0708965,-137.4958706,-0.122187538,5097.16423,0.776996068,TRUE
7,9,fullnet,Learned Polytope Approx. (FullNet),324.9166629,379.4083207,54.49165785,0.042857856,253.5979589,0.028602886,TRUE
7,9,supervised,Supervised Regression (FullNet),324.9166629,312.6688515,-12.24781138,-0.009632941,861.562932,0.141343533,TRUE
7,9,cube,Inner Approx. (Cube),324.9166629,422.4912009,97.57453798,0.076742673,0,0,FALSE
7,9,power_energy,Outer Approx. (Power-Energy),324.9166629,165.8408881,-159.0757748,-0.125113584,2862.615224,0.315216731,TRUE
8,0,fullnet,Learned Polytope Approx. (FullNet),277.1613694,400.5492976,123.3879282,0.106007042,0,0,FALSE
8,0,supervised,Supervised Regression (FullNet),277.1613694,311.8277463,34.66637686,0.029783141,573.0433021,0.090240484,TRUE
8,0,cube,Inner Approx. (Cube),277.1613694,482.5329705,205.3716011,0.176442187,0,0,FALSE
8,0,power_energy,Outer Approx. (Power-Energy),277.1613694,95.52201707,-181.6393523,-0.156052952,3798.888698,0.547389373,TRUE
8,1,fullnet,Learned Polytope Approx. (FullNet),288.0217046,414.9579415,126.936237,0.109472309,0,0,FALSE
8,1,supervised,Supervised Regression (FullNet),288.0217046,313.926105,25.90440041,0.022340465,561.4057246,0.088097019,TRUE
8,1,cube,Inner Approx. (Cube),288.0217046,472.5302713,184.5085668,0.15912382,0,0,FALSE
8,1,power_energy,Outer Approx. (Power-Energy),288.0217046,90.10817792,-197.9135267,-0.170684521,3798.888698,0.547389373,TRUE
8,2,fullnet,Learned Polytope Approx. (FullNet),324.3564364,435.5697015,111.213265,0.098959989,0,0,FALSE
8,2,supervised,Supervised Regression (FullNet),324.3564364,342.2294102,17.87297382,0.015903762,573.0433021,0.090240484,TRUE
8,2,cube,Inner Approx. (Cube),324.3564364,425.3804103,101.0239739,0.089893335,0,0,FALSE
8,2,power_energy,Outer Approx. (Power-Energy),324.3564364,154.4791625,-169.8772739,-0.151160504,4009.295172,0.561065169,TRUE
8,3,fullnet,Learned Polytope Approx. (FullNet),304.328351,395.399536,91.07118501,0.083990915,0,0,FALSE
8,3,supervised,Supervised Regression (FullNet),304.328351,337.847387,33.51903601,0.03091312,552.4130274,0.087213233,TRUE
8,3,cube,Inner Approx. (Cube),304.328351,412.0281748,107.6998238,0.099326771,0,0,FALSE
8,3,power_energy,Outer Approx. (Power-Energy),304.328351,159.3831446,-144.9452064,-0.133676535,4082.316552,0.553466506,TRUE
8,4,fullnet,Learned Polytope Approx. (FullNet),310.4338349,395.5928037,85.15896875,0.0803497,0,0,FALSE
8,4,supervised,Supervised Regression (FullNet),310.4338349,354.6568377,44.22300272,0.041725552,406.8010666,0.063699359,TRUE
8,4,cube,Inner Approx. (Cube),310.4338349,365.6925888,55.25875387,0.05213807,0,0,FALSE
8,4,power_energy,Outer Approx. (Power-Energy),310.4338349,152.8701882,-157.5636468,-0.148665395,4867.112888,0.788379449,TRUE
8,5,fullnet,Learned Polytope Approx. (FullNet),284.2290043,366.2270481,81.99804383,0.074731527,0,0,FALSE
8,5,supervised,Supervised Regression (FullNet),284.2290043,333.2971667,49.06816239,0.044719831,234.9348165,0.035877087,TRUE
8,5,cube,Inner Approx. (Cube),284.2290043,387.0996368,102.8706325,0.093754425,0,0,FALSE
8,5,power_energy,Outer Approx. (Power-Energy),284.2290043,117.9289889,-166.3000153,-0.151562811,4410.242044,0.584170629,TRUE
8,6,fullnet,Learned Polytope Approx. (FullNet),298.7759973,376.4898822,77.71388489,0.070124458,0,0,FALSE
8,6,supervised,Supervised Regression (FullNet),298.7759973,330.8686235,32.09262615,0.028958506,552.4130274,0.087213233,TRUE
8,6,cube,Inner Approx. (Cube),298.7759973,396.9479895,98.17199216,0.088584656,0,0,FALSE
8,6,power_energy,Outer Approx. (Power-Energy),298.7759973,139.3117652,-159.4642321,-0.143891183,3692.775647,0.465041451,TRUE
8,7,fullnet,Learned Polytope Approx. (FullNet),288.1909664,377.854806,89.66383957,0.086857859,0,0,FALSE
8,7,supervised,Supervised Regression (FullNet),288.1909664,338.3511309,50.16016446,0.04859043,303.6710711,0.046972097,TRUE
8,7,cube,Inner Approx. (Cube),288.1909664,357.9783619,69.78739547,0.067603437,0,0,FALSE
8,7,power_energy,Outer Approx. (Power-Energy),288.1909664,130.6768764,-157.51409,-0.152584773,4867.112888,0.788379449,TRUE
8,8,fullnet,Learned Polytope Approx. (FullNet),308.5597204,405.5986256,97.03890521,0.0916239,0,0,FALSE
8,8,supervised,Supervised Regression (FullNet),308.5597204,351.2712494,42.71152897,0.040328123,485.7213016,0.077387838,TRUE
8,8,cube,Inner Approx. (Cube),308.5597204,369.2187706,60.65905023,0.057274129,0,0,FALSE
8,8,power_energy,Outer Approx. (Power-Energy),308.5597204,161.278387,-147.2813334,-0.13906268,4846.85776,0.807103408,TRUE
8,9,fullnet,Learned Polytope Approx. (FullNet),313.6195489,369.8712471,56.25169826,0.047532548,130.3244941,0.016169304,TRUE
8,9,supervised,Supervised Regression (FullNet),313.6195489,321.9908512,8.37130233,0.00707373,485.7213016,0.077387838,TRUE
8,9,cube,Inner Approx. (Cube),313.6195489,404.5322791,90.91273025,0.076821036,0,0,FALSE
8,9,power_energy,Outer Approx. (Power-Energy),313.6195489,142.608277,-171.0112719,-0.144504109,2965.619469,0.341291288,TRUE
9,0,fullnet,Learned Polytope Approx. (FullNet),230.0525976,376.527418,146.4748204,0.136100515,0,0,FALSE
9,0,supervised,Supervised Regression (FullNet),230.0525976,266.0375269,35.98492932,0.033436241,390.1584592,0.067589883,TRUE
9,0,cube,Inner Approx. (Cube),230.0525976,405.4243779,175.3717803,0.162950804,0,0,FALSE
9,0,power_energy,Outer Approx. (Power-Energy),230.0525976,67.57330149,-162.4792961,-0.150971449,3707.311299,0.517589929,TRUE
9,1,fullnet,Learned Polytope Approx. (FullNet),238.1105871,391.78701,153.6764229,0.143058928,0,0,FALSE
9,1,supervised,Supervised Regression (FullNet),238.1105871,267.707924,29.59733686,0.027552459,390.1584592,0.067589883,TRUE
9,1,cube,Inner Approx. (Cube),238.1105871,398.308729,160.1981418,0.149130062,0,0,FALSE
9,1,power_energy,Outer Approx. (Power-Energy),238.1105871,59.65511923,-178.4554679,-0.166125991,3707.311299,0.517589929,TRUE
9,2,fullnet,Learned Polytope Approx. (FullNet),276.0723891,404.957281,128.8848918,0.122882505,0,0,FALSE
9,2,supervised,Supervised Regression (FullNet),276.0723891,302.482795,26.41040588,0.025180429,399.2359044,0.070477923,TRUE
9,2,cube,Inner Approx. (Cube),276.0723891,365.4343356,89.3619465,0.08520021,0,0,FALSE
9,2,power_energy,Outer Approx. (Power-Energy),276.0723891,121.6647893,-154.4075998,-0.147216578,3544.34428,0.541851521,TRUE
9,3,fullnet,Learned Polytope Approx. (FullNet),260.1051296,368.5845691,108.4794395,0.107144915,0,0,FALSE
9,3,supervised,Supervised Regression (FullNet),260.1051296,297.3107681,37.20563849,0.036747931,342.3038804,0.059761106,TRUE
9,3,cube,Inner Approx. (Cube),260.1051296,357.0015929,96.89646335,0.095704433,0,0,FALSE
9,3,power_energy,Outer Approx. (Power-Energy),260.1051296,128.7768804,-131.3282492,-0.129712636,4109.83529,0.606420315,TRUE
9,4,fullnet,Learned Polytope Approx. (FullNet),268.0772524,371.6019784,103.524726,0.103632993,0,0,FALSE
9,4,supervised,Supervised Regression (FullNet),268.0772524,315.768124,47.69087156,0.047740747,110.8031782,0.01893187,TRUE
9,4,cube,Inner Approx. (Cube),268.0772524,322.4686763,54.39142394,0.054448307,0,0,FALSE
9,4,power_energy,Outer Approx. (Power-Energy),268.0772524,125.7024431,-142.3748094,-0.142523706,4185.916323,0.795698443,TRUE
9,5,fullnet,Learned Polytope Approx. (FullNet),240.2540049,342.6986369,102.4446321,0.099413133,0,0,FALSE
9,5,supervised,Supervised Regression (FullNet),240.2540049,288.8389786,48.58497375,0.047147267,94.96435944,0.016183496,TRUE
9,5,cube,Inner Approx. (Cube),240.2540049,340.7885107,100.5345058,0.097559531,0,0,FALSE
9,5,power_energy,Outer Approx. (Power-Energy),240.2540049,90.28206099,-149.9719439,-0.145534037,4393.389512,0.63080765,TRUE
9,6,fullnet,Learned Polytope Approx. (FullNet),251.9157592,349.7985191,97.88275992,0.094172005,0,0,FALSE
9,6,supervised,Supervised Regression (FullNet),251.9157592,287.6092134,35.6934542,0.034340308,342.3038804,0.059761106,TRUE
9,6,cube,Inner Approx. (Cube),251.9157592,348.4442055,96.52844625,0.092869033,0,0,FALSE
9,6,power_energy,Outer Approx. (Power-Energy),251.9157592,107.1945423,-144.7212169,-0.139234806,3602.429132,0.466675594,TRUE
9,7,fullnet,Learned Polytope Approx. (FullNet),249.6337326,355.6353276,106.001595,0.108949669,0,0,FALSE
9,7,supervised,Supervised Regression (FullNet),249.6337326,300.008167,50.3744344,0.051775428,251.0505805,0.043998621,TRUE
9,7,cube,Inner Approx. (Cube),249.6337326,312.9763183,63.3425856,0.065104244,0,0,FALSE
9,7,power_energy,Outer Approx. (Power-Energy),249.6337326,107.2135306,-142.420202,-0.146381135,4191.174008,0.772611323,TRUE
9,8,fullnet,Learned Polytope Approx. (FullNet),266.9135502,378.8041935,111.8906433,0.112171923,0,0,FALSE
9,8,supervised,Supervised Regression (FullNet),266.9135502,314.4200517,47.50650148,0.047625927,259.522007,0.045508551,TRUE
9,8,cube,Inner Approx. (Cube),266.9135502,322.0134986,55.09994839,0.055238463,0,0,FALSE
9,8,power_energy,Outer Approx. (Power-Energy),266.9135502,132.2678161,-134.6457341,-0.134984217,4822.812289,0.867883371,TRUE
9,9,fullnet,Learned Polytope Approx. (FullNet),258.9828427,337.4801266,78.49728388,0.070661453,0,0,FALSE
9,9,supervised,Supervised Regression (FullNet),258.9828427,271.1167488,12.13390614,0.010922664,371.3767895,0.066608696,TRUE
9,9,cube,Inner Approx. (Cube),258.9828427,353.2460181,94.26317547,0.084853547,0,0,FALSE
9,9,power_energy,Outer Approx. (Power-Energy),258.9828427,103.3264968,-155.6563459,-0.14011827,2791.520873,0.341382794,TRUE
10,0,fullnet,Learned Polytope Approx. (FullNet),234.0406953,361.5232118,127.4825166,0.103906508,0,0,FALSE
10,0,supervised,Supervised Regression (FullNet),234.0406953,276.8409825,42.80028725,0.034885006,601.1742983,0.103227877,TRUE
10,0,cube,Inner Approx. (Cube),234.0406953,445.1453127,211.1046174,0.172063936,0,0,FALSE
10,0,power_energy,Outer Approx. (Power-Energy),234.0406953,90.01082734,-144.0298679,-0.117393671,3625.696577,0.504826034,TRUE
10,1,fullnet,Learned Polytope Approx. (FullNet),241.7073152,376.8085848,135.1012696,0.110269448,0,0,FALSE
10,1,supervised,Supervised Regression (FullNet),241.7073152,279.3117379,37.60442268,0.030692672,453.7439315,0.076662244,TRUE
10,1,cube,Inner Approx. (Cube),241.7073152,438.5938808,196.8865656,0.160698512,0,0,FALSE
10,1,power_energy,Outer Approx. (Power-Energy),241.7073152,82.73359681,-158.9737184,-0.129754104,3625.696577,0.504826034,TRUE
10,2,fullnet,Learned Polytope Approx. (FullNet),285.9261728,415.8157346,129.8895618,0.109794717,0,0,FALSE
10,2,supervised,Supervised Regression (FullNet),285.9261728,292.9599247,7.033751904,0.00594558,777.9963624,0.138061808,TRUE
10,2,cube,Inner Approx. (Cube),285.9261728,393.240618,107.3144452,0.090712133,0,0,FALSE
10,2,power_energy,Outer Approx. (Power-Energy),285.9261728,147.252038,-138.6741348,-0.117220254,3311.095099,0.49940916,TRUE
10,3,fullnet,Learned Polytope Approx. (FullNet),268.5521865,368.1864019,99.63421537,0.087645198,0,0,FALSE
10,3,supervised,Supervised Regression (FullNet),268.5521865,292.5792757,24.0270892,0.021135902,777.9963624,0.138061808,TRUE
10,3,cube,Inner Approx. (Cube),268.5521865,375.6886201,107.1364336,0.094244672,0,0,FALSE
10,3,power_energy,Outer Approx. (Power-Energy),268.5521865,151.8216397,-116.7305468,-0.102684322,3428.880432,0.487988074,TRUE
10,4,fullnet,Learned Polytope Approx. (FullNet),271.2843552,371.7955922,100.5112371,0.090277717,0,0,FALSE
10,4,supervised,Supervised Regression (FullNet),271.2843552,311.2480445,39.96368939,0.035894799,672.6733959,0.117352617,TRUE
10,4,cube,Inner Approx. (Cube),271.2843552,334.1060637,62.82170853,0.056425536,0,0,FALSE
10,4,power_energy,Outer Approx. (Power-Energy),271.2843552,146.3005319,-124.9838233,-0.112258634,3679.794481,0.609426515,TRUE
10,5,fullnet,Learned Polytope Approx. (FullNet),242.4120076,335.4400631,93.02805553,0.080616661,0,0,FALSE
10,5,supervised,Supervised Regression (FullNet),242.4120076,289.116384,46.70437647,0.040473283,672.6733959,0.117352617,TRUE
10,5,cube,Inner Approx. (Cube),242.4120076,357.0406782,114.6286706,0.099335416,0,0,FALSE
10,5,power_energy,Outer Approx. (Power-Energy),242.4120076,113.6259288,-128.7860788,-0.111604005,3538.026828,0.497068688,TRUE
10,6,fullnet,Learned Polytope Approx. (FullNet),262.2822931,348.9394328,86.65713971,0.074243184,0,0,FALSE
10,6,supervised,Supervised Regression (FullNet),262.2822931,285.9993778,23.71708473,0.020319525,777.9963624,0.138061808,TRUE
10,6,cube,Inner Approx. (Cube),262.2822931,370.0554894,107.7731963,0.092334287,0,0,FALSE
10,6,power_energy,Outer Approx. (Power-Energy),262.2822931,132.1971701,-130.0851229,-0.111449947,3409.093705,0.436969424,TRUE
10,7,fullnet,Learned Polytope Approx. (FullNet),247.9531167,350.5763631,102.6232464,0.094763758,0,0,FALSE
10,7,supervised,Supervised Regression (FullNet),247.9531167,296.4870715,48.53395479,0.04481694,672.6733959,0.117352617,TRUE
10,7,cube,Inner Approx. (Cube),247.9531167,321.1280154,73.17489871,0.067570737,0,0,FALSE
10,7,power_energy,Outer Approx. (Power-Energy),247.9531167,124.041647,-123.9114697,-0.114421604,3679.794481,0.609426515,TRUE
10,8,fullnet,Learned Polytope Approx. (FullNet),271.6558051,379.8711575,108.2153524,0.097252308,0,0,FALSE
10,8,supervised,Supervised Regression (FullNet),271.6558051,306.8562423,35.20043723,0.031634363,713.3987526,0.125976168,TRUE
10,8,cube,Inner Approx. (Cube),271.6558051,332.9909168,61.33511175,0.055121395,0,0,FALSE
10,8,power_energy,Outer Approx. (Power-Energy),271.6558051,152.7673461,-118.888459,-0.106844147,3771.097939,0.648869363,TRUE
10,9,fullnet,Learned Polytope Approx. (FullNet),281.2829288,342.5072652,61.22433639,0.048867707,272.7802377,0.031457186,TRUE
10,9,supervised,Supervised Regression (FullNet),281.2829288,283.9928843,2.709955544,0.002163018,771.2704043,0.136905428,TRUE
10,9,cube,Inner Approx. (Cube),281.2829288,388.2223779,106.9394491,0.085356346,0,0,FALSE
10,9,power_energy,Outer Approx. (Power-Energy),281.2829288,136.9865901,-144.2963387,-0.115173664,2555.154275,0.314793752,TRUE
11,0,fullnet,Learned Polytope Approx. (FullNet),213.5715257,345.7941145,132.2225888,0.106427974,0,0,FALSE
11,0,supervised,Supervised Regression (FullNet),213.5715257,255.1006536,41.52912783,0.033427427,661.9420655,0.125001728,TRUE
11,0,cube,Inner Approx. (Cube),213.5715257,426.3722382,212.8007124,0.171286531,0,0,FALSE
11,0,power_energy,Outer Approx. (Power-Energy),213.5715257,69.81707097,-143.7544548,-0.115710148,3623.376127,0.514988293,TRUE
11,1,fullnet,Learned Polytope Approx. (FullNet),219.955104,361.6267131,141.6716091,0.114183617,0,0,FALSE
11,1,supervised,Supervised Regression (FullNet),219.955104,257.9454835,37.99037957,0.030619254,661.9420655,0.125001728,TRUE
11,1,cube,Inner Approx. (Cube),219.955104,415.7371645,195.7820606,0.157795228,0,0,FALSE
11,1,power_energy,Outer Approx. (Power-Energy),219.955104,61.20800336,-158.7471006,-0.127946017,3545.438386,0.503911048,TRUE
11,2,fullnet,Learned Polytope Approx. (FullNet),263.4345202,403.0111514,139.5766312,0.116692746,0,0,FALSE
11,2,supervised,Supervised Regression (FullNet),263.4345202,265.8153303,2.380810104,0.001990471,633.8377974,0.120567698,TRUE
11,2,cube,Inner Approx. (Cube),263.4345202,373.1626291,109.7281089,0.091737953,0,0,FALSE
11,2,power_energy,Outer Approx. (Power-Energy),263.4345202,124.0325669,-139.4019533,-0.116546707,3437.466701,0.527316547,TRUE
11,3,fullnet,Learned Polytope Approx. (FullNet),248.8208749,354.7862569,105.9653821,0.092331612,0,0,FALSE
11,3,supervised,Supervised Regression (FullNet),248.8208749,262.5261494,13.70527455,0.01194192,633.8377974,0.120567698,TRUE
11,3,cube,Inner Approx. (Cube),248.8208749,358.731275,109.9104002,0.095769055,0,0,FALSE
11,3,power_energy,Outer Approx. (Power-Energy),248.8208749,131.1186911,-117.7021838,-0.102558328,3436.469725,0.502773637,TRUE
11,4,fullnet,Learned Polytope Approx. (FullNet),250.2284293,358.4273084,108.1988791,0.096477536,0,0,FALSE
11,4,supervised,Supervised Regression (FullNet),250.2284293,281.5134358,31.28500649,0.027895856,630.7138398,0.120077908,TRUE
11,4,cube,Inner Approx. (Cube),250.2284293,315.7181739,65.48974465,0.058395145,0,0,FALSE
11,4,power_energy,Outer Approx. (Power-Energy),250.2284293,124.8095882,-125.4188411,-0.111832034,3911.453859,0.665489715,TRUE
11,5,fullnet,Learned Polytope Approx. (FullNet),221.321006,320.4336695,99.11266347,0.085213867,0,0,FALSE
11,5,supervised,Supervised Regression (FullNet),221.321006,260.7270326,39.40602655,0.033880029,630.7138398,0.120077908,TRUE
11,5,cube,Inner Approx. (Cube),221.321006,338.2544167,116.9334106,0.10053557,0,0,FALSE
11,5,power_energy,Outer Approx. (Power-Energy),221.321006,93.27247619,-128.0485299,-0.110091991,3644.241609,0.531081991,TRUE
11,6,fullnet,Learned Polytope Approx. (FullNet),240.5570246,334.5199979,93.96297331,0.079795094,0,0,FALSE
11,6,supervised,Supervised Regression (FullNet),240.5570246,258.5492066,17.992182,0.015279294,630.7138398,0.120077908,TRUE
11,6,cube,Inner Approx. (Cube),240.5570246,351.4872979,110.9302732,0.094204039,0,0,FALSE
11,6,power_energy,Outer Approx. (Power-Energy),240.5570246,109.6689812,-130.8880434,-0.111152547,3300.087634,0.435009776,TRUE
11,7,fullnet,Learned Polytope Approx. (FullNet),228.070936,337.3412899,109.2703539,0.10010542,0,0,FALSE
11,7,supervised,Supervised Regression (FullNet),228.070936,267.2513597,39.18042375,0.035894208,679.5861986,0.131047223,TRUE
11,7,cube,Inner Approx. (Cube),228.070936,304.9800604,76.90912438,0.070458454,0,0,FALSE
11,7,power_energy,Outer Approx. (Power-Energy),228.070936,104.2977796,-123.7731564,-0.113391815,3911.453859,0.665489715,TRUE
11,8,fullnet,Learned Polytope Approx. (FullNet),251.0088904,367.3617068,116.3528164,0.103707676,0,0,FALSE
11,8,supervised,Supervised Regression (FullNet),251.0088904,276.5356959,25.52680557,0.022752571,663.0719352,0.127658527,TRUE
11,8,cube,Inner Approx. (Cube),251.0088904,314.0471062,63.03821581,0.056187268,0,0,FALSE
11,8,power_energy,Outer Approx. (Power-Energy),251.0088904,131.613261,-119.3956294,-0.106419798,4043.087715,0.733186728,TRUE
11,9,fullnet,Learned Polytope Approx. (FullNet),254.6935349,325.3732094,70.67967458,0.055766412,241.666988,0.027262498,TRUE
11,9,supervised,Supervised Regression (FullNet),254.6935349,265.7243704,11.0308355,0.008703352,663.0719352,0.127658527,TRUE
11,9,cube,Inner Approx. (Cube),254.6935349,365.5015457,110.8080108,0.087427754,0,0,FALSE
11,9,power_energy,Outer Approx. (Power-Energy),254.6935349,108.515889,-146.1776459,-0.115334471,2728.082739,0.317959557,TRUE
12,0,fullnet,Learned Polytope Approx. (FullNet),111.9829688,160.2850989,48.30213017,0.111802118,0,0,FALSE
12,0,supervised,Supervised Regression (FullNet),111.9829688,119.8080597,7.825090968,0.018112281,869.4938808,0.177395317,TRUE
12,0,cube,Inner Approx. (Cube),111.9829688,136.8297832,24.84681448,0.057511469,0,0,FALSE
12,0,power_energy,Outer Approx. (Power-Energy),111.9829688,50.06257157,-61.92039719,-0.143323524,3586.807579,0.597869307,TRUE
12,1,fullnet,Learned Polytope Approx. (FullNet),101.8876528,152.6657952,50.77814235,0.11892057,0,0,FALSE
12,1,supervised,Supervised Regression (FullNet),101.8876528,116.2109569,14.32330405,0.033544659,701.0875861,0.137269712,TRUE
12,1,cube,Inner Approx. (Cube),101.8876528,141.0356449,39.14799207,0.09168318,0,0,FALSE
12,1,power_energy,Outer Approx. (Power-Energy),101.8876528,39.1533307,-62.73432212,-0.146921511,3324.363707,0.564055684,TRUE
12,2,fullnet,Learned Polytope Approx. (FullNet),109.9108448,162.697437,52.78659219,0.112831755,0,0,FALSE
12,2,supervised,Supervised Regression (FullNet),109.9108448,117.8393479,7.928503056,0.016947238,701.0875861,0.137269712,TRUE
12,2,cube,Inner Approx. (Cube),109.9108448,153.232483,43.32163815,0.092600342,0,0,FALSE
12,2,power_energy,Outer Approx. (Power-Energy),109.9108448,37.34959468,-72.56125014,-0.155100242,3588.75625,0.565166145,TRUE
12,3,fullnet,Learned Polytope Approx. (FullNet),110.9186137,162.5544858,51.63587207,0.111097544,0,0,FALSE
12,3,supervised,Supervised Regression (FullNet),110.9186137,118.1887238,7.270110074,0.015642059,505.3265023,0.094555596,TRUE
12,3,cube,Inner Approx. (Cube),110.9186137,150.6234685,39.70485485,0.085427275,0,0,FALSE
12,3,power_energy,Outer Approx. (Power-Energy),110.9186137,38.21807148,-72.70054221,-0.156419392,3798.174657,0.56126198,TRUE
12,4,fullnet,Learned Polytope Approx. (FullNet),116.9972577,155.6754954,38.67823772,0.085751424,0,0,FALSE
12,4,supervised,Supervised Regression (FullNet),116.9972577,119.5894999,2.592242191,0.00574712,878.1951717,0.178942574,TRUE
12,4,cube,Inner Approx. (Cube),116.9972577,140.4318261,23.43456839,0.051955511,0,0,FALSE
12,4,power_energy,Outer Approx. (Power-Energy),116.9972577,51.67433367,-65.32292402,-0.144823914,3659.610241,0.587420481,TRUE
12,5,fullnet,Learned Polytope Approx. (FullNet),94.46936481,127.0819325,32.61256773,0.088620813,0,0,FALSE
12,5,supervised,Supervised Regression (FullNet),94.46936481,98.85638026,4.387015453,0.011921198,869.4938808,0.177395317,TRUE
12,5,cube,Inner Approx. (Cube),94.46936481,118.34953,23.88016517,0.064891537,0,0,FALSE
12,5,power_energy,Outer Approx. (Power-Energy),94.46936481,37.95860559,-56.51075922,-0.153561335,3658.064153,0.603035163,TRUE
12,6,fullnet,Learned Polytope Approx. (FullNet),116.3786473,155.6740259,39.29537868,0.086298767,0,0,FALSE
12,6,supervised,Supervised Regression (FullNet),116.3786473,116.958288,0.579640721,0.001272981,886.0369272,0.180823393,TRUE
12,6,cube,Inner Approx. (Cube),116.3786473,143.0517944,26.67314711,0.058578382,0,0,FALSE
12,6,power_energy,Outer Approx. (Power-Energy),116.3786473,47.6043345,-68.77431276,-0.151039093,3668.863269,0.577231323,TRUE
12,7,fullnet,Learned Polytope Approx. (FullNet),101.7256851,138.1939865,36.46830141,0.090022486,0,0,FALSE
12,7,supervised,Supervised Regression (FullNet),101.7256851,108.3851595,6.659474425,0.016439001,886.0369272,0.180823393,TRUE
12,7,cube,Inner Approx. (Cube),101.7256851,126.7269672,25.00128213,0.061715997,0,0,FALSE
12,7,power_energy,Outer Approx. (Power-Energy),101.7256851,43.25314215,-58.47254291,-0.144340248,3713.762811,0.584514648,TRUE
12,8,fullnet,Learned Polytope Approx. (FullNet),88.09186569,124.4053567,36.31349102,0.105917827,0,0,FALSE
12,8,supervised,Supervised Regression (FullNet),88.09186569,98.69592202,10.60405633,0.030929513,869.4938808,0.177395317,TRUE
12,8,cube,Inner Approx. (Cube),88.09186569,108.7087819,20.61691619,0.060134647,0,0,FALSE
12,8,power_energy,Outer Approx. (Power-Energy),88.09186569,42.2916884,-45.80017728,-0.133588237,3691.455854,0.703997117,TRUE
12,9,fullnet,Learned Polytope Approx. (FullNet),79.02498139,117.7176288,38.6926474,0.115988401,0,0,FALSE
12,9,supervised,Supervised Regression (FullNet),79.02498139,92.35386915,13.32888777,0.039955818,505.3265023,0.094555596,TRUE
12,9,cube,Inner Approx. (Cube),79.02498139,110.3405579,31.31557654,0.09387426,0,0,FALSE
12,9,power_energy,Outer Approx. (Power-Energy),79.02498139,32.75594411,-46.26903728,-0.138700037,3454.826584,0.575869971,TRUE
13,0,fullnet,Learned Polytope Approx. (FullNet),262.7787399,382.5040905,119.7253506,0.103732125,0,0,FALSE
13,0,supervised,Supervised Regression (FullNet),262.7787399,315.8861041,53.10736422,0.046013144,256.3914501,0.038797778,TRUE
13,0,cube,Inner Approx. (Cube),262.7787399,462.6229148,199.8441749,0.173148468,0,0,FALSE
13,0,power_energy,Outer Approx. (Power-Energy),262.7787399,95.91272278,-166.8660171,-0.144575619,3682.610237,0.534586518,TRUE
13,1,fullnet,Learned Polytope Approx. (FullNet),273.1894239,397.6147298,124.425306,0.108243959,0,0,FALSE
13,1,supervised,Supervised Regression (FullNet),273.1894239,318.2029199,45.013496,0.03915955,256.3914501,0.038797778,TRUE
13,1,cube,Inner Approx. (Cube),273.1894239,454.2506859,181.0612621,0.157514484,0,0,FALSE
13,1,power_energy,Outer Approx. (Power-Energy),273.1894239,90.44399056,-182.7454333,-0.158979631,3682.610237,0.534586518,TRUE
13,2,fullnet,Learned Polytope Approx. (FullNet),311.4269029,421.8061373,110.3792344,0.09902313,0,0,FALSE
13,2,supervised,Supervised Regression (FullNet),311.4269029,352.4238993,40.99699635,0.036779118,304.0305485,0.047095354,TRUE
13,2,cube,Inner Approx. (Cube),311.4269029,411.2611719,99.83426899,0.089563058,0,0,FALSE
13,2,power_energy,Outer Approx. (Power-Energy),311.4269029,153.1366956,-158.2902074,-0.142004897,3555.254886,0.51891156,TRUE
13,3,fullnet,Learned Polytope Approx. (FullNet),291.7050789,379.7161158,88.01103691,0.081751891,0,0,FALSE
13,3,supervised,Supervised Regression (FullNet),291.7050789,341.7985258,50.0934469,0.046530914,241.7368419,0.037122273,TRUE
13,3,cube,Inner Approx. (Cube),291.7050789,398.6636518,106.9585729,0.099351921,0,0,FALSE
13,3,power_energy,Outer Approx. (Power-Energy),291.7050789,157.7269286,-133.9781502,-0.124449927,3969.738264,0.55487041,TRUE
13,4,fullnet,Learned Polytope Approx. (FullNet),298.2353773,380.9977693,82.76239196,0.078764324,0,0,FALSE
13,4,supervised,Supervised Regression (FullNet),298.2353773,354.6603,56.42492272,0.05369916,67.93757466,0.010323448,TRUE
13,4,cube,Inner Approx. (Cube),298.2353773,355.6352142,57.39983689,0.054626978,0,0,FALSE
13,4,power_energy,Outer Approx. (Power-Energy),298.2353773,152.484219,-145.7511583,-0.138710243,4406.554209,0.728681903,TRUE
13,5,fullnet,Learned Polytope Approx. (FullNet),270.9308169,349.5671312,78.63631425,0.072271428,0,0,FALSE
13,5,supervised,Supervised Regression (FullNet),270.9308169,330.6422854,59.71146845,0.054878374,24.4688304,0.003694921,TRUE
13,5,cube,Inner Approx. (Cube),270.9308169,378.144705,107.2138881,0.09853591,0,0,FALSE
13,5,power_energy,Outer Approx. (Power-Energy),270.9308169,118.0277748,-152.9030421,-0.140526947,4287.881799,0.583005248,TRUE
13,6,fullnet,Learned Polytope Approx. (FullNet),286.6645091,360.3479338,73.68342463,0.067035135,0,0,FALSE
13,6,supervised,Supervised Regression (FullNet),286.6645091,331.3835141,44.71900502,0.04068411,67.93757466,0.010323448,TRUE
13,6,cube,Inner Approx. (Cube),286.6645091,388.4524055,101.7878964,0.092603804,0,0,FALSE
13,6,power_energy,Outer Approx. (Power-Energy),286.6645091,137.9080802,-148.7564289,-0.135334471,3558.373097,0.441824481,TRUE
13,7,fullnet,Learned Polytope Approx. (FullNet),275.7338925,364.8363995,89.10250701,0.087059456,0,0,FALSE
13,7,supervised,Supervised Regression (FullNet),275.7338925,339.1135493,63.37965681,0.061926411,2.737178863,0.000408068,TRUE
13,7,cube,Inner Approx. (Cube),275.7338925,344.8042139,69.07032138,0.067486593,0,0,FALSE
13,7,power_energy,Outer Approx. (Power-Energy),275.7338925,130.4147467,-145.3191458,-0.141987092,4406.82443,0.727413247,TRUE
13,8,fullnet,Learned Polytope Approx. (FullNet),296.8962361,392.6126642,95.71642811,0.091202638,0,0,FALSE
13,8,supervised,Supervised Regression (FullNet),296.8962361,356.141236,59.24499994,0.056451127,162.6166963,0.025107391,TRUE
13,8,cube,Inner Approx. (Cube),296.8962361,355.6457609,58.74952478,0.055979018,0,0,FALSE
13,8,power_energy,Outer Approx. (Power-Energy),296.8962361,159.9144163,-136.9818198,-0.130522039,4790.62422,0.797854656,TRUE
13,9,fullnet,Learned Polytope Approx. (FullNet),302.7333378,355.138153,52.4048152,0.044611508,241.7184924,0.029418922,TRUE
13,9,supervised,Supervised Regression (FullNet),302.7333378,323.5497384,20.81640056,0.017720719,284.3552332,0.044822263,TRUE
13,9,cube,Inner Approx. (Cube),302.7333378,400.0090091,97.27567128,0.082809459,0,0,FALSE
13,9,power_energy,Outer Approx. (Power-Energy),302.7333378,140.7291643,-162.0041735,-0.137911954,2842.122548,0.338729985,TRUE
14,0,fullnet,Learned Polytope Approx. (FullNet),211.3152457,331.0151455,119.6998997,0.113387252,0,0,FALSE
14,0,supervised,Supervised Regression (FullNet),211.3152457,227.0174387,15.70219295,0.014874102,811.3666988,0.164150407,TRUE
14,0,cube,Inner Approx. (Cube),211.3152457,401.6221358,190.3068901,0.180270622,0,0,FALSE
14,0,power_energy,Outer Approx. (Power-Energy),211.3152457,62.90453687,-148.4107088,-0.140583932,3654.324917,0.541004141,TRUE
14,1,fullnet,Learned Polytope Approx. (FullNet),217.932807,347.3832172,129.4504102,0.122754211,0,0,FALSE
14,1,supervised,Supervised Regression (FullNet),217.932807,228.6495122,10.71670525,0.010162352,606.8307302,0.117701355,TRUE
14,1,cube,Inner Approx. (Cube),217.932807,392.1096546,174.1768477,0.165167043,0,0,FALSE
14,1,power_energy,Outer Approx. (Power-Energy),217.932807,54.88524812,-163.0475588,-0.154613449,3654.324917,0.541004141,TRUE
14,2,fullnet,Learned Polytope Approx. (FullNet),257.2107752,366.4910351,109.2802599,0.105995164,0,0,FALSE
14,2,supervised,Supervised Regression (FullNet),257.2107752,241.8384627,-15.37231243,-0.014910202,875.8465041,0.181716325,TRUE
14,2,cube,Inner Approx. (Cube),257.2107752,352.1490226,94.93824745,0.09208429,0,0,FALSE
14,2,power_energy,Outer Approx. (Power-Energy),257.2107752,113.9765561,-143.2342191,-0.138928427,3360.861943,0.545348208,TRUE
14,3,fullnet,Learned Polytope Approx. (FullNet),241.6372071,329.2784595,87.64125233,0.088084075,0,0,FALSE
14,3,supervised,Supervised Regression (FullNet),241.6372071,245.9634428,4.326235686,0.004348095,845.7698078,0.174629195,TRUE
14,3,cube,Inner Approx. (Cube),241.6372071,342.4311245,100.7939173,0.101303196,0,0,FALSE
14,3,power_energy,Outer Approx. (Power-Energy),241.6372071,120.7195194,-120.9176878,-0.121528645,3569.093666,0.541759334,TRUE
14,4,fullnet,Learned Polytope Approx. (FullNet),247.1069255,335.596365,88.48943956,0.089775613,0,0,FALSE
14,4,supervised,Supervised Regression (FullNet),247.1069255,265.9830046,18.8760792,0.019150439,845.7698078,0.174629195,TRUE
14,4,cube,Inner Approx. (Cube),247.1069255,304.0047547,56.89782926,0.057724826,0,0,FALSE
14,4,power_energy,Outer Approx. (Power-Energy),247.1069255,116.2776974,-130.8292281,-0.132730801,4093.247505,0.720358201,TRUE
14,5,fullnet,Learned Polytope Approx. (FullNet),218.7071369,302.2068446,83.49970767,0.082227128,0,0,FALSE
14,5,supervised,Supervised Regression (FullNet),218.7071369,242.0475354,23.34039845,0.022984678,845.7698078,0.174629195,TRUE
14,5,cube,Inner Approx. (Cube),218.7071369,323.8532041,105.1460672,0.103543585,0,0,FALSE
14,5,power_energy,Outer Approx. (Power-Energy),218.7071369,84.07723313,-134.6299038,-0.132578073,3786.899061,0.566411393,TRUE
14,6,fullnet,Learned Polytope Approx. (FullNet),233.5074194,309.2952833,75.78786391,0.074048783,0,0,FALSE
14,6,supervised,Supervised Regression (FullNet),233.5074194,235.8824071,2.374987691,0.00232049,845.7698078,0.174629195,TRUE
14,6,cube,Inner Approx. (Cube),233.5074194,333.4194719,99.91205244,0.097619401,0,0,FALSE
14,6,power_energy,Outer Approx. (Power-Energy),233.5074194,99.43571147,-134.071708,-0.130995205,3280.327306,0.442790158,TRUE
14,7,fullnet,Learned Polytope Approx. (FullNet),227.7180125,318.7174591,90.99944651,0.094784791,0,0,FALSE
14,7,supervised,Supervised Regression (FullNet),227.7180125,254.0377122,26.31969969,0.027414532,845.7698078,0.174629195,TRUE
14,7,cube,Inner Approx. (Cube),227.7180125,293.1764017,65.45838918,0.068181291,0,0,FALSE
14,7,power_energy,Outer Approx. (Power-Energy),227.7180125,97.79880318,-129.9192094,-0.135323517,4093.247505,0.720358201,TRUE
14,8,fullnet,Learned Polytope Approx. (FullNet),247.3930719,340.8355454,93.44247352,0.094922789,0,0,FALSE
14,8,supervised,Supervised Regression (FullNet),247.3930719,264.0703095,16.67723758,0.016941438,763.9066722,0.157003286,TRUE
14,8,cube,Inner Approx. (Cube),247.3930719,302.365608,54.97253608,0.055843411,0,0,FALSE
14,8,power_energy,Outer Approx. (Power-Energy),247.3930719,124.740775,-122.6522969,-0.124595355,4111.425358,0.777876565,TRUE
14,9,fullnet,Learned Polytope Approx. (FullNet),241.2819416,294.5174109,53.23546932,0.048694411,192.5115545,0.024225087,TRUE
14,9,supervised,Supervised Regression (FullNet),241.2819416,228.8104054,-12.47153613,-0.011407697,875.1038042,0.181803355,TRUE
14,9,cube,Inner Approx. (Cube),241.2819416,342.4242522,101.1423106,0.092514734,0,0,FALSE
14,9,power_energy,Outer Approx. (Power-Energy),241.2819416,93.75404419,-147.5278974,-0.134943567,2739.281659,0.331195559,TRUE
15,0,fullnet,Learned Polytope Approx. (FullNet),262.620928,407.654758,145.0338299,0.120160467,0,0,FALSE
15,0,supervised,Supervised Regression (FullNet),262.620928,302.3534168,39.73248883,0.03291835,555.6595683,0.088617969,TRUE
15,0,cube,Inner Approx. (Cube),262.620928,456.1523437,193.5314157,0.160340697,0,0,FALSE
15,0,power_energy,Outer Approx. (Power-Energy),262.620928,90.1719071,-172.4490209,-0.142873941,3860.655782,0.533149508,TRUE
15,1,fullnet,Learned Polytope Approx. (FullNet),272.2950707,422.4574683,150.1623976,0.124432237,0,0,FALSE
15,1,supervised,Supervised Regression (FullNet),272.2950707,304.5599784,32.26490773,0.026736352,555.5518775,0.088570741,TRUE
15,1,cube,Inner Approx. (Cube),272.2950707,448.3612468,176.0661761,0.145897432,0,0,FALSE
15,1,power_energy,Outer Approx. (Power-Energy),272.2950707,83.13673138,-189.1583393,-0.156746268,3860.655782,0.533149508,TRUE
15,2,fullnet,Learned Polytope Approx. (FullNet),312.0447036,443.5238848,131.4791812,0.112324545,0,0,FALSE
15,2,supervised,Supervised Regression (FullNet),312.0447036,333.4359731,21.39126958,0.018274867,681.0904689,0.112113309,TRUE
15,2,cube,Inner Approx. (Cube),312.0447036,409.6260055,97.58130193,0.083365102,0,0,FALSE
15,2,power_energy,Outer Approx. (Power-Energy),312.0447036,149.8672267,-162.1774769,-0.138550538,3800.935277,0.526742244,TRUE
15,3,fullnet,Learned Polytope Approx. (FullNet),292.9994855,399.95359,106.9541045,0.095069189,0,0,FALSE
15,3,supervised,Supervised Regression (FullNet),292.9994855,327.4968966,34.49741116,0.030664002,517.5443644,0.082772888,TRUE
15,3,cube,Inner Approx. (Cube),292.9994855,397.1483726,104.1488872,0.092575692,0,0,FALSE
15,3,power_energy,Outer Approx. (Power-Energy),292.9994855,155.5323306,-137.4671549,-0.12219158,4296.007256,0.576337148,TRUE
15,4,fullnet,Learned Polytope Approx. (FullNet),298.1345288,398.5300932,100.3955644,0.090721336,0,0,FALSE
15,4,supervised,Supervised Regression (FullNet),298.1345288,346.8327608,48.69823194,0.044005616,374.631016,0.059471506,TRUE
15,4,cube,Inner Approx. (Cube),298.1345288,356.492557,58.35802815,0.052734584,0,0,FALSE
15,4,power_energy,Outer Approx. (Power-Energy),298.1345288,148.8215629,-149.3129659,-0.134925003,4290.086018,0.705555146,TRUE
15,5,fullnet,Learned Polytope Approx. (FullNet),269.9168817,369.2322877,99.3154061,0.086645637,0,0,FALSE
15,5,supervised,Supervised Regression (FullNet),269.9168817,323.5770675,53.66018587,0.0468147,213.0237204,0.033094246,TRUE
15,5,cube,Inner Approx. (Cube),269.9168817,377.8648043,107.9479226,0.094176894,0,0,FALSE
15,5,power_energy,Outer Approx. (Power-Energy),269.9168817,112.1781163,-157.7387654,-0.137615867,4685.623952,0.613703907,TRUE
15,6,fullnet,Learned Polytope Approx. (FullNet),285.8110776,378.6314448,92.82036721,0.080090992,0,0,FALSE
15,6,supervised,Supervised Regression (FullNet),285.8110776,321.6077171,35.79663946,0.030887492,517.5443644,0.082772888,TRUE
15,6,cube,Inner Approx. (Cube),285.8110776,387.7706062,101.9595286,0.08797681,0,0,FALSE
15,6,power_energy,Outer Approx. (Power-Energy),285.8110776,133.4778883,-152.3331893,-0.131442232,3808.693834,0.453317013,TRUE
15,7,fullnet,Learned Polytope Approx. (FullNet),276.3277401,381.3727595,105.0450194,0.097766072,0,0,FALSE
15,7,supervised,Supervised Regression (FullNet),276.3277401,329.3502581,53.02251797,0.049348397,329.7599816,0.052319314,TRUE
15,7,cube,Inner Approx. (Cube),276.3277401,346.0338614,69.7061212,0.064875933,0,0,FALSE
15,7,power_energy,Outer Approx. (Power-Energy),276.3277401,126.8168845,-149.5108556,-0.13915071,4291.799716,0.698086785,TRUE
15,8,fullnet,Learned Polytope Approx. (FullNet),297.126697,408.3874767,111.2607797,0.100766454,0,0,FALSE
15,8,supervised,Supervised Regression (FullNet),297.126697,342.6035495,45.4768525,0.04118739,539.2412188,0.088306242,TRUE
15,8,cube,Inner Approx. (Cube),297.126697,356.5461043,59.41940739,0.053814857,0,0,FALSE
15,8,power_energy,Outer Approx. (Power-Energy),297.126697,156.1126847,-141.0140122,-0.127713306,4804.751141,0.77578357,TRUE
15,9,fullnet,Learned Polytope Approx. (FullNet),301.4092225,366.2748995,64.86567694,0.052127675,120.806222,0.014717859,TRUE
15,9,supervised,Supervised Regression (FullNet),301.4092225,310.0768034,8.667580841,0.006965484,539.2412188,0.088306242,TRUE
15,9,cube,Inner Approx. (Cube),301.4092225,399.0652706,97.65604807,0.078478834,0,0,FALSE
15,9,power_energy,Outer Approx. (Power-Energy),301.4092225,137.986345,-163.4228775,-0.131330697,2785.717435,0.315589141,TRUE
16,0,fullnet,Learned Polytope Approx. (FullNet),251.4888241,376.9940048,125.5051807,0.111114614,0,0,FALSE
16,0,supervised,Supervised Regression (FullNet),251.4888241,277.5214745,26.03265036,0.023047717,700.9517991,0.121431426,TRUE
16,0,cube,Inner Approx. (Cube),251.4888241,438.5214831,187.0326589,0.165587282,0,0,FALSE
16,0,power_energy,Outer Approx. (Power-Energy),251.4888241,69.96215075,-181.5266734,-0.160712619,4016.188172,0.555344094,TRUE
16,1,fullnet,Learned Polytope Approx. (FullNet),261.0488261,392.5961151,131.547289,0.116531894,0,0,FALSE
16,1,supervised,Supervised Regression (FullNet),261.0488261,279.6729848,18.62415872,0.016498314,568.4322365,0.096536079,TRUE
16,1,cube,Inner Approx. (Cube),261.0488261,430.5581919,169.5093658,0.15016081,0,0,FALSE
16,1,power_energy,Outer Approx. (Power-Energy),261.0488261,62.18931385,-198.8595122,-0.1761608,4016.188172,0.555344094,TRUE
16,2,fullnet,Learned Polytope Approx. (FullNet),297.9772081,409.3489095,111.3717014,0.101440163,0,0,FALSE
16,2,supervised,Supervised Regression (FullNet),297.9772081,303.4467633,5.469555228,0.004981809,753.1245177,0.132121322,TRUE
16,2,cube,Inner Approx. (Cube),297.9772081,394.7783325,96.80112445,0.088168912,0,0,FALSE
16,2,power_energy,Outer Approx. (Power-Energy),297.9772081,125.43721,-172.5399981,-0.157153794,3784.708761,0.550436796,TRUE
16,3,fullnet,Learned Polytope Approx. (FullNet),279.7550559,370.2418087,90.48675282,0.085611696,0,0,FALSE
16,3,supervised,Supervised Regression (FullNet),279.7550559,303.372572,23.61751614,0.022345101,659.3113371,0.113707623,TRUE
16,3,cube,Inner Approx. (Cube),279.7550559,384.2630137,104.5079578,0.098877496,0,0,FALSE
16,3,power_energy,Outer Approx. (Power-Energy),279.7550559,133.0150132,-146.7400427,-0.138834289,4272.686012,0.599724774,TRUE
16,4,fullnet,Learned Polytope Approx. (FullNet),286.2472749,370.8639796,84.61670469,0.081269961,0,0,FALSE
16,4,supervised,Supervised Regression (FullNet),286.2472749,322.8201016,36.57282673,0.035126305,479.6403373,0.081889129,TRUE
16,4,cube,Inner Approx. (Cube),286.2472749,345.3949896,59.14771474,0.056808315,0,0,FALSE
16,4,power_energy,Outer Approx. (Power-Energy),286.2472749,126.3171646,-159.9301103,-0.153604585,4692.772829,0.769994453,TRUE
16,5,fullnet,Learned Polytope Approx. (FullNet),258.4364997,340.900953,82.46445331,0.076642157,0,0,FALSE
16,5,supervised,Supervised Regression (FullNet),258.4364997,299.0416377,40.605138,0.037738265,343.6475884,0.057381361,TRUE
16,5,cube,Inner Approx. (Cube),258.4364997,366.0335788,107.5970791,0.100000327,0,0,FALSE
16,5,power_energy,Outer Approx. (Power-Energy),258.4364997,90.97728578,-167.4592139,-0.155635973,4515.732306,0.616716654,TRUE
16,6,fullnet,Learned Polytope Approx. (FullNet),272.78647,348.3249953,75.5385253,0.069518395,0,0,FALSE
16,6,supervised,Supervised Regression (FullNet),272.78647,296.2099838,23.42351384,0.02155675,692.179016,0.120132382,TRUE
16,6,cube,Inner Approx. (Cube),272.78647,374.6054485,101.8189786,0.093704398,0,0,FALSE
16,6,power_energy,Outer Approx. (Power-Energy),272.78647,109.4627716,-163.3236984,-0.150307428,3802.798159,0.467555342,TRUE
16,7,fullnet,Learned Polytope Approx. (FullNet),265.2771139,354.6986316,89.42151772,0.088267271,0,0,FALSE
16,7,supervised,Supervised Regression (FullNet),265.2771139,306.2040633,40.92694938,0.040398667,610.9887178,0.106694012,TRUE
16,7,cube,Inner Approx. (Cube),265.2771139,332.0667584,66.78964448,0.065927528,0,0,FALSE
16,7,power_energy,Outer Approx. (Power-Energy),265.2771139,106.411208,-158.8659059,-0.156815276,4692.772829,0.769994453,TRUE
16,8,fullnet,Learned Polytope Approx. (FullNet),285.0779251,378.6075118,93.52958676,0.089933525,0,0,FALSE
16,8,supervised,Supervised Regression (FullNet),285.0779251,316.0366937,30.95876862,0.029768454,648.470733,0.113985226,TRUE
16,8,cube,Inner Approx. (Cube),285.0779251,342.0449825,56.96705744,0.054776766,0,0,FALSE
16,8,power_energy,Outer Approx. (Power-Energy),285.0779251,135.03226,-150.0456651,-0.144276651,4824.033571,0.829698657,TRUE
16,9,fullnet,Learned Polytope Approx. (FullNet),284.7216081,332.9130936,48.19148553,0.041330732,243.6771948,0.03058851,TRUE
16,9,supervised,Supervised Regression (FullNet),284.7216081,282.9874056,-1.73420247,-0.001487314,648.470733,0.113985226,TRUE
16,9,cube,Inner Approx. (Cube),284.7216081,381.2085632,96.48695508,0.082750644,0,0,FALSE
16,9,power_energy,Outer Approx. (Power-Energy),284.7216081,105.5159649,-179.2056433,-0.153693133,3114.683371,0.363462288,TRUE
17,0,fullnet,Learned Polytope Approx. (FullNet),264.6728564,403.5578982,138.8850418,0.121370822,0,0,FALSE
17,0,supervised,Supervised Regression (FullNet),264.6728564,290.1949531,25.52209673,0.02230361,676.5095819,0.111465613,TRUE
17,0,cube,Inner Approx. (Cube),264.6728564,460.2691557,195.5962993,0.170930457,0,0,FALSE
17,0,power_energy,Outer Approx. (Power-Energy),264.6728564,85.54314632,-179.1297101,-0.156540402,3875.386122,0.524258855,TRUE
17,1,fullnet,Learned Polytope Approx. (FullNet),274.1572249,416.6444953,142.4872703,0.124508343,0,0,FALSE
17,1,supervised,Supervised Regression (FullNet),274.1572249,292.8340076,18.67678266,0.016320161,624.227776,0.101933539,TRUE
17,1,cube,Inner Approx. (Cube),274.1572249,453.9226899,179.765465,0.157082805,0,0,FALSE
17,1,power_energy,Outer Approx. (Power-Energy),274.1572249,78.22918674,-195.9280382,-0.171205998,3875.386122,0.524258855,TRUE
17,2,fullnet,Learned Polytope Approx. (FullNet),315.1534444,435.4202973,120.2668529,0.107931765,0,0,FALSE
17,2,supervised,Supervised Regression (FullNet),315.1534444,320.6186159,5.465171496,0.00490464,777.2142259,0.131036457,TRUE
17,2,cube,Inner Approx. (Cube),315.1534444,413.7396407,98.58619631,0.08847477,0,0,FALSE
17,2,power_energy,Outer Approx. (Power-Energy),315.1534444,144.7837869,-170.3696576,-0.152895809,3763.414216,0.53545545,TRUE
17,3,fullnet,Learned Polytope Approx. (FullNet),296.525181,394.6750658,98.14988482,0.091669555,0,0,FALSE
17,3,supervised,Supervised Regression (FullNet),296.525181,319.5344247,23.00924372,0.021490062,666.8790657,0.110271116,TRUE
17,3,cube,Inner Approx. (Cube),296.525181,400.4238265,103.8986454,0.097038755,0,0,FALSE
17,3,power_energy,Outer Approx. (Power-Energy),296.525181,151.1266963,-145.3984847,-0.135798574,4147.916772,0.573428776,TRUE
17,4,fullnet,Learned Polytope Approx. (FullNet),303.2011334,396.3183654,93.11723198,0.087959625,0,0,FALSE
17,4,supervised,Supervised Regression (FullNet),303.2011334,340.149494,36.94836056,0.034901853,666.8790657,0.110271116,TRUE
17,4,cube,Inner Approx. (Cube),303.2011334,362.1170258,58.91589236,0.05565264,0,0,FALSE
17,4,power_energy,Outer Approx. (Power-Energy),303.2011334,145.2555548,-157.9455786,-0.149197239,4809.437458,0.780145886,TRUE
17,5,fullnet,Learned Polytope Approx. (FullNet),276.4777385,368.4700424,91.99230383,0.084061549,0,0,FALSE
17,5,supervised,Supervised Regression (FullNet),276.4777385,319.2489177,42.77117917,0.03908383,302.2917244,0.047932251,TRUE
17,5,cube,Inner Approx. (Cube),276.4777385,382.7734008,106.2956623,0.0971318,0,0,FALSE
17,5,power_energy,Outer Approx. (Power-Energy),276.4777385,110.3466658,-166.1310727,-0.151808736,4499.875283,0.607332522,TRUE
17,6,fullnet,Learned Polytope Approx. (FullNet),290.6306532,376.2574065,85.62675327,0.077485402,0,0,FALSE
17,6,supervised,Supervised Regression (FullNet),290.6306532,314.0756167,23.44496349,0.021215828,666.8790657,0.110271116,TRUE
17,6,cube,Inner Approx. (Cube),290.6306532,390.6268733,99.99622009,0.090488627,0,0,FALSE
17,6,power_energy,Outer Approx. (Power-Energy),290.6306532,130.0015252,-160.629128,-0.145356587,3729.202495,0.456513028,TRUE
17,7,fullnet,Learned Polytope Approx. (FullNet),281.2227477,376.1662638,94.94351606,0.092330805,0,0,FALSE
17,7,supervised,Supervised Regression (FullNet),281.2227477,322.7263224,41.50357473,0.040361455,528.8820168,0.086916011,TRUE
17,7,cube,Inner Approx. (Cube),281.2227477,350.4723485,69.24960085,0.06734395,0,0,FALSE
17,7,power_energy,Outer Approx. (Power-Energy),281.2227477,123.7272452,-157.4955025,-0.153161449,4809.437458,0.780145886,TRUE
17,8,fullnet,Learned Polytope Approx. (FullNet),301.3820244,401.5616247,100.1796003,0.09491284,0,0,FALSE
17,8,supervised,Supervised Regression (FullNet),301.3820244,333.4065998,32.02457533,0.030340941,644.7848358,0.108151517,TRUE
17,8,cube,Inner Approx. (Cube),301.3820244,361.9816463,60.59962189,0.057413707,0,0,FALSE
17,8,power_energy,Outer Approx. (Power-Energy),301.3820244,153.3063276,-148.0756968,-0.140290886,5038.791364,0.837845301,TRUE
17,9,fullnet,Learned Polytope Approx. (FullNet),305.0400922,363.195815,58.15572281,0.049021924,68.62874723,0.008805701,TRUE
17,9,supervised,Supervised Regression (FullNet),305.0400922,301.6776707,-3.362421577,-0.002834328,644.7848358,0.108151517,TRUE
17,9,cube,Inner Approx. (Cube),305.0400922,398.2288391,93.1887469,0.078552745,0,0,FALSE
17,9,power_energy,Outer Approx. (Power-Energy),305.0400922,129.9535443,-175.086548,-0.147587874,3086.059686,0.359366454,TRUE
18,0,fullnet,Learned Polytope Approx. (FullNet),304.907332,451.031848,146.124516,0.117851837,0,0,FALSE
18,0,supervised,Supervised Regression (FullNet),304.907332,345.6590718,40.75173974,0.032866952,442.6456636,0.06384845,TRUE
18,0,cube,Inner Approx. (Cube),304.907332,504.712448,199.805116,0.161146128,0,0,FALSE
18,0,power_energy,Outer Approx. (Power-Energy),304.907332,125.9910864,-178.9162457,-0.144298909,3668.201638,0.49146378,TRUE
18,1,fullnet,Learned Polytope Approx. (FullNet),316.9082521,464.839155,147.9309029,0.119635213,0,0,FALSE
18,1,supervised,Supervised Regression (FullNet),316.9082521,347.6765078,30.76825565,0.024883015,442.6456636,0.06384845,TRUE
18,1,cube,Inner Approx. (Cube),316.9082521,500.8520377,183.9437856,0.148759682,0,0,FALSE
18,1,power_energy,Outer Approx. (Power-Energy),316.9082521,122.5994031,-194.3088491,-0.157142153,3668.201638,0.49146378,TRUE
18,2,fullnet,Learned Polytope Approx. (FullNet),355.4349467,488.8699369,133.4349902,0.111956433,0,0,FALSE
18,2,supervised,Supervised Regression (FullNet),355.4349467,370.5598675,15.12492079,0.012690316,691.3702,0.104301652,TRUE
18,2,cube,Inner Approx. (Cube),355.4349467,454.6317709,99.19682426,0.083229463,0,0,FALSE
18,2,power_energy,Outer Approx. (Power-Energy),355.4349467,190.1108706,-165.3240761,-0.138712446,3917.406872,0.512951353,TRUE
18,3,fullnet,Learned Polytope Approx. (FullNet),333.504148,444.1589985,110.6548505,0.096554377,0,0,FALSE
18,3,supervised,Supervised Regression (FullNet),333.504148,364.2750059,30.77085792,0.026849804,469.3334568,0.068385175,TRUE
18,3,cube,Inner Approx. (Cube),333.504148,436.1375322,102.6333842,0.089555066,0,0,FALSE
18,3,power_energy,Outer Approx. (Power-Energy),333.504148,192.989323,-140.5148251,-0.122609368,4050.106337,0.513077208,TRUE
18,4,fullnet,Learned Polytope Approx. (FullNet),338.4111211,441.2121843,102.8010632,0.091952093,0,0,FALSE
18,4,supervised,Supervised Regression (FullNet),338.4111211,380.366337,41.95521592,0.037527529,541.5861148,0.079847542,TRUE
18,4,cube,Inner Approx. (Cube),338.4111211,397.8959637,59.48484259,0.053207191,0,0,FALSE
18,4,power_energy,Outer Approx. (Power-Energy),338.4111211,186.344668,-152.0664531,-0.136018327,4718.581744,0.73927182,TRUE
18,5,fullnet,Learned Polytope Approx. (FullNet),311.9916451,413.7794467,101.7878016,0.087759234,0,0,FALSE
18,5,supervised,Supervised Regression (FullNet),311.9916451,360.8095677,48.81792259,0.042089754,218.1158227,0.031039733,TRUE
18,5,cube,Inner Approx. (Cube),311.9916451,419.7509159,107.7592708,0.092907705,0,0,FALSE
18,5,power_energy,Outer Approx. (Power-Energy),311.9916451,149.5690929,-162.4225522,-0.1400372,4507.418103,0.557190162,TRUE
18,6,fullnet,Learned Polytope Approx. (FullNet),328.7866425,426.4303663,97.64372382,0.083231163,0,0,FALSE
18,6,supervised,Supervised Regression (FullNet),328.7866425,359.4592732,30.67263067,0.026145241,541.5861148,0.079847542,TRUE
18,6,cube,Inner Approx. (Cube),328.7866425,429.4176726,100.6310301,0.085777532,0,0,FALSE
18,6,power_energy,Outer Approx. (Power-Energy),328.7866425,174.7531686,-154.0334738,-0.131297586,3638.222559,0.445449998,TRUE
18,7,fullnet,Learned Polytope Approx. (FullNet),313.4839651,419.8496688,106.3657037,0.097745879,0,0,FALSE
18,7,supervised,Supervised Regression (FullNet),313.4839651,361.4393222,47.95535706,0.044069079,366.0683269,0.053378383,TRUE
18,7,cube,Inner Approx. (Cube),313.4839651,390.630121,77.14615588,0.070894269,0,0,FALSE
18,7,power_energy,Outer Approx. (Power-Energy),313.4839651,160.7194523,-152.7645129,-0.140384552,4725.474153,0.713386362,TRUE
18,8,fullnet,Learned Polytope Approx. (FullNet),336.3405448,450.2209617,113.8804169,0.101882938,0,0,FALSE
18,8,supervised,Supervised Regression (FullNet),336.3405448,375.2171477,38.87660289,0.034780892,550.7591601,0.082619737,TRUE
18,8,cube,Inner Approx. (Cube),336.3405448,403.7605576,67.42001282,0.06031721,0,0,FALSE
18,8,power_energy,Outer Approx. (Power-Energy),336.3405448,193.3060383,-143.0345065,-0.127965599,5090.047017,0.784323853,TRUE
18,9,fullnet,Learned Polytope Approx. (FullNet),349.3450806,424.1789936,74.83391303,0.059482113,0,0,FALSE
18,9,supervised,Supervised Regression (FullNet),349.3450806,349.7949967,0.44991612,0.000357618,550.7591601,0.082619737,TRUE
18,9,cube,Inner Approx. (Cube),349.3450806,447.2459293,97.90084869,0.077816983,0,0,FALSE
18,9,power_energy,Outer Approx. (Power-Energy),349.3450806,183.7910296,-165.5540509,-0.131591471,2955.899651,0.323143146,TRUE
19,0,fullnet,Learned Polytope Approx. (FullNet),294.3567494,440.1112265,145.7544771,0.119445981,0,0,FALSE
19,0,supervised,Supervised Regression (FullNet),294.3567494,341.8976133,47.54086386,0.038959799,176.8459856,0.025157959,TRUE
19,0,cube,Inner Approx. (Cube),294.3567494,488.3367728,193.9800234,0.158966878,0,0,FALSE
19,0,power_energy,Outer Approx. (Power-Energy),294.3567494,107.0526508,-187.3040986,-0.153495949,3873.415014,0.524440777,TRUE
19,1,fullnet,Learned Polytope Approx. (FullNet),305.9572257,453.5801622,147.6229365,0.121176782,0,0,FALSE
19,1,supervised,Supervised Regression (FullNet),305.9572257,343.3710126,37.41378688,0.030711232,176.8459856,0.025157959,TRUE
19,1,cube,Inner Approx. (Cube),305.9572257,482.9688134,177.0115877,0.145300554,0,0,FALSE
19,1,power_energy,Outer Approx. (Power-Energy),305.9572257,102.4143885,-203.5428372,-0.167078819,3873.415014,0.524440777,TRUE
19,2,fullnet,Learned Polytope Approx. (FullNet),341.2011936,472.7564395,131.555246,0.111809853,0,0,FALSE
19,2,supervised,Supervised Regression (FullNet),341.2011936,371.5641563,30.3629628,0.025805724,517.3462571,0.079179986,TRUE
19,2,cube,Inner Approx. (Cube),341.2011936,437.6015842,96.40039067,0.081931461,0,0,FALSE
19,2,power_energy,Outer Approx. (Power-Energy),341.2011936,168.9035994,-172.2975942,-0.1464371,4174.82002,0.549260297,TRUE
19,3,fullnet,Learned Polytope Approx. (FullNet),320.6510076,430.7260467,110.0750391,0.097376422,0,0,FALSE
19,3,supervised,Supervised Regression (FullNet),320.6510076,362.1684713,41.51746375,0.036727873,268.222492,0.039396027,TRUE
19,3,cube,Inner Approx. (Cube),320.6510076,421.6252422,100.9742346,0.089325516,0,0,FALSE
19,3,power_energy,Outer Approx. (Power-Energy),320.6510076,173.6595049,-146.9915027,-0.130034081,4292.53248,0.547378013,TRUE
19,4,fullnet,Learned Polytope Approx. (FullNet),324.8824285,426.2006767,101.3182483,0.091668433,0,0,FALSE
19,4,supervised,Supervised Regression (FullNet),324.8824285,375.3359701,50.45354167,0.045648214,305.503476,0.045144151,TRUE
19,4,cube,Inner Approx. (Cube),324.8824285,381.128546,56.24611757,0.05088909,0,0,FALSE
19,4,power_energy,Outer Approx. (Power-Energy),324.8824285,164.75145,-160.1309784,-0.144879684,5308.721564,0.792670182,TRUE
19,5,fullnet,Learned Polytope Approx. (FullNet),298.7859736,399.5922213,100.8062477,0.087969207,0,0,FALSE
19,5,supervised,Supervised Regression (FullNet),298.7859736,355.3880955,56.60212184,0.049394198,100.4389683,0.014566059,TRUE
19,5,cube,Inner Approx. (Cube),298.7859736,401.3193229,102.5333493,0.089476373,0,0,FALSE
19,5,power_energy,Outer Approx. (Power-Energy),298.7859736,128.5874028,-170.1985709,-0.148524855,4730.551872,0.58953671,TRUE
19,6,fullnet,Learned Polytope Approx. (FullNet),313.71616,410.112744,96.39658394,0.083165469,0,0,FALSE
19,6,supervised,Supervised Regression (FullNet),313.71616,352.7540528,39.03789279,0.033679665,268.222492,0.039396027,TRUE
19,6,cube,Inner Approx. (Cube),313.71616,410.2964055,96.58024543,0.083323922,0,0,FALSE
19,6,power_energy,Outer Approx. (Power-Energy),313.71616,152.5442277,-161.1719323,-0.139049941,3845.510482,0.462616705,TRUE
19,7,fullnet,Learned Polytope Approx. (FullNet),301.9951934,407.1835499,105.1883565,0.097826229,0,0,FALSE
19,7,supervised,Supervised Regression (FullNet),301.9951934,358.618974,56.62378061,0.052660685,68.70560652,0.009952988,TRUE
19,7,cube,Inner Approx. (Cube),301.9951934,373.4246592,71.4294658,0.066430121,0,0,FALSE
19,7,power_energy,Outer Approx. (Power-Energy),301.9951934,140.6150095,-161.3801839,-0.150085193,5308.721564,0.792670182,TRUE
19,8,fullnet,Learned Polytope Approx. (FullNet),323.1779624,436.5378389,113.3598765,0.102602578,0,0,FALSE
19,8,supervised,Supervised Regression (FullNet),323.1779624,375.9716298,52.79366744,0.047783806,296.7810469,0.044687614,TRUE
19,8,cube,Inner Approx. (Cube),323.1779624,386.0000615,62.82209912,0.056860589,0,0,FALSE
19,8,power_energy,Outer Approx. (Power-Energy),323.1779624,173.8504483,-149.3275141,-0.135157063,5322.920291,0.820671802,TRUE
19,9,fullnet,Learned Polytope Approx. (FullNet),328.9233396,402.082033,73.15869343,0.058749485,0,0,FALSE
19,9,supervised,Supervised Regression (FullNet),328.9233396,340.3397217,11.41638214,0.009167832,371.9693525,0.056572725,TRUE
19,9,cube,Inner Approx. (Cube),328.9233396,422.2179313,93.29459167,0.074919452,0,0,FALSE
19,9,power_energy,Outer Approx. (Power-Energy),328.9233396,157.7118089,-171.2115307,-0.137490008,3053.664176,0.331304742,TRUE
20,0,fullnet,Learned Polytope Approx. (FullNet),149.7126503,203.319262,53.60661167,0.109259314,0,0,FALSE
20,0,supervised,Supervised Regression (FullNet),149.7126503,165.7345563,16.02190602,0.032655346,348.7442456,0.050682512,TRUE
20,0,cube,Inner Approx. (Cube),149.7126503,177.6020477,27.88939739,0.056843295,0,0,FALSE
20,0,power_energy,Outer Approx. (Power-Energy),149.7126503,84.79267871,-64.91997162,-0.13231785,3779.999401,0.561873706,TRUE
20,1,fullnet,Learned Polytope Approx. (FullNet),139.0091487,194.5350031,55.52585437,0.11390112,0,0,FALSE
20,1,supervised,Supervised Regression (FullNet),139.0091487,162.5201589,23.51101021,0.048228531,327.2316343,0.04740542,TRUE
20,1,cube,Inner Approx. (Cube),139.0091487,183.2326736,44.22352487,0.090716461,0,0,FALSE
20,1,power_energy,Outer Approx. (Power-Energy),139.0091487,69.97674773,-69.032401,-0.141607326,3841.755994,0.523094618,TRUE
20,2,fullnet,Learned Polytope Approx. (FullNet),150.36806,208.1832695,57.81520955,0.108160927,0,0,FALSE
20,2,supervised,Supervised Regression (FullNet),150.36806,168.5962356,18.22817563,0.034101344,327.2316343,0.04740542,TRUE
20,2,cube,Inner Approx. (Cube),150.36806,196.8225707,46.45451073,0.086907286,0,0,FALSE
20,2,power_energy,Outer Approx. (Power-Energy),150.36806,73.75068284,-76.61737716,-0.143336098,3720.453679,0.506578059,TRUE
20,3,fullnet,Learned Polytope Approx. (FullNet),151.7417925,210.7542809,59.01248839,0.111302363,0,0,FALSE
20,3,supervised,Supervised Regression (FullNet),151.7417925,170.1650313,18.42323874,0.03474773,327.2316343,0.04740542,TRUE
20,3,cube,Inner Approx. (Cube),151.7417925,194.8652813,43.12348875,0.081334414,0,0,FALSE
20,3,power_energy,Outer Approx. (Power-Energy),151.7417925,76.21256016,-75.52923234,-0.142454288,3712.414586,0.505577133,TRUE
20,4,fullnet,Learned Polytope Approx. (FullNet),157.3554475,207.8983082,50.54286068,0.098880852,0,0,FALSE
20,4,supervised,Supervised Regression (FullNet),157.3554475,171.3512165,13.99576897,0.02738099,348.7442456,0.050682512,TRUE
20,4,cube,Inner Approx. (Cube),157.3554475,182.0566735,24.70122602,0.048324892,0,0,FALSE
20,4,power_energy,Outer Approx. (Power-Energy),157.3554475,91.24173964,-66.11370786,-0.129343287,3980.371517,0.539374042,TRUE
20,5,fullnet,Learned Polytope Approx. (FullNet),127.2761547,170.2911807,43.01502604,0.102930485,0,0,FALSE
20,5,supervised,Supervised Regression (FullNet),127.2761547,140.3897831,13.11362837,0.031379549,348.7442456,0.050682512,TRUE
20,5,cube,Inner Approx. (Cube),127.2761547,154.2994345,27.02327985,0.064663899,0,0,FALSE
20,5,power_energy,Outer Approx. (Power-Energy),127.2761547,69.85571714,-57.42043755,-0.137401138,4021.496341,0.578568818,TRUE
20,6,fullnet,Learned Polytope Approx. (FullNet),157.156556,209.9848256,52.8282696,0.102211419,0,0,FALSE
20,6,supervised,Supervised Regression (FullNet),157.156556,169.3422328,12.18567679,0.023576682,348.7442456,0.050682512,TRUE
20,6,cube,Inner Approx. (Cube),157.156556,185.5595756,28.40301961,0.054953777,0,0,FALSE
20,6,power_energy,Outer Approx. (Power-Energy),157.156556,87.37212935,-69.78442665,-0.135017961,3980.371517,0.539374042,TRUE
20,7,fullnet,Learned Polytope Approx. (FullNet),137.006435,185.4570232,48.45058823,0.105459351,0,0,FALSE
20,7,supervised,Supervised Regression (FullNet),137.006435,154.8392547,17.83281978,0.038815578,347.5772842,0.050777171,TRUE
20,7,cube,Inner Approx. (Cube),137.006435,163.917929,26.91149408,0.058576558,0,0,FALSE
20,7,power_energy,Outer Approx. (Power-Energy),137.006435,76.7564285,-60.25000646,-0.131142403,3902.612997,0.559331951,TRUE
20,8,fullnet,Learned Polytope Approx. (FullNet),117.3936546,159.1191542,41.72549957,0.107167023,0,0,FALSE
20,8,supervised,Supervised Regression (FullNet),117.3936546,135.3888849,17.99523024,0.046218626,348.7442456,0.050682512,TRUE
20,8,cube,Inner Approx. (Cube),117.3936546,140.377395,22.9837404,0.059031026,0,0,FALSE
20,8,power_energy,Outer Approx. (Power-Energy),117.3936546,69.57892818,-47.81472646,-0.122806484,4071.813355,0.637303152,TRUE
20,9,fullnet,Learned Polytope Approx. (FullNet),107.1155351,150.6992004,43.58366527,0.11438508,0,0,FALSE
20,9,supervised,Supervised Regression (FullNet),107.1155351,129.6302354,22.51470027,0.059089702,31.56867293,0.004384558,TRUE
20,9,cube,Inner Approx. (Cube),107.1155351,142.9426484,35.82711329,0.094028053,0,0,FALSE
20,9,power_energy,Outer Approx. (Power-Energy),107.1155351,56.72711597,-50.38841917,-0.132244117,3636.698673,0.545890931,TRUE
21,0,fullnet,Learned Polytope Approx. (FullNet),138.7891635,195.6179076,56.82874407,0.125258359,0,0,FALSE
21,0,supervised,Supervised Regression (FullNet),138.7891635,153.8905623,15.10139884,0.033285558,443.4067632,0.070288919,TRUE
21,0,cube,Inner Approx. (Cube),138.7891635,164.3908839,25.60172045,0.056429709,0,0,FALSE
21,0,power_energy,Outer Approx. (Power-Energy),138.7891635,71.43204377,-67.35711973,-0.148464345,3867.318727,0.572008629,TRUE
21,1,fullnet,Learned Polytope Approx. (FullNet),128.9516537,188.6199635,59.66830976,0.132958007,0,0,FALSE
21,1,supervised,Supervised Regression (FullNet),128.9516537,150.1458513,21.19419753,0.047226715,234.8065637,0.035710011,TRUE
21,1,cube,Inner Approx. (Cube),128.9516537,169.5383414,40.58668768,0.090438712,0,0,FALSE
21,1,power_energy,Outer Approx. (Power-Energy),128.9516537,58.16089309,-70.79076064,-0.157741998,3874.884151,0.573127618,TRUE
21,2,fullnet,Learned Polytope Approx. (FullNet),138.4381721,199.6187184,61.18054631,0.124397335,0,0,FALSE
21,2,supervised,Supervised Regression (FullNet),138.4381721,153.8308035,15.39263145,0.031297568,443.4067632,0.070288919,TRUE
21,2,cube,Inner Approx. (Cube),138.4381721,180.9773243,42.53915219,0.086494114,0,0,FALSE
21,2,power_energy,Outer Approx. (Power-Energy),138.4381721,59.82421713,-78.61395497,-0.159844379,3477.455025,0.514467496,TRUE
21,3,fullnet,Learned Polytope Approx. (FullNet),139.434966,201.2681419,61.83317595,0.126572052,0,0,FALSE
21,3,supervised,Supervised Regression (FullNet),139.434966,155.7385311,16.30356512,0.033373277,234.8065637,0.035710011,TRUE
21,3,cube,Inner Approx. (Cube),139.434966,179.2483343,39.81336834,0.081497669,0,0,FALSE
21,3,power_energy,Outer Approx. (Power-Energy),139.434966,61.47035054,-77.96461543,-0.159592989,3852.861025,0.57013728,TRUE
21,4,fullnet,Learned Polytope Approx. (FullNet),145.1297742,192.833511,47.70373681,0.100615986,0,0,FALSE
21,4,supervised,Supervised Regression (FullNet),145.1297742,158.0131483,12.88337416,0.027173414,405.9432468,0.064535002,TRUE
21,4,cube,Inner Approx. (Cube),145.1297742,168.6665547,23.53678053,0.049643415,0,0,FALSE
21,4,power_energy,Outer Approx. (Power-Energy),145.1297742,75.93692312,-69.19285104,-0.145940495,3768.875131,0.541358599,TRUE
21,5,fullnet,Learned Polytope Approx. (FullNet),117.4517438,157.5574648,40.10572099,0.103621266,0,0,FALSE
21,5,supervised,Supervised Regression (FullNet),117.4517438,129.8036613,12.35191746,0.031913684,450.9149423,0.072175463,TRUE
21,5,cube,Inner Approx. (Cube),117.4517438,143.1154359,25.66369212,0.066307355,0,0,FALSE
21,5,power_energy,Outer Approx. (Power-Energy),117.4517438,57.55003449,-59.90170933,-0.154768218,4108.120522,0.60146586,TRUE
21,6,fullnet,Learned Polytope Approx. (FullNet),144.6685063,193.7685401,49.10003382,0.10252377,0,0,FALSE
21,6,supervised,Supervised Regression (FullNet),144.6685063,155.2121853,10.54367907,0.022015824,450.9149423,0.072175463,TRUE
21,6,cube,Inner Approx. (Cube),144.6685063,171.4547136,26.78620731,0.055931183,0,0,FALSE
21,6,power_energy,Outer Approx. (Power-Energy),144.6685063,71.99582614,-72.67268011,-0.151744847,3723.584285,0.534853054,TRUE
21,7,fullnet,Learned Polytope Approx. (FullNet),126.5728386,172.5489638,45.97612516,0.107952394,0,0,FALSE
21,7,supervised,Supervised Regression (FullNet),126.5728386,141.4509406,14.87810201,0.03493393,458.1756183,0.073502403,TRUE
21,7,cube,Inner Approx. (Cube),126.5728386,151.7603385,25.1874999,0.059140497,0,0,FALSE
21,7,power_energy,Outer Approx. (Power-Energy),126.5728386,63.83953493,-62.73330368,-0.147298414,4041.254576,0.569146946,TRUE
21,8,fullnet,Learned Polytope Approx. (FullNet),109.1285705,152.0328791,42.90430858,0.119094502,0,0,FALSE
21,8,supervised,Supervised Regression (FullNet),109.1285705,126.2498615,17.121291,0.047525568,358.8213652,0.056020254,TRUE
21,8,cube,Inner Approx. (Cube),109.1285705,130.4386033,21.31003284,0.059152748,0,0,FALSE
21,8,power_energy,Outer Approx. (Power-Energy),109.1285705,59.18323014,-49.94534034,-0.138639116,4030.627503,0.700042398,TRUE
21,9,fullnet,Learned Polytope Approx. (FullNet),99.59908479,146.0710271,46.47194231,0.132454368,0,0,FALSE
21,9,supervised,Supervised Regression (FullNet),99.59908479,120.5014029,20.9023181,0.059575804,234.8065637,0.035710011,TRUE
21,9,cube,Inner Approx. (Cube),99.59908479,132.5867189,32.98763409,0.094021382,0,0,FALSE
21,9,power_energy,Outer Approx. (Power-Energy),99.59908479,47.6753514,-51.9237334,-0.147993068,3787.776134,0.628732494,TRUE
22,0,fullnet,Learned Polytope Approx. (FullNet),140.3855156,195.6072412,55.22172567,0.117518975,0,0,FALSE
22,0,supervised,Supervised Regression (FullNet),140.3855156,153.4691208,13.08360524,0.027843604,493.5605856,0.076996985,TRUE
22,0,cube,Inner Approx. (Cube),140.3855156,167.5812727,27.19575717,0.057876089,0,0,FALSE
22,0,power_energy,Outer Approx. (Power-Energy),140.3855156,69.9371787,-70.44833687,-0.149923173,4105.422076,0.59869216,TRUE
22,1,fullnet,Learned Polytope Approx. (FullNet),130.2052407,187.5832958,57.37805512,0.123178386,0,0,FALSE
22,1,supervised,Supervised Regression (FullNet),130.2052407,150.1660109,19.96077022,0.042851495,493.5605856,0.076996985,TRUE
22,1,cube,Inner Approx. (Cube),130.2052407,173.285821,43.08058035,0.092484772,0,0,FALSE
22,1,power_energy,Outer Approx. (Power-Energy),130.2052407,56.57581858,-73.62942208,-0.158066587,4118.60117,0.600614062,TRUE
22,2,fullnet,Learned Polytope Approx. (FullNet),140.7837338,199.9032968,59.11956301,0.115668084,0,0,FALSE
22,2,supervised,Supervised Regression (FullNet),140.7837338,154.1914817,13.40774785,0.026232408,493.5605856,0.076996985,TRUE
22,2,cube,Inner Approx. (Cube),140.7837338,186.0196237,45.23588986,0.088504523,0,0,FALSE
22,2,power_energy,Outer Approx. (Power-Energy),140.7837338,58.00009666,-82.78363715,-0.161967108,3683.687392,0.537304365,TRUE
22,3,fullnet,Learned Polytope Approx. (FullNet),141.7158359,201.8313858,60.11554987,0.118537382,0,0,FALSE
22,3,supervised,Supervised Regression (FullNet),141.7158359,156.03575,14.31991412,0.028236374,493.5605856,0.076996985,TRUE
22,3,cube,Inner Approx. (Cube),141.7158359,183.7362921,42.02045613,0.082857012,0,0,FALSE
22,3,power_energy,Outer Approx. (Power-Energy),141.7158359,59.86251503,-81.85332089,-0.161400476,4034.523456,0.588601966,TRUE
22,4,fullnet,Learned Polytope Approx. (FullNet),146.9527591,196.6443916,49.69163248,0.101400986,0,0,FALSE
22,4,supervised,Supervised Regression (FullNet),146.9527591,158.0287325,11.0759734,0.022601685,513.4739563,0.08130165,TRUE
22,4,cube,Inner Approx. (Cube),146.9527591,171.4277916,24.47503249,0.04994387,0,0,FALSE
22,4,power_energy,Outer Approx. (Power-Energy),146.9527591,74.49684246,-72.45591666,-0.147853895,3832.075495,0.545622775,TRUE
22,5,fullnet,Learned Polytope Approx. (FullNet),118.8066518,160.9497706,42.14311874,0.105332609,0,0,FALSE
22,5,supervised,Supervised Regression (FullNet),118.8066518,130.0799376,11.27328575,0.028176477,522.2106685,0.081916933,TRUE
22,5,cube,Inner Approx. (Cube),118.8066518,145.2291699,26.42251812,0.066040503,0,0,FALSE
22,5,power_energy,Outer Approx. (Power-Energy),118.8066518,56.33903079,-62.46762103,-0.156131717,4124.159146,0.590505051,TRUE
22,6,fullnet,Learned Polytope Approx. (FullNet),146.6649798,197.4117055,50.7467257,0.102471152,0,0,FALSE
22,6,supervised,Supervised Regression (FullNet),146.6649798,156.2692037,9.604223956,0.019393486,542.0374587,0.086252511,TRUE
22,6,cube,Inner Approx. (Cube),146.6649798,174.7102016,28.04522184,0.056630771,0,0,FALSE
22,6,power_energy,Outer Approx. (Power-Energy),146.6649798,70.40709477,-76.25788499,-0.153984975,3791.497744,0.539845189,TRUE
22,7,fullnet,Learned Polytope Approx. (FullNet),128.2083129,174.8418638,46.63355087,0.105936717,0,0,FALSE
22,7,supervised,Supervised Regression (FullNet),128.2083129,142.5790193,14.37070637,0.032645712,542.0374587,0.086252511,TRUE
22,7,cube,Inner Approx. (Cube),128.2083129,154.768561,26.56024811,0.060336505,0,0,FALSE
22,7,power_energy,Outer Approx. (Power-Energy),128.2083129,62.45063466,-65.75767824,-0.149380701,4238.194373,0.586173252,TRUE
22,8,fullnet,Learned Polytope Approx. (FullNet),110.1106779,152.4442393,42.33356135,0.113671229,0,0,FALSE
22,8,supervised,Supervised Regression (FullNet),110.1106779,126.2471808,16.13650286,0.043328651,493.5605856,0.076996985,TRUE
22,8,cube,Inner Approx. (Cube),110.1106779,132.576543,22.46586502,0.060323828,0,0,FALSE
22,8,power_energy,Outer Approx. (Power-Energy),110.1106779,58.09174917,-52.01892876,-0.139677726,4198.155599,0.724404491,TRUE
22,9,fullnet,Learned Polytope Approx. (FullNet),100.4037629,145.1319347,44.7281718,0.122990593,0,0,FALSE
22,9,supervised,Supervised Regression (FullNet),100.4037629,119.9838753,19.58011243,0.053840109,233.0796085,0.03500713,TRUE
22,9,cube,Inner Approx. (Cube),100.4037629,135.1853366,34.78157367,0.09564009,0,0,FALSE
22,9,power_energy,Outer Approx. (Power-Energy),100.4037629,46.46266185,-53.94110107,-0.148323701,4036.01347,0.656830623,TRUE
23,0,fullnet,Learned Polytope Approx. (FullNet),133.0404009,186.9848361,53.94443514,0.11649634,0,0,FALSE
23,0,supervised,Supervised Regression (FullNet),133.0404009,142.8696921,9.829291183,0.021226961,708.3185884,0.121145351,TRUE
23,0,cube,Inner Approx. (Cube),133.0404009,160.1781226,27.13772168,0.058605586,0,0,FALSE
23,0,power_energy,Outer Approx. (Power-Energy),133.0404009,74.02357776,-59.01682319,-0.127450475,3643.708736,0.541761839,TRUE
23,1,fullnet,Learned Polytope Approx. (FullNet),122.5247104,177.8372644,55.31255397,0.120398379,0,0,FALSE
23,1,supervised,Supervised Regression (FullNet),122.5247104,139.4896088,16.96489843,0.036927354,480.9215213,0.078674536,TRUE
23,1,cube,Inner Approx. (Cube),122.5247104,165.6849336,43.16022315,0.093946501,0,0,FALSE
23,1,power_energy,Outer Approx. (Power-Energy),122.5247104,60.57825259,-61.94645783,-0.134838343,3646.348633,0.54215435,TRUE
23,2,fullnet,Learned Polytope Approx. (FullNet),132.5827005,189.7965912,57.21389077,0.113720559,0,0,FALSE
23,2,supervised,Supervised Regression (FullNet),132.5827005,144.5495706,11.96687016,0.023785818,708.3185884,0.121145351,TRUE
23,2,cube,Inner Approx. (Cube),132.5827005,178.5354654,45.95276497,0.091337507,0,0,FALSE
23,2,power_energy,Outer Approx. (Power-Energy),132.5827005,62.8644362,-69.71826425,-0.138574739,3277.121183,0.487355517,TRUE
23,3,fullnet,Learned Polytope Approx. (FullNet),133.5589252,192.0159755,58.45705028,0.117071702,0,0,FALSE
23,3,supervised,Supervised Regression (FullNet),133.5589252,144.5002826,10.94135739,0.021912213,480.9215213,0.078674536,TRUE
23,3,cube,Inner Approx. (Cube),133.5589252,176.4478095,42.88888427,0.085893398,0,0,FALSE
23,3,power_energy,Outer Approx. (Power-Energy),133.5589252,64.57478049,-68.98414473,-0.138154273,3639.990995,0.541430031,TRUE
23,4,fullnet,Learned Polytope Approx. (FullNet),139.6105875,188.0735801,48.46299264,0.100412058,0,0,FALSE
23,4,supervised,Supervised Regression (FullNet),139.6105875,143.6958555,4.085267953,0.0084644,682.8052282,0.117086378,TRUE
23,4,cube,Inner Approx. (Cube),139.6105875,163.3152,23.70461247,0.049114361,0,0,FALSE
23,4,power_energy,Outer Approx. (Power-Energy),139.6105875,79.01012778,-60.60045973,-0.125560073,3493.330886,0.507221284,TRUE
23,5,fullnet,Learned Polytope Approx. (FullNet),112.7899202,154.0861969,41.29627667,0.10472447,0,0,FALSE
23,5,supervised,Supervised Regression (FullNet),112.7899202,118.6165906,5.826670423,0.014776029,708.3185884,0.121145351,TRUE
23,5,cube,Inner Approx. (Cube),112.7899202,138.4436037,25.65368347,0.065055948,0,0,FALSE
23,5,power_energy,Outer Approx. (Power-Energy),112.7899202,59.86799916,-52.92192102,-0.134206292,3771.069667,0.550558243,TRUE
23,6,fullnet,Learned Polytope Approx. (FullNet),139.2935506,189.3555821,50.06203149,0.102668222,0,0,FALSE
23,6,supervised,Supervised Regression (FullNet),139.2935506,141.8073802,2.51382965,0.005155412,708.3185884,0.121145351,TRUE
23,6,cube,Inner Approx. (Cube),139.2935506,166.6874202,27.39386964,0.056179899,0,0,FALSE
23,6,power_energy,Outer Approx. (Power-Energy),139.2935506,75.10386812,-64.18968247,-0.131641493,3447.195874,0.500522617,TRUE
23,7,fullnet,Learned Polytope Approx. (FullNet),121.4906436,167.2073782,45.71673456,0.105371231,0,0,FALSE
23,7,supervised,Supervised Regression (FullNet),121.4906436,129.7819725,8.291328842,0.019110453,682.8052282,0.117086378,TRUE
23,7,cube,Inner Approx. (Cube),121.4906436,147.3957184,25.90507476,0.059707887,0,0,FALSE
23,7,power_energy,Outer Approx. (Power-Energy),121.4906436,66.503464,-54.98717964,-0.126738422,3785.345629,0.542639869,TRUE
23,8,fullnet,Learned Polytope Approx. (FullNet),104.4835661,145.3643016,40.88073548,0.111129951,0,0,FALSE
23,8,supervised,Supervised Regression (FullNet),104.4835661,116.3668584,11.88329227,0.032303472,708.3185884,0.121145351,TRUE
23,8,cube,Inner Approx. (Cube),104.4835661,126.3096609,21.82609472,0.059331928,0,0,FALSE
23,8,power_energy,Outer Approx. (Power-Energy),104.4835661,61.14436561,-43.33920053,-0.117813028,3635.705144,0.628789442,TRUE
23,9,fullnet,Learned Polytope Approx. (FullNet),94.6845953,137.5374015,42.85280618,0.119240203,0,0,FALSE
23,9,supervised,Supervised Regression (FullNet),94.6845953,110.6716462,15.98705089,0.044484816,480.9215213,0.078674536,TRUE
23,9,cube,Inner Approx. (Cube),94.6845953,128.9166837,34.2320884,0.095252599,0,0,FALSE
23,9,power_energy,Outer Approx. (Power-Energy),94.6845953,49.46526384,-45.21933146,-0.125825185,3509.31465,0.58005342,TRUE
24,0,fullnet,Learned Polytope Approx. (FullNet),142.8207042,196.6734589,53.85275471,0.118832695,0,0,FALSE
24,0,supervised,Supervised Regression (FullNet),142.8207042,152.3199377,9.499233453,0.020961221,535.3097769,0.084316442,TRUE
24,0,cube,Inner Approx. (Cube),142.8207042,169.2101232,26.389419,0.058231483,0,0,FALSE
24,0,power_energy,Outer Approx. (Power-Energy),142.8207042,78.35234148,-64.46836273,-0.142257333,3706.930653,0.568960102,TRUE
24,1,fullnet,Learned Polytope Approx. (FullNet),132.7636506,188.622099,55.85844849,0.124477955,0,0,FALSE
24,1,supervised,Supervised Regression (FullNet),132.7636506,148.4942612,15.7306107,0.035054935,426.9880578,0.066382948,TRUE
24,1,cube,Inner Approx. (Cube),132.7636506,174.945764,42.18211348,0.094000879,0,0,FALSE
24,1,power_energy,Outer Approx. (Power-Energy),132.7636506,64.33811968,-68.42553087,-0.152483114,3750.426754,0.536139552,TRUE
24,2,fullnet,Learned Polytope Approx. (FullNet),142.9772672,201.4735201,58.49625291,0.118942413,0,0,FALSE
24,2,supervised,Supervised Regression (FullNet),142.9772672,153.5211794,10.5439122,0.021439294,426.9880578,0.066382948,TRUE
24,2,cube,Inner Approx. (Cube),142.9772672,187.2579091,44.28064191,0.090037329,0,0,FALSE
24,2,power_energy,Outer Approx. (Power-Energy),142.9772672,67.27944662,-75.69782054,-0.153918943,3509.804654,0.501741593,TRUE
24,3,fullnet,Learned Polytope Approx. (FullNet),144.0810283,203.0548564,58.97382812,0.120782595,0,0,FALSE
24,3,supervised,Supervised Regression (FullNet),144.0810283,154.841916,10.76088772,0.022039063,426.9880578,0.066382948,TRUE
24,3,cube,Inner Approx. (Cube),144.0810283,185.4810923,41.40006408,0.084790276,0,0,FALSE
24,3,power_energy,Outer Approx. (Power-Energy),144.0810283,69.2691138,-74.81191445,-0.153220122,3683.021716,0.526605588,TRUE
24,4,fullnet,Learned Polytope Approx. (FullNet),149.6432551,196.5059528,46.86269763,0.099117142,0,0,FALSE
24,4,supervised,Supervised Regression (FullNet),149.6432551,156.4529925,6.809737429,0.014402963,610.8371369,0.097866966,TRUE
24,4,cube,Inner Approx. (Cube),149.6432551,173.3345536,23.69129846,0.050108379,0,0,FALSE
24,4,power_energy,Outer Approx. (Power-Energy),149.6432551,83.8782286,-65.76502652,-0.139096591,3879.443578,0.5499421,TRUE
24,5,fullnet,Learned Polytope Approx. (FullNet),121.038432,161.0163405,39.97790848,0.103608761,0,0,FALSE
24,5,supervised,Supervised Regression (FullNet),121.038432,128.5385801,7.500148064,0.019437761,535.3097769,0.084316442,TRUE
24,5,cube,Inner Approx. (Cube),121.038432,147.0772594,26.03882733,0.067483536,0,0,FALSE
24,5,power_energy,Outer Approx. (Power-Energy),121.038432,63.87399961,-57.16443242,-0.148150221,3901.927753,0.593839491,TRUE
24,6,fullnet,Learned Polytope Approx. (FullNet),149.2498142,197.645705,48.39589078,0.10132695,0,0,FALSE
24,6,supervised,Supervised Regression (FullNet),149.2498142,154.5590378,5.309223579,0.011115973,535.3097769,0.084316442,TRUE
24,6,cube,Inner Approx. (Cube),149.2498142,176.5473613,27.29754705,0.057153141,0,0,FALSE
24,6,power_energy,Outer Approx. (Power-Energy),149.2498142,79.96901301,-69.28080123,-0.145053891,3879.443578,0.5499421,TRUE
24,7,fullnet,Learned Polytope Approx. (FullNet),130.4261081,175.1670765,44.74096847,0.105361046,0,0,FALSE
24,7,supervised,Supervised Regression (FullNet),130.4261081,141.0292324,10.60312435,0.024969425,552.7669618,0.087709598,TRUE
24,7,cube,Inner Approx. (Cube),130.4261081,156.2812409,25.85513284,0.060886564,0,0,FALSE
24,7,power_energy,Outer Approx. (Power-Energy),130.4261081,70.60915391,-59.81695415,-0.140863667,3853.138622,0.574728486,TRUE
24,8,fullnet,Learned Polytope Approx. (FullNet),112.243505,152.902353,40.65884794,0.113141428,0,0,FALSE
24,8,supervised,Supervised Regression (FullNet),112.243505,124.5673904,12.3238854,0.034293692,535.3097769,0.084316442,TRUE
24,8,cube,Inner Approx. (Cube),112.243505,133.913301,21.669796,0.060300569,0,0,FALSE
24,8,power_energy,Outer Approx. (Power-Energy),112.243505,64.64070738,-47.60279765,-0.132464366,4091.417026,0.676730542,TRUE
24,9,fullnet,Learned Polytope Approx. (FullNet),102.5085553,145.9246639,43.41610859,0.123895631,0,0,FALSE
24,9,supervised,Supervised Regression (FullNet),102.5085553,118.3044692,15.7959139,0.045076466,217.5332738,0.032350009,TRUE
24,9,cube,Inner Approx. (Cube),102.5085553,136.7432787,34.23472338,0.097694907,0,0,FALSE
24,9,power_energy,Outer Approx. (Power-Energy),102.5085553,52.47252677,-50.03602854,-0.142786757,3560.570269,0.563634593,TRUE
25,0,fullnet,Learned Polytope Approx. (FullNet),121.7176741,183.7325261,62.014852,0.125332702,0,0,FALSE
25,0,supervised,Supervised Regression (FullNet),121.7176741,127.8655924,6.147918318,0.012425011,751.4669956,0.140508032,TRUE
25,0,cube,Inner Approx. (Cube),121.7176741,150.1511263,28.43345223,0.057464322,0,0,FALSE
25,0,power_energy,Outer Approx. (Power-Energy),121.7176741,62.14146837,-59.57620572,-0.120404171,3831.513855,0.579258512,TRUE
25,1,fullnet,Learned Polytope Approx. (FullNet),110.38075,173.5112612,63.1305112,0.128690428,0,0,FALSE
25,1,supervised,Supervised Regression (FullNet),110.38075,123.5454797,13.16472968,0.026836068,504.1289994,0.090052847,TRUE
25,1,cube,Inner Approx. (Cube),110.38075,154.8078256,44.42707559,0.090563806,0,0,FALSE
25,1,power_energy,Outer Approx. (Power-Energy),110.38075,49.58220198,-60.79854803,-0.123936762,3405.532577,0.522697515,TRUE
25,2,fullnet,Learned Polytope Approx. (FullNet),119.4257291,185.7667032,66.34097405,0.123060117,0,0,FALSE
25,2,supervised,Supervised Regression (FullNet),119.4257291,129.8513715,10.42564238,0.019339191,751.4669956,0.140508032,TRUE
25,2,cube,Inner Approx. (Cube),119.4257291,168.7119821,49.28625298,0.091424223,0,0,FALSE
25,2,power_energy,Outer Approx. (Power-Energy),119.4257291,49.04755645,-70.37817269,-0.130548975,3615.284841,0.539938923,TRUE
25,3,fullnet,Learned Polytope Approx. (FullNet),120.6977313,188.3464509,67.6487196,0.126484453,0,0,FALSE
25,3,supervised,Supervised Regression (FullNet),120.6977313,128.6261774,7.928446068,0.014824008,504.1289994,0.090052847,TRUE
25,3,cube,Inner Approx. (Cube),120.6977313,165.7136546,45.01592326,0.084167364,0,0,FALSE
25,3,power_energy,Outer Approx. (Power-Energy),120.6977313,50.40582827,-70.29190307,-0.131426477,3941.853302,0.536496237,TRUE
25,4,fullnet,Learned Polytope Approx. (FullNet),128.2947471,186.6255385,58.33079144,0.11296633,0,0,FALSE
25,4,supervised,Supervised Regression (FullNet),128.2947471,127.0146378,-1.280109275,-0.002479124,749.006256,0.140059852,TRUE
25,4,cube,Inner Approx. (Cube),128.2947471,153.9181527,25.62340569,0.04962357,0,0,FALSE
25,4,power_energy,Outer Approx. (Power-Energy),128.2947471,66.01031507,-62.28443198,-0.120623148,3604.704033,0.539202928,TRUE
25,5,fullnet,Learned Polytope Approx. (FullNet),103.722494,152.7101328,48.98763882,0.116203266,0,0,FALSE
25,5,supervised,Supervised Regression (FullNet),103.722494,104.1516832,0.429189212,0.001018077,751.4669956,0.140508032,TRUE
25,5,cube,Inner Approx. (Cube),103.722494,129.3958815,25.67338755,0.060899679,0,0,FALSE
25,5,power_energy,Outer Approx. (Power-Energy),103.722494,49.62314665,-54.09934731,-0.128328717,3621.659411,0.544965436,TRUE
25,6,fullnet,Learned Polytope Approx. (FullNet),127.7665506,188.7505884,60.9840378,0.116762022,0,0,FALSE
25,6,supervised,Supervised Regression (FullNet),127.7665506,125.0656086,-2.70094197,-0.005171311,749.006256,0.140059852,TRUE
25,6,cube,Inner Approx. (Cube),127.7665506,157.3989788,29.63242814,0.056735211,0,0,FALSE
25,6,power_energy,Outer Approx. (Power-Energy),127.7665506,62.00053548,-65.76601513,-0.125917751,3618.052758,0.541199672,TRUE
25,7,fullnet,Learned Polytope Approx. (FullNet),111.1998553,166.4313686,55.23151335,0.119164883,0,0,FALSE
25,7,supervised,Supervised Regression (FullNet),111.1998553,114.2455018,3.04564653,0.006571142,753.8397301,0.142863893,TRUE
25,7,cube,Inner Approx. (Cube),111.1998553,138.9407856,27.74093031,0.05985251,0,0,FALSE
25,7,power_energy,Outer Approx. (Power-Energy),111.1998553,55.13235928,-56.06749598,-0.120968559,3866.828696,0.55719587,TRUE
25,8,fullnet,Learned Polytope Approx. (FullNet),95.7483792,143.1868552,47.43847603,0.121178945,0,0,FALSE
25,8,supervised,Supervised Regression (FullNet),95.7483792,103.014801,7.26642185,0.01856167,751.4669956,0.140508032,TRUE
25,8,cube,Inner Approx. (Cube),95.7483792,118.1750988,22.42671964,0.057287806,0,0,FALSE
25,8,power_energy,Outer Approx. (Power-Energy),95.7483792,51.78740862,-43.96097057,-0.112295851,4091.479691,0.669727894,TRUE
25,9,fullnet,Learned Polytope Approx. (FullNet),85.56681219,134.127043,48.56023085,0.126974045,0,0,FALSE
25,9,supervised,Supervised Regression (FullNet),85.56681219,97.67653013,12.10971795,0.03166418,504.1289994,0.090052847,TRUE
25,9,cube,Inner Approx. (Cube),85.56681219,120.3552184,34.78840619,0.090963832,0,0,FALSE
25,9,power_energy,Outer Approx. (Power-Energy),85.56681219,40.76550458,-44.8013076,-0.117145309,3571.412917,0.539935756,TRUE
26,0,fullnet,Learned Polytope Approx. (FullNet),132.2373561,188.0218742,55.78451815,0.1198048,0,0,FALSE
26,0,supervised,Supervised Regression (FullNet),132.2373561,147.8096622,15.57230615,0.033443634,444.2993691,0.071936028,TRUE
26,0,cube,Inner Approx. (Cube),132.2373561,158.9117083,26.67435224,0.05728678,0,0,FALSE
26,0,power_energy,Outer Approx. (Power-Energy),132.2373561,68.36716646,-63.87018959,-0.137169873,3884.216033,0.587146941,TRUE
26,1,fullnet,Learned Polytope Approx. (FullNet),121.7781667,179.079326,57.30115936,0.124212605,0,0,FALSE
26,1,supervised,Supervised Regression (FullNet),121.7781667,144.3979698,22.61980309,0.049033295,144.0183274,0.022207715,TRUE
26,1,cube,Inner Approx. (Cube),121.7781667,164.194352,42.41618526,0.091946217,0,0,FALSE
26,1,power_energy,Outer Approx. (Power-Energy),121.7781667,55.3190422,-66.45912449,-0.144064467,3906.927556,0.590580066,TRUE
26,2,fullnet,Learned Polytope Approx. (FullNet),131.5009227,191.0020609,59.50113824,0.117640141,0,0,FALSE
26,2,supervised,Supervised Regression (FullNet),131.5009227,148.0819505,16.58102782,0.032782473,444.2993691,0.071936028,TRUE
26,2,cube,Inner Approx. (Cube),131.5009227,177.0811191,45.58019648,0.090116944,0,0,FALSE
26,2,power_energy,Outer Approx. (Power-Energy),131.5009227,56.32939041,-75.17153225,-0.148622193,3512.115414,0.531012187,TRUE
26,3,fullnet,Learned Polytope Approx. (FullNet),132.4042524,192.9699083,60.56565592,0.120666211,0,0,FALSE
26,3,supervised,Supervised Regression (FullNet),132.4042524,149.3885347,16.98428228,0.033838137,144.0183274,0.022207715,TRUE
26,3,cube,Inner Approx. (Cube),132.4042524,174.4266336,42.02238125,0.08372206,0,0,FALSE
26,3,power_energy,Outer Approx. (Power-Energy),132.4042524,57.8716713,-74.53258108,-0.148492805,3884.42538,0.565880717,TRUE
26,4,fullnet,Learned Polytope Approx. (FullNet),138.7142487,187.1335952,48.41934649,0.099621316,0,0,FALSE
26,4,supervised,Supervised Regression (FullNet),138.7142487,152.4534518,13.73920311,0.028267988,427.0842019,0.069786136,TRUE
26,4,cube,Inner Approx. (Cube),138.7142487,162.7931089,24.07886018,0.049541514,0,0,FALSE
26,4,power_energy,Outer Approx. (Power-Energy),138.7142487,72.79838544,-65.91586325,-0.135619861,3558.755823,0.523060688,TRUE
26,5,fullnet,Learned Polytope Approx. (FullNet),112.1236881,153.1526746,41.02898653,0.103367126,0,0,FALSE
26,5,supervised,Supervised Regression (FullNet),112.1236881,125.1955394,13.07185126,0.032932807,444.5530357,0.072054857,TRUE
26,5,cube,Inner Approx. (Cube),112.1236881,137.9257216,25.80203345,0.065004824,0,0,FALSE
26,5,power_energy,Outer Approx. (Power-Energy),112.1236881,54.95836645,-57.16532165,-0.144020496,3755.755337,0.554527459,TRUE
26,6,fullnet,Learned Polytope Approx. (FullNet),138.4658256,188.192641,49.72681538,0.10126047,0,0,FALSE
26,6,supervised,Supervised Regression (FullNet),138.4658256,150.0825149,11.61668926,0.023655474,466.4282616,0.076773207,TRUE
26,6,cube,Inner Approx. (Cube),138.4658256,165.7831681,27.31734248,0.055627269,0,0,FALSE
26,6,power_energy,Outer Approx. (Power-Energy),138.4658256,68.86992607,-69.59589954,-0.141720587,3573.781893,0.525269198,TRUE
26,7,fullnet,Learned Polytope Approx. (FullNet),120.7992282,166.6839244,45.88469623,0.105115429,0,0,FALSE
26,7,supervised,Supervised Regression (FullNet),120.7992282,137.0366538,16.23742558,0.037197674,466.4282616,0.076773207,TRUE
26,7,cube,Inner Approx. (Cube),120.7992282,146.7620976,25.9628694,0.059477307,0,0,FALSE
26,7,power_energy,Outer Approx. (Power-Energy),120.7992282,61.02599338,-59.77323483,-0.136932131,3985.365284,0.56683168,TRUE
26,8,fullnet,Learned Polytope Approx. (FullNet),103.8184022,146.0004917,42.18208948,0.114196979,0,0,FALSE
26,8,supervised,Supervised Regression (FullNet),103.8184022,121.6353165,17.8169143,0.048234637,444.5530357,0.072054857,TRUE
26,8,cube,Inner Approx. (Cube),103.8184022,125.7703684,21.95196618,0.059429209,0,0,FALSE
26,8,power_energy,Outer Approx. (Power-Energy),103.8184022,56.71165174,-47.10675049,-0.127529211,4048.343935,0.719127675,TRUE
26,9,fullnet,Learned Polytope Approx. (FullNet),94.02836357,138.3280209,44.29965735,0.122927535,0,0,FALSE
26,9,supervised,Supervised Regression (FullNet),94.02836357,114.739003,20.71063939,0.057470148,0,0,FALSE
26,9,cube,Inner Approx. (Cube),94.02836357,128.2049219,34.17655829,0.094836853,0,0,FALSE
26,9,power_energy,Outer Approx. (Power-Energy),94.02836357,45.31520962,-48.71315395,-0.135174589,3867.511384,0.604767205,TRUE
27,0,fullnet,Learned Polytope Approx. (FullNet),116.2008132,170.78129,54.5804768,0.116539594,0,0,FALSE
27,0,supervised,Supervised Regression (FullNet),116.2008132,122.2522887,6.051475533,0.01292104,563.355442,0.105606297,TRUE
27,0,cube,Inner Approx. (Cube),116.2008132,144.4405874,28.23977426,0.060297235,0,0,FALSE
27,0,power_energy,Outer Approx. (Power-Energy),116.2008132,59.39164667,-56.80916651,-0.121298267,3696.089135,0.582801575,TRUE
27,1,fullnet,Learned Polytope Approx. (FullNet),105.479664,160.300069,54.82040498,0.118089418,0,0,FALSE
27,1,supervised,Supervised Regression (FullNet),105.479664,117.2261334,11.74646941,0.025303238,508.2588558,0.094067757,TRUE
27,1,cube,Inner Approx. (Cube),105.479664,149.4744552,43.99479124,0.094769808,0,0,FALSE
27,1,power_energy,Outer Approx. (Power-Energy),105.479664,47.42331886,-58.05634512,-0.125060002,3399.943002,0.544863945,TRUE
27,2,fullnet,Learned Polytope Approx. (FullNet),114.4044817,171.6216202,57.21713847,0.112323212,0,0,FALSE
27,2,supervised,Supervised Regression (FullNet),114.4044817,122.7514217,8.346940014,0.016385914,563.355442,0.105606297,TRUE
27,2,cube,Inner Approx. (Cube),114.4044817,162.923348,48.51886631,0.095247597,0,0,FALSE
27,2,power_energy,Outer Approx. (Power-Energy),114.4044817,46.94483527,-67.45964642,-0.132430324,3537.047738,0.557213902,TRUE
27,3,fullnet,Learned Polytope Approx. (FullNet),115.5152863,173.777707,58.26242067,0.115268444,0,0,FALSE
27,3,supervised,Supervised Regression (FullNet),115.5152863,121.5817259,6.066439609,0.01200206,563.355442,0.105606297,TRUE
27,3,cube,Inner Approx. (Cube),115.5152863,159.539467,44.02418074,0.087099004,0,0,FALSE
27,3,power_energy,Outer Approx. (Power-Energy),115.5152863,48.1343206,-67.38096569,-0.133308898,3890.043578,0.551604448,TRUE
27,4,fullnet,Learned Polytope Approx. (FullNet),121.9258083,171.461459,49.53565069,0.101441906,0,0,FALSE
27,4,supervised,Supervised Regression (FullNet),121.9258083,121.7112176,-0.214590658,-0.000439451,744.7752842,0.145033563,TRUE
27,4,cube,Inner Approx. (Cube),121.9258083,147.5453415,25.61953323,0.052465128,0,0,FALSE
27,4,power_energy,Outer Approx. (Power-Energy),121.9258083,62.57911903,-59.34668925,-0.121533505,3501.345449,0.545840777,TRUE
27,5,fullnet,Learned Polytope Approx. (FullNet),98.33278208,140.0936274,41.76084535,0.10477509,0,0,FALSE
27,5,supervised,Supervised Regression (FullNet),98.33278208,99.88300547,1.550223385,0.003889404,744.7752842,0.145033563,TRUE
27,5,cube,Inner Approx. (Cube),98.33278208,123.7297153,25.39693322,0.063719159,0,0,FALSE
27,5,power_energy,Outer Approx. (Power-Energy),98.33278208,46.6783082,-51.65447388,-0.129597523,3510.87332,0.550849981,TRUE
27,6,fullnet,Learned Polytope Approx. (FullNet),121.3563134,172.0183017,50.66198831,0.102668319,0,0,FALSE
27,6,supervised,Supervised Regression (FullNet),121.3563134,119.5418779,-1.814435542,-0.003677018,744.7752842,0.145033563,TRUE
27,6,cube,Inner Approx. (Cube),121.3563134,150.7109413,29.35462789,0.059488196,0,0,FALSE
27,6,power_energy,Outer Approx. (Power-Energy),121.3563134,58.60444196,-62.75187148,-0.127168897,3507.501602,0.546800488,TRUE
27,7,fullnet,Learned Polytope Approx. (FullNet),105.8682561,151.7327583,45.86450219,0.104576832,0,0,FALSE
27,7,supervised,Supervised Regression (FullNet),105.8682561,110.3447006,4.476444416,0.010206856,744.7752842,0.145033563,TRUE
27,7,cube,Inner Approx. (Cube),105.8682561,133.4050503,27.53679416,0.062787353,0,0,FALSE
27,7,power_energy,Outer Approx. (Power-Energy),105.8682561,52.37971213,-53.48854401,-0.121960606,3825.051506,0.573326696,TRUE
27,8,fullnet,Learned Polytope Approx. (FullNet),91.30669986,132.2956463,40.98894649,0.110471975,0,0,FALSE
27,8,supervised,Supervised Regression (FullNet),91.30669986,99.34833396,8.041634104,0.021673531,738.7273638,0.14366428,TRUE
27,8,cube,Inner Approx. (Cube),91.30669986,113.8725552,22.56585532,0.060818704,0,0,FALSE
27,8,power_energy,Outer Approx. (Power-Energy),91.30669986,49.53275266,-41.7739472,-0.112587681,3808.902797,0.671026634,TRUE
27,9,fullnet,Learned Polytope Approx. (FullNet),81.74679295,123.8578272,42.11103421,0.116250568,0,0,FALSE
27,9,supervised,Supervised Regression (FullNet),81.74679295,92.93122608,11.18443313,0.03087544,508.2588558,0.094067757,TRUE
27,9,cube,Inner Approx. (Cube),81.74679295,116.2570588,34.51026583,0.095268095,0,0,FALSE
27,9,power_energy,Outer Approx. (Power-Energy),81.74679295,39.09835889,-42.64843407,-0.117734099,3518.865876,0.554856904,TRUE
28,0,fullnet,Learned Polytope Approx. (FullNet),142.2576135,199.9800387,57.72242522,0.120364736,0,0,FALSE
28,0,supervised,Supervised Regression (FullNet),142.2576135,159.5775245,17.31991095,0.036116059,296.1032469,0.044397375,TRUE
28,0,cube,Inner Approx. (Cube),142.2576135,170.2882372,28.03062367,0.058450396,0,0,FALSE
28,0,power_energy,Outer Approx. (Power-Energy),142.2576135,79.69004848,-62.56756504,-0.130467984,3713.922018,0.565050452,TRUE
28,1,fullnet,Learned Polytope Approx. (FullNet),132.0106367,191.5523337,59.541697,0.124924071,0,0,FALSE
28,1,supervised,Supervised Regression (FullNet),132.0106367,156.1852732,24.17463654,0.050720657,296.1032469,0.044397375,TRUE
28,1,cube,Inner Approx. (Cube),132.0106367,176.003297,43.99266032,0.092300732,0,0,FALSE
28,1,power_energy,Outer Approx. (Power-Energy),132.0106367,65.52172679,-66.48890989,-0.139499976,3762.895451,0.530800472,TRUE
28,2,fullnet,Learned Polytope Approx. (FullNet),142.7575557,204.7838112,62.02625557,0.118757917,0,0,FALSE
28,2,supervised,Supervised Regression (FullNet),142.7575557,161.0467949,18.28923921,0.035017299,296.1032469,0.044397375,TRUE
28,2,cube,Inner Approx. (Cube),142.7575557,188.6993444,45.94178873,0.087961962,0,0,FALSE
28,2,power_energy,Outer Approx. (Power-Energy),142.7575557,68.74002599,-74.01752967,-0.141716884,3553.764172,0.501300056,TRUE
28,3,fullnet,Learned Polytope Approx. (FullNet),143.9137584,207.2290027,63.31524429,0.122219455,0,0,FALSE
28,3,supervised,Supervised Regression (FullNet),143.9137584,162.8144136,18.90065523,0.036484544,296.1032469,0.044397375,TRUE
28,3,cube,Inner Approx. (Cube),143.9137584,186.3767126,42.46295415,0.081967608,0,0,FALSE
28,3,power_energy,Outer Approx. (Power-Energy),143.9137584,70.94972855,-72.96402985,-0.140844817,3666.602197,0.51732179,TRUE
28,4,fullnet,Learned Polytope Approx. (FullNet),149.0007934,203.5430456,54.54225222,0.109242571,0,0,FALSE
28,4,supervised,Supervised Regression (FullNet),149.0007934,165.2328322,16.23203884,0.032511119,330.6586168,0.049933476,TRUE
28,4,cube,Inner Approx. (Cube),149.0007934,174.2382284,25.23743504,0.05054801,0,0,FALSE
28,4,power_energy,Outer Approx. (Power-Energy),149.0007934,85.25347321,-63.74732019,-0.127679384,3800.323222,0.521468678,TRUE
28,5,fullnet,Learned Polytope Approx. (FullNet),120.4564811,167.0401143,46.58363327,0.114109454,0,0,FALSE
28,5,supervised,Supervised Regression (FullNet),120.4564811,135.3526143,14.89613321,0.036488988,330.6586168,0.049933476,TRUE
28,5,cube,Inner Approx. (Cube),120.4564811,147.2833875,26.8269064,0.065714145,0,0,FALSE
28,5,power_energy,Outer Approx. (Power-Energy),120.4564811,64.98127769,-55.47520337,-0.135889898,3977.54499,0.567675227,TRUE
28,6,fullnet,Learned Polytope Approx. (FullNet),148.6879159,205.2423911,56.55447521,0.112058376,0,0,FALSE
28,6,supervised,Supervised Regression (FullNet),148.6879159,162.9953917,14.30747581,0.028349171,334.9395913,0.050624189,TRUE
28,6,cube,Inner Approx. (Cube),148.6879159,177.3610147,28.67309876,0.056813557,0,0,FALSE
28,6,power_energy,Outer Approx. (Power-Energy),148.6879159,81.2415603,-67.44635561,-0.133639806,3800.323222,0.521468678,TRUE
28,7,fullnet,Learned Polytope Approx. (FullNet),129.863922,181.1913561,51.32743407,0.114332874,0,0,FALSE
28,7,supervised,Supervised Regression (FullNet),129.863922,149.8292148,19.96529283,0.044473085,167.1063073,0.024764028,TRUE
28,7,cube,Inner Approx. (Cube),129.863922,157.0304849,27.16656291,0.060514056,0,0,FALSE
28,7,power_energy,Outer Approx. (Power-Energy),129.863922,71.74882339,-58.11509861,-0.129452531,3851.528347,0.56259549,TRUE
28,8,fullnet,Learned Polytope Approx. (FullNet),111.5779591,156.712863,45.13490391,0.118506246,0,0,FALSE
28,8,supervised,Supervised Regression (FullNet),111.5779591,130.9306039,19.35264486,0.050812322,296.1032469,0.044397375,TRUE
28,8,cube,Inner Approx. (Cube),111.5779591,134.4776406,22.89968156,0.060125425,0,0,FALSE
28,8,power_energy,Outer Approx. (Power-Energy),111.5779591,65.58853484,-45.98942423,-0.120749875,3974.16068,0.647761501,TRUE
28,9,fullnet,Learned Polytope Approx. (FullNet),101.7520175,148.4480477,46.69603023,0.12524896,0,0,FALSE
28,9,supervised,Supervised Regression (FullNet),101.7520175,124.7432752,22.99125766,0.061667579,73.98665702,0.010786064,TRUE
28,9,cube,Inner Approx. (Cube),101.7520175,137.0995224,35.34750489,0.094809735,0,0,FALSE
28,9,power_energy,Outer Approx. (Power-Energy),101.7520175,53.28364321,-48.46837428,-0.130002774,3572.982776,0.557375959,TRUE
29,0,fullnet,Learned Polytope Approx. (FullNet),135.214971,190.9784584,55.76348741,0.125390913,0,0,FALSE
29,0,supervised,Supervised Regression (FullNet),135.214971,145.7586336,10.5436626,0.023708694,366.3886177,0.059398355,TRUE
29,0,cube,Inner Approx. (Cube),135.214971,160.7595873,25.54461627,0.057440144,0,0,FALSE
29,0,power_energy,Outer Approx. (Power-Energy),135.214971,72.0531379,-63.1618331,-0.142026984,3762.759477,0.572234805,TRUE
29,1,fullnet,Learned Polytope Approx. (FullNet),125.4872547,183.3316613,57.84440664,0.131369624,0,0,FALSE
29,1,supervised,Supervised Regression (FullNet),125.4872547,141.9323331,16.44507843,0.037348188,366.3886177,0.059398355,TRUE
29,1,cube,Inner Approx. (Cube),125.4872547,165.9459756,40.45872094,0.091885236,0,0,FALSE
29,1,power_energy,Outer Approx. (Power-Energy),125.4872547,58.88365986,-66.60359481,-0.151262494,3767.509667,0.567543148,TRUE
29,2,fullnet,Learned Polytope Approx. (FullNet),135.0776994,195.3039763,60.22627694,0.124843625,0,0,FALSE
29,2,supervised,Supervised Regression (FullNet),135.0776994,146.5501772,11.47247778,0.023781409,366.3886177,0.059398355,TRUE
29,2,cube,Inner Approx. (Cube),135.0776994,177.8197661,42.74206671,0.088600439,0,0,FALSE
29,2,power_energy,Outer Approx. (Power-Energy),135.0776994,60.96349421,-74.11420516,-0.153632045,3340.607107,0.503233924,TRUE
29,3,fullnet,Learned Polytope Approx. (FullNet),136.0687558,196.5872507,60.51849489,0.126356811,0,0,FALSE
29,3,supervised,Supervised Regression (FullNet),136.0687558,147.5941189,11.52536305,0.024063852,366.3886177,0.059398355,TRUE
29,3,cube,Inner Approx. (Cube),136.0687558,175.6152868,39.54653102,0.082569363,0,0,FALSE
29,3,power_energy,Outer Approx. (Power-Energy),136.0687558,62.69357878,-73.37517704,-0.15320033,3683.792321,0.555046161,TRUE
29,4,fullnet,Learned Polytope Approx. (FullNet),141.2368552,190.3743439,49.13748874,0.105997797,0,0,FALSE
29,4,supervised,Supervised Regression (FullNet),141.2368552,148.6902859,7.453430694,0.016078299,557.3491829,0.093180149,TRUE
29,4,cube,Inner Approx. (Cube),141.2368552,164.8176512,23.58079606,0.050867728,0,0,FALSE
29,4,power_energy,Outer Approx. (Power-Energy),141.2368552,76.53614008,-64.7007151,-0.139570284,3650.088163,0.535737302,TRUE
29,5,fullnet,Learned Polytope Approx. (FullNet),114.1958861,156.0164732,41.8205871,0.110545436,0,0,FALSE
29,5,supervised,Supervised Regression (FullNet),114.1958861,122.3702126,8.174326466,0.021607408,508.4458293,0.08402529,TRUE
29,5,cube,Inner Approx. (Cube),114.1958861,139.6706557,25.4747696,0.067338115,0,0,FALSE
29,5,power_energy,Outer Approx. (Power-Energy),114.1958861,57.90924608,-56.28664002,-0.148783926,4031.656214,0.599097305,TRUE
29,6,fullnet,Learned Polytope Approx. (FullNet),140.8870257,191.3305538,50.44352811,0.107763141,0,0,FALSE
29,6,supervised,Supervised Regression (FullNet),140.8870257,146.7117982,5.824772494,0.012443534,508.4458293,0.08402529,TRUE
29,6,cube,Inner Approx. (Cube),140.8870257,167.5858397,26.69881403,0.057037011,0,0,FALSE
29,6,power_energy,Outer Approx. (Power-Energy),140.8870257,72.64152514,-68.24550055,-0.145793718,3605.507669,0.529194054,TRUE
29,7,fullnet,Learned Polytope Approx. (FullNet),123.2812226,169.4768796,46.19565708,0.110990961,0,0,FALSE
29,7,supervised,Supervised Regression (FullNet),123.2812226,134.1625177,10.88129514,0.0261437,517.4240587,0.085933201,TRUE
29,7,cube,Inner Approx. (Cube),123.2812226,148.6990739,25.41785136,0.061069631,0,0,FALSE
29,7,power_energy,Outer Approx. (Power-Energy),123.2812226,64.47222417,-58.8089984,-0.141296123,3927.582778,0.569788329,TRUE
29,8,fullnet,Learned Polytope Approx. (FullNet),106.1821198,148.5660661,42.38394638,0.120215889,0,0,FALSE
29,8,supervised,Supervised Regression (FullNet),106.1821198,119.1878127,13.00569295,0.036888753,508.4458293,0.08402529,TRUE
29,8,cube,Inner Approx. (Cube),106.1821198,127.5378888,21.35576908,0.060572528,0,0,FALSE
29,8,power_energy,Outer Approx. (Power-Energy),106.1821198,59.55121185,-46.6309079,-0.132261777,3952.978627,0.694679878,TRUE
29,9,fullnet,Learned Polytope Approx. (FullNet),96.845482,141.5892913,44.74380928,0.130165967,0,0,FALSE
29,9,supervised,Supervised Regression (FullNet),96.845482,112.7298996,15.88441763,0.046209981,192.4805291,0.029825168,TRUE
29,9,cube,Inner Approx. (Cube),96.845482,129.8770304,33.03154843,0.096093371,0,0,FALSE
29,9,power_energy,Outer Approx. (Power-Energy),96.845482,48.10757874,-48.73790326,-0.141785343,3614.469998,0.607427587,TRUE
30,0,fullnet,Learned Polytope Approx. (FullNet),136.6919433,192.640498,55.94855472,0.124171582,0,0,FALSE
30,0,supervised,Supervised Regression (FullNet),136.6919433,159.5251324,22.83318906,0.050675719,240.030769,0.037306183,TRUE
30,0,cube,Inner Approx. (Cube),136.6919433,161.6442806,24.95233728,0.055378932,0,0,FALSE
30,0,power_energy,Outer Approx. (Power-Energy),136.6919433,69.66753763,-67.02440569,-0.148753199,3891.10967,0.583791189,TRUE
30,1,fullnet,Learned Polytope Approx. (FullNet),127.1583699,186.225722,59.06735215,0.13241232,0,0,FALSE
30,1,supervised,Supervised Regression (FullNet),127.1583699,155.8628357,28.70446579,0.064347305,0,0,FALSE
30,1,cube,Inner Approx. (Cube),127.1583699,167.1187693,39.96039944,0.089579929,0,0,FALSE
30,1,power_energy,Outer Approx. (Power-Energy),127.1583699,56.50495145,-70.65341845,-0.158385009,3900.348651,0.574704099,TRUE
30,2,fullnet,Learned Polytope Approx. (FullNet),136.533878,196.4588967,59.92501874,0.122558652,0,0,FALSE
30,2,supervised,Supervised Regression (FullNet),136.533878,159.5709914,23.03711347,0.047115506,49.93673657,0.007451754,TRUE
30,2,cube,Inner Approx. (Cube),136.533878,178.6602946,42.12641665,0.08615695,0,0,FALSE
30,2,power_energy,Outer Approx. (Power-Energy),136.533878,58.02547612,-78.50840184,-0.160565388,3496.046427,0.515131439,TRUE
30,3,fullnet,Learned Polytope Approx. (FullNet),137.4983711,197.9189674,60.42059623,0.124466821,0,0,FALSE
30,3,supervised,Supervised Regression (FullNet),137.4983711,161.6688141,24.17044299,0.04979127,43.40197955,0.006469004,TRUE
30,3,cube,Inner Approx. (Cube),137.4983711,176.5510895,39.05271842,0.080448854,0,0,FALSE
30,3,power_energy,Outer Approx. (Power-Energy),137.4983711,59.82456238,-77.67380874,-0.160008551,3835.070165,0.565211867,TRUE
30,4,fullnet,Learned Polytope Approx. (FullNet),142.5810325,191.7478973,49.16686473,0.104620904,0,0,FALSE
30,4,supervised,Supervised Regression (FullNet),142.5810325,162.9536705,20.37263801,0.043350411,194.7829258,0.03040367,TRUE
30,4,cube,Inner Approx. (Cube),142.5810325,165.8415558,23.26052327,0.049495468,0,0,FALSE
30,4,power_energy,Outer Approx. (Power-Energy),142.5810325,73.8994085,-68.68162402,-0.146145857,3802.262614,0.54580922,TRUE
30,5,fullnet,Learned Polytope Approx. (FullNet),115.3710951,156.9086029,41.53750779,0.108284399,0,0,FALSE
30,5,supervised,Supervised Regression (FullNet),115.3710951,134.6351383,19.26404327,0.05021956,138.8975641,0.021198894,TRUE
30,5,cube,Inner Approx. (Cube),115.3710951,140.5865824,25.21548736,0.065734418,0,0,FALSE
30,5,power_energy,Outer Approx. (Power-Energy),115.3710951,55.88269343,-59.48840166,-0.155080701,4155.310713,0.60810236,TRUE
30,6,fullnet,Learned Polytope Approx. (FullNet),142.0467797,192.7486379,50.70185817,0.106819544,0,0,FALSE
30,6,supervised,Supervised Regression (FullNet),142.0467797,161.1911335,19.14435384,0.040333653,262.1769962,0.041420456,TRUE
30,6,cube,Inner Approx. (Cube),142.0467797,168.7582615,26.7114818,0.056276208,0,0,FALSE
30,6,power_energy,Outer Approx. (Power-Energy),142.0467797,69.82600148,-72.22077821,-0.152155973,3754.396477,0.538938107,TRUE
30,7,fullnet,Learned Polytope Approx. (FullNet),124.4099699,170.8861446,46.47617471,0.110158248,0,0,FALSE
30,7,supervised,Supervised Regression (FullNet),124.4099699,146.9369354,22.52696557,0.053393617,145.9178197,0.02257455,TRUE
30,7,cube,Inner Approx. (Cube),124.4099699,149.4701483,25.06017844,0.059397861,0,0,FALSE
30,7,power_energy,Outer Approx. (Power-Energy),124.4099699,62.03739506,-62.37257481,-0.147836039,4072.953755,0.577917194,TRUE
30,8,fullnet,Learned Polytope Approx. (FullNet),107.4362919,150.5789708,43.14267892,0.120743143,0,0,FALSE
30,8,supervised,Supervised Regression (FullNet),107.4362919,131.0632909,23.62699895,0.066124733,64.63238787,0.009735682,TRUE
30,8,cube,Inner Approx. (Cube),107.4362919,128.1912289,20.75493695,0.058086711,0,0,FALSE
30,8,power_energy,Outer Approx. (Power-Energy),107.4362919,57.8405767,-49.5957152,-0.138803215,4060.587538,0.707034825,TRUE
30,9,fullnet,Learned Polytope Approx. (FullNet),98.15634058,143.9495961,45.79325547,0.131450142,0,0,FALSE
30,9,supervised,Supervised Regression (FullNet),98.15634058,124.4717061,26.31536554,0.075538603,0,0,FALSE
30,9,cube,Inner Approx. (Cube),98.15634058,130.7039304,32.54758977,0.093428284,0,0,FALSE
30,9,power_energy,Outer Approx. (Power-Energy),98.15634058,46.37461515,-51.78172543,-0.148640123,3748.240649,0.620487195,TRUE
31,0,fullnet,Learned Polytope Approx. (FullNet),140.3112047,190.2375352,49.92633054,0.113510558,0,0,FALSE
31,0,supervised,Supervised Regression (FullNet),140.3112047,145.359974,5.048769309,0.011478685,657.503155,0.107286181,TRUE
31,0,cube,Inner Approx. (Cube),140.3112047,167.7967716,27.48556694,0.062490113,0,0,FALSE
31,0,power_energy,Outer Approx. (Power-Energy),140.3112047,73.45639887,-66.85480582,-0.15199848,3673.245617,0.586645307,TRUE
31,1,fullnet,Learned Polytope Approx. (FullNet),130.28585,182.7440561,52.45820603,0.120311248,0,0,FALSE
31,1,supervised,Supervised Regression (FullNet),130.28585,141.7326604,11.44681036,0.0262529,657.503155,0.107286181,TRUE
31,1,cube,Inner Approx. (Cube),130.28585,173.4828472,43.19699713,0.099070956,0,0,FALSE
31,1,power_energy,Outer Approx. (Power-Energy),130.28585,60.16027257,-70.12557747,-0.160830809,3710.596186,0.554924781,TRUE
31,2,fullnet,Learned Polytope Approx. (FullNet),140.9961003,194.9067895,53.91068922,0.113021193,0,0,FALSE
31,2,supervised,Supervised Regression (FullNet),140.9961003,145.9187108,4.922610557,0.010320019,657.503155,0.107286181,TRUE
31,2,cube,Inner Approx. (Cube),140.9961003,186.4938166,45.49771631,0.095383796,0,0,FALSE
31,2,power_energy,Outer Approx. (Power-Energy),140.9961003,62.61739078,-78.3787095,-0.164317232,3471.644038,0.519189157,TRUE
31,3,fullnet,Learned Polytope Approx. (FullNet),142.0181444,196.114958,54.09681361,0.114233891,0,0,FALSE
31,3,supervised,Supervised Regression (FullNet),142.0181444,147.3450078,5.326863377,0.011248506,657.503155,0.107286181,TRUE
31,3,cube,Inner Approx. (Cube),142.0181444,183.8117347,41.79359028,0.088253709,0,0,FALSE
31,3,power_energy,Outer Approx. (Power-Energy),142.0181444,64.48023367,-77.53791072,-0.163733437,3736.805114,0.558960982,TRUE
31,4,fullnet,Learned Polytope Approx. (FullNet),146.7855079,190.4875023,43.70199442,0.095449945,0,0,FALSE
31,4,supervised,Supervised Regression (FullNet),146.7855079,149.1076187,2.32211079,0.005071744,765.1886484,0.126334739,TRUE
31,4,cube,Inner Approx. (Cube),146.7855079,171.6513382,24.86583036,0.054309698,0,0,FALSE
31,4,power_energy,Outer Approx. (Power-Energy),146.7855079,77.97089251,-68.81461537,-0.150298661,3726.243225,0.541755397,TRUE
31,5,fullnet,Learned Polytope Approx. (FullNet),118.6236573,156.3990235,37.77536626,0.101034536,0,0,FALSE
31,5,supervised,Supervised Regression (FullNet),118.6236573,122.407558,3.783900697,0.010120475,765.1886484,0.126334739,TRUE
31,5,cube,Inner Approx. (Cube),118.6236573,145.3579537,26.73429644,0.071503933,0,0,FALSE
31,5,power_energy,Outer Approx. (Power-Energy),118.6236573,59.08169074,-59.54196652,-0.159251798,3922.531069,0.60351812,TRUE
31,6,fullnet,Learned Polytope Approx. (FullNet),146.4912484,191.6042846,45.1130362,0.097593171,0,0,FALSE
31,6,supervised,Supervised Regression (FullNet),146.4912484,146.8125615,0.321313084,0.000695098,765.1886484,0.126334739,TRUE
31,6,cube,Inner Approx. (Cube),146.4912484,174.2353881,27.74413971,0.060018984,0,0,FALSE
31,6,power_energy,Outer Approx. (Power-Energy),146.4912484,74.02110376,-72.47014464,-0.156774889,3718.77118,0.540669043,TRUE
31,7,fullnet,Learned Polytope Approx. (FullNet),128.0831185,169.8149249,41.73180647,0.10146487,0,0,FALSE
31,7,supervised,Supervised Regression (FullNet),128.0831185,134.9106386,6.827520108,0.016600131,756.8776454,0.125291705,TRUE
31,7,cube,Inner Approx. (Cube),128.0831185,154.89198,26.80886148,0.065181881,0,0,FALSE
31,7,power_energy,Outer Approx. (Power-Energy),128.0831185,65.73695118,-62.34616729,-0.151585716,3851.841612,0.579482768,TRUE
31,8,fullnet,Learned Polytope Approx. (FullNet),109.999825,148.392371,38.39254591,0.109955812,0,0,FALSE
31,8,supervised,Supervised Regression (FullNet),109.999825,119.1239421,9.124117035,0.026131367,657.503155,0.107286181,TRUE
31,8,cube,Inner Approx. (Cube),109.999825,133.1007628,23.10093779,0.066160821,0,0,FALSE
31,8,power_energy,Outer Approx. (Power-Energy),109.999825,60.66557312,-49.33425192,-0.141292733,3954.632882,0.686988089,TRUE
31,9,fullnet,Learned Polytope Approx. (FullNet),100.4054743,141.3026002,40.89712596,0.120012617,0,0,FALSE
31,9,supervised,Supervised Regression (FullNet),100.4054743,112.682551,12.27707679,0.036027082,442.0262007,0.06907493,TRUE
31,9,cube,Inner Approx. (Cube),100.4054743,135.7381289,35.33265466,0.103683676,0,0,FALSE
31,9,power_energy,Outer Approx. (Power-Energy),100.4054743,49.10285585,-51.3026184,-0.150547535,3533.053398,0.586472354,TRUE
32,0,fullnet,Learned Polytope Approx. (FullNet),110.9331551,162.6562916,51.7231365,0.122381125,0,0,FALSE
32,0,supervised,Supervised Regression (FullNet),110.9331551,103.4535078,-7.479647319,-0.017697451,1197.612699,0.27290148,TRUE
32,0,cube,Inner Approx. (Cube),110.9331551,135.6260104,24.69285529,0.058425293,0,0,FALSE
32,0,power_energy,Outer Approx. (Power-Energy),110.9331551,50.82150947,-60.11164562,-0.142229016,3652.886576,0.628010943,TRUE
32,1,fullnet,Learned Polytope Approx. (FullNet),101.1474686,153.9552661,52.80779751,0.126520638,0,0,FALSE
32,1,supervised,Supervised Regression (FullNet),101.1474686,98.83079689,-2.316671751,-0.005550445,985.7543132,0.212991062,TRUE
32,1,cube,Inner Approx. (Cube),101.1474686,140.0753997,38.92793102,0.093266277,0,0,FALSE
32,1,power_energy,Outer Approx. (Power-Energy),101.1474686,40.0287159,-61.11875274,-0.14643261,3267.127503,0.571379356,TRUE
32,2,fullnet,Learned Polytope Approx. (FullNet),108.948368,165.6598066,56.71143854,0.12410399,0,0,FALSE
32,2,supervised,Supervised Regression (FullNet),108.948368,101.5742031,-7.3741649,-0.01613719,985.7543132,0.212991062,TRUE
32,2,cube,Inner Approx. (Cube),108.948368,152.0414342,43.09306613,0.094302341,0,0,FALSE
32,2,power_energy,Outer Approx. (Power-Energy),108.948368,38.4048377,-70.54353034,-0.154373329,3550.85817,0.557926037,TRUE
32,3,fullnet,Learned Polytope Approx. (FullNet),109.6803527,165.489136,55.80878335,0.122842191,0,0,FALSE
32,3,supervised,Supervised Regression (FullNet),109.6803527,100.8892859,-8.791066782,-0.01935025,985.7543132,0.212991062,TRUE
32,3,cube,Inner Approx. (Cube),109.6803527,149.3114504,39.6310977,0.087233059,0,0,FALSE
32,3,power_energy,Outer Approx. (Power-Energy),109.6803527,39.08783316,-70.59251952,-0.155383064,3633.542234,0.556582073,TRUE
32,4,fullnet,Learned Polytope Approx. (FullNet),115.7061996,158.142193,42.43599339,0.096171501,0,0,FALSE
32,4,supervised,Supervised Regression (FullNet),115.7061996,101.7164192,-13.98978033,-0.031704647,1197.612699,0.27290148,TRUE
32,4,cube,Inner Approx. (Cube),115.7061996,138.9889239,23.28272437,0.052764985,0,0,FALSE
32,4,power_energy,Outer Approx. (Power-Energy),115.7061996,52.60595592,-63.10024366,-0.143002312,3527.789555,0.57788494,TRUE
32,5,fullnet,Learned Polytope Approx. (FullNet),93.36642724,128.7182626,35.35183535,0.098238059,0,0,FALSE
32,5,supervised,Supervised Regression (FullNet),93.36642724,83.46261902,-9.90380822,-0.027521369,1213.620171,0.274291643,TRUE
32,5,cube,Inner Approx. (Cube),93.36642724,117.031116,23.66468876,0.06576103,0,0,FALSE
32,5,power_energy,Outer Approx. (Power-Energy),93.36642724,38.60271016,-54.76371709,-0.152181102,3536.599066,0.60086577,TRUE
32,6,fullnet,Learned Polytope Approx. (FullNet),115.1214234,157.6587007,42.53727737,0.095486439,0,0,FALSE
32,6,supervised,Supervised Regression (FullNet),115.1214234,99.08146079,-16.03996257,-0.03600604,1197.612699,0.27290148,TRUE
32,6,cube,Inner Approx. (Cube),115.1214234,141.7158365,26.59441317,0.059698362,0,0,FALSE
32,6,power_energy,Outer Approx. (Power-Energy),115.1214234,48.64589593,-66.47552742,-0.149222324,3535.190884,0.567386502,TRUE
32,7,fullnet,Learned Polytope Approx. (FullNet),100.8273758,140.6440114,39.81663565,0.100468832,0,0,FALSE
32,7,supervised,Supervised Regression (FullNet),100.8273758,91.61228612,-9.21508967,-0.023252324,1218.974004,0.282388447,TRUE
32,7,cube,Inner Approx. (Cube),100.8273758,125.7348713,24.90749553,0.06284878,0,0,FALSE
32,7,power_energy,Outer Approx. (Power-Energy),100.8273758,44.17701283,-56.65036296,-0.142945171,3616.770984,0.588186296,TRUE
32,8,fullnet,Learned Polytope Approx. (FullNet),87.24038568,125.543718,38.30333228,0.114208696,0,0,FALSE
32,8,supervised,Supervised Regression (FullNet),87.24038568,84.44527935,-2.795106333,-0.008334143,1197.612699,0.27290148,TRUE
32,8,cube,Inner Approx. (Cube),87.24038568,107.6168431,20.37645745,0.060756297,0,0,FALSE
32,8,power_energy,Outer Approx. (Power-Energy),87.24038568,42.81597278,-44.42441289,-0.132459866,3781.816888,0.732904322,TRUE
32,9,fullnet,Learned Polytope Approx. (FullNet),78.42460249,118.7264093,40.30180676,0.123607381,0,0,FALSE
32,9,supervised,Supervised Regression (FullNet),78.42460249,78.87015628,0.445553792,0.001366533,985.7543132,0.212991062,TRUE
32,9,cube,Inner Approx. (Cube),78.42460249,109.5723423,31.14773984,0.095531463,0,0,FALSE
32,9,power_energy,Outer Approx. (Power-Energy),78.42460249,33.3862232,-45.03837929,-0.138134654,3399.477729,0.58444443,TRUE
33,0,fullnet,Learned Polytope Approx. (FullNet),136.3310799,198.1732362,61.84215626,0.125004445,0,0,FALSE
33,0,supervised,Supervised Regression (FullNet),136.3310799,161.4505135,25.11943354,0.050775087,42.73162799,0.006370733,TRUE
33,0,cube,Inner Approx. (Cube),136.3310799,165.0168025,28.68572254,0.057983794,0,0,FALSE
33,0,power_energy,Outer Approx. (Power-Energy),136.3310799,71.76112906,-64.56995087,-0.130518264,4078.512829,0.584084813,TRUE
33,1,fullnet,Learned Polytope Approx. (FullNet),125.6488098,188.9663755,63.3175657,0.129120376,0,0,FALSE
33,1,supervised,Supervised Regression (FullNet),125.6488098,158.1044699,32.45566012,0.06618522,9.493064324,0.001403957,TRUE
33,1,cube,Inner Approx. (Cube),125.6488098,170.806566,45.1577562,0.092087975,0,0,FALSE
33,1,power_energy,Outer Approx. (Power-Energy),125.6488098,58.0192141,-67.6295957,-0.137913685,4101.442634,0.587368596,TRUE
33,2,fullnet,Learned Polytope Approx. (FullNet),135.2147518,201.8927322,66.67798041,0.123764972,0,0,FALSE
33,2,supervised,Supervised Regression (FullNet),135.2147518,163.7921524,28.57740052,0.053044216,42.73162799,0.006370733,TRUE
33,2,cube,Inner Approx. (Cube),135.2147518,183.3961805,48.18142862,0.08943242,0,0,FALSE
33,2,power_energy,Outer Approx. (Power-Energy),135.2147518,59.21262898,-76.00212285,-0.141072068,3623.474997,0.519029515,TRUE
33,3,fullnet,Learned Polytope Approx. (FullNet),136.3813189,204.5017202,68.12040121,0.127505396,0,0,FALSE
33,3,supervised,Supervised Regression (FullNet),136.3813189,165.1383974,28.75707849,0.053826499,9.493064324,0.001403957,TRUE
33,3,cube,Inner Approx. (Cube),136.3813189,180.9796283,44.5983094,0.083477563,0,0,FALSE
33,3,power_energy,Outer Approx. (Power-Energy),136.3813189,61.03360922,-75.34770972,-0.14103322,3972.272996,0.565049593,TRUE
33,4,fullnet,Learned Polytope Approx. (FullNet),143.0981665,199.8418209,56.74365441,0.109783509,0,0,FALSE
33,4,supervised,Supervised Regression (FullNet),143.0981665,165.8864419,22.78827537,0.044089103,158.2091524,0.024179941,TRUE
33,4,cube,Inner Approx. (Cube),143.0981665,168.36179,25.26362352,0.048878227,0,0,FALSE
33,4,power_energy,Outer Approx. (Power-Energy),143.0981665,76.78246715,-66.31569938,-0.128302808,3660.562325,0.509981125,TRUE
33,5,fullnet,Learned Polytope Approx. (FullNet),115.9298809,163.0355073,47.10562645,0.111646719,0,0,FALSE
33,5,supervised,Supervised Regression (FullNet),115.9298809,136.6132199,20.68333907,0.049022317,42.73162799,0.006370733,TRUE
33,5,cube,Inner Approx. (Cube),115.9298809,142.8425591,26.91267824,0.063786695,0,0,FALSE
33,5,power_energy,Outer Approx. (Power-Energy),115.9298809,58.36932151,-57.56055935,-0.136426327,3889.752508,0.54439003,TRUE
33,6,fullnet,Learned Polytope Approx. (FullNet),142.693164,201.3121824,58.61901832,0.112185155,0,0,FALSE
33,6,supervised,Supervised Regression (FullNet),142.693164,164.7173542,22.02419013,0.042149924,42.73162799,0.006370733,TRUE
33,6,cube,Inner Approx. (Cube),142.693164,171.7327914,29.03962734,0.055576078,0,0,FALSE
33,6,power_energy,Outer Approx. (Power-Energy),142.693164,72.78512688,-69.90803716,-0.133790095,3672.178181,0.51159942,TRUE
33,7,fullnet,Learned Polytope Approx. (FullNet),124.442239,178.0755672,53.63332814,0.115559461,0,0,FALSE
33,7,supervised,Supervised Regression (FullNet),124.442239,150.0853201,25.64308109,0.055251105,61.38804801,0.009215177,TRUE
33,7,cube,Inner Approx. (Cube),124.442239,152.0728794,27.63064038,0.059533541,0,0,FALSE
33,7,power_energy,Outer Approx. (Power-Energy),124.442239,64.26220899,-60.18003004,-0.129665119,4119.256766,0.555031191,TRUE
33,8,fullnet,Learned Polytope Approx. (FullNet),107.1996399,153.7777644,46.57812453,0.118884506,0,0,FALSE
33,8,supervised,Supervised Regression (FullNet),107.1996399,131.9535353,24.75389546,0.063181046,42.73162799,0.006370733,TRUE
33,8,cube,Inner Approx. (Cube),107.1996399,130.4169237,23.21728379,0.059259048,0,0,FALSE
33,8,power_energy,Outer Approx. (Power-Energy),107.1996399,59.5097133,-47.68992657,-0.121722234,4194.302677,0.707111252,TRUE
33,9,fullnet,Learned Polytope Approx. (FullNet),97.13060777,146.2456266,49.11501886,0.128384279,0,0,FALSE
33,9,supervised,Supervised Regression (FullNet),97.13060777,126.1619138,29.03130602,0.075886427,9.493064324,0.001403957,TRUE
33,9,cube,Inner Approx. (Cube),97.13060777,133.1218506,35.99124286,0.094079365,0,0,FALSE
33,9,power_energy,Outer Approx. (Power-Energy),97.13060777,47.55477322,-49.57583456,-0.129588829,4063.493807,0.598800008,TRUE
34,0,fullnet,Learned Polytope Approx. (FullNet),115.706489,170.552128,54.84563908,0.122387964,0,0,FALSE
34,0,supervised,Supervised Regression (FullNet),115.706489,129.2189329,13.51244397,0.030152999,497.7659234,0.09037413,TRUE
34,0,cube,Inner Approx. (Cube),115.706489,142.1843457,26.47785677,0.059085299,0,0,FALSE
34,0,power_energy,Outer Approx. (Power-Energy),115.706489,56.10932939,-59.59715956,-0.132990975,3608.799389,0.589220095,TRUE
34,1,fullnet,Learned Polytope Approx. (FullNet),104.9307226,160.8354208,55.90469814,0.12606283,0,0,FALSE
34,1,supervised,Supervised Regression (FullNet),104.9307226,125.0922262,20.16150354,0.045463374,349.9105902,0.061540331,TRUE
34,1,cube,Inner Approx. (Cube),104.9307226,146.3065701,41.37584747,0.09330086,0,0,FALSE
34,1,power_energy,Outer Approx. (Power-Energy),104.9307226,44.55031661,-60.38040603,-0.13615537,3230.551259,0.536329108,TRUE
34,2,fullnet,Learned Polytope Approx. (FullNet),113.4841716,172.3810482,58.89687662,0.121262716,0,0,FALSE
34,2,supervised,Supervised Regression (FullNet),113.4841716,128.2758985,14.79172689,0.030454671,497.7659234,0.09037413,TRUE
34,2,cube,Inner Approx. (Cube),113.4841716,159.5170657,46.03289409,0.094777076,0,0,FALSE
34,2,power_energy,Outer Approx. (Power-Energy),113.4841716,43.49951254,-69.98465903,-0.144091339,3488.802079,0.537945365,TRUE
34,3,fullnet,Learned Polytope Approx. (FullNet),114.4327306,173.632469,59.19973843,0.122697131,0,0,FALSE
34,3,supervised,Supervised Regression (FullNet),114.4327306,127.9094433,13.47671271,0.027931779,349.9105902,0.061540331,TRUE
34,3,cube,Inner Approx. (Cube),114.4327306,156.621964,42.18923342,0.08744123,0,0,FALSE
34,3,power_energy,Outer Approx. (Power-Energy),114.4327306,44.4179624,-70.01476819,-0.145112317,3659.270367,0.536161681,TRUE
34,4,fullnet,Learned Polytope Approx. (FullNet),121.7341214,167.4914915,45.75737006,0.097790245,0,0,FALSE
34,4,supervised,Supervised Regression (FullNet),121.7341214,129.2921717,7.55805025,0.016152668,730.0048911,0.138721581,TRUE
34,4,cube,Inner Approx. (Cube),121.7341214,146.1344548,24.40033342,0.052147109,0,0,FALSE
34,4,power_energy,Outer Approx. (Power-Energy),121.7341214,58.9472236,-62.78689782,-0.134184856,3522.686971,0.567276263,TRUE
34,5,fullnet,Learned Polytope Approx. (FullNet),98.15803828,136.7396126,38.58157433,0.100983564,0,0,FALSE
34,5,supervised,Supervised Regression (FullNet),98.15803828,106.8976706,8.739632339,0.022875148,730.0048911,0.138721581,TRUE
34,5,cube,Inner Approx. (Cube),98.15803828,122.6651282,24.5070899,0.064144953,0,0,FALSE
34,5,power_energy,Outer Approx. (Power-Energy),98.15803828,43.70611031,-54.45192797,-0.142522689,3531.304938,0.571528175,TRUE
34,6,fullnet,Learned Polytope Approx. (FullNet),121.1816913,168.0290428,46.8473515,0.09910963,0,0,FALSE
34,6,supervised,Supervised Regression (FullNet),121.1816913,127.0281238,5.846432479,0.012368634,731.8634808,0.139123686,TRUE
34,6,cube,Inner Approx. (Cube),121.1816913,149.134229,27.95253765,0.059136015,0,0,FALSE
34,6,power_energy,Outer Approx. (Power-Energy),121.1816913,54.99958451,-66.1821068,-0.14001398,3526.601483,0.567906637,TRUE
34,7,fullnet,Learned Polytope Approx. (FullNet),105.710073,149.0148311,43.30475808,0.103006087,0,0,FALSE
34,7,supervised,Supervised Regression (FullNet),105.710073,116.9528318,11.24275878,0.026742387,561.8659974,0.106545137,TRUE
34,7,cube,Inner Approx. (Cube),105.710073,131.8592133,26.14914028,0.062199184,0,0,FALSE
34,7,power_energy,Outer Approx. (Power-Energy),105.710073,49.338951,-56.371122,-0.134086159,3706.951937,0.574569533,TRUE
34,8,fullnet,Learned Polytope Approx. (FullNet),91.1011797,131.9965165,40.89533678,0.114906005,0,0,FALSE
34,8,supervised,Supervised Regression (FullNet),91.1011797,105.9559411,14.85476137,0.041738286,723.3676567,0.137263775,TRUE
34,8,cube,Inner Approx. (Cube),91.1011797,112.4057338,21.30455406,0.059860644,0,0,FALSE
34,8,power_energy,Outer Approx. (Power-Energy),91.1011797,47.00775218,-44.09342751,-0.123891866,3797.546466,0.687962389,TRUE
34,9,fullnet,Learned Polytope Approx. (FullNet),81.45127149,124.2610713,42.80979983,0.123454769,0,0,FALSE
34,9,supervised,Supervised Regression (FullNet),81.45127149,99.17012095,17.71884946,0.051097564,349.9105902,0.061540331,TRUE
34,9,cube,Inner Approx. (Cube),81.45127149,114.0544122,32.60314076,0.094020837,0,0,FALSE
34,9,power_energy,Outer Approx. (Power-Energy),81.45127149,36.88815768,-44.56311381,-0.12851097,3409.729748,0.556717365,TRUE
35,0,fullnet,Learned Polytope Approx. (FullNet),122.6261374,181.5256553,58.89951785,0.120959581,0,0,FALSE
35,0,supervised,Supervised Regression (FullNet),122.6261374,131.0863126,8.460175145,0.017374323,463.2458763,0.081202866,TRUE
35,0,cube,Inner Approx. (Cube),122.6261374,153.2810747,30.65493722,0.062954817,0,0,FALSE
35,0,power_energy,Outer Approx. (Power-Energy),122.6261374,67.70647887,-54.91965856,-0.112786303,3453.834119,0.533966251,TRUE
35,1,fullnet,Learned Polytope Approx. (FullNet),111.3249239,170.6109912,59.28606733,0.122627356,0,0,FALSE
35,1,supervised,Supervised Regression (FullNet),111.3249239,126.1067372,14.78181325,0.030574716,463.2458763,0.081202866,TRUE
35,1,cube,Inner Approx. (Cube),111.3249239,158.7959722,47.4710483,0.09818916,0,0,FALSE
35,1,power_energy,Outer Approx. (Power-Energy),111.3249239,55.08988444,-56.23503947,-0.116316607,3262.434195,0.511957473,TRUE
35,2,fullnet,Learned Polytope Approx. (FullNet),120.6497944,183.2913435,62.64154911,0.117976042,0,0,FALSE
35,2,supervised,Supervised Regression (FullNet),120.6497944,132.4020311,11.75223669,0.02213359,463.2458763,0.081202866,TRUE
35,2,cube,Inner Approx. (Cube),120.6497944,172.8109273,52.16113291,0.098237737,0,0,FALSE
35,2,power_energy,Outer Approx. (Power-Energy),120.6497944,55.99262119,-64.6571732,-0.12177217,3289.612748,0.516468709,TRUE
35,3,fullnet,Learned Polytope Approx. (FullNet),122.0357261,186.0771523,64.0414262,0.121741618,0,0,FALSE
35,3,supervised,Supervised Regression (FullNet),122.0357261,131.1624622,9.126736055,0.017349764,463.2458763,0.081202866,TRUE
35,3,cube,Inner Approx. (Cube),122.0357261,169.3152203,47.27949413,0.089877482,0,0,FALSE
35,3,power_energy,Outer Approx. (Power-Energy),122.0357261,57.36223936,-64.67348677,-0.122943154,3676.24961,0.527652591,TRUE
35,4,fullnet,Learned Polytope Approx. (FullNet),129.1910666,185.7096538,56.51858723,0.111437568,0,0,FALSE
35,4,supervised,Supervised Regression (FullNet),129.1910666,131.2563671,2.06530056,0.004072148,669.3381963,0.121886399,TRUE
35,4,cube,Inner Approx. (Cube),129.1910666,156.1662053,26.9751387,0.053186819,0,0,FALSE
35,4,power_energy,Outer Approx. (Power-Energy),129.1910666,71.76500132,-57.42606524,-0.11322684,3360.871063,0.512534016,TRUE
35,5,fullnet,Learned Polytope Approx. (FullNet),104.4028184,151.7424649,47.33964651,0.114351551,0,0,FALSE
35,5,supervised,Supervised Regression (FullNet),104.4028184,107.7596838,3.356865417,0.008108695,669.3381963,0.121886399,TRUE
35,5,cube,Inner Approx. (Cube),104.4028184,131.3934288,26.99061035,0.065197321,0,0,FALSE
35,5,power_energy,Outer Approx. (Power-Energy),104.4028184,54.17277222,-50.23004621,-0.121333472,3411.462576,0.52173519,TRUE
35,6,fullnet,Learned Polytope Approx. (FullNet),128.6980411,188.9244053,60.2263642,0.117529239,0,0,FALSE
35,6,supervised,Supervised Regression (FullNet),128.6980411,129.299519,0.601477939,0.001173759,669.3381963,0.121886399,TRUE
35,6,cube,Inner Approx. (Cube),128.6980411,159.4008078,30.70276674,0.059915169,0,0,FALSE
35,6,power_energy,Outer Approx. (Power-Energy),128.6980411,67.98347792,-60.71456313,-0.118481939,3403.272127,0.519000193,TRUE
35,7,fullnet,Learned Polytope Approx. (FullNet),112.0255774,165.982877,53.95729956,0.118553083,0,0,FALSE
35,7,supervised,Supervised Regression (FullNet),112.0255774,118.1371958,6.111618413,0.013428233,702.4448491,0.129735763,TRUE
35,7,cube,Inner Approx. (Cube),112.0255774,141.1258582,29.10028082,0.063938114,0,0,FALSE
35,7,power_energy,Outer Approx. (Power-Energy),112.0255774,60.35045282,-51.67512461,-0.113538768,3638.728971,0.536551134,TRUE
35,8,fullnet,Learned Polytope Approx. (FullNet),96.36986237,141.5299013,45.16003889,0.117240689,0,0,FALSE
35,8,supervised,Supervised Regression (FullNet),96.36986237,105.9711807,9.601318345,0.024926134,622.6046742,0.112221708,TRUE
35,8,cube,Inner Approx. (Cube),96.36986237,120.8107568,24.44089439,0.063451392,0,0,FALSE
35,8,power_energy,Outer Approx. (Power-Energy),96.36986237,55.81277072,-40.55709166,-0.105290906,3725.963939,0.637462119,TRUE
35,9,fullnet,Learned Polytope Approx. (FullNet),86.20490388,132.0590368,45.85413289,0.121718414,0,0,FALSE
35,9,supervised,Supervised Regression (FullNet),86.20490388,99.55795698,13.3530531,0.035445277,463.2458763,0.081202866,TRUE
35,9,cube,Inner Approx. (Cube),86.20490388,123.4590098,37.2541059,0.098889902,0,0,FALSE
35,9,power_energy,Outer Approx. (Power-Energy),86.20490388,44.83857877,-41.36632511,-0.109805664,3352.455996,0.518293091,TRUE
36,0,fullnet,Learned Polytope Approx. (FullNet),130.2301077,183.3535157,53.12340801,0.111908189,0,0,FALSE
36,0,supervised,Supervised Regression (FullNet),130.2301077,132.4657352,2.235627494,0.004709506,720.0584024,0.126716423,TRUE
36,0,cube,Inner Approx. (Cube),130.2301077,159.3723301,29.14222245,0.061390138,0,0,FALSE
36,0,power_energy,Outer Approx. (Power-Energy),130.2301077,69.08857888,-61.1415288,-0.128798923,3733.184879,0.566520901,TRUE
36,1,fullnet,Learned Polytope Approx. (FullNet),119.5063108,173.5578371,54.0515264,0.114769306,0.222269764,2.55E-05,TRUE
36,1,supervised,Supervised Regression (FullNet),119.5063108,128.0151086,8.508797824,0.018066998,686.504291,0.120101871,TRUE
36,1,cube,Inner Approx. (Cube),119.5063108,165.4478411,45.94153034,0.097549097,0,0,FALSE
36,1,power_energy,Outer Approx. (Power-Energy),119.5063108,56.04246254,-63.46384821,-0.134754785,3756.633992,0.570079368,TRUE
36,2,fullnet,Learned Polytope Approx. (FullNet),129.264692,185.8395101,56.57481811,0.109537371,0,0,FALSE
36,2,supervised,Supervised Regression (FullNet),129.264692,132.9996552,3.734963244,0.007231452,686.504291,0.120101871,TRUE
36,2,cube,Inner Approx. (Cube),129.264692,178.4719872,49.20729522,0.095272737,0,0,FALSE
36,2,power_energy,Outer Approx. (Power-Energy),129.264692,57.28957803,-71.97511395,-0.139354664,3400.062401,0.516089166,TRUE
36,3,fullnet,Learned Polytope Approx. (FullNet),130.3097102,188.1127757,57.80306545,0.112810592,0,0,FALSE
36,3,supervised,Supervised Regression (FullNet),130.3097102,132.2107058,1.900995582,0.003710053,686.504291,0.120101871,TRUE
36,3,cube,Inner Approx. (Cube),130.3097102,175.4692344,45.15952417,0.088134991,0,0,FALSE
36,3,power_energy,Outer Approx. (Power-Energy),130.3097102,58.85549361,-71.4542166,-0.139452681,3798.790151,0.557480486,TRUE
36,4,fullnet,Learned Polytope Approx. (FullNet),136.7741979,185.3835724,48.60937447,0.098257152,0,0,FALSE
36,4,supervised,Supervised Regression (FullNet),136.7741979,133.7444615,-3.029736442,-0.006124195,841.9148069,0.152653153,TRUE
36,4,cube,Inner Approx. (Cube),136.7741979,162.4684281,25.69423018,0.051937346,0,0,FALSE
36,4,power_energy,Outer Approx. (Power-Energy),136.7741979,73.48132043,-63.29287749,-0.12793783,3474.175504,0.511888208,TRUE
36,5,fullnet,Learned Polytope Approx. (FullNet),110.6262658,152.0735992,41.44733337,0.102566855,0,0,FALSE
36,5,supervised,Supervised Regression (FullNet),110.6262658,110.2432441,-0.383021705,-0.000947837,841.9148069,0.152653153,TRUE
36,5,cube,Inner Approx. (Cube),110.6262658,137.4018927,26.77562683,0.066259795,0,0,FALSE
36,5,power_energy,Outer Approx. (Power-Energy),110.6262658,55.54639081,-55.07987502,-0.136302365,3564.608192,0.526267507,TRUE
36,6,fullnet,Learned Polytope Approx. (FullNet),136.4253914,187.3580064,50.93261494,0.101858125,0,0,FALSE
36,6,supervised,Supervised Regression (FullNet),136.4253914,131.7462601,-4.679131329,-0.00935761,841.9148069,0.152653153,TRUE
36,6,cube,Inner Approx. (Cube),136.4253914,165.8252672,29.39987575,0.05879565,0,0,FALSE
36,6,power_energy,Outer Approx. (Power-Energy),136.4253914,69.53982798,-66.88556343,-0.133761796,3480.336307,0.512795946,TRUE
36,7,fullnet,Learned Polytope Approx. (FullNet),118.8986555,165.2898924,46.3912369,0.104426336,0,0,FALSE
36,7,supervised,Supervised Regression (FullNet),118.8986555,120.7559301,1.857274649,0.004180712,839.3471899,0.153045733,TRUE
36,7,cube,Inner Approx. (Cube),118.8986555,146.6196269,27.72097144,0.062399705,0,0,FALSE
36,7,power_energy,Outer Approx. (Power-Energy),118.8986555,61.65223424,-57.24642122,-0.128861277,3851.916994,0.550951597,TRUE
36,8,fullnet,Learned Polytope Approx. (FullNet),102.2293201,143.0988787,40.86955866,0.108619646,0,0,FALSE
36,8,supervised,Supervised Regression (FullNet),102.2293201,107.9593662,5.73004613,0.01522883,720.0584024,0.126716423,TRUE
36,8,cube,Inner Approx. (Cube),102.2293201,125.6978668,23.46854671,0.062372712,0,0,FALSE
36,8,power_energy,Outer Approx. (Power-Energy),102.2293201,57.19247786,-45.03684223,-0.119695098,3877.707161,0.688902563,TRUE
36,9,fullnet,Learned Polytope Approx. (FullNet),92.32841055,134.1044647,41.77605412,0.113616785,0,0,FALSE
36,9,supervised,Supervised Regression (FullNet),92.32841055,101.1540565,8.825645944,0.024002782,686.504291,0.120101871,TRUE
36,9,cube,Inner Approx. (Cube),92.32841055,128.6675668,36.33915622,0.098830256,0,0,FALSE
36,9,power_energy,Outer Approx. (Power-Energy),92.32841055,45.78623402,-46.54217653,-0.126579031,3716.183346,0.582723314,TRUE
37,0,fullnet,Learned Polytope Approx. (FullNet),139.9702927,188.9445261,48.9742334,0.111876579,0,0,FALSE
37,0,supervised,Supervised Regression (FullNet),139.9702927,141.5674231,1.597130349,0.003648479,760.8768811,0.128517211,TRUE
37,0,cube,Inner Approx. (Cube),139.9702927,165.1078343,25.13754163,0.057424118,0,0,FALSE
37,0,power_energy,Outer Approx. (Power-Energy),139.9702927,71.75651005,-68.21378267,-0.155827342,3779.789978,0.600197697,TRUE
37,1,fullnet,Learned Polytope Approx. (FullNet),130.6045682,182.6685096,52.06394137,0.120141655,0,0,FALSE
37,1,supervised,Supervised Regression (FullNet),130.6045682,138.4340974,7.829529234,0.018067257,760.8768811,0.128517211,TRUE
37,1,cube,Inner Approx. (Cube),130.6045682,170.7302977,40.12572948,0.092593289,0,0,FALSE
37,1,power_energy,Outer Approx. (Power-Energy),130.6045682,58.53532163,-72.06924656,-0.166305476,3821.811144,0.564640428,TRUE
37,2,fullnet,Learned Polytope Approx. (FullNet),140.4874975,193.9867564,53.49925888,0.112752285,0,0,FALSE
37,2,supervised,Supervised Regression (FullNet),140.4874975,141.5450079,1.057510344,0.002228754,760.8768811,0.128517211,TRUE
37,2,cube,Inner Approx. (Cube),140.4874975,182.4575379,41.97004041,0.088453897,0,0,FALSE
37,2,power_energy,Outer Approx. (Power-Energy),140.4874975,60.57549493,-79.9120026,-0.168418424,3592.62184,0.530779637,TRUE
37,3,fullnet,Learned Polytope Approx. (FullNet),141.5247512,194.5038027,52.97905148,0.112483299,0,0,FALSE
37,3,supervised,Supervised Regression (FullNet),141.5247512,143.3214632,1.796711958,0.003814717,760.8768811,0.128517211,TRUE
37,3,cube,Inner Approx. (Cube),141.5247512,180.6127901,39.08803884,0.082990379,0,0,FALSE
37,3,power_energy,Outer Approx. (Power-Energy),141.5247512,62.41355826,-79.11119295,-0.167966163,3813.770642,0.563572718,TRUE
37,4,fullnet,Learned Polytope Approx. (FullNet),146.0822128,188.1199467,42.03773389,0.092147485,0,0,FALSE
37,4,supervised,Supervised Regression (FullNet),146.0822128,144.9265214,-1.155691433,-0.002533297,882.2613647,0.153274846,TRUE
37,4,cube,Inner Approx. (Cube),146.0822128,169.2775271,23.19531428,0.050844555,0,0,FALSE
37,4,power_energy,Outer Approx. (Power-Energy),146.0822128,76.23161938,-69.85059347,-0.153113785,3993.720286,0.577939889,TRUE
37,5,fullnet,Learned Polytope Approx. (FullNet),118.0323382,154.3197567,36.28741853,0.097487753,0,0,FALSE
37,5,supervised,Supervised Regression (FullNet),118.0323382,119.2210206,1.188682471,0.003193448,787.9871575,0.133807216,TRUE
37,5,cube,Inner Approx. (Cube),118.0323382,143.626916,25.59457787,0.068760964,0,0,FALSE
37,5,power_energy,Outer Approx. (Power-Energy),118.0323382,57.61752251,-60.41481565,-0.162307071,4037.302681,0.625862234,TRUE
37,6,fullnet,Learned Polytope Approx. (FullNet),145.6650918,189.1768845,43.51179266,0.094504127,0,0,FALSE
37,6,supervised,Supervised Regression (FullNet),145.6650918,142.8800479,-2.785043894,-0.006048892,787.9871575,0.133807216,TRUE
37,6,cube,Inner Approx. (Cube),145.6650918,172.0057788,26.34068694,0.057209861,0,0,FALSE
37,6,power_energy,Outer Approx. (Power-Energy),145.6650918,72.22918496,-73.43590686,-0.159496905,3993.720286,0.577939889,TRUE
37,7,fullnet,Learned Polytope Approx. (FullNet),127.5598481,167.9673131,40.40746501,0.098706949,0,0,FALSE
37,7,supervised,Supervised Regression (FullNet),127.5598481,131.2941743,3.734326155,0.009122174,792.1269333,0.135430812,TRUE
37,7,cube,Inner Approx. (Cube),127.5598481,152.4563354,24.89648727,0.060816888,0,0,FALSE
37,7,power_energy,Outer Approx. (Power-Energy),127.5598481,64.10894322,-63.4509049,-0.154997232,3987.094291,0.602619708,TRUE
37,8,fullnet,Learned Polytope Approx. (FullNet),109.9123889,147.3695782,37.45718933,0.10790459,0,0,FALSE
37,8,supervised,Supervised Regression (FullNet),109.9123889,116.3995164,6.487127439,0.018687756,787.9871575,0.133807216,TRUE
37,8,cube,Inner Approx. (Cube),109.9123889,131.151906,21.23951713,0.061185621,0,0,FALSE
37,8,power_energy,Outer Approx. (Power-Energy),109.9123889,59.43080809,-50.48158082,-0.145424534,4189.086326,0.726131598,TRUE
37,9,fullnet,Learned Polytope Approx. (FullNet),100.7144157,141.0728772,40.35846147,0.11930056,0,0,FALSE
37,9,supervised,Supervised Regression (FullNet),100.7144157,110.8491752,10.13475952,0.029958587,495.8229334,0.079786366,TRUE
37,9,cube,Inner Approx. (Cube),100.7144157,133.826546,33.11213026,0.097880235,0,0,FALSE
37,9,power_energy,Outer Approx. (Power-Energy),100.7144157,47.92856659,-52.7858491,-0.15603621,3636.985677,0.60192583,TRUE
38,0,fullnet,Learned Polytope Approx. (FullNet),152.1806411,206.7342887,54.55364756,0.111284971,0,0,FALSE
38,0,supervised,Supervised Regression (FullNet),152.1806411,161.4889201,9.308278925,0.018988126,602.931602,0.090551736,TRUE
38,0,cube,Inner Approx. (Cube),152.1806411,181.7869911,29.60634991,0.060394528,0,0,FALSE
38,0,power_energy,Outer Approx. (Power-Energy),152.1806411,85.57299981,-66.60764133,-0.13587413,3753.608875,0.56049656,TRUE
38,1,fullnet,Learned Polytope Approx. (FullNet),141.3396703,198.2138399,56.87416958,0.116912164,0,0,FALSE
38,1,supervised,Supervised Regression (FullNet),141.3396703,158.3385062,16.99883584,0.034943291,477.8965688,0.070797713,TRUE
38,1,cube,Inner Approx. (Cube),141.3396703,187.8911644,46.55149403,0.095692578,0,0,FALSE
38,1,power_energy,Outer Approx. (Power-Energy),141.3396703,70.59447486,-70.74519548,-0.14542584,3871.049248,0.518160583,TRUE
38,2,fullnet,Learned Polytope Approx. (FullNet),152.8555772,212.3351302,59.47955303,0.111313382,0,0,FALSE
38,2,supervised,Supervised Regression (FullNet),152.8555772,164.3559234,11.50034618,0.021522395,477.8965688,0.070797713,TRUE
38,2,cube,Inner Approx. (Cube),152.8555772,201.6847412,48.82916398,0.091381644,0,0,FALSE
38,2,power_energy,Outer Approx. (Power-Energy),152.8555772,74.45568379,-78.39989341,-0.146721971,3847.119738,0.514957491,TRUE
38,3,fullnet,Learned Polytope Approx. (FullNet),154.2796429,214.6636047,60.38396188,0.11395983,0,0,FALSE
38,3,supervised,Supervised Regression (FullNet),154.2796429,165.327083,11.04744015,0.020849318,477.8965688,0.070797713,TRUE
38,3,cube,Inner Approx. (Cube),154.2796429,199.4203936,45.14075072,0.085192029,0,0,FALSE
38,3,power_energy,Outer Approx. (Power-Energy),154.2796429,76.96090296,-77.3187399,-0.145920045,3762.203677,0.503685572,TRUE
38,4,fullnet,Learned Polytope Approx. (FullNet),159.9709792,210.847741,50.87676182,0.099569577,0,0,FALSE
38,4,supervised,Supervised Regression (FullNet),159.9709792,165.4086145,5.437635304,0.010641854,684.7762921,0.104409287,TRUE
38,4,cube,Inner Approx. (Cube),159.9709792,185.9830986,26.01211934,0.050907637,0,0,FALSE
38,4,power_energy,Outer Approx. (Power-Energy),159.9709792,91.96738082,-68.00359839,-0.13308806,3926.138142,0.525500886,TRUE
38,5,fullnet,Learned Polytope Approx. (FullNet),129.6122144,172.9499074,43.33769299,0.103875034,0,0,FALSE
38,5,supervised,Supervised Regression (FullNet),129.6122144,136.043387,6.431172588,0.015414717,602.931602,0.090551736,TRUE
38,5,cube,Inner Approx. (Cube),129.6122144,157.2409529,27.62873849,0.066222634,0,0,FALSE
38,5,power_energy,Outer Approx. (Power-Energy),129.6122144,70.61516745,-58.99704699,-0.141408549,4027.222086,0.576063466,TRUE
38,6,fullnet,Learned Polytope Approx. (FullNet),159.6452044,213.1055876,53.46038325,0.103466357,0,0,FALSE
38,6,supervised,Supervised Regression (FullNet),159.6452044,163.7022637,4.057059333,0.007851967,602.931602,0.090551736,TRUE
38,6,cube,Inner Approx. (Cube),159.6452044,189.4360427,29.79083831,0.057656704,0,0,FALSE
38,6,power_energy,Outer Approx. (Power-Energy),159.6452044,88.0067239,-71.63848049,-0.138647951,3926.138142,0.525500886,TRUE
38,7,fullnet,Learned Polytope Approx. (FullNet),139.2030223,188.3374078,49.13438551,0.107117762,0,0,FALSE
38,7,supervised,Supervised Regression (FullNet),139.2030223,149.4742718,10.27124946,0.022392328,616.3404382,0.093001851,TRUE
38,7,cube,Inner Approx. (Cube),139.2030223,167.505698,28.3026757,0.061702599,0,0,FALSE
38,7,power_energy,Outer Approx. (Power-Energy),139.2030223,77.35285031,-61.85017199,-0.134839419,3908.988092,0.551197139,TRUE
38,8,fullnet,Learned Polytope Approx. (FullNet),119.4401912,161.8860222,42.445831,0.109412206,0,0,FALSE
38,8,supervised,Supervised Regression (FullNet),119.4401912,131.727176,12.28698485,0.031672042,602.931602,0.090551736,TRUE
38,8,cube,Inner Approx. (Cube),119.4401912,143.5087226,24.06853144,0.06204122,0,0,FALSE
38,8,power_energy,Outer Approx. (Power-Energy),119.4401912,70.27849787,-49.16169329,-0.126723619,4068.21436,0.62739229,TRUE
38,9,fullnet,Learned Polytope Approx. (FullNet),108.9620183,153.5417616,44.57974328,0.117527187,0,0,FALSE
38,9,supervised,Supervised Regression (FullNet),108.9620183,126.1064205,17.14440211,0.045198407,477.8965688,0.070797713,TRUE
38,9,cube,Inner Approx. (Cube),108.9620183,146.2989015,37.33688316,0.098432574,0,0,FALSE
38,9,power_energy,Outer Approx. (Power-Energy),108.9620183,57.26397812,-51.69804023,-0.136293411,3615.705684,0.53432471,TRUE
39,0,fullnet,Learned Polytope Approx. (FullNet),131.5519943,188.312512,56.76051766,0.129794884,0,0,FALSE
39,0,supervised,Supervised Regression (FullNet),131.5519943,142.8511005,11.29910617,0.025837787,513.7600051,0.08644737,TRUE
39,0,cube,Inner Approx. (Cube),131.5519943,157.6032671,26.05127273,0.059571725,0,0,FALSE
39,0,power_energy,Outer Approx. (Power-Energy),131.5519943,70.26347723,-61.28851711,-0.140149109,3623.120555,0.557956143,TRUE
39,1,fullnet,Learned Polytope Approx. (FullNet),122.0817946,181.1320375,59.05024295,0.136442726,0,0,FALSE
39,1,supervised,Supervised Regression (FullNet),122.0817946,139.7353463,17.65355178,0.040790666,495.2555354,0.083038522,TRUE
39,1,cube,Inner Approx. (Cube),122.0817946,163.2530025,41.17120796,0.095131054,0,0,FALSE
39,1,power_energy,Outer Approx. (Power-Energy),122.0817946,57.40427434,-64.67752023,-0.149445231,3625.479395,0.55567121,TRUE
39,2,fullnet,Learned Polytope Approx. (FullNet),130.9728051,192.2549575,61.28215243,0.129379613,0,0,FALSE
39,2,supervised,Supervised Regression (FullNet),130.9728051,142.4357815,11.46297641,0.024200773,495.2555354,0.083038522,TRUE
39,2,cube,Inner Approx. (Cube),130.9728051,174.682748,43.70994288,0.092280954,0,0,FALSE
39,2,power_energy,Outer Approx. (Power-Energy),130.9728051,59.26680817,-71.70599693,-0.151386559,3239.306468,0.496483126,TRUE
39,3,fullnet,Learned Polytope Approx. (FullNet),131.9334072,193.3618943,61.42848711,0.130520378,0,0,FALSE
39,3,supervised,Supervised Regression (FullNet),131.9334072,144.5098506,12.57644343,0.026721839,495.2555354,0.083038522,TRUE
39,3,cube,Inner Approx. (Cube),131.9334072,172.2915005,40.3580933,0.08575099,0,0,FALSE
39,3,power_energy,Outer Approx. (Power-Energy),131.9334072,60.82475425,-71.10865298,-0.151088342,3612.114875,0.553747259,TRUE
39,4,fullnet,Learned Polytope Approx. (FullNet),137.157747,186.0036726,48.84592558,0.107090394,0,0,FALSE
39,4,supervised,Supervised Regression (FullNet),137.157747,146.9283688,9.770621826,0.021421229,523.5439066,0.089637444,TRUE
39,4,cube,Inner Approx. (Cube),137.157747,160.9125916,23.75484454,0.052080407,0,0,FALSE
39,4,power_energy,Outer Approx. (Power-Energy),137.157747,74.38676637,-62.77098065,-0.137619853,3558.060214,0.529795414,TRUE
39,5,fullnet,Learned Polytope Approx. (FullNet),110.9118757,152.3086397,41.39676407,0.111153027,0,0,FALSE
39,5,supervised,Supervised Regression (FullNet),110.9118757,120.6905569,9.77868118,0.0262564,511.1037568,0.085961811,TRUE
39,5,cube,Inner Approx. (Cube),110.9118757,136.3383113,25.42643562,0.068271648,0,0,FALSE
39,5,power_energy,Outer Approx. (Power-Energy),110.9118757,56.14723627,-54.7646394,-0.14704665,3923.67474,0.589002567,TRUE
39,6,fullnet,Learned Polytope Approx. (FullNet),136.6432942,187.0491696,50.4058754,0.109439283,0,0,FALSE
39,6,supervised,Supervised Regression (FullNet),136.6432942,143.9583885,7.315094243,0.015882249,523.5439066,0.089637444,TRUE
39,6,cube,Inner Approx. (Cube),136.6432942,163.568652,26.92535782,0.058459293,0,0,FALSE
39,6,power_energy,Outer Approx. (Power-Energy),136.6432942,70.49003522,-66.15325899,-0.143629391,3509.022052,0.522493628,TRUE
39,7,fullnet,Learned Polytope Approx. (FullNet),119.6823242,166.0112875,46.32896332,0.11304451,0,0,FALSE
39,7,supervised,Supervised Regression (FullNet),119.6823242,131.7700897,12.08776549,0.029494628,523.5439066,0.089637444,TRUE
39,7,cube,Inner Approx. (Cube),119.6823242,145.2665948,25.58427062,0.062426636,0,0,FALSE
39,7,power_energy,Outer Approx. (Power-Energy),119.6823242,62.69017846,-56.99214572,-0.139063098,3810.387775,0.558301551,TRUE
39,8,fullnet,Learned Polytope Approx. (FullNet),103.455014,146.4836674,43.02865344,0.123843924,0,0,FALSE
39,8,supervised,Supervised Regression (FullNet),103.455014,117.8315614,14.37654738,0.041378196,511.1037568,0.085961811,TRUE
39,8,cube,Inner Approx. (Cube),103.455014,124.9818885,21.52687454,0.061958077,0,0,FALSE
39,8,power_energy,Outer Approx. (Power-Energy),103.455014,58.1240911,-45.3309229,-0.130470254,3827.291233,0.686143037,TRUE
39,9,fullnet,Learned Polytope Approx. (FullNet),94.32667289,140.1474757,45.82080285,0.135361186,0,0,FALSE
39,9,supervised,Supervised Regression (FullNet),94.32667289,112.2960978,17.96942494,0.053084244,208.689982,0.033458324,TRUE
39,9,cube,Inner Approx. (Cube),94.32667289,127.7018999,33.37522706,0.09859518,0,0,FALSE
39,9,power_energy,Outer Approx. (Power-Energy),94.32667289,46.97154631,-47.35512659,-0.139893797,3473.078079,0.595717723,TRUE
