sample_id,price_id,method_id,method,true_cost,method_cost,cost_diff,normalized_cost_diff,abs_decomp_error,rel_decomp_error,is_decomp_failed
0,0,fullnet,Learned Polytope Approx. (FullNet),152.15495202397716,210.60741838351635,58.45246635953919,0.12302738044741696,0.0,0.0,False
0,0,cube,Inner Approx. (Cube),152.15495202397716,181.18060969035957,29.025657666382415,0.06109153044960866,0.0,0.0,False
0,0,power_energy,Outer Approx. (Power-Energy),152.15495202397716,86.59625312886311,-65.55869889511405,-0.13798416889710238,3676.2699959310744,0.5665073275018147,True
0,1,fullnet,Learned Polytope Approx. (FullNet),142.31934789775113,202.8471869193759,60.52783902162477,0.12824062141200418,0.0,0.0,False
0,1,cube,Inner Approx. (Cube),142.31934789775113,187.65418736724342,45.334839469492294,0.09605114075035888,0.0,0.0,False
0,1,power_energy,Outer Approx. (Power-Energy),142.31934789775113,71.88962890654406,-70.42971899120707,-0.14921978176155246,3823.660612010095,0.5312610040458509,True
0,2,fullnet,Learned Polytope Approx. (FullNet),152.88277985688043,216.65671463088063,63.773934774000196,0.12322443590456923,0.0,0.0,False
0,2,cube,Inner Approx. (Cube),152.88277985688043,200.13886590655653,47.2560860496761,0.0913085348609088,0.0,0.0,False
0,2,power_energy,Outer Approx. (Power-Energy),152.88277985688043,76.25367069554225,-76.62910916133818,-0.1480632923738802,3823.660612010095,0.5312610040458509,True
0,3,fullnet,Learned Polytope Approx. (FullNet),154.26708977960436,219.5738125287444,65.30672274914005,0.1272942737903625,0.0,0.0,False
0,3,cube,Inner Approx. (Cube),154.26708977960436,197.60390599135494,43.33681621175057,0.0844710669260132,0.0,0.0,False
0,3,power_energy,Outer Approx. (Power-Energy),154.26708977960436,78.63570207261142,-75.63138770699294,-0.14741885932479729,3653.2452507974167,0.5027892540373439,True
0,4,fullnet,Learned Polytope Approx. (FullNet),159.29476696415838,215.10837634651517,55.81360938235679,0.1128890303016515,0.0,0.0,False
0,4,cube,Inner Approx. (Cube),159.29476696415838,185.58660244554733,26.291835481388944,0.053178066159662925,0.0,0.0,False
0,4,power_energy,Outer Approx. (Power-Energy),159.29476696415838,92.93812691803372,-66.35664004612467,-0.13421344420794087,3954.802770881921,0.5487969864018164,True
0,5,fullnet,Learned Polytope Approx. (FullNet),129.0399471201049,175.91879199508935,46.87884487498445,0.11604056160899612,0.0,0.0,False
0,5,cube,Inner Approx. (Cube),129.0399471201049,156.8639372297245,27.823990109619615,0.06887352807292235,0.0,0.0,False
0,5,power_energy,Outer Approx. (Power-Energy),129.0399471201049,71.22474810801387,-57.81519901209103,-0.1431116355530965,4055.7402277761935,0.6104063152529144,True
0,6,fullnet,Learned Polytope Approx. (FullNet),158.85665264858054,217.15811354683038,58.30146089824984,0.11673587899530924,0.0,0.0,False
0,6,cube,Inner Approx. (Cube),158.85665264858054,188.532837931044,29.67618528246348,0.05942004747054337,0.0,0.0,False
0,6,power_energy,Outer Approx. (Power-Energy),158.85665264858054,89.09269725074216,-69.76395539783837,-0.1396870083542055,3954.802770881921,0.5487969864018164,True
0,7,fullnet,Learned Polytope Approx. (FullNet),139.26748412889322,193.542658659602,54.275174530708796,0.12227466021517232,0.0,0.0,False
0,7,cube,Inner Approx. (Cube),139.26748412889322,168.01723407779292,28.749749948899705,0.06476931556035607,0.0,0.0,False
0,7,power_energy,Outer Approx. (Power-Energy),139.26748412889322,78.76779773209704,-60.49968639679618,-0.1362976473361168,3818.191485425481,0.5632525614805789,True
0,8,fullnet,Learned Polytope Approx. (FullNet),119.51894556099435,165.39511350242313,45.876167941428776,0.12183377866215882,0.0,0.0,False
0,8,cube,Inner Approx. (Cube),119.51894556099435,143.85399541803167,24.33504985703732,0.06462682501729779,0.0,0.0,False
0,8,power_energy,Outer Approx. (Power-Energy),119.51894556099435,70.90690479784563,-48.61204076314873,-0.1290994623224594,4478.511001493415,0.7184184935111337,True
0,9,fullnet,Learned Polytope Approx. (FullNet),109.74248880452612,157.4787656200269,47.73627681550079,0.12959478349689327,0.0,0.0,False
0,9,cube,Inner Approx. (Cube),109.74248880452612,147.01891204794413,37.27642324341801,0.10119829869514799,0.0,0.0,False
0,9,power_energy,Outer Approx. (Power-Energy),109.74248880452612,58.14456667040431,-51.59792213412181,-0.1400784056474582,3601.279544520922,0.5507435776090579,True
1,0,fullnet,Learned Polytope Approx. (FullNet),108.66589430534547,168.71536637546785,60.04947207012238,0.12760248138416228,0.0,0.0,False
1,0,cube,Inner Approx. (Cube),108.66589430534547,143.0955607688814,34.42966646353592,0.07316152369909262,0.0,0.0,False
1,0,power_energy,Outer Approx. (Power-Energy),108.66589430534547,48.76275608980272,-59.903138215542754,-0.1272915283930508,3779.2613384829106,0.6158219316267761,True
1,1,fullnet,Learned Polytope Approx. (FullNet),97.89962237875747,158.73267524893572,60.83305287017825,0.13061681386936644,0.8487692176170185,0.00010372183672412505,True
1,1,cube,Inner Approx. (Cube),97.89962237875747,149.58578966113708,51.686167282379614,0.11097721013526594,0.0,0.0,False
1,1,power_energy,Outer Approx. (Power-Energy),97.89962237875747,37.652800936645086,-60.246821442112385,-0.12935809549651966,3405.9307126473805,0.5652671680550343,True
1,2,fullnet,Learned Polytope Approx. (FullNet),105.71273279280067,169.45402679119042,63.74129399838975,0.12462147717317737,0.0,0.0,False
1,2,cube,Inner Approx. (Cube),105.71273279280067,161.445570236825,55.73283744402434,0.10896403404521948,0.0,0.0,False
1,2,power_energy,Outer Approx. (Power-Energy),105.71273279280067,34.91064888347422,-70.80208390932646,-0.13842612426321965,3708.856057175048,0.5364793867207447,True
1,3,fullnet,Learned Polytope Approx. (FullNet),106.84021077058918,171.31678661353394,64.47657584294475,0.1270104277635554,0.0,0.0,False
1,3,cube,Inner Approx. (Cube),106.84021077058918,156.7481238623724,49.90791309178323,0.09831206616824938,0.0,0.0,False
1,3,power_energy,Outer Approx. (Power-Energy),106.84021077058918,35.806550897265375,-71.03365987332381,-0.1399270263374102,3708.856057175048,0.5364793867207447,True
1,4,fullnet,Learned Polytope Approx. (FullNet),114.27591954585824,167.55109999084303,53.275180444984784,0.10839204019147217,0.0,0.0,False
1,4,cube,Inner Approx. (Cube),114.27591954585824,145.22398886987185,30.948069324013602,0.06296598802665786,0.0,0.0,False
1,4,power_energy,Outer Approx. (Power-Energy),114.27591954585824,50.8057793752493,-63.47014017060894,-0.129134391040409,3739.9580163381024,0.5614896150075946,True
1,5,fullnet,Learned Polytope Approx. (FullNet),92.15359103015012,136.95182446601032,44.7982334358602,0.11171621580934772,0.0,0.0,False
1,5,cube,Inner Approx. (Cube),92.15359103015012,121.65340147325715,29.499810443107023,0.07356556134106214,0.0,0.0,False
1,5,power_energy,Outer Approx. (Power-Energy),92.15359103015012,37.32175043473275,-54.831840595417376,-0.13673766279091626,3750.086678784021,0.6059679909859179,True
1,6,fullnet,Learned Polytope Approx. (FullNet),113.47764625413303,168.45775724671486,54.98011099258183,0.11067233783643375,0.0,0.0,False
1,6,cube,Inner Approx. (Cube),113.47764625413303,147.16356104645666,33.68591479232363,0.06780813779601817,0.0,0.0,False
1,6,power_energy,Outer Approx. (Power-Energy),113.47764625413303,46.690203467826954,-66.78744278630609,-0.13443993287454178,3750.6790129748492,0.5515072948386934,True
1,7,fullnet,Learned Polytope Approx. (FullNet),98.9016967470233,149.27791673378317,50.37621998675988,0.11422058753855041,0.0,0.0,False
1,7,cube,Inner Approx. (Cube),98.9016967470233,130.75185469125074,31.850157944227448,0.07221549680665659,0.0,0.0,False
1,7,power_energy,Outer Approx. (Power-Energy),98.9016967470233,42.214448671818865,-56.68724807520443,-0.1285299052369384,3650.6998822148275,0.5621408889123521,True
1,8,fullnet,Learned Polytope Approx. (FullNet),85.63283323551059,130.74796591866738,45.11513268315679,0.12111332578984922,0.0,0.0,False
1,8,cube,Inner Approx. (Cube),85.63283323551059,113.78991000648561,28.157076770975024,0.07558876610654525,0.0,0.0,False
1,8,power_energy,Outer Approx. (Power-Energy),85.63283323551059,41.358252699857346,-44.27458053565324,-0.11885683090599485,4000.6387958020528,0.7134013228798646,True
1,9,fullnet,Learned Polytope Approx. (FullNet),76.16130294552687,122.64628414148287,46.484981195955996,0.12800844754129292,0.0,0.0,False
1,9,cube,Inner Approx. (Cube),76.16130294552687,116.78708891874655,40.62578597321968,0.11187363442515715,0.0,0.0,False
1,9,power_energy,Outer Approx. (Power-Energy),76.16130294552687,31.55038878470209,-44.61091416082478,-0.12284771808452095,3606.931148986993,0.5878882755125537,True
2,0,fullnet,Learned Polytope Approx. (FullNet),145.99953505843132,202.9067093078971,56.90717424946578,0.12292793964475603,0.0,0.0,False
2,0,cube,Inner Approx. (Cube),145.99953505843132,171.02253786462998,25.02300280619866,0.05405339870165537,0.0,0.0,False
2,0,power_energy,Outer Approx. (Power-Energy),145.99953505843132,73.2876887268164,-72.71184633161492,-0.15706837626708275,4100.4038283573955,0.6195454888779344,True
2,1,fullnet,Learned Polytope Approx. (FullNet),136.8078495360891,196.5110973225823,59.70324778649319,0.1302321712960857,0.0,0.0,False
2,1,cube,Inner Approx. (Cube),136.8078495360891,176.35884618760306,39.55099665151397,0.08627356738231182,0.0,0.0,False
2,1,power_energy,Outer Approx. (Power-Energy),136.8078495360891,59.39896847690039,-77.4088810591887,-0.1688539071440476,4155.8373631433615,0.5759103956186674,True
2,2,fullnet,Learned Polytope Approx. (FullNet),146.61240513170355,209.0146108204916,62.40220568878806,0.12408083286029892,0.0,0.0,False
2,2,cube,Inner Approx. (Cube),146.61240513170355,188.19267611094372,41.58027097924017,0.08267840209673906,0.0,0.0,False
2,2,power_energy,Outer Approx. (Power-Energy),146.61240513170355,61.30386885687106,-85.30853627483249,-0.16962788597352568,3991.438150560479,0.5531281721376233,True
2,3,fullnet,Learned Polytope Approx. (FullNet),147.87181618864025,210.37912957732823,62.507313388687976,0.12518546040585649,0.0,0.0,False
2,3,cube,Inner Approx. (Cube),147.87181618864025,186.19632759178376,38.324511403143504,0.07675376439551562,0.0,0.0,False
2,3,power_energy,Outer Approx. (Power-Energy),147.87181618864025,63.5370541515647,-84.33476203707555,-0.16890001251821918,4025.9192001787314,0.558024431887607,True
2,4,fullnet,Learned Polytope Approx. (FullNet),152.15293326043187,202.3094122326245,50.156478972192645,0.10381957917877759,0.0,0.0,False
2,4,cube,Inner Approx. (Cube),152.15293326043187,175.93857896825887,23.785645707827,0.04923423211687508,0.0,0.0,False
2,4,power_energy,Outer Approx. (Power-Energy),152.15293326043187,78.0158281942133,-74.13710506621857,-0.15345740385354556,4312.68824210817,0.5841052390115086,True
2,5,fullnet,Learned Polytope Approx. (FullNet),123.29739268623017,165.92180008733072,42.624407401100555,0.10806520187786577,0.0,0.0,False
2,5,cube,Inner Approx. (Cube),123.29739268623017,148.88248073529402,25.585088049063856,0.06486559869483766,0.0,0.0,False
2,5,power_energy,Outer Approx. (Power-Energy),123.29739268623017,59.40067099661566,-63.89672168961451,-0.1619966716192683,4332.443920156775,0.6370860306950754,True
2,6,fullnet,Learned Polytope Approx. (FullNet),151.60220653383746,203.55442189635056,51.9522153625131,0.10640034291496524,0.0,0.0,False
2,6,cube,Inner Approx. (Cube),151.60220653383746,178.6307723443427,27.028565810505228,0.05535565039277561,0.0,0.0,False
2,6,power_energy,Outer Approx. (Power-Energy),151.60220653383746,73.78814626996183,-77.81406026387563,-0.159366499347712,4312.68824210817,0.5841052390115086,True
2,7,fullnet,Learned Polytope Approx. (FullNet),132.89550806447556,180.83354900561721,47.93804094114165,0.11048517914252826,0.0,0.0,False
2,7,cube,Inner Approx. (Cube),132.89550806447556,158.84160850947498,25.946100444999416,0.05979926378792739,0.0,0.0,False
2,7,power_energy,Outer Approx. (Power-Energy),132.89550806447556,65.38548784923293,-67.51002021524263,-0.15559368991642303,4252.62821781967,0.607049187292274,True
2,8,fullnet,Learned Polytope Approx. (FullNet),114.75529487170833,158.69242234990156,43.93712747819323,0.11970362635490807,0.0,0.0,False
2,8,cube,Inner Approx. (Cube),114.75529487170833,136.0979626135652,21.342667741856857,0.058146603372197514,0.0,0.0,False
2,8,power_energy,Outer Approx. (Power-Energy),114.75529487170833,60.86752256890347,-53.88777230280486,-0.14681346121306732,4467.648368868701,0.732447670530094,True
2,9,fullnet,Learned Polytope Approx. (FullNet),105.52074678299721,152.19865042617414,46.67790364317693,0.13038975518743212,0.0,0.0,False
2,9,cube,Inner Approx. (Cube),105.52074678299721,138.454409089685,32.93366230668778,0.0919966800227602,0.0,0.0,False
2,9,power_energy,Outer Approx. (Power-Energy),105.52074678299721,48.78125598232552,-56.73949080067169,-0.15849572790402222,3970.2041728096005,0.6179459193596076,True
3,0,fullnet,Learned Polytope Approx. (FullNet),149.1669037898322,204.68520434257036,55.51830055273817,0.12401931834946146,0.0,0.0,False
3,0,cube,Inner Approx. (Cube),149.1669037898322,174.35967886749853,25.19277507766634,0.05627677290834122,0.0,0.0,False
3,0,power_energy,Outer Approx. (Power-Energy),149.1669037898322,85.04902540291664,-64.11787838691555,-0.14322944853121494,3604.005877672445,0.5684738283533707,True
3,1,fullnet,Learned Polytope Approx. (FullNet),139.81631738398275,196.96614372516078,57.14982634117803,0.12872843839547496,0.0,0.0,False
3,1,cube,Inner Approx. (Cube),139.81631738398275,179.65652194145108,39.840204557468326,0.0897389834121667,0.0,0.0,False
3,1,power_energy,Outer Approx. (Power-Energy),139.81631738398275,70.72643821255471,-69.08987917142804,-0.15562308451428716,3748.820643602637,0.5520357190232555,True
3,2,fullnet,Learned Polytope Approx. (FullNet),150.3356771250113,210.54726359859595,60.211586473584646,0.12385917626399888,0.0,0.0,False
3,2,cube,Inner Approx. (Cube),150.3356771250113,192.01279250281112,41.67711537779982,0.08573255551103245,0.0,0.0,False
3,2,power_energy,Outer Approx. (Power-Energy),150.3356771250113,75.33376419574711,-75.0019129292642,-0.15428384631117953,3748.820643602637,0.5520357190232555,True
3,3,fullnet,Learned Polytope Approx. (FullNet),151.4768659302444,212.58693179592558,61.11006586568118,0.1265888461808379,0.0,0.0,False
3,3,cube,Inner Approx. (Cube),151.4768659302444,190.21780302476267,38.74093709451827,0.08025143578700716,0.0,0.0,False
3,3,power_energy,Outer Approx. (Power-Energy),151.4768659302444,77.3201406188085,-74.1567253114359,-0.15361486132836735,3683.5965448142024,0.5193116014091681,True
3,4,fullnet,Learned Polytope Approx. (FullNet),155.72494528946658,207.11308365220927,51.388138362742694,0.11027643931457531,0.0,0.0,False
3,4,cube,Inner Approx. (Cube),155.72494528946658,179.30653720097206,23.581591911505484,0.05060494643751521,0.0,0.0,False
3,4,power_energy,Outer Approx. (Power-Energy),155.72494528946658,91.0220123521974,-64.70293293726918,-0.13884933926123608,3836.2903946812226,0.5630071753405886,True
3,5,fullnet,Learned Polytope Approx. (FullNet),126.05706660999593,168.7815223614413,42.72445575144536,0.11223091457435286,0.0,0.0,False
3,5,cube,Inner Approx. (Cube),126.05706660999593,151.55737023538427,25.50030362538834,0.066985578808788,0.0,0.0,False
3,5,power_energy,Outer Approx. (Power-Energy),126.05706660999593,69.57571922507015,-56.48134738492578,-0.14836826267090616,3908.4064738839706,0.6022068631549103,True
3,6,fullnet,Learned Polytope Approx. (FullNet),155.2493646090208,207.5965429802809,52.3471783712601,0.11120873564079875,0.0,0.0,False
3,6,cube,Inner Approx. (Cube),155.2493646090208,182.22311999043188,26.97375538141108,0.057304277418280807,0.0,0.0,False
3,6,power_energy,Outer Approx. (Power-Energy),155.2493646090208,87.24292663144048,-68.00643797758032,-0.14447598167150363,3836.2903946812226,0.5630071753405886,True
3,7,fullnet,Learned Polytope Approx. (FullNet),136.34152526949714,184.82720768222998,48.48568241273284,0.11576486738972114,0.0,0.0,False
3,7,cube,Inner Approx. (Cube),136.34152526949714,162.25813264905565,25.916607379558513,0.06187873341549933,0.0,0.0,False
3,7,power_energy,Outer Approx. (Power-Energy),136.34152526949714,77.27532478602826,-59.066200483468876,-0.1410270109839226,3733.9329626434583,0.5639848527525109,True
3,8,fullnet,Learned Polytope Approx. (FullNet),117.15424186283187,159.95373625430494,42.799494391473075,0.12044087426380957,0.0,0.0,False
3,8,cube,Inner Approx. (Cube),117.15424186283187,138.51391520250746,21.359673339675595,0.060107666401135046,0.0,0.0,False
3,8,power_energy,Outer Approx. (Power-Energy),117.15424186283187,69.7285893969161,-47.42565246591576,-0.13345921784217354,4500.914951379802,0.7536141893948275,True
3,9,fullnet,Learned Polytope Approx. (FullNet),107.84988529640106,153.0242662324572,45.17438093605614,0.13018590664302407,0.0,0.0,False
3,9,cube,Inner Approx. (Cube),107.84988529640106,140.88132265107288,33.03143735467182,0.09519173324869977,0.0,0.0,False
3,9,power_energy,Outer Approx. (Power-Energy),107.84988529640106,57.28667828977319,-50.56320700662786,-0.14571570900449926,3638.798459620138,0.5696397595121494,True
4,0,fullnet,Learned Polytope Approx. (FullNet),100.86083091600872,161.95823234073166,61.09740142472293,0.13495267092286853,0.0,0.0,False
4,0,cube,Inner Approx. (Cube),100.86083091600872,127.21804234206505,26.357211426056324,0.058218123800363904,0.0,0.0,False
4,0,power_energy,Outer Approx. (Power-Energy),100.86083091600872,42.13908640532272,-58.721744510686,-0.12970529152096924,3796.09227443206,0.6515006250550792,True
4,1,fullnet,Learned Polytope Approx. (FullNet),91.02038984208967,153.1266323581187,62.10624251602904,0.13856288100884276,0.4022288836706025,5.133931544005576e-05,True
4,1,cube,Inner Approx. (Cube),91.02038984208967,131.6911075723167,40.670717730227025,0.09073889504655222,0.0,0.0,False
4,1,power_energy,Outer Approx. (Power-Energy),91.02038984208967,31.861440192323144,-59.15894964976653,-0.13198728773219678,3405.3800017778767,0.5959989097905988,True
4,2,fullnet,Learned Polytope Approx. (FullNet),97.87928836315932,163.20864463995497,65.32935627679565,0.13296147723594967,0.0,0.0,False
4,2,cube,Inner Approx. (Cube),97.87928836315932,143.29669778977922,45.4174094266199,0.09243571640301372,0.0,0.0,False
4,2,power_energy,Outer Approx. (Power-Energy),97.87928836315932,28.425453089401103,-69.45383527375822,-0.14135581710884346,3628.848104109435,0.5488382062111091,True
4,3,fullnet,Learned Polytope Approx. (FullNet),98.72390715626622,164.16712308584775,65.44321592958153,0.1341551196674122,0.0,0.0,False
4,3,cube,Inner Approx. (Cube),98.72390715626622,140.13146881718237,41.407561660916144,0.08488330395824843,0.0,0.0,False
4,3,power_energy,Outer Approx. (Power-Energy),98.72390715626622,29.062485671770276,-69.66142148449595,-0.14280221720018324,3628.848104109435,0.5488382062111091,True
4,4,fullnet,Learned Polytope Approx. (FullNet),105.173073825285,160.01869182614726,54.84561800086226,0.11609162038834545,0.0,0.0,False
4,4,cube,Inner Approx. (Cube),105.173073825285,130.24376383370816,25.070690008423156,0.05306708417955996,0.0,0.0,False
4,4,power_energy,Outer Approx. (Power-Energy),105.173073825285,43.08673513859753,-62.08633868668747,-0.1314180407631445,3732.3958493465684,0.5593886202548236,True
4,5,fullnet,Learned Polytope Approx. (FullNet),84.73744421304218,130.86877533079854,46.13133111775636,0.11963649404625912,0.0,0.0,False
4,5,cube,Inner Approx. (Cube),84.73744421304218,109.18429720929888,24.446852996256695,0.0634002035508288,0.0,0.0,False
4,5,power_energy,Outer Approx. (Power-Energy),84.73744421304218,31.03431716077735,-53.70312705226483,-0.13927310754275624,3730.1451411316743,0.5989212746933876,True
4,6,fullnet,Learned Polytope Approx. (FullNet),104.21708097408515,160.41718842896847,56.20010745488332,0.11776885649235559,0.0,0.0,False
4,6,cube,Inner Approx. (Cube),104.21708097408515,132.67363475708495,28.456553782999805,0.05963148382638729,0.0,0.0,False
4,6,power_energy,Outer Approx. (Power-Energy),104.21708097408515,38.933472109874884,-65.28360886421027,-0.13680358119963337,3607.2802137843255,0.5370518088705606,True
4,7,fullnet,Learned Polytope Approx. (FullNet),91.26511413193471,142.26006853202892,50.994954400094215,0.12018213841730738,0.0,0.0,False
4,7,cube,Inner Approx. (Cube),91.26511413193471,117.61069747850468,26.345583346569967,0.062089839704540066,0.0,0.0,False
4,7,power_energy,Outer Approx. (Power-Energy),91.26511413193471,35.78586715791707,-55.47924697401764,-0.13075047556287356,3640.2205983322174,0.5880831975165911,True
4,8,fullnet,Learned Polytope Approx. (FullNet),79.52948735397536,125.66724379250135,46.137756438526,0.1284568549611953,0.0,0.0,False
4,8,cube,Inner Approx. (Cube),79.52948735397536,101.13298854023108,21.603501186255727,0.06014852114091054,0.0,0.0,False
4,8,power_energy,Outer Approx. (Power-Energy),79.52948735397536,36.156688662709016,-43.37279869126634,-0.12075865280030768,3979.0641244712115,0.7517038313562666,True
4,9,fullnet,Learned Polytope Approx. (FullNet),70.89038124285082,118.2904075588945,47.40002631604368,0.13537541240485418,0.0,0.0,False
4,9,cube,Inner Approx. (Cube),70.89038124285082,103.05939231533439,32.16901107248357,0.09187533170461058,0.0,0.0,False
4,9,power_energy,Outer Approx. (Power-Energy),70.89038124285082,27.092456046108303,-43.79792519674252,-0.12508774038336568,3608.8279187011203,0.6192562412132369,True
5,0,fullnet,Learned Polytope Approx. (FullNet),148.52709819042212,206.59669462587522,58.06959643545309,0.1253121795746191,0.0,0.0,False
5,0,cube,Inner Approx. (Cube),148.52709819042212,174.969495752787,26.442397562364874,0.05706177888461303,0.0,0.0,False
5,0,power_energy,Outer Approx. (Power-Energy),148.52709819042212,81.4960103074379,-67.03108788298422,-0.1446507680006241,3792.0731076486773,0.5898250912722803,True
5,1,fullnet,Learned Polytope Approx. (FullNet),139.30630580450537,199.74803064186665,60.44172483736128,0.13131310285115635,0.0,0.0,False
5,1,cube,Inner Approx. (Cube),139.30630580450537,180.74337890075756,41.43707309625219,0.09002441038836173,0.0,0.0,False
5,1,power_energy,Outer Approx. (Power-Energy),139.30630580450537,67.16065068957784,-72.14565511492754,-0.15674056052937965,3939.41956659985,0.5609352219804119,True
5,2,fullnet,Learned Polytope Approx. (FullNet),149.77487739343616,213.2631287810666,63.48825138763044,0.12598491106376428,0.0,0.0,False
5,2,cube,Inner Approx. (Cube),149.77487739343616,192.80132229303132,43.02644489959516,0.08538088095967901,0.0,0.0,False
5,2,power_energy,Outer Approx. (Power-Energy),149.77487739343616,70.89386190633174,-78.88101548710442,-0.15653002726577647,3939.41956659985,0.5609352219804119,True
5,3,fullnet,Learned Polytope Approx. (FullNet),150.90236079218562,214.876880851686,63.97452005950038,0.12799790474106043,0.0,0.0,False
5,3,cube,Inner Approx. (Cube),150.90236079218562,190.48176835881486,39.57940756662924,0.07918904643144237,0.0,0.0,False
5,3,power_energy,Outer Approx. (Power-Energy),150.90236079218562,73.04723189853478,-77.85512889365084,-0.15576972461011265,3804.787838204836,0.5271006955993373,True
5,4,fullnet,Learned Polytope Approx. (FullNet),154.83557730324208,208.78629050508547,53.9507132018434,0.11181873585200078,0.0,0.0,False
5,4,cube,Inner Approx. (Cube),154.83557730324208,179.78117612756867,24.945598824326595,0.051702473610896554,0.0,0.0,False
5,4,power_energy,Outer Approx. (Power-Energy),154.83557730324208,87.09064639294814,-67.74493091029393,-0.1404087561628633,3958.4902687226795,0.5640465416185139,True
5,5,fullnet,Learned Polytope Approx. (FullNet),125.41794358096908,171.85261725214488,46.4346736711758,0.11775878047244488,0.0,0.0,False
5,5,cube,Inner Approx. (Cube),125.41794358096908,152.03567218404305,26.61772860307397,0.06750281656852085,0.0,0.0,False
5,5,power_energy,Outer Approx. (Power-Energy),125.41794358096908,66.59089049725527,-58.82705308371381,-0.14918597423515614,4023.330127403867,0.6044209126200482,True
5,6,fullnet,Learned Polytope Approx. (FullNet),154.3716200848983,210.73681807775068,56.36519799285239,0.11566774922886773,0.0,0.0,False
5,6,cube,Inner Approx. (Cube),154.3716200848983,182.28678848322835,27.915168398330053,0.057285076837468134,0.0,0.0,False
5,6,power_energy,Outer Approx. (Power-Energy),154.3716200848983,83.16131895217794,-71.21030113272036,-0.1461315767040532,3958.4902687226795,0.5640465416185139,True
5,7,fullnet,Learned Polytope Approx. (FullNet),135.3482032517747,186.96385104630787,51.615647794533174,0.11898723162353965,0.0,0.0,False
5,7,cube,Inner Approx. (Cube),135.3482032517747,162.2078932421452,26.859689990370498,0.06191843541212286,0.0,0.0,False
5,7,power_energy,Outer Approx. (Power-Energy),135.3482032517747,73.37492991496065,-61.973273336814046,-0.14286419998738137,3912.1002002528044,0.5716407443357205,True
5,8,fullnet,Learned Polytope Approx. (FullNet),116.60016110340325,161.9765414211952,45.376380317791956,0.12321693892996789,0.0,0.0,False
5,8,cube,Inner Approx. (Cube),116.60016110340325,139.2882961502851,22.688135046881854,0.061608319811493936,0.0,0.0,False
5,8,power_energy,Outer Approx. (Power-Energy),116.60016110340325,67.10134232096426,-49.49881878243899,-0.1344111823884263,4659.644914270994,0.746671069972713,True
5,9,fullnet,Learned Polytope Approx. (FullNet),107.35743686108849,154.93960522402068,47.582168362932194,0.13210691870931177,0.0,0.0,False
5,9,cube,Inner Approx. (Cube),107.35743686108849,141.94214071056564,34.58470384947715,0.09602081656261342,0.0,0.0,False
5,9,power_energy,Outer Approx. (Power-Energy),107.35743686108849,54.63663001572002,-52.720806845368465,-0.146373811531384,3756.2815773998996,0.575536925049457,True
6,0,fullnet,Learned Polytope Approx. (FullNet),152.26802843166445,210.6862802901938,58.418251858529345,0.12682605166924857,0.0,0.0,False
6,0,cube,Inner Approx. (Cube),152.26802843166445,179.7237684236178,27.45573999195335,0.05960642415780414,0.0,0.0,False
6,0,power_energy,Outer Approx. (Power-Energy),152.26802843166445,88.36418663052166,-63.90384180114279,-0.1387352699591592,3608.1271480951496,0.5640428438044041,True
6,1,fullnet,Learned Polytope Approx. (FullNet),142.5046371422835,202.4433843941435,59.93874725185998,0.13101890485841475,0.0,0.0,False
6,1,cube,Inner Approx. (Cube),142.5046371422835,185.51094741309242,43.00631027080891,0.09400663063587347,0.0,0.0,False
6,1,power_energy,Outer Approx. (Power-Energy),142.5046371422835,73.71229353872172,-68.79234360356179,-0.1503718034631221,3754.5647818892903,0.5354642048443268,True
6,2,fullnet,Learned Polytope Approx. (FullNet),153.19886654493058,216.66566159683435,63.46679505190377,0.1267433848878762,0.0,0.0,False
6,2,cube,Inner Approx. (Cube),153.19886654493058,198.45015374745554,45.25128720252496,0.09036695969744592,0.0,0.0,False
6,2,power_energy,Outer Approx. (Power-Energy),153.19886654493058,78.56680409290769,-74.6320624520229,-0.14904045822066467,3754.5647818892903,0.5354642048443268,True
6,3,fullnet,Learned Polytope Approx. (FullNet),154.33081532549116,219.15667395966398,64.82585863417282,0.13049660388775458,0.0,0.0,False
6,3,cube,Inner Approx. (Cube),154.33081532549116,196.09256424540894,41.76174891991778,0.08406778593117685,0.0,0.0,False
6,3,power_energy,Outer Approx. (Power-Energy),154.33081532549116,80.68825611182969,-73.64255921366147,-0.14824491462917155,3569.7073219650056,0.5028065538215877,True
6,4,fullnet,Learned Polytope Approx. (FullNet),159.4543994146789,214.7457776456501,55.29137823097119,0.11534360804902781,0.0,0.0,False
6,4,cube,Inner Approx. (Cube),159.4543994146789,184.73229800134618,25.277898586667277,0.05273234490021161,0.0,0.0,False
6,4,power_energy,Outer Approx. (Power-Energy),159.4543994146789,94.94779673020706,-64.50660268447184,-0.13456753176835026,3801.858487076942,0.551400472744425,True
6,5,fullnet,Learned Polytope Approx. (FullNet),129.10447747297607,175.57591695881118,46.471439485835106,0.11859647617213831,0.0,0.0,False
6,5,cube,Inner Approx. (Cube),129.10447747297607,155.8670268176495,26.76254934467343,0.06829881064107522,0.0,0.0,False
6,5,power_energy,Outer Approx. (Power-Energy),129.10447747297607,72.7539176996348,-56.350559773341274,-0.1438082808147734,3888.357419231577,0.5948122202850428,True
6,6,fullnet,Learned Polytope Approx. (FullNet),159.01134430508262,216.5839173692818,57.57257306419919,0.11890930453101588,0.0,0.0,False
6,6,cube,Inner Approx. (Cube),159.01134430508262,187.6362895485889,28.62494524350629,0.059121421016708704,0.0,0.0,False
6,6,power_energy,Outer Approx. (Power-Energy),159.01134430508262,91.25628850069097,-67.75505580439165,-0.1399400119771674,3801.858487076942,0.551400472744425,True
6,7,fullnet,Learned Polytope Approx. (FullNet),139.4402539328433,192.86636883347762,53.42611490063433,0.12404520060826278,0.0,0.0,False
6,7,cube,Inner Approx. (Cube),139.4402539328433,167.14260002841365,27.702346095570363,0.06431953895834845,0.0,0.0,False
6,7,power_energy,Outer Approx. (Power-Energy),139.4402539328433,80.59690190930769,-58.8433520235356,-0.1366229870878265,3697.6875171662377,0.5553075047602319,True
6,8,fullnet,Learned Polytope Approx. (FullNet),119.62025021355765,165.14863755397698,45.52838734041933,0.12445205834572784,0.0,0.0,False
6,8,cube,Inner Approx. (Cube),119.62025021355765,142.59586581921772,22.975615605660067,0.06280395201580374,0.0,0.0,False
6,8,power_energy,Outer Approx. (Power-Energy),119.62025021355765,72.25909269381977,-47.36115751973789,-0.12946194414698414,4575.2168734338275,0.742041485060987,True
6,9,fullnet,Learned Polytope Approx. (FullNet),109.91540062432401,157.26483574499582,47.349435120671814,0.1323742853327393,0.0,0.0,False
6,9,cube,Inner Approx. (Cube),109.91540062432401,145.29722441964316,35.38182379531915,0.09891656841814142,0.0,0.0,False
6,9,power_energy,Outer Approx. (Power-Energy),109.91540062432401,59.528127207076516,-50.38727341724749,-0.1408671358269592,3604.3902771294884,0.5595347623270882,True
7,0,fullnet,Learned Polytope Approx. (FullNet),147.39136775874354,203.49492971298488,56.10356195424134,0.1249846897245601,0.0,0.0,False
7,0,cube,Inner Approx. (Cube),147.39136775874354,173.43605874717406,26.044690988430517,0.05802105087045988,0.0,0.0,False
7,0,power_energy,Outer Approx. (Power-Energy),147.39136775874354,80.1226661554977,-67.26870160324584,-0.14985782551405546,3638.777413141222,0.5815911890502956,True
7,1,fullnet,Learned Polytope Approx. (FullNet),137.92564864780718,196.45192616048126,58.526277512674085,0.1316207924318542,0.0,0.0,False
7,1,cube,Inner Approx. (Cube),137.92564864780718,179.0644808064814,41.138832158674234,0.09251785554400194,0.0,0.0,False
7,1,power_energy,Outer Approx. (Power-Energy),137.92564864780718,66.0420667346521,-71.88358191315508,-0.16166027323710583,3775.648354699588,0.5336338319240918,True
7,2,fullnet,Learned Polytope Approx. (FullNet),147.6989989992297,209.2682466637077,61.56924766447801,0.1263724200582213,0.0,0.0,False
7,2,cube,Inner Approx. (Cube),147.6989989992297,190.96595623726097,43.26695723803127,0.08880651140196032,0.0,0.0,False
7,2,power_energy,Outer Approx. (Power-Energy),147.6989989992297,69.35826765225063,-78.34073134697907,-0.16079630960247235,3774.167248194679,0.5334244987273922,True
7,3,fullnet,Learned Polytope Approx. (FullNet),148.91444204608192,210.9751850289136,62.06074298283167,0.12831546517730444,0.0,0.0,False
7,3,cube,Inner Approx. (Cube),148.91444204608192,189.02596945505223,40.11152740897032,0.08293373638594782,0.0,0.0,False
7,3,power_energy,Outer Approx. (Power-Energy),148.91444204608192,71.48309280956641,-77.4313492365155,-0.1600954020053929,3636.8951219998316,0.5141323517638153,True
7,4,fullnet,Learned Polytope Approx. (FullNet),154.06172500433473,204.28586656757017,50.224141563235435,0.10734793281903347,0.0,0.0,False
7,4,cube,Inner Approx. (Cube),154.06172500433473,178.31044974636634,24.248724742031612,0.05182867030743444,0.0,0.0,False
7,4,power_energy,Outer Approx. (Power-Energy),154.06172500433473,85.67146276169757,-68.39026224263716,-0.1461757841586044,3898.273433983183,0.5592690516789578,True
7,5,fullnet,Learned Polytope Approx. (FullNet),124.77503999157356,166.47485622657936,41.6998162350058,0.10916297046274535,0.0,0.0,False
7,5,cube,Inner Approx. (Cube),124.77503999157356,150.7375176991911,25.962477707617538,0.06796531598998169,0.0,0.0,False
7,5,power_energy,Outer Approx. (Power-Energy),124.77503999157356,65.3200611875264,-59.45497880404716,-0.15564294236867512,3984.446429982653,0.6206619340594747,True
7,6,fullnet,Learned Polytope Approx. (FullNet),153.46793231917792,204.947836428915,51.47990410973708,0.10896609005445468,0.0,0.0,False
7,6,cube,Inner Approx. (Cube),153.46793231917792,181.286115639334,27.818183320156095,0.05888197970132038,0.0,0.0,False
7,6,power_energy,Outer Approx. (Power-Energy),153.46793231917792,81.73812142875357,-71.72981089042435,-0.15182850800214714,3898.273433983183,0.5592690516789578,True
7,7,fullnet,Learned Polytope Approx. (FullNet),134.67884130736374,183.13601405820597,48.45717275084223,0.11537795209099427,0.0,0.0,False
7,7,cube,Inner Approx. (Cube),134.67884130736374,161.40366790891736,26.724826601553616,0.06363259736858233,0.0,0.0,False
7,7,power_energy,Outer Approx. (Power-Energy),134.67884130736374,72.55396207103821,-62.124879236325526,-0.14792116281821224,3813.703044586653,0.5809762910636992,True
7,8,fullnet,Learned Polytope Approx. (FullNet),115.97756817931112,158.91728808563553,42.93971990632441,0.12061792614884995,0.0,0.0,False
7,8,cube,Inner Approx. (Cube),115.97756817931112,137.9309049990475,21.95333681973638,0.061667052440502364,0.0,0.0,False
7,8,power_energy,Outer Approx. (Power-Energy),115.97756817931112,66.00499709569306,-49.972571083618064,-0.14037324653215122,4435.766581474013,0.7408133577954736,True
7,9,fullnet,Learned Polytope Approx. (FullNet),106.52449353427751,152.49030717962063,45.96581364534312,0.13239441159075788,0.0,0.0,False
7,9,cube,Inner Approx. (Cube),106.52449353427751,140.46814603784952,33.94365250357201,0.09776722185590773,0.0,0.0,False
7,9,power_energy,Outer Approx. (Power-Energy),106.52449353427751,53.779639514972324,-52.74485401930519,-0.1519199456841074,3551.69233768823,0.5629773177649852,True
8,0,fullnet,Learned Polytope Approx. (FullNet),147.37393124473047,203.33268331091796,55.958752066187486,0.12457899829970401,0.0,0.0,False
8,0,cube,Inner Approx. (Cube),147.37393124473047,172.16975536071072,24.795824115980253,0.055202069673226044,0.0,0.0,False
8,0,power_energy,Outer Approx. (Power-Energy),147.37393124473047,80.38005510053533,-66.99387614419514,-0.14914610626746397,3743.906424501402,0.5934620766176452,True
8,1,fullnet,Learned Polytope Approx. (FullNet),137.9642088387323,196.65923136029934,58.69502252156704,0.13196294962001154,0.0,0.0,False
8,1,cube,Inner Approx. (Cube),137.9642088387323,177.18576215770508,39.22155331897278,0.08818110364892348,0.0,0.0,False
8,1,power_energy,Outer Approx. (Power-Energy),137.9642088387323,66.21389715438352,-71.75031168434879,-0.1613149183568804,3891.348281390058,0.5461455735091121,True
8,2,fullnet,Learned Polytope Approx. (FullNet),147.81783758053683,208.86363150135412,61.04579392081729,0.1253073257723747,0.0,0.0,False
8,2,cube,Inner Approx. (Cube),147.81783758053683,189.00146097402128,41.18362339348445,0.08453669584096149,0.0,0.0,False
8,2,power_energy,Outer Approx. (Power-Energy),147.81783758053683,69.470861298426,-78.34697628211083,-0.16082107299640042,3891.348281390058,0.5461455735091121,True
8,3,fullnet,Learned Polytope Approx. (FullNet),149.053925621448,210.5166305599644,61.462704938516396,0.1270269265706022,0.0,0.0,False
8,3,cube,Inner Approx. (Cube),149.053925621448,187.17520600665688,38.12128038520888,0.07878646228006629,0.0,0.0,False
8,3,power_energy,Outer Approx. (Power-Energy),149.053925621448,71.64552701763027,-77.40839860381773,-0.15998239867951394,3707.7772333951198,0.5192351614732125,True
8,4,fullnet,Learned Polytope Approx. (FullNet),153.99393753759085,203.36417596218706,49.37023842459621,0.10541310182435337,0.0,0.0,False
8,4,cube,Inner Approx. (Cube),153.99393753759085,177.6761168665804,23.682179328989548,0.050565119000633825,0.0,0.0,False
8,4,power_energy,Outer Approx. (Power-Energy),153.99393753759085,86.04218530501267,-67.95175223257819,-0.14508751032620887,3937.718541202099,0.5664158242095667,True
8,5,fullnet,Learned Polytope Approx. (FullNet),124.7259542324239,165.77158233502882,41.04562810260492,0.10729243927077418,0.0,0.0,False
8,5,cube,Inner Approx. (Cube),124.7259542324239,150.32313155064898,25.59717731822508,0.06691050228427631,0.0,0.0,False
8,5,power_energy,Outer Approx. (Power-Energy),124.7259542324239,65.64597953270581,-59.07997469971809,-0.1544338554581917,3979.1569555047936,0.614573365416092,True
8,6,fullnet,Learned Polytope Approx. (FullNet),153.42451526176268,203.89034733305647,50.46583207129379,0.1066898280551224,0.0,0.0,False
8,6,cube,Inner Approx. (Cube),153.42451526176268,180.34256662544658,26.9180513636839,0.05690745904106446,0.0,0.0,False
8,6,power_energy,Outer Approx. (Power-Energy),153.42451526176268,82.13192752162757,-71.2925877401351,-0.15071967736218764,3937.718541202099,0.5664158242095667,True
8,7,fullnet,Learned Polytope Approx. (FullNet),134.60232095770448,182.755480425869,48.15315946816452,0.11456454347621653,0.0,0.0,False
8,7,cube,Inner Approx. (Cube),134.60232095770448,160.52749984576297,25.925178888058497,0.061680403044234174,0.0,0.0,False
8,7,power_energy,Outer Approx. (Power-Energy),134.60232095770448,72.77556465274081,-61.826756304963666,-0.1470963523250502,3912.091159832072,0.5888163150741449,True
8,8,fullnet,Learned Polytope Approx. (FullNet),115.91927907228839,159.16410512976609,43.244826057477695,0.12132874632611934,0.0,0.0,False
8,8,cube,Inner Approx. (Cube),115.91927907228839,137.12981525237214,21.21053618008375,0.05950880135843138,0.0,0.0,False
8,8,power_energy,Outer Approx. (Power-Energy),115.91927907228839,66.22174177702908,-49.69753729525931,-0.13943263149018348,4443.706801356445,0.7363527164011522,True
8,9,fullnet,Learned Polytope Approx. (FullNet),106.49364157678328,152.62090927443876,46.12726769765548,0.1327503568422423,0.0,0.0,False
8,9,cube,Inner Approx. (Cube),106.49364157678328,139.24927832371358,32.75563674693031,0.0942679391992445,0.0,0.0,False
8,9,power_energy,Outer Approx. (Power-Energy),106.49364157678328,53.88285228159299,-52.61078929519029,-0.1514093810729551,3647.4329134417053,0.5733405765395788,True
9,0,fullnet,Learned Polytope Approx. (FullNet),112.99464292749764,175.2044648912235,62.20982196372586,0.12974744190738954,0.0,0.0,False
9,0,cube,Inner Approx. (Cube),112.99464292749764,142.33556938499663,29.340926457498995,0.06119468005025194,0.0,0.0,False
9,0,power_energy,Outer Approx. (Power-Energy),112.99464292749764,55.27036212321839,-57.724280804279246,-0.12039220711266763,3770.797972260721,0.6050496329030868,True
9,1,fullnet,Learned Polytope Approx. (FullNet),101.79754362693735,164.59725859974554,62.79971497280819,0.13224010896085528,0.9863668812926107,0.00011621007795890802,True
9,1,cube,Inner Approx. (Cube),101.79754362693735,146.97144473866084,45.17390111172348,0.09512466111968543,0.0,0.0,False
9,1,power_energy,Outer Approx. (Power-Energy),101.79754362693735,43.55531124056018,-58.242232386377175,-0.12264321836863212,3324.4209935415,0.5424653921697318,True
9,2,fullnet,Learned Polytope Approx. (FullNet),110.2445889840877,176.37390298448165,66.12931400039395,0.12684633684496543,0.0,0.0,False
9,2,cube,Inner Approx. (Cube),110.2445889840877,160.94004204342252,50.695453059334824,0.09724178471342089,0.0,0.0,False
9,2,power_energy,Outer Approx. (Power-Energy),110.2445889840877,41.79507479509257,-68.44951418899512,-0.13129684263229754,3655.8298547685267,0.5258364487650777,True
9,3,fullnet,Learned Polytope Approx. (FullNet),111.31430827506527,178.49007417055682,67.17576589549155,0.12985632971832456,0.0,0.0,False
9,3,cube,Inner Approx. (Cube),111.31430827506527,157.2346060495012,45.92029777443592,0.08876774606243829,0.0,0.0,False
9,3,power_energy,Outer Approx. (Power-Energy),111.31430827506527,42.74463321209452,-68.56967506297076,-0.13255087180558825,3655.8298547685267,0.5258364487650777,True
9,4,fullnet,Learned Polytope Approx. (FullNet),119.2364042228934,175.4725594723708,56.23615524947739,0.11227326564053561,0.0,0.0,False
9,4,cube,Inner Approx. (Cube),119.2364042228934,146.16031457228308,26.923910349389686,0.053752524960658396,0.0,0.0,False
9,4,power_energy,Outer Approx. (Power-Energy),119.2364042228934,58.274248550566774,-60.962155672326624,-0.12170853906095257,3590.012861645054,0.550749644021007,True
9,5,fullnet,Learned Polytope Approx. (FullNet),96.17930355940206,143.61378790793574,47.43448434853369,0.1160311211647211,0.0,0.0,False
9,5,cube,Inner Approx. (Cube),96.17930355940206,122.03954676037795,25.860243200975887,0.06325762898894766,0.0,0.0,False
9,5,power_energy,Outer Approx. (Power-Energy),96.17930355940206,43.33302009185287,-52.846283467549185,-0.12926910884228776,3609.212483153931,0.5757135671321109,True
9,6,fullnet,Learned Polytope Approx. (FullNet),118.565873013839,177.12073653105423,58.55486351721524,0.11564738132980901,0.0,0.0,False
9,6,cube,Inner Approx. (Cube),118.565873013839,149.0954884145222,30.529615400683213,0.060296785988702674,0.0,0.0,False
9,6,power_energy,Outer Approx. (Power-Energy),118.565873013839,54.30494142461715,-64.26093158922185,-0.1269170144666566,3609.8048173447587,0.5432843479913465,True
9,7,fullnet,Learned Polytope Approx. (FullNet),103.19012382814688,156.79933283221794,53.60920900407106,0.11921149082911765,0.0,0.0,False
9,7,cube,Inner Approx. (Cube),103.19012382814688,131.80475877520422,28.61463494705734,0.06363073350533172,0.0,0.0,False
9,7,power_energy,Outer Approx. (Power-Energy),103.19012382814688,48.63844760196537,-54.55167622618151,-0.1213072673699883,3605.5217329895017,0.5491097315549319,True
9,8,fullnet,Learned Polytope Approx. (FullNet),88.97119943319365,135.712885007698,46.741685574504345,0.12305674267616026,0.0,0.0,False
9,8,cube,Inner Approx. (Cube),88.97119943319365,112.2944153312882,23.32321589809456,0.06140298412169076,0.0,0.0,False
9,8,power_energy,Outer Approx. (Power-Energy),88.97119943319365,46.40298199024457,-42.56821744294908,-0.11206926142426282,3958.8798237175843,0.6891085718374721,True
9,9,fullnet,Learned Polytope Approx. (FullNet),79.1447289966585,127.42481269211612,48.28008369545762,0.13028627913415014,0.0,0.0,False
9,9,cube,Inner Approx. (Cube),79.1447289966585,114.43149519632348,35.28676619966498,0.09522314625282197,0.0,0.0,False
9,9,power_energy,Outer Approx. (Power-Energy),79.1447289966585,36.10355559972217,-43.04117339693633,-0.11614881131579721,3506.0140911305207,0.5626923749287736,True
10,0,fullnet,Learned Polytope Approx. (FullNet),107.23280446334456,169.84926595724733,62.61646149390276,0.13375945651605223,0.0,0.0,False
10,0,cube,Inner Approx. (Cube),107.23280446334456,133.5800473120791,26.34724284873454,0.05628221078072802,0.0,0.0,False
10,0,power_energy,Outer Approx. (Power-Energy),107.23280446334456,48.79959252677011,-58.43321193657445,-0.12482332097102887,3824.172286185774,0.6362772531538841,True
10,1,fullnet,Learned Polytope Approx. (FullNet),96.68009361711223,159.59888128566587,62.918787668553634,0.13577958642415544,0.8561926706504437,0.00010407661631414399,True
10,1,cube,Inner Approx. (Cube),96.68009361711223,137.45172218777236,40.77162857066013,0.08798572048663841,0.0,0.0,False
10,1,power_energy,Outer Approx. (Power-Energy),96.68009361711223,37.80246019531541,-58.87763342179682,-0.12705872143878164,3370.3850848156017,0.5709628472967342,True
10,2,fullnet,Learned Polytope Approx. (FullNet),104.26202609166455,170.83485146312574,66.57282537146119,0.1308873705847727,0.0,0.0,False
10,2,cube,Inner Approx. (Cube),104.26202609166455,150.61703670818181,46.35501061651726,0.09113756880785964,0.0,0.0,False
10,2,power_energy,Outer Approx. (Power-Energy),104.26202609166455,35.175171013966235,-69.08685507769832,-0.13583014920330566,3596.0675996638934,0.5320214342471578,True
10,3,fullnet,Learned Polytope Approx. (FullNet),105.18476927052296,172.61187415208622,67.42710488156325,0.13355544999260469,0.0,0.0,False
10,3,cube,Inner Approx. (Cube),105.18476927052296,147.298914326816,42.11414505629304,0.08341710064412071,0.0,0.0,False
10,3,power_energy,Outer Approx. (Power-Energy),105.18476927052296,35.910933624754186,-69.27383564576877,-0.13721334037158334,3596.0675996638934,0.5320214342471578,True
10,4,fullnet,Learned Polytope Approx. (FullNet),112.62487603505537,168.42278901480717,55.7979129797518,0.11409607542003569,0.0,0.0,False
10,4,cube,Inner Approx. (Cube),112.62487603505537,137.65855099702028,25.03367496196492,0.05118908421426973,0.0,0.0,False
10,4,power_energy,Outer Approx. (Power-Energy),112.62487603505537,50.82818292924139,-61.79669310581397,-0.1263624350944517,3668.5949874666244,0.5514815961810824,True
10,5,fullnet,Learned Polytope Approx. (FullNet),90.8110362992897,137.42604450297532,46.61500820368562,0.11678970184227287,0.0,0.0,False
10,5,cube,Inner Approx. (Cube),90.8110362992897,114.97378607807133,24.16274977878163,0.060537591885058015,0.0,0.0,False
10,5,power_energy,Outer Approx. (Power-Energy),90.8110362992897,37.31248641921823,-53.498549880071465,-0.1340357951281773,3689.564819014251,0.5956672570703077,True
10,6,fullnet,Learned Polytope Approx. (FullNet),111.84365123972242,169.04887301145627,57.20522177173385,0.11573384336607012,0.0,0.0,False
10,6,cube,Inner Approx. (Cube),111.84365123972242,140.2170239033196,28.373372663597195,0.057403141984469316,0.0,0.0,False
10,6,power_energy,Outer Approx. (Power-Energy),111.84365123972242,46.77880271903529,-65.06484852068712,-0.13163492342321614,3690.1571532050775,0.5421716275364012,True
10,7,fullnet,Learned Polytope Approx. (FullNet),97.61815125176156,149.8228793057803,52.204728054018744,0.11887833425990937,0.0,0.0,False
10,7,cube,Inner Approx. (Cube),97.61815125176156,124.01174083143599,26.393589579674426,0.06010233328147491,0.0,0.0,False
10,7,power_energy,Outer Approx. (Power-Energy),97.61815125176156,42.36157438241814,-55.25657686934342,-0.12582787153560346,3620.3102854913327,0.5699427348837047,True
10,8,fullnet,Learned Polytope Approx. (FullNet),84.50899559928502,131.5479408682807,47.03894526899569,0.12678774201119633,0.0,0.0,False
10,8,cube,Inner Approx. (Cube),84.50899559928502,105.69817213742203,21.18917653813702,0.057112841986228687,0.0,0.0,False
10,8,power_energy,Outer Approx. (Power-Energy),84.50899559928502,41.334550809000426,-43.17444479028459,-0.11637145212852504,4080.0334213069723,0.7421929692760306,True
10,9,fullnet,Learned Polytope Approx. (FullNet),75.23740025295112,123.41978583437617,48.18238558142505,0.13320798135959527,0.0,0.0,False
10,9,cube,Inner Approx. (Cube),75.23740025295112,107.4019230376125,32.164522784661386,0.08892401444712215,0.0,0.0,False
10,9,power_energy,Outer Approx. (Power-Energy),75.23740025295112,31.638678357333163,-43.598721895617956,-0.12053570331753352,3596.2872101478342,0.5985080596101379,True
11,0,fullnet,Learned Polytope Approx. (FullNet),142.53183633094358,201.31663098554782,58.78479465460424,0.1293143123064944,0.0,0.0,False
11,0,cube,Inner Approx. (Cube),142.53183633094358,166.74809442506148,24.216258094117904,0.05327072724293619,0.0,0.0,False
11,0,power_energy,Outer Approx. (Power-Energy),142.53183633094358,70.56358670127923,-71.96824962966434,-0.15831516914269333,4205.03065393257,0.6203944439811335,True
11,1,fullnet,Learned Polytope Approx. (FullNet),133.6604366268002,195.47544284036104,61.81500621356085,0.13750541703961786,0.0,0.0,False
11,1,cube,Inner Approx. (Cube),133.6604366268002,171.94310414038586,38.282667513585665,0.08515851545267344,0.0,0.0,False
11,1,power_energy,Outer Approx. (Power-Energy),133.6604366268002,56.95370685255772,-76.70672977424246,-0.17063155879839695,4227.039498192529,0.5982394718658051,True
11,2,fullnet,Learned Polytope Approx. (FullNet),142.73241198806684,206.87627594870213,64.14386396063529,0.1301007602881841,0.0,0.0,False
11,2,cube,Inner Approx. (Cube),142.73241198806684,182.9912945154413,40.25888252737445,0.08165568616786884,0.0,0.0,False
11,2,power_energy,Outer Approx. (Power-Energy),142.73241198806684,58.37017185146541,-84.36224013660143,-0.17110898695036303,3815.293880230445,0.5399664225749187,True
11,3,fullnet,Learned Polytope Approx. (FullNet),143.7255637811092,207.79913688196166,64.07357310085246,0.13084617677865706,0.0,0.0,False
11,3,cube,Inner Approx. (Cube),143.7255637811092,181.26880779932497,37.54324401821577,0.07666795694255366,0.0,0.0,False
11,3,power_energy,Outer Approx. (Power-Energy),143.7255637811092,60.32885198283286,-83.39671179827634,-0.17030642067580906,4031.1536843582408,0.5706386541451568,True
11,4,fullnet,Learned Polytope Approx. (FullNet),148.34622642982458,198.89264840924537,50.546421979420785,0.10638406874910435,0.0,0.0,False
11,4,cube,Inner Approx. (Cube),148.34622642982458,171.5253520966897,23.179125666865104,0.04878465382756184,0.0,0.0,False
11,4,power_energy,Outer Approx. (Power-Energy),148.34622642982458,75.09170776659876,-73.25451866322582,-0.15417735706048613,4236.27605989418,0.5839285940892519,True
11,5,fullnet,Learned Polytope Approx. (FullNet),120.22169131592598,163.16069728155668,42.9390059656307,0.11073658424597561,0.0,0.0,False
11,5,cube,Inner Approx. (Cube),120.22169131592598,145.33999656429535,25.118305248369367,0.06477828870744168,0.0,0.0,False
11,5,power_energy,Outer Approx. (Power-Energy),120.22169131592598,57.02128708403926,-63.20040423188672,-0.16298926186614252,4364.406866178689,0.6452409623282338,True
11,6,fullnet,Learned Polytope Approx. (FullNet),147.77946757604002,200.02112728795882,52.2416597119188,0.1088313323596007,0.0,0.0,False
11,6,cube,Inner Approx. (Cube),147.77946757604002,174.151305579107,26.371838003066983,0.05493857359188244,0.0,0.0,False
11,6,power_energy,Outer Approx. (Power-Energy),147.77946757604002,70.88496280945081,-76.89450476658921,-0.1601888502591029,4236.27605989418,0.5839285940892519,True
11,7,fullnet,Learned Polytope Approx. (FullNet),129.719259652112,178.1324060088677,48.4131463567557,0.1134503622562933,0.0,0.0,False
11,7,cube,Inner Approx. (Cube),129.719259652112,155.03891915905604,25.31965950694405,0.05933356452607347,0.0,0.0,False
11,7,power_energy,Outer Approx. (Power-Energy),129.719259652112,62.89788984943604,-66.82136980267595,-0.15658781097827704,4318.549439045279,0.6086742389199556,True
11,8,fullnet,Learned Polytope Approx. (FullNet),112.15337678569874,157.32785529335234,45.1744785076536,0.12525288314922878,0.0,0.0,False
11,8,cube,Inner Approx. (Cube),112.15337678569874,132.9496218655059,20.79624507980715,0.05766064691776126,0.0,0.0,False
11,8,power_energy,Outer Approx. (Power-Energy),112.15337678569874,58.80193125405793,-53.351445531640806,-0.14792472638914675,4509.510355705447,0.7573936142634828,True
11,9,fullnet,Learned Polytope Approx. (FullNet),103.21925601324017,151.46701536578996,48.24775935254979,0.13735357490320763,0.0,0.0,False
11,9,cube,Inner Approx. (Cube),103.21925601324017,135.20379159286713,31.984535579626964,0.09105480466728515,0.0,0.0,False
11,9,power_energy,Outer Approx. (Power-Energy),103.21925601324017,46.94992488607884,-56.26933112716133,-0.16018969360324287,4070.9673126764687,0.6485629184421458,True
12,0,fullnet,Learned Polytope Approx. (FullNet),156.90062685315476,210.13116358691292,53.23053673375816,0.1151861319122112,0.0,0.0,False
12,0,cube,Inner Approx. (Cube),156.90062685315476,184.5842607577543,27.68363390459953,0.059904913653111534,0.0,0.0,False
12,0,power_energy,Outer Approx. (Power-Energy),156.90062685315476,89.20053407259358,-67.70009278056118,-0.1464969601282489,3615.406635169304,0.5552180208596592,True
12,1,fullnet,Learned Polytope Approx. (FullNet),146.6555744694346,201.67051644834268,55.01494197890807,0.12003049680603797,0.0,0.0,False
12,1,cube,Inner Approx. (Cube),146.6555744694346,189.92335149455806,43.26777702512345,0.09440076795881268,0.0,0.0,False
12,1,power_energy,Outer Approx. (Power-Energy),146.6555744694346,74.37040973697954,-72.28516473245507,-0.15771032236786311,3762.0781736150507,0.5338117019085692,True
12,2,fullnet,Learned Polytope Approx. (FullNet),158.11791283572046,216.09806589905395,57.98015306333349,0.11536289998206901,0.0,0.0,False
12,2,cube,Inner Approx. (Cube),158.11791283572046,203.34403489557616,45.2261220598557,0.08998625081359883,0.0,0.0,False
12,2,power_energy,Outer Approx. (Power-Energy),158.11791283572046,79.35420745898696,-78.7637053767335,-0.15671585853986786,3762.0781736150507,0.5338117019085692,True
12,3,fullnet,Learned Polytope Approx. (FullNet),159.44663128301875,218.53623072888428,59.08959944586553,0.11848418784141945,0.0,0.0,False
12,3,cube,Inner Approx. (Cube),159.44663128301875,201.18494011033528,41.73830882731653,0.08369204851032323,0.0,0.0,False
12,3,power_energy,Outer Approx. (Power-Energy),159.44663128301875,81.53006029210225,-77.9165709909165,-0.15623530570222868,3658.6344206752665,0.5051168106089945,True
12,4,fullnet,Learned Polytope Approx. (FullNet),164.74874102016008,213.8355375132538,49.086796493093715,0.10198770795754858,0.0,0.0,False
12,4,cube,Inner Approx. (Cube),164.74874102016008,190.0447607090374,25.296019688877323,0.05255757663632819,0.0,0.0,False
12,4,power_energy,Outer Approx. (Power-Energy),164.74874102016008,95.91888298147524,-68.82985803868485,-0.14300789544081513,3853.298440244215,0.552631208209927,True
12,5,fullnet,Learned Polytope Approx. (FullNet),133.39736051845313,174.1628523407037,40.76549182225057,0.10370159675272297,0.0,0.0,False
12,5,cube,Inner Approx. (Cube),133.39736051845313,160.31008913074336,26.912728612290238,0.06846214298692382,0.0,0.0,False
12,5,power_energy,Outer Approx. (Power-Energy),133.39736051845313,73.56735785357564,-59.83000266487748,-0.15219899313666446,3931.32468618018,0.5904822962650059,True
12,6,fullnet,Learned Polytope Approx. (FullNet),164.38260622320527,214.910382166099,50.527775942893726,0.10389759914846815,0.0,0.0,False
12,6,cube,Inner Approx. (Cube),164.38260622320527,193.12064700912,28.738040785914734,0.05909251666374255,0.0,0.0,False
12,6,power_energy,Outer Approx. (Power-Energy),164.38260622320527,92.20464465599925,-72.17796156720603,-0.14841573329367555,3853.298440244215,0.552631208209927,True
12,7,fullnet,Learned Polytope Approx. (FullNet),143.9179635316571,191.2339456745071,47.315982142850004,0.10948673886600534,0.0,0.0,False
12,7,cube,Inner Approx. (Cube),143.9179635316571,171.37363076135819,27.455667229701078,0.06353099591792935,0.0,0.0,False
12,7,power_energy,Outer Approx. (Power-Energy),143.9179635316571,81.34552078750667,-62.572442744150436,-0.14478940071990268,3757.7178423724613,0.5538559910701171,True
12,8,fullnet,Learned Polytope Approx. (FullNet),123.2045052153471,164.57291389700538,41.36840868165828,0.11296758585337949,0.0,0.0,False
12,8,cube,Inner Approx. (Cube),123.2045052153471,146.32099023209435,23.116485016747248,0.06312579064506271,0.0,0.0,False
12,8,power_energy,Outer Approx. (Power-Energy),123.2045052153471,72.93973111209482,-50.26477410325228,-0.13726150859719893,4522.184849440058,0.7211557953378808,True
12,9,fullnet,Learned Polytope Approx. (FullNet),113.07649045372023,156.5486372393172,43.472146785596976,0.12153282097269112,0.0,0.0,False
12,9,cube,Inner Approx. (Cube),113.07649045372023,148.49321298256535,35.41672252884513,0.09901269012009532,0.0,0.0,False
12,9,power_energy,Outer Approx. (Power-Energy),113.07649045372023,60.04275697724941,-53.033733476470815,-0.14826365184810217,3606.244091462094,0.5498629711414117,True
13,0,fullnet,Learned Polytope Approx. (FullNet),110.57353466467404,166.9197771527827,56.34624248810866,0.12035806239792725,0.0,0.0,False
13,0,cube,Inner Approx. (Cube),110.57353466467404,136.2075831631425,25.634048498468445,0.05475545968023111,0.0,0.0,False
13,0,power_energy,Outer Approx. (Power-Energy),110.57353466467404,50.68489276948652,-59.888641895187526,-0.12792478397595541,3832.073558561945,0.6284680613785627,True
13,1,fullnet,Learned Polytope Approx. (FullNet),100.0781427215324,157.27933735507986,57.20119463354746,0.12318156842434158,0.826313358409891,0.0001024885279462347,True
13,1,cube,Inner Approx. (Cube),100.0781427215324,139.924960970093,39.846818248560595,0.08580928422950604,0.0,0.0,False
13,1,power_energy,Outer Approx. (Power-Energy),100.0781427215324,39.56640282514164,-60.511739896390765,-0.1303107579531499,3374.2664871543448,0.5631714702156302,True
13,2,fullnet,Learned Polytope Approx. (FullNet),108.75579088176687,167.88348663384173,59.12769575207486,0.11617672482353839,0.0,0.0,False
13,2,cube,Inner Approx. (Cube),108.75579088176687,153.60253758767422,44.84674670590735,0.0881168813533596,0.0,0.0,False
13,2,power_energy,Outer Approx. (Power-Energy),108.75579088176687,37.548432228488814,-71.20735865327805,-0.1399113834295258,3723.5376983672786,0.5636673391806785,True
13,3,fullnet,Learned Polytope Approx. (FullNet),109.64195808352595,169.77346944084908,60.131511357323134,0.119001908961918,0.0,0.0,False
13,3,cube,Inner Approx. (Cube),109.64195808352595,150.8642941729523,41.22233608942635,0.08158013287510824,0.0,0.0,False
13,3,power_energy,Outer Approx. (Power-Energy),109.64195808352595,38.49615841625842,-71.14579966726754,-0.14079948738883533,3845.084976387843,0.5615287996210188,True
13,4,fullnet,Learned Polytope Approx. (FullNet),115.98083876854525,167.27405178249512,51.29321301394987,0.10510546190285591,0.0,0.0,False
13,4,cube,Inner Approx. (Cube),115.98083876854525,140.41703648180464,24.43619771325939,0.050072469570255525,0.0,0.0,False
13,4,power_energy,Outer Approx. (Power-Energy),115.98083876854525,52.777893291179275,-63.20294547736598,-0.12950981987057283,3696.244003811702,0.5724970813783071,True
13,5,fullnet,Learned Polytope Approx. (FullNet),93.41544100655274,137.2785735688645,43.86313256231175,0.10998997424579884,0.0,0.0,False
13,5,cube,Inner Approx. (Cube),93.41544100655274,117.51648780143228,24.101046794879537,0.06043511626762579,0.0,0.0,False
13,5,power_energy,Outer Approx. (Power-Energy),93.41544100655274,38.827833413287145,-54.587607593265595,-0.1368823702865653,3716.2278307640327,0.6065031074465953,True
13,6,fullnet,Learned Polytope Approx. (FullNet),115.32687458554523,168.2557428368989,52.92886825135366,0.10729836458706206,0.0,0.0,False
13,6,cube,Inner Approx. (Cube),115.32687458554523,143.55173960593527,28.22486502039004,0.05721795982858507,0.0,0.0,False
13,6,power_energy,Outer Approx. (Power-Energy),115.32687458554523,48.661700918384525,-66.6651736671607,-0.13514485281320704,3716.8201649548605,0.5552171259535712,True
13,7,fullnet,Learned Polytope Approx. (FullNet),100.64670570313027,148.5214613964921,47.874755693361834,0.10913616166396069,0.0,0.0,False
13,7,cube,Inner Approx. (Cube),100.64670570313027,126.76407428282664,26.117368579696375,0.05953762725824649,0.0,0.0,False
13,7,power_energy,Outer Approx. (Power-Energy),100.64670570313027,43.99079362161252,-56.65591208151775,-0.12915384508176214,3752.2197620655934,0.5826538747255896,True
13,8,fullnet,Learned Polytope Approx. (FullNet),86.82635360827807,130.07530368862888,43.24895008035081,0.11632829231435128,0.0,0.0,False
13,8,cube,Inner Approx. (Cube),86.82635360827807,107.81690910256505,20.99055549428698,0.05645906943043695,0.0,0.0,False
13,8,power_energy,Outer Approx. (Power-Energy),86.82635360827807,42.786026741417686,-44.04032686686038,-0.11845688757460253,3972.3322537363397,0.7112029646912087,True
13,9,fullnet,Learned Polytope Approx. (FullNet),77.65452016358697,121.62443386388328,43.96991370029632,0.12105634512892764,0.0,0.0,False
13,9,cube,Inner Approx. (Cube),77.65452016358697,109.35013263578386,31.6956124721969,0.08726319156912864,0.0,0.0,False
13,9,power_energy,Outer Approx. (Power-Energy),77.65452016358697,33.00394396978861,-44.65057619379836,-0.12293032000846316,3594.781622737964,0.589551688660491,True
14,0,fullnet,Learned Polytope Approx. (FullNet),112.91859301590605,167.7513475787156,54.832754562809555,0.11971460395598033,0.0,0.0,False
14,0,cube,Inner Approx. (Cube),112.91859301590605,139.4774313519069,26.558838336000832,0.05798506455267045,0.0,0.0,False
14,0,power_energy,Outer Approx. (Power-Energy),112.91859301590605,51.65997319658763,-61.258619819318426,-0.13374399059524306,3686.4627270728383,0.5992268497910176,True
14,1,fullnet,Learned Polytope Approx. (FullNet),101.79509022679397,157.6210255948679,55.825935368073914,0.1232697222268632,0.7253466992220297,8.936354636374895e-05,True
14,1,cube,Inner Approx. (Cube),101.79509022679397,143.0444988910729,41.24940866427892,0.09108316975869167,0.0,0.0,False
14,1,power_energy,Outer Approx. (Power-Energy),101.79509022679397,40.35591772194542,-61.43917250484856,-0.1356643588430091,3320.6460914229274,0.549371566308091,True
14,2,fullnet,Learned Polytope Approx. (FullNet),110.36243154902837,168.3202455920005,57.95781404297213,0.11652252323423871,0.0,0.0,False
14,2,cube,Inner Approx. (Cube),110.36243154902837,157.46401294619375,47.101581397165376,0.0946963787946054,0.0,0.0,False
14,2,power_energy,Outer Approx. (Power-Energy),110.36243154902837,38.26559949614123,-72.09683205288715,-0.1449486135168728,3679.0978887325514,0.5420937006919794,True
14,3,fullnet,Learned Polytope Approx. (FullNet),111.55993748205285,170.50743881882514,58.94750133677229,0.11941157197675542,0.0,0.0,False
14,3,cube,Inner Approx. (Cube),111.55993748205285,154.244015478822,42.68407799676916,0.08646630877283816,0.0,0.0,False
14,3,power_energy,Outer Approx. (Power-Energy),111.55993748205285,39.22267178898359,-72.33726569306926,-0.14653558527545546,3735.0334546951235,0.5415273509647331,True
14,4,fullnet,Learned Polytope Approx. (FullNet),119.09305801916302,165.88613882555666,46.79308080639363,0.09781372865772248,0.0,0.0,False
14,4,cube,Inner Approx. (Cube),119.09305801916302,143.95853397669893,24.865475957535907,0.051977447869241696,0.0,0.0,False
14,4,power_energy,Outer Approx. (Power-Energy),119.09305801916302,54.015883138737806,-65.07717488042522,-0.1360338113214233,3704.340252689723,0.5750948225844486,True
14,5,fullnet,Learned Polytope Approx. (FullNet),96.02162689177146,135.30060281791935,39.27897592614789,0.10071320348822367,0.0,0.0,False
14,5,cube,Inner Approx. (Cube),96.02162689177146,119.93589502529223,23.914268133520764,0.06131734588324387,0.0,0.0,False
14,5,power_energy,Outer Approx. (Power-Energy),96.02162689177146,39.8627466008701,-56.15888029090136,-0.14399409875253902,3701.833907453145,0.5980997552448309,True
14,6,fullnet,Learned Polytope Approx. (FullNet),118.36240400359961,166.62791104192402,48.265507038324415,0.09986368926220744,0.0,0.0,False
14,6,cube,Inner Approx. (Cube),118.36240400359961,147.0920346326555,28.72963062905589,0.05944300768414007,0.0,0.0,False
14,6,power_energy,Outer Approx. (Power-Energy),118.36240400359961,49.9586538286124,-68.40375017498721,-0.14153069699279258,3702.4262416439724,0.5649739753101491,True
14,7,fullnet,Learned Polytope Approx. (FullNet),103.05380227960721,147.7080760620199,44.65427378241269,0.1040654931464742,0.0,0.0,False
14,7,cube,Inner Approx. (Cube),103.05380227960721,129.4745681481492,26.420765868541977,0.0615728304711621,0.0,0.0,False
14,7,power_energy,Outer Approx. (Power-Energy),103.05380227960721,45.01194864628723,-58.04185363331998,-0.13526486066974994,3656.089113655605,0.5627781249034225,True
14,8,fullnet,Learned Polytope Approx. (FullNet),88.88158917876825,129.89307886368923,41.011489684920974,0.11322523298122208,0.0,0.0,False
14,8,cube,Inner Approx. (Cube),88.88158917876825,109.74278891628782,20.86119973751957,0.0575939625381841,0.0,0.0,False
14,8,power_energy,Outer Approx. (Power-Energy),88.88158917876825,43.593770459961156,-45.287818718807095,-0.1250313964462899,3804.1368518148033,0.6738701852973731,True
14,9,fullnet,Learned Polytope Approx. (FullNet),79.12937978856642,121.76244342509611,42.633063636529684,0.1208502176377051,0.0,0.0,False
14,9,cube,Inner Approx. (Cube),79.12937978856642,111.13901489513836,32.009635106571935,0.09073641533511966,0.0,0.0,False
14,9,power_energy,Outer Approx. (Power-Energy),79.12937978856642,33.646971834907795,-45.48240795365863,-0.12892713849390988,3503.8925185125913,0.5696875832839776,True
15,0,fullnet,Learned Polytope Approx. (FullNet),146.64967214575142,206.33428136887278,59.684609223121356,0.12864123401236421,0.0,0.0,False
15,0,cube,Inner Approx. (Cube),146.64967214575142,173.0986380091764,26.448965863424974,0.05700678368023578,0.0,0.0,False
15,0,power_energy,Outer Approx. (Power-Energy),146.64967214575142,75.32081916752344,-71.32885297822799,-0.15373865703808784,4220.765988833158,0.6201830113582354,True
15,1,fullnet,Learned Polytope Approx. (FullNet),137.40479856516836,199.23097489253334,61.826176327364976,0.1346611349872553,0.0,0.0,False
15,1,cube,Inner Approx. (Cube),137.40479856516836,178.83340025890544,41.42860169373708,0.09023398916785852,0.0,0.0,False
15,1,power_energy,Outer Approx. (Power-Energy),137.40479856516836,61.24173847338629,-76.16306009178207,-0.16588773114086935,4250.550470351896,0.5915580502980685,True
15,2,fullnet,Learned Polytope Approx. (FullNet),147.23377295335652,212.42060374676723,65.1868307934107,0.12935515070997045,0.0,0.0,False
15,2,cube,Inner Approx. (Cube),147.23377295335652,190.74375667156062,43.5099837182041,0.08634014620366498,0.0,0.0,False
15,2,power_energy,Outer Approx. (Power-Energy),147.23377295335652,63.3916840384169,-83.84208891493962,-0.16637418809025833,3893.7265557876813,0.5418981155033509,True
15,3,fullnet,Learned Polytope Approx. (FullNet),148.3044031064873,213.77931040305546,65.47490729656815,0.1309351819954702,0.0,0.0,False
15,3,cube,Inner Approx. (Cube),148.3044031064873,188.46611294121857,40.161709834731255,0.08031444416776484,0.0,0.0,False
15,3,power_energy,Outer Approx. (Power-Energy),148.3044031064873,65.46209469164467,-82.84230841484265,-0.16566610289482356,4025.612650186482,0.5603669107946582,True
15,4,fullnet,Learned Polytope Approx. (FullNet),152.95853087145346,206.15467968857828,53.19614881712482,0.10975887909723951,0.0,0.0,False
15,4,cube,Inner Approx. (Cube),152.95853087145346,177.73648875450485,24.777957883051386,0.05112401826139038,0.0,0.0,False
15,4,power_energy,Outer Approx. (Power-Energy),152.95853087145346,80.52611934279268,-72.43241152866078,-0.1494487942543783,4277.519142521383,0.5800226160880663,True
15,5,fullnet,Learned Polytope Approx. (FullNet),123.97413125742361,168.82396142532966,44.84983016790605,0.11345855784244978,0.0,0.0,False
15,5,cube,Inner Approx. (Cube),123.97413125742361,150.27960774024092,26.305476482817312,0.0665461031608244,0.0,0.0,False
15,5,power_energy,Outer Approx. (Power-Energy),123.97413125742361,61.41946261897216,-62.554668638451446,-0.1582472545260562,4315.930757228603,0.6367860263882836,True
15,6,fullnet,Learned Polytope Approx. (FullNet),152.4666135947424,207.41640478983857,54.94979119509617,0.11222463753018647,0.0,0.0,False
15,6,cube,Inner Approx. (Cube),152.4666135947424,180.35044526930204,27.883831674559644,0.05694749396808353,0.0,0.0,False
15,6,power_energy,Outer Approx. (Power-Energy),152.4666135947424,76.38022209199463,-76.08639150274777,-0.15539217750726858,4277.519142521383,0.5800226160880663,True
15,7,fullnet,Learned Polytope Approx. (FullNet),133.6231392978437,184.4160465236955,50.79290722585182,0.11677448354463991,0.0,0.0,False
15,7,cube,Inner Approx. (Cube),133.6231392978437,160.44880332549536,26.82566402765167,0.06167304125046594,0.0,0.0,False
15,7,power_energy,Outer Approx. (Power-Energy),133.6231392978437,67.55769325376043,-66.06544604408326,-0.15188652832255198,4264.427148853154,0.6034499453325671,True
15,8,fullnet,Learned Polytope Approx. (FullNet),115.28744303385247,160.80950279716524,45.52205976331277,0.12389588388127938,0.0,0.0,False
15,8,cube,Inner Approx. (Cube),115.28744303385247,137.54313968091947,22.255696647066998,0.06057259319588681,0.0,0.0,False
15,8,power_energy,Outer Approx. (Power-Energy),115.28744303385247,62.501151365350324,-52.786291668502145,-0.1436667035078852,4506.840797545309,0.7360590561435884,True
15,9,fullnet,Learned Polytope Approx. (FullNet),106.02976926709707,154.34294118499776,48.31317191790069,0.1349091337308209,0.0,0.0,False
15,9,cube,Inner Approx. (Cube),106.02976926709707,140.28703868847774,34.25726942138067,0.09565959671361246,0.0,0.0,False
15,9,power_energy,Outer Approx. (Power-Energy),106.02976926709707,50.24694901616879,-55.782820250928275,-0.1557672919903337,4088.144033341441,0.6353472854594667,True
16,0,fullnet,Learned Polytope Approx. (FullNet),106.27848131003121,169.21952411246104,62.941042802429834,0.1322163220940294,0.0,0.0,False
16,0,cube,Inner Approx. (Cube),106.27848131003121,133.15460298773615,26.876121677704944,0.05645699216538213,0.0,0.0,False
16,0,power_energy,Outer Approx. (Power-Energy),106.27848131003121,48.109293057213016,-58.169188252818195,-0.12219238492956672,3727.4193678472634,0.6202194356027503,True
16,1,fullnet,Learned Polytope Approx. (FullNet),95.81477946325637,159.45678627568913,63.642006812432754,0.1348086519531846,0.9534432714405057,0.0001164500625002031,True
16,1,cube,Inner Approx. (Cube),95.81477946325637,137.4921789570105,41.67739949375414,0.08828247762874974,0.0,0.0,False
16,1,power_energy,Outer Approx. (Power-Energy),95.81477946325637,37.22735763700485,-58.58742182625152,-0.12410185902979137,3309.3430797533374,0.5608041797394125,True
16,2,fullnet,Learned Polytope Approx. (FullNet),103.36863994170224,170.2201088249502,66.85146888324795,0.12901022701544404,0.0,0.0,False
16,2,cube,Inner Approx. (Cube),103.36863994170224,150.4499101432893,47.081270201587046,0.0908576200096668,0.0,0.0,False
16,2,power_energy,Outer Approx. (Power-Energy),103.36863994170224,34.60086050953827,-68.76777943216396,-0.13270833063347384,3612.372000967919,0.5337830663450037,True
16,3,fullnet,Learned Polytope Approx. (FullNet),104.36709431181882,172.36595826801295,67.99886395619413,0.13226526761965884,0.0,0.0,False
16,3,cube,Inner Approx. (Cube),104.36709431181882,147.2593455026423,42.89225119082349,0.08343014504210879,0.0,0.0,False
16,3,power_energy,Outer Approx. (Power-Energy),104.36709431181882,35.41687042150788,-68.95022389031094,-0.1341157673040307,3612.372000967919,0.5337830663450037,True
16,4,fullnet,Learned Polytope Approx. (FullNet),111.47773856641993,170.46174613867345,58.98400757225352,0.1188167935484856,0.0,0.0,False
16,4,cube,Inner Approx. (Cube),111.47773856641993,136.654158779191,25.176420212771063,0.05071512848709699,0.0,0.0,False
16,4,power_energy,Outer Approx. (Power-Energy),111.47773856641993,49.93903519756716,-61.53870336885277,-0.12396294715074617,3689.334324879849,0.5525475159961268,True
16,5,fullnet,Learned Polytope Approx. (FullNet),89.84565196559058,139.85651103044324,50.01085906485267,0.12336247225814764,0.0,0.0,False
16,5,cube,Inner Approx. (Cube),89.84565196559058,114.180605333827,24.334953368236427,0.06002736337521113,0.0,0.0,False
16,5,power_energy,Outer Approx. (Power-Energy),89.84565196559058,36.57282475503042,-53.27282721056016,-0.1314088138408822,3721.70471356238,0.5865824843912858,True
16,6,fullnet,Learned Polytope Approx. (FullNet),110.59052246131394,171.36096072331918,60.77043826200524,0.12109029343184531,0.0,0.0,False
16,6,cube,Inner Approx. (Cube),110.59052246131394,139.53009966377834,28.939577202464406,0.05766458158704621,0.0,0.0,False
16,6,power_energy,Outer Approx. (Power-Energy),110.59052246131394,45.8272104820351,-64.76331197927884,-0.1290464356596899,3631.6008442036036,0.5289054057029354,True
16,7,fullnet,Learned Polytope Approx. (FullNet),96.57897551487686,151.2101376603897,54.631162145512846,0.12251755361786876,0.0,0.0,False
16,7,cube,Inner Approx. (Cube),96.57897551487686,123.26345127578196,26.6844757609051,0.05984344028950767,0.0,0.0,False
16,7,power_energy,Outer Approx. (Power-Energy),96.57897551487686,41.574438952242765,-55.004536562634094,-0.12335489476846243,3607.9354380122945,0.5672442730573476,True
16,8,fullnet,Learned Polytope Approx. (FullNet),83.77613794093554,131.94240502209453,48.16626708115899,0.12765474241162844,0.0,0.0,False
16,8,cube,Inner Approx. (Cube),83.77613794093554,105.11308157577699,21.336943634841447,0.05654916207161429,0.0,0.0,False
16,8,power_energy,Outer Approx. (Power-Energy),83.77613794093554,40.76862771046289,-43.007510230472654,-0.11398252289274889,4056.061202852904,0.7380648219411576,True
16,9,fullnet,Learned Polytope Approx. (FullNet),74.56642686520021,123.33308346305705,48.76665659785684,0.13230682078963457,0.0,0.0,False
16,9,cube,Inner Approx. (Cube),74.56642686520021,107.05678026507134,32.490353399871125,0.0881482485075173,0.0,0.0,False
16,9,power_energy,Outer Approx. (Power-Energy),74.56642686520021,31.15083031355006,-43.415596551650154,-0.11778907871011797,3576.8232008295636,0.5953094848478699,True
17,0,fullnet,Learned Polytope Approx. (FullNet),145.27282677809833,202.05894118081784,56.786114402719505,0.1276046750710911,0.0,0.0,False
17,0,cube,Inner Approx. (Cube),145.27282677809833,169.72925655582048,24.45642977772215,0.05495630063809644,0.0,0.0,False
17,0,power_energy,Outer Approx. (Power-Energy),145.27282677809833,77.74664488253157,-67.52618189556676,-0.15173879372106744,3816.978202353357,0.6052781156216076,True
17,1,fullnet,Learned Polytope Approx. (FullNet),136.21041802868467,195.48785070060683,59.277432671922156,0.1345349623020772,0.0,0.0,False
17,1,cube,Inner Approx. (Cube),136.21041802868467,174.84413887244264,38.63372084375797,0.08768237663177145,0.0,0.0,False
17,1,power_energy,Outer Approx. (Power-Energy),136.21041802868467,63.68391925828994,-72.52649877039474,-0.16460479710684994,3964.34445631409,0.5579752349810461,True
17,2,fullnet,Learned Polytope Approx. (FullNet),145.9426711867013,208.49231959183658,62.54964840513529,0.12963284065817024,0.0,0.0,False
17,2,cube,Inner Approx. (Cube),145.9426711867013,186.42596479093504,40.48329360423375,0.08390078094643137,0.0,0.0,False
17,2,power_energy,Outer Approx. (Power-Energy),145.9426711867013,66.55618920903628,-79.38648197766501,-0.164526826785144,3964.34445631409,0.5579752349810461,True
17,3,fullnet,Learned Polytope Approx. (FullNet),147.0193405884126,209.33565058563258,62.316309997219975,0.13007805764918384,0.0,0.0,False
17,3,cube,Inner Approx. (Cube),147.0193405884126,184.4717118368457,37.45237124843311,0.07817747402838283,0.0,0.0,False
17,3,power_energy,Outer Approx. (Power-Energy),147.0193405884126,68.66612191984208,-78.35321866857052,-0.16355324144552377,3781.8456128625235,0.5318026545736106,True
17,4,fullnet,Learned Polytope Approx. (FullNet),151.39401849046726,201.5964654842667,50.20244699379944,0.10813432838212593,0.0,0.0,False
17,4,cube,Inner Approx. (Cube),151.39401849046726,174.90082418843636,23.5068056979691,0.05063284359172714,0.0,0.0,False
17,4,power_energy,Outer Approx. (Power-Energy),151.39401849046726,83.00952971628043,-68.38448877418683,-0.1472978153089839,3970.5347232156414,0.5751141558477928,True
17,5,fullnet,Learned Polytope Approx. (FullNet),122.66667362341363,165.4999106153463,42.833236991932665,0.11303878849885911,0.0,0.0,False
17,5,cube,Inner Approx. (Cube),122.66667362341363,148.09274775996226,25.426074136548635,0.06710052329733929,0.0,0.0,False
17,5,power_energy,Outer Approx. (Power-Energy),122.66667362341363,63.319796814125645,-59.346876809287984,-0.15661900726710076,4012.2336316049877,0.6134692578158392,True
17,6,fullnet,Learned Polytope Approx. (FullNet),150.86268363401012,202.6724485986772,51.80976496466707,0.11051013006496872,0.0,0.0,False
17,6,cube,Inner Approx. (Cube),150.86268363401012,177.39017785528335,26.52749422127323,0.0565830946866842,0.0,0.0,False
17,6,power_energy,Outer Approx. (Power-Energy),150.86268363401012,79.06215044510026,-71.80053318890987,-0.1531504006407245,3970.5347232156414,0.5751141558477928,True
17,7,fullnet,Learned Polytope Approx. (FullNet),132.29986520391807,180.31963546750933,48.019770263591255,0.1151500764611413,0.0,0.0,False
17,7,cube,Inner Approx. (Cube),132.29986520391807,157.76311370729906,25.46324850338098,0.0610601632623071,0.0,0.0,False
17,7,power_energy,Outer Approx. (Power-Energy),132.29986520391807,69.83168020182518,-62.468185002092895,-0.14979697403578868,3952.129093031606,0.5869895439160178,True
17,8,fullnet,Learned Polytope Approx. (FullNet),114.24561306536299,157.788812005941,43.54319894057801,0.12326949688471446,0.0,0.0,False
17,8,cube,Inner Approx. (Cube),114.24561306536299,135.406532504428,21.160919439064998,0.059905931496471956,0.0,0.0,False
17,8,power_energy,Outer Approx. (Power-Energy),114.24561306536299,64.29680055017414,-49.94881251518885,-0.1414035977728403,4648.2997386619445,0.7605203704160515,True
17,9,fullnet,Learned Polytope Approx. (FullNet),105.11506797477035,151.48626107472512,46.371193099954766,0.1346689108438595,0.0,0.0,False
17,9,cube,Inner Approx. (Cube),105.11506797477035,137.57520030106787,32.46013232629751,0.0942691005773217,0.0,0.0,False
17,9,power_energy,Outer Approx. (Power-Energy),105.11506797477035,52.07050558413873,-53.044562390631626,-0.154049377766441,3704.7543252583905,0.5782848145378758,True
18,0,fullnet,Learned Polytope Approx. (FullNet),144.3926933418307,200.7739995678839,56.3813062260532,0.12681519937307387,0.0,0.0,False
18,0,cube,Inner Approx. (Cube),144.3926933418307,169.18922417393995,24.796530832109255,0.055773397456007026,0.0,0.0,False
18,0,power_energy,Outer Approx. (Power-Energy),144.3926933418307,74.75802619345657,-69.63466714837412,-0.15662521478826813,3850.493665307929,0.6156747863660258,True
18,1,fullnet,Learned Polytope Approx. (FullNet),135.51122044234455,194.36002874512383,58.848808302779275,0.13364361194965038,0.0,0.0,False
18,1,cube,Inner Approx. (Cube),135.51122044234455,174.55845080460807,39.04723036226352,0.08867491207968098,0.0,0.0,False
18,1,power_energy,Outer Approx. (Power-Energy),135.51122044234455,61.094488972721564,-74.41673146962299,-0.16899782799200608,3921.566859360071,0.5626282706146111,True
18,2,fullnet,Learned Polytope Approx. (FullNet),145.11259267117026,207.0352082347424,61.92261556357215,0.12829848444223332,0.0,0.0,False
18,2,cube,Inner Approx. (Cube),145.11259267117026,186.06318838969236,40.950595718522095,0.08484621199986518,0.0,0.0,False
18,2,power_energy,Outer Approx. (Power-Energy),145.11259267117026,63.57863733194883,-81.53395533922142,-0.16893154149574813,3859.7275386546817,0.5537561663480698,True
18,3,fullnet,Learned Polytope Approx. (FullNet),146.38759925242107,208.31907633380848,61.93147708138741,0.12929157548071815,0.0,0.0,False
18,3,cube,Inner Approx. (Cube),146.38759925242107,184.27211305829343,37.88451380587236,0.0790898054933413,0.0,0.0,False
18,3,power_energy,Outer Approx. (Power-Energy),146.38759925242107,65.77410694830654,-80.61349230411453,-0.16829318330813858,3823.904520062818,0.5487255582319877,True
18,4,fullnet,Learned Polytope Approx. (FullNet),150.1686065494785,201.45748034737625,51.288873797897736,0.11076808852923459,0.0,0.0,False
18,4,cube,Inner Approx. (Cube),150.1686065494785,173.58049900544233,23.411892455963823,0.05056243945651651,0.0,0.0,False
18,4,power_energy,Outer Approx. (Power-Energy),150.1686065494785,79.32042353379104,-70.84818301568747,-0.15301014093896426,4153.757619328302,0.5813315084711397,True
18,5,fullnet,Learned Polytope Approx. (FullNet),121.69535103731445,165.4304259264734,43.73507488915894,0.11577047015945657,0.0,0.0,False
18,5,cube,Inner Approx. (Cube),121.69535103731445,147.11572261365217,25.420371576337715,0.06728988978478227,0.0,0.0,False
18,5,power_energy,Outer Approx. (Power-Energy),121.69535103731445,60.39498098848561,-61.300370048828846,-0.1622673032911791,4184.914458980525,0.6432290291105262,True
18,6,fullnet,Learned Polytope Approx. (FullNet),149.66144553341138,202.73015998707274,53.06871445366136,0.11350808196676931,0.0,0.0,False
18,6,cube,Inner Approx. (Cube),149.66144553341138,176.13077750058926,26.46933196717788,0.05661495918013078,0.0,0.0,False
18,6,power_energy,Outer Approx. (Power-Energy),149.66144553341138,75.26405266789294,-74.39739286551844,-0.15912775454297032,4153.757619328302,0.5813315084711397,True
18,7,fullnet,Learned Polytope Approx. (FullNet),131.37016680674336,179.88679493708682,48.51662813034346,0.11675186262005083,0.0,0.0,False
18,7,cube,Inner Approx. (Cube),131.37016680674336,156.88644901803133,25.516282211287972,0.06140314341926734,0.0,0.0,False
18,7,power_energy,Outer Approx. (Power-Energy),131.37016680674336,66.804373765639,-64.56579304110436,-0.15537305228297787,4057.247518648001,0.6020327051224629,True
18,8,fullnet,Learned Polytope Approx. (FullNet),113.40882039132362,157.11483336255588,43.70601297123227,0.12414193273349478,0.0,0.0,False
18,8,cube,Inner Approx. (Cube),113.40882039132362,134.6866915553867,21.27787116406307,0.060437360243766274,0.0,0.0,False
18,8,power_energy,Outer Approx. (Power-Energy),113.40882039132362,61.76774028632927,-51.641080104994344,-0.1466805836738961,4575.897742307396,0.7679469507514765,True
18,9,fullnet,Learned Polytope Approx. (FullNet),104.44968469093854,150.36061658948591,45.910931898547375,0.13369192109261172,0.0,0.0,False
18,9,cube,Inner Approx. (Cube),104.44968469093854,137.15389423917026,32.70420954823172,0.09523415059359257,0.0,0.0,False
18,9,power_energy,Outer Approx. (Power-Energy),104.44968469093854,49.891481765345155,-54.558202925593385,-0.15887264010674354,3735.574418654938,0.5973369807730078,True
19,0,fullnet,Learned Polytope Approx. (FullNet),151.09177069816195,206.26839152384974,55.17662082568779,0.1224882608791083,0.0,0.0,False
19,0,cube,Inner Approx. (Cube),151.09177069816195,177.9287497069416,26.83697900877965,0.05957622697517883,0.0,0.0,False
19,0,power_energy,Outer Approx. (Power-Energy),151.09177069816195,84.11334106886788,-66.97842962929407,-0.1486874556458252,3650.5232461116457,0.5754587966510212,True
19,1,fullnet,Learned Polytope Approx. (FullNet),141.37751251836679,198.76701110941903,57.389498591052245,0.1285215958659398,0.0,0.0,False
19,1,cube,Inner Approx. (Cube),141.37751251836679,183.2380456348866,41.860533116519804,0.09374506925510857,0.0,0.0,False
19,1,power_energy,Outer Approx. (Power-Energy),141.37751251836679,69.73307601862506,-71.64443649974173,-0.16044498627660805,3797.9072339162776,0.5389514464293584,True
19,2,fullnet,Learned Polytope Approx. (FullNet),151.80316206467197,211.97150579385521,60.16834372918325,0.12308979181206665,0.0,0.0,False
19,2,cube,Inner Approx. (Cube),151.80316206467197,195.54254295565295,43.73938089098098,0.08948013114823725,0.0,0.0,False
19,2,power_energy,Outer Approx. (Power-Energy),151.80316206467197,73.72082299925631,-78.08233906541565,-0.1597374676461229,3797.9072339162776,0.5389514464293584,True
19,3,fullnet,Learned Polytope Approx. (FullNet),153.0194654325068,214.0322949876899,61.01282955518312,0.1257473722258186,0.0,0.0,False
19,3,cube,Inner Approx. (Cube),153.0194654325068,193.051847649218,40.0323822167112,0.08250669415582584,0.0,0.0,False
19,3,power_energy,Outer Approx. (Power-Energy),153.0194654325068,75.87053609931293,-77.14892933319386,-0.1590038554909206,3625.959736294709,0.5097604738846847,True
19,4,fullnet,Learned Polytope Approx. (FullNet),158.1957777586474,207.38075355466196,49.184975796014555,0.10481203177402193,0.0,0.0,False
19,4,cube,Inner Approx. (Cube),158.1957777586474,183.48433124147795,25.288553482830537,0.05388931535016146,0.0,0.0,False
19,4,power_energy,Outer Approx. (Power-Energy),158.1957777586474,90.19466496012333,-68.00111279852408,-0.14490877915376102,3866.586240008309,0.5625073521627998,True
19,5,fullnet,Learned Polytope Approx. (FullNet),128.12477018894344,169.26294556582627,41.13817537688283,0.10729598226469508,0.0,0.0,False
19,5,cube,Inner Approx. (Cube),128.12477018894344,154.96417451276102,26.839404323817575,0.07000213849886892,0.0,0.0,False
19,5,power_energy,Outer Approx. (Power-Energy),128.12477018894344,68.9820266023496,-59.14274358659384,-0.15425523151711112,3912.2142120698486,0.602137946142692,True
19,6,fullnet,Learned Polytope Approx. (FullNet),157.76095180581316,208.50373495639076,50.742783150577594,0.10709222919581023,0.0,0.0,False
19,6,cube,Inner Approx. (Cube),157.76095180581316,185.79821225631056,28.0372604504974,0.05917240907494676,0.0,0.0,False
19,6,power_energy,Outer Approx. (Power-Energy),157.76095180581316,86.43270277350061,-71.32824903231256,-0.15053768672555154,3866.586240008309,0.5625073521627998,True
19,7,fullnet,Learned Polytope Approx. (FullNet),138.28334665766874,186.55719684826576,48.27385019059702,0.11461751108365292,0.0,0.0,False
19,7,cube,Inner Approx. (Cube),138.28334665766874,165.26058094604218,26.977234288373438,0.06405255511722638,0.0,0.0,False
19,7,power_energy,Outer Approx. (Power-Energy),138.28334665766874,76.41623397119724,-61.8671126864715,-0.14689225007033885,3816.0994963432463,0.575540997444115,True
19,8,fullnet,Learned Polytope Approx. (FullNet),118.74469513394297,161.36365836616102,42.61896323221805,0.11920499626200046,0.0,0.0,False
19,8,cube,Inner Approx. (Cube),118.74469513394297,141.7850999592352,23.040404825292228,0.06444388044141067,0.0,0.0,False
19,8,power_energy,Outer Approx. (Power-Energy),118.74469513394297,69.01967743173135,-49.725017702211616,-0.13908058994825892,4532.095690607967,0.7441215770407549,True
19,9,fullnet,Learned Polytope Approx. (FullNet),109.04860021740026,154.30687971216182,45.25827949476155,0.12972169431433667,0.0,0.0,False
19,9,cube,Inner Approx. (Cube),109.04860021740026,143.93261261888864,34.88401240148838,0.09998641671138159,0.0,0.0,False
19,9,power_energy,Outer Approx. (Power-Energy),109.04860021740026,56.490418496513215,-52.55818172088705,-0.1506450633790313,3605.1590029214362,0.563940952538056,True
20,0,fullnet,Learned Polytope Approx. (FullNet),108.38413415830956,164.02620790007148,55.64207374176192,0.12666819739257829,0.0,0.0,False
20,0,cube,Inner Approx. (Cube),108.38413415830956,134.93922232937499,26.55508817106542,0.060452188856959084,0.0,0.0,False
20,0,power_energy,Outer Approx. (Power-Energy),108.38413415830956,59.10294045894617,-49.28119369936339,-0.11218776640540037,3208.936328026953,0.5536482911837015,True
20,1,fullnet,Learned Polytope Approx. (FullNet),97.7029201377375,152.65974417815602,54.956824040418525,0.12627831737130693,0.1439497921119255,1.80948523828832e-05,True
20,1,cube,Inner Approx. (Cube),97.7029201377375,138.9879573802741,41.28503724253662,0.09486365208740985,0.0,0.0,False
20,1,power_energy,Outer Approx. (Power-Energy),97.7029201377375,47.75432781632416,-49.94859232141334,-0.11477053675399075,2828.153495564676,0.4918236197239336,True
20,2,fullnet,Learned Polytope Approx. (FullNet),105.56233942684923,167.36559896048337,61.80325953363413,0.12971869684335302,0.0,0.0,False
20,2,cube,Inner Approx. (Cube),105.56233942684923,151.99861745435777,46.436278027508536,0.09746498028483247,0.0,0.0,False
20,2,power_energy,Outer Approx. (Power-Energy),105.56233942684923,47.5634769515773,-57.998862475271935,-0.12173365798926379,3096.721674592539,0.4990210925192402,True
20,3,fullnet,Learned Polytope Approx. (FullNet),106.50783364029637,168.42865460996921,61.920820969672846,0.1308731622375602,0.0,0.0,False
20,3,cube,Inner Approx. (Cube),106.50783364029637,148.6247147389887,42.11688109869233,0.08901641364976103,0.0,0.0,False
20,3,power_energy,Outer Approx. (Power-Energy),106.50783364029637,48.35943470291576,-58.148398937380605,-0.12289993460702646,3236.6930696589607,0.4991676263017136,True
20,4,fullnet,Learned Polytope Approx. (FullNet),114.06718104995042,166.2780554016528,52.21087435170239,0.11415734097116435,0.0,0.0,False
20,4,cube,Inner Approx. (Cube),114.06718104995042,139.42549109502806,25.358310045077644,0.05544510185307865,0.0,0.0,False
20,4,power_energy,Outer Approx. (Power-Energy),114.06718104995042,62.161071772982986,-51.906109276967435,-0.11349098226745331,3162.1539340046074,0.5294826913822178,True
20,5,fullnet,Learned Polytope Approx. (FullNet),91.85587982731028,133.59506189019658,41.7391820628863,0.11175141955786536,0.0,0.0,False
20,5,cube,Inner Approx. (Cube),91.85587982731028,116.53689788356078,24.681018056250508,0.06608032710760248,0.0,0.0,False
20,5,power_energy,Outer Approx. (Power-Energy),91.85587982731028,46.10974865223859,-45.74613117507168,-0.12247952272740505,3174.8303261887922,0.5454190269848975,True
20,6,fullnet,Learned Polytope Approx. (FullNet),113.17227092566515,167.61828542664185,54.4460145009767,0.11788603684811472,0.0,0.0,False
20,6,cube,Inner Approx. (Cube),113.17227092566515,142.28243283448953,29.11016190882438,0.06302906926964684,0.0,0.0,False
20,6,power_energy,Outer Approx. (Power-Energy),113.17227092566515,58.406538587658794,-54.76573233800635,-0.11857828712690052,3175.4226603796205,0.5183384121102972,True
20,7,fullnet,Learned Polytope Approx. (FullNet),99.0122444008195,148.65602459580703,49.64378019498753,0.12091197667912602,0.0,0.0,False
20,7,cube,Inner Approx. (Cube),99.0122444008195,125.99568930265659,26.98344490183709,0.06572065317908307,0.0,0.0,False
20,7,power_energy,Outer Approx. (Power-Energy),99.0122444008195,52.72014779218995,-46.29209660862955,-0.11274864411182801,3184.1046066756444,0.5278713539633972,True
20,8,fullnet,Learned Polytope Approx. (FullNet),85.45630924237996,127.06328648158939,41.60697723920943,0.11941742387164023,0.0,0.0,False
20,8,cube,Inner Approx. (Cube),85.45630924237996,106.88932424147487,21.433014999094908,0.06151553433644179,0.0,0.0,False
20,8,power_energy,Outer Approx. (Power-Energy),85.45630924237996,49.04807043832092,-36.40823880405904,-0.10449636994025548,3356.2567210321813,0.6333174070570566,True
20,9,fullnet,Learned Polytope Approx. (FullNet),76.06859843225521,118.26758801687798,42.198989584622765,0.12417788838391389,0.0,0.0,False
20,9,cube,Inner Approx. (Cube),76.06859843225521,108.5812683586342,32.51266992637899,0.09567420303002061,0.0,0.0,False
20,9,power_energy,Outer Approx. (Power-Energy),76.06859843225521,39.107478508272095,-36.96111992398312,-0.10876454317136848,2989.0087853523487,0.5157034721723213,True
21,0,fullnet,Learned Polytope Approx. (FullNet),114.16363674567805,162.35574322650973,48.19210648083168,0.1079429511106779,0.0,0.0,False
21,0,cube,Inner Approx. (Cube),114.16363674567805,141.80158249097104,27.637945745292996,0.061904773296646426,0.0,0.0,False
21,0,power_energy,Outer Approx. (Power-Energy),114.16363674567805,59.29896765122717,-54.864669094450875,-0.12288847129189917,3277.1893728906366,0.5422243318505165,True
21,1,fullnet,Learned Polytope Approx. (FullNet),103.12242542460476,151.3598138284404,48.23738840383564,0.1090581002932542,0.17809497405795582,2.255051839272413e-05,True
21,1,cube,Inner Approx. (Cube),103.12242542460476,145.78059398965445,42.65816856504969,0.09644425164036881,0.0,0.0,False
21,1,power_energy,Outer Approx. (Power-Energy),103.12242542460476,47.68662254408164,-55.43580288052312,-0.12533272530774964,3087.4099058122074,0.515071929245758,True
21,2,fullnet,Learned Polytope Approx. (FullNet),112.14536737190026,164.96193411565912,52.816566743758855,0.10893989107431053,5.6486855003077725,0.0007222350211134299,True
21,2,cube,Inner Approx. (Cube),112.14536737190026,160.13142366213663,47.98605629023636,0.0989764399247289,0.0,0.0,False
21,2,power_energy,Outer Approx. (Power-Energy),112.14536737190026,47.551901262211125,-64.59346610968913,-0.13323102192993672,3270.5927985309613,0.5351231895245291,True
21,3,fullnet,Learned Polytope Approx. (FullNet),113.18246701143875,166.07702118539572,52.894554173956976,0.10993186960556484,0.0,0.0,False
21,3,cube,Inner Approx. (Cube),113.18246701143875,156.7810748537857,43.59860784234695,0.09061190792054827,0.0,0.0,False
21,3,power_energy,Outer Approx. (Power-Energy),113.18246701143875,48.421646486486466,-64.76082052495228,-0.13459378169792136,3613.13591772701,0.5316987380239122,True
21,4,fullnet,Learned Polytope Approx. (FullNet),120.55465778007706,163.70775983522682,43.15310205514976,0.09278786075301673,0.0,0.0,False
21,4,cube,Inner Approx. (Cube),120.55465778007706,145.9359775071503,25.381319727073247,0.054574949387269395,0.0,0.0,False
21,4,power_energy,Outer Approx. (Power-Energy),120.55465778007706,62.52285667752357,-58.031801102553494,-0.1247800603782529,3380.7705929456215,0.5574257582181655,True
21,5,fullnet,Learned Polytope Approx. (FullNet),96.99469472667957,132.03218995169354,35.03749522501397,0.09229541948166195,0.0,0.0,False
21,5,cube,Inner Approx. (Cube),96.99469472667957,121.62810616458994,24.633411437910368,0.06488908602984762,0.0,0.0,False
21,5,power_energy,Outer Approx. (Power-Energy),96.99469472667957,46.38267442196186,-50.61202030471771,-0.1333216776724213,3396.6905259114774,0.5594775775176583,True
21,6,fullnet,Learned Polytope Approx. (FullNet),119.84656782880883,165.0855241020161,45.23895627320728,0.09632910146844259,0.0,0.0,False
21,6,cube,Inner Approx. (Cube),119.84656782880883,148.96916306176223,29.1225952329534,0.062011895550318386,0.0,0.0,False
21,6,power_energy,Outer Approx. (Power-Energy),119.84656782880883,58.56945252667748,-61.27711530213135,-0.13047978874632823,3397.282860102305,0.5516600768646667,True
21,7,fullnet,Learned Polytope Approx. (FullNet),104.55524903064762,146.34046910081145,41.78522007016383,0.10013094945643017,0.0,0.0,False
21,7,cube,Inner Approx. (Cube),104.55524903064762,131.46604823552673,26.910799204879112,0.06448700929398567,0.0,0.0,False
21,7,power_energy,Outer Approx. (Power-Energy),104.55524903064762,52.80125151241391,-51.7539975182337,-0.12401937577365386,3484.991935208749,0.5530274267593468,True
21,8,fullnet,Learned Polytope Approx. (FullNet),89.8437341024819,125.7684874864936,35.924753384011694,0.10153865237223805,0.0,0.0,False
21,8,cube,Inner Approx. (Cube),89.8437341024819,111.80927432103935,21.96554021855745,0.06208397114322673,0.0,0.0,False
21,8,power_energy,Outer Approx. (Power-Energy),89.8437341024819,49.423316902240245,-40.42041720024166,-0.11424531288954536,3388.1720947901345,0.6393376742574003,True
21,9,fullnet,Learned Polytope Approx. (FullNet),80.1640962202153,117.2713962568642,37.107300036648894,0.10751574113940471,0.0,0.0,False
21,9,cube,Inner Approx. (Cube),80.1640962202153,113.33445735157818,33.17036113136288,0.09610874295294736,0.0,0.0,False
21,9,power_energy,Outer Approx. (Power-Energy),80.1640962202153,39.237814628276304,-40.926281591938995,-0.11858096636218306,3208.3041717221004,0.530826994703334,True
22,0,fullnet,Learned Polytope Approx. (FullNet),151.78014940324437,207.77181201490987,55.991662611665504,0.11729496247714752,0.0,0.0,False
22,0,cube,Inner Approx. (Cube),151.78014940324437,180.17435545942413,28.39420605617977,0.05948202247586256,0.0,0.0,False
22,0,power_energy,Outer Approx. (Power-Energy),151.78014940324437,79.43471835393159,-72.34543104931278,-0.15155389614299922,4049.5873454729644,0.6177401546343737,True
22,1,fullnet,Learned Polytope Approx. (FullNet),142.1230971187773,200.71128286258954,58.58818574381223,0.12373638223433824,0.0,0.0,False
22,1,cube,Inner Approx. (Cube),142.1230971187773,186.49097707367383,44.36787995489652,0.09370354933044032,0.0,0.0,False
22,1,power_energy,Outer Approx. (Power-Energy),142.1230971187773,64.98106444821703,-77.14203267056028,-0.16292151599636068,4172.917052884775,0.5653451515737056,True
22,2,fullnet,Learned Polytope Approx. (FullNet),153.00820881254577,213.95462319649283,60.94641438394706,0.11720997240442901,0.0,0.0,False
22,2,cube,Inner Approx. (Cube),153.00820881254577,199.22835620360263,46.220147391056855,0.08888894047327818,0.0,0.0,False
22,2,power_energy,Outer Approx. (Power-Energy),153.00820881254577,67.90513670536873,-85.10307210717704,-0.16366719574961072,4168.576474247432,0.5647570916969941,True
22,3,fullnet,Learned Polytope Approx. (FullNet),154.30057174717348,216.19628886207929,61.89571711490581,0.12005996979308993,0.0,0.0,False
22,3,cube,Inner Approx. (Cube),154.30057174717348,196.99982280239593,42.69925105522245,0.0828243217920971,0.0,0.0,False
22,3,power_energy,Outer Approx. (Power-Energy),154.30057174717348,70.44082669025536,-83.85974505691811,-0.16266389546305418,3976.5172489110914,0.5388436676612187,True
22,4,fullnet,Learned Polytope Approx. (FullNet),158.52051734085327,210.5784761457836,52.05795880493034,0.10467474348882365,0.0,0.0,False
22,4,cube,Inner Approx. (Cube),158.52051734085327,184.30306910214784,25.78255176129457,0.051841871138543945,0.0,0.0,False
22,4,power_energy,Outer Approx. (Power-Energy),158.52051734085327,84.86296012240354,-73.65755721844974,-0.1481058052380718,4247.768341993718,0.5704341459097565,True
22,5,fullnet,Learned Polytope Approx. (FullNet),128.47434783943547,172.95736171783082,44.483013878395354,0.10959837737685285,0.0,0.0,False
22,5,cube,Inner Approx. (Cube),128.47434783943547,155.85233213196227,27.377984292526804,0.06745457181729393,0.0,0.0,False
22,5,power_energy,Outer Approx. (Power-Energy),128.47434783943547,64.93483650276389,-63.53951133667158,-0.15655025895625216,4291.916153732029,0.6240529954421311,True
22,6,fullnet,Learned Polytope Approx. (FullNet),158.09855953502415,212.7239797799163,54.625420244892155,0.10869071019058278,0.0,0.0,False
22,6,cube,Inner Approx. (Cube),158.09855953502415,187.2820327217687,29.18347318674455,0.05806769837696024,0.0,0.0,False
22,6,power_energy,Outer Approx. (Power-Energy),158.09855953502415,80.76397744299314,-77.33458209203101,-0.1538761736237764,4247.768341993718,0.5704341459097565,True
22,7,fullnet,Learned Polytope Approx. (FullNet),138.4246409441513,188.47343988311064,50.04879893895935,0.11214115363322413,0.0,0.0,False
22,7,cube,Inner Approx. (Cube),138.4246409441513,166.75447985328566,28.329838909134367,0.06347686427777012,0.0,0.0,False
22,7,power_energy,Outer Approx. (Power-Energy),138.4246409441513,71.28039551226664,-67.14424543188466,-0.15044583091288957,4192.563558814666,0.6010653951244512,True
22,8,fullnet,Learned Polytope Approx. (FullNet),119.09805889218107,162.71185195436297,43.6137930621819,0.11550838850223255,0.0,0.0,False
22,8,cube,Inner Approx. (Cube),119.09805889218107,142.95928448536932,23.86122559318825,0.06319495559645134,0.0,0.0,False
22,8,power_energy,Outer Approx. (Power-Energy),119.09805889218107,65.53202954919817,-53.5660293429829,-0.14186626049813517,4521.613578563195,0.7156685578012064,True
22,9,fullnet,Learned Polytope Approx. (FullNet),109.49124030580089,155.36926171854782,45.87802141274693,0.124344328381336,0.0,0.0,False
22,9,cube,Inner Approx. (Cube),109.49124030580089,145.97323314854827,36.48199284274739,0.09887804134429692,0.0,0.0,False
22,9,power_energy,Outer Approx. (Power-Energy),109.49124030580089,52.98166013008635,-56.50958017571454,-0.1531593032499037,3928.1836234608254,0.5925127567655232,True
23,0,fullnet,Learned Polytope Approx. (FullNet),113.89227205657872,164.853044331874,50.960772275295284,0.1105211831227428,0.0,0.0,False
23,0,cube,Inner Approx. (Cube),113.89227205657872,143.12546804886432,29.2331959922856,0.06339949854120822,0.0,0.0,False
23,0,power_energy,Outer Approx. (Power-Energy),113.89227205657872,58.04281474282788,-55.84945731375084,-0.1211235195913855,3491.219848158464,0.5843869188034838,True
23,1,fullnet,Learned Polytope Approx. (FullNet),102.99082434813565,153.68383450876394,50.69301016062829,0.1107161448062784,0.12696198147585847,1.5861110561141516e-05,True
23,1,cube,Inner Approx. (Cube),102.99082434813565,147.66959409183812,44.678769743702475,0.09758073401117642,0.0,0.0,False
23,1,power_energy,Outer Approx. (Power-Energy),102.99082434813565,46.589389822282584,-56.40143452585306,-0.1231836375953884,3148.976931289874,0.5315220805479249,True
23,2,fullnet,Learned Polytope Approx. (FullNet),112.07617257376585,166.49876604788426,54.422593474118415,0.10859281006454273,8.264276604089016,0.0010457060491796076,True
23,2,cube,Inner Approx. (Cube),112.07617257376585,161.50724397352144,49.431071399755595,0.09863291337545842,0.0,0.0,False
23,2,power_energy,Outer Approx. (Power-Energy),112.07617257376585,46.111473720757445,-65.9646988530084,-0.13162349598271397,3401.0938799677087,0.5434328272846909,True
23,3,fullnet,Learned Polytope Approx. (FullNet),113.07269378497139,168.24564509383188,55.17295130886049,0.11090921195179543,0.0,0.0,False
23,3,cube,Inner Approx. (Cube),113.07269378497139,158.01079859637656,44.93810481140517,0.09033502237970223,0.0,0.0,False
23,3,power_energy,Outer Approx. (Power-Energy),113.07269378497139,47.04584450289836,-66.02684928207303,-0.13272782491805285,3634.3785545820483,0.5405381729759241,True
23,4,fullnet,Learned Polytope Approx. (FullNet),119.9593990695067,167.8637177329918,47.9043186634851,0.09986113944865405,0.0,0.0,False
23,4,cube,Inner Approx. (Cube),119.9593990695067,146.8546632984409,26.895264228934195,0.056065753706695136,0.0,0.0,False
23,4,power_energy,Outer Approx. (Power-Energy),119.9593990695067,61.033589717850234,-58.92580935165647,-0.12283649217781135,3434.584408508179,0.5609334794626261,True
23,5,fullnet,Learned Polytope Approx. (FullNet),96.55027052016555,135.60142153628718,39.05115101612162,0.09957385175022097,0.0,0.0,False
23,5,cube,Inner Approx. (Cube),96.55027052016555,122.80709806719142,26.256827547025864,0.06695048380313608,0.0,0.0,False
23,5,power_energy,Outer Approx. (Power-Energy),96.55027052016555,45.245757804752046,-51.30451271541351,-0.13081785838099663,3451.5732783396857,0.5751381210956674,True
23,6,fullnet,Learned Polytope Approx. (FullNet),119.34215369323263,170.4336272520119,51.091473558779256,0.10543300471302249,0.0,0.0,False
23,6,cube,Inner Approx. (Cube),119.34215369323263,149.835514152905,30.493360459672374,0.06292648054790902,0.0,0.0,False
23,6,power_energy,Outer Approx. (Power-Energy),119.34215369323263,57.143159158443424,-62.19899453478921,-0.12835462411134219,3452.1656125305126,0.5451092026496466,True
23,7,fullnet,Learned Polytope Approx. (FullNet),104.23404039728601,150.3359631612517,46.10192276396569,0.10698454071153785,0.0,0.0,False
23,7,cube,Inner Approx. (Cube),104.23404039728601,132.62180816557756,28.387767768291553,0.0658769117302478,0.0,0.0,False
23,7,power_energy,Outer Approx. (Power-Energy),104.23404039728601,51.60098109800555,-52.63305929928046,-0.12214075547794535,3513.3250372316497,0.5638319001008647,True
23,8,fullnet,Learned Polytope Approx. (FullNet),89.45672593386793,127.86186941705407,38.40514348318614,0.10486661735327389,0.0,0.0,False
23,8,cube,Inner Approx. (Cube),89.45672593386793,113.35363513488431,23.896909201016385,0.0652513649429807,0.0,0.0,False
23,8,power_energy,Outer Approx. (Power-Energy),89.45672593386793,48.31751102432732,-41.13921490954061,-0.1123320971322925,3646.3939388567987,0.6711004937316838,True
23,9,fullnet,Learned Polytope Approx. (FullNet),79.9350661572704,119.10875501792822,39.17368886065782,0.10940870680400316,0.0,0.0,False
23,9,cube,Inner Approx. (Cube),79.9350661572704,115.2662608936417,35.3311947363713,0.09867695482283147,0.0,0.0,False
23,9,power_energy,Outer Approx. (Power-Energy),79.9350661572704,38.287835500663874,-41.647230656606524,-0.11631709396363546,3290.8273087830225,0.5508436921577624,True
24,0,fullnet,Learned Polytope Approx. (FullNet),152.69573720056292,209.99207528203357,57.29633808147065,0.11830916399332195,0.0,0.0,False
24,0,cube,Inner Approx. (Cube),152.69573720056292,179.8533280514522,27.157590850889278,0.05607674028090226,0.0,0.0,False
24,0,power_energy,Outer Approx. (Power-Energy),152.69573720056292,80.50896868314463,-72.18676851741829,-0.14905588246375415,4040.512298146464,0.6041547273751391,True
24,1,fullnet,Learned Polytope Approx. (FullNet),142.84105035977444,202.75950830974483,59.91845794997039,0.12470164504205779,0.0,0.0,False
24,1,cube,Inner Approx. (Cube),142.84105035977444,185.44889049445086,42.60784013467642,0.08867497492875297,0.0,0.0,False
24,1,power_energy,Outer Approx. (Power-Energy),142.84105035977444,65.84800403905126,-76.99304632072318,-0.1602370932344443,4133.980808738209,0.554205073767648,True
24,2,fullnet,Learned Polytope Approx. (FullNet),153.6848621767192,216.57628312191008,62.89142094519087,0.1192517637647427,0.0,0.0,False
24,2,cube,Inner Approx. (Cube),153.6848621767192,198.17638717191224,44.49152499519303,0.08436274373389897,0.0,0.0,False
24,2,power_energy,Outer Approx. (Power-Energy),153.6848621767192,68.84112491158204,-84.84373726513716,-0.1608767167477031,4105.227453036645,0.5503503738174284,True
24,3,fullnet,Learned Polytope Approx. (FullNet),155.02098636457328,218.45428413343842,63.433297768865145,0.12128943305112108,0.0,0.0,False
24,3,cube,Inner Approx. (Cube),155.02098636457328,196.3504379245876,41.32945156001432,0.07902514805856972,0.0,0.0,False
24,3,power_energy,Outer Approx. (Power-Energy),155.02098636457328,71.28445818652612,-83.73652817804715,-0.16011079962122968,3974.672755626182,0.5329529132359339,True
24,4,fullnet,Learned Polytope Approx. (FullNet),159.80059141506894,212.58227841022256,52.78168699515362,0.10450127782329448,0.0,0.0,False
24,4,cube,Inner Approx. (Cube),159.80059141506894,184.5563738544356,24.75578243936667,0.04901341820822871,0.0,0.0,False
24,4,power_energy,Outer Approx. (Power-Energy),159.80059141506894,86.30982631953023,-73.4907650955387,-0.14550271690634906,4210.731389632246,0.5671066237526929,True
24,5,fullnet,Learned Polytope Approx. (FullNet),129.49231689838922,174.61549594920183,45.12317905081261,0.10942451931249764,0.0,0.0,False
24,5,cube,Inner Approx. (Cube),129.49231689838922,156.00798060989493,26.51566371150571,0.06430096054659734,0.0,0.0,False
24,5,power_energy,Outer Approx. (Power-Energy),129.49231689838922,66.08387146580519,-63.40844543258403,-0.15376661857091142,4280.736582886039,0.6205875802130386,True
24,6,fullnet,Learned Polytope Approx. (FullNet),159.38287822643457,214.84887055354227,55.4659923271077,0.10865358487408389,0.0,0.0,False
24,6,cube,Inner Approx. (Cube),159.38287822643457,187.77273734911495,28.389859122680377,0.05561353612061642,0.0,0.0,False
24,6,power_energy,Outer Approx. (Power-Energy),159.38287822643457,82.21874423566771,-77.16413399076686,-0.15115856455530152,4210.731389632246,0.5671066237526929,True
24,7,fullnet,Learned Polytope Approx. (FullNet),139.44191273395904,190.44085324251557,50.99894050855653,0.11242509459216511,0.0,0.0,False
24,7,cube,Inner Approx. (Cube),139.44191273395904,166.62916321982664,27.187250485867594,0.0599331903191544,0.0,0.0,False
24,7,power_energy,Outer Approx. (Power-Energy),139.44191273395904,72.44748969538992,-66.99442303856912,-0.14768648666328618,4165.462156249273,0.5909505114087693,True
24,8,fullnet,Learned Polytope Approx. (FullNet),119.9374280720424,164.19538139886853,44.25795332682614,0.11532528171543553,0.0,0.0,False
24,8,cube,Inner Approx. (Cube),119.9374280720424,142.4567981810182,22.519370108975806,0.05867990963553296,0.0,0.0,False
24,8,power_energy,Outer Approx. (Power-Energy),119.9374280720424,66.51184533750765,-53.42558273453474,-0.13921385686709914,4494.33816940941,0.7034475092802457,True
24,9,fullnet,Learned Polytope Approx. (FullNet),110.16510310388972,157.20239631396728,47.037293210077564,0.12541190417056236,0.0,0.0,False
24,9,cube,Inner Approx. (Cube),110.16510310388972,144.9985163957168,34.83341329182707,0.09287364113784229,0.0,0.0,False
24,9,power_energy,Outer Approx. (Power-Energy),110.16510310388972,53.79271294114433,-56.37239016274539,-0.15030135261782251,3917.2101726624355,0.5844927353907609,True
25,0,fullnet,Learned Polytope Approx. (FullNet),152.6864138138944,208.94401479456542,56.257600980671015,0.12104670198281824,0.0,0.0,False
25,0,cube,Inner Approx. (Cube),152.6864138138944,179.58706773085697,26.90065391696257,0.057880808656385424,0.0,0.0,False
25,0,power_energy,Outer Approx. (Power-Energy),152.6864138138944,85.34090252539161,-67.34551128850279,-0.1449040110619144,3748.1635776710445,0.5788671731996067,True
25,1,fullnet,Learned Polytope Approx. (FullNet),142.7448006567863,201.09291077689358,58.348110120107265,0.12661699543559252,0.0,0.0,False
25,1,cube,Inner Approx. (Cube),142.7448006567863,184.87447354752155,42.129672890735236,0.09142254289177006,0.0,0.0,False
25,1,power_energy,Outer Approx. (Power-Energy),142.7448006567863,70.67472623212265,-72.07007442466366,-0.15639403342604227,3895.570597259946,0.5382324530713916,True
25,2,fullnet,Learned Polytope Approx. (FullNet),153.39315132268388,214.62574538807985,61.23259406539597,0.12121814804443225,0.0,0.0,False
25,2,cube,Inner Approx. (Cube),153.39315132268388,197.94766522493703,44.55451390225315,0.08820164725477748,0.0,0.0,False
25,2,power_energy,Outer Approx. (Power-Energy),153.39315132268388,74.69037615526359,-78.70277516742028,-0.155802719080677,3895.570597259946,0.5382324530713916,True
25,3,fullnet,Learned Polytope Approx. (FullNet),154.56050571393496,217.01390184400475,62.45339613006979,0.12462628917314889,0.0,0.0,False
25,3,cube,Inner Approx. (Cube),154.56050571393496,195.70008460130623,41.13957888737127,0.08209438353362086,0.0,0.0,False
25,3,power_energy,Outer Approx. (Power-Energy),154.56050571393496,76.91972345726282,-77.64078225667214,-0.1549328488237441,3690.6926514618262,0.5077011380200972,True
25,4,fullnet,Learned Polytope Approx. (FullNet),160.10585247338338,210.77909290208157,50.67324042869819,0.10460647825621584,0.0,0.0,False
25,4,cube,Inner Approx. (Cube),160.10585247338338,184.80826433711184,24.702411863728457,0.050994021452706685,0.0,0.0,False
25,4,power_energy,Outer Approx. (Power-Energy),160.10585247338338,91.76740018296518,-68.3384522904182,-0.14107337054238445,3932.6044060824215,0.5599878153023116,True
25,5,fullnet,Learned Polytope Approx. (FullNet),129.66123543588947,172.29934373485696,42.638108298967495,0.10777457988778702,0.0,0.0,False
25,5,cube,Inner Approx. (Cube),129.66123543588947,155.84269862502538,26.18146318913591,0.066177799828071,0.0,0.0,False
25,5,power_energy,Outer Approx. (Power-Energy),129.66123543588947,70.25680400089108,-59.404431434998386,-0.15015412026463743,3992.643721220314,0.6018888537071848,True
25,6,fullnet,Learned Polytope Approx. (FullNet),159.65663593189637,212.28993617942112,52.633300247524744,0.1075728432572731,0.0,0.0,False
25,6,cube,Inner Approx. (Cube),159.65663593189637,187.5953258001679,27.938689868271524,0.05710157432422221,0.0,0.0,False
25,6,power_energy,Outer Approx. (Power-Energy),159.65663593189637,87.94208275528247,-71.7145531766139,-0.14657143579926032,3932.6044060824215,0.5599878153023116,True
25,7,fullnet,Learned Polytope Approx. (FullNet),139.8831702124487,190.06497470384687,50.18180449139817,0.11544970418992295,0.0,0.0,False
25,7,cube,Inner Approx. (Cube),139.8831702124487,166.77923982471606,26.896069612267354,0.061877872110798746,0.0,0.0,False
25,7,power_energy,Outer Approx. (Power-Energy),139.8831702124487,77.64711504021889,-62.23605517222981,-0.14318206035841705,3917.372152655354,0.5785422428126918,True
25,8,fullnet,Learned Polytope Approx. (FullNet),120.06365412028168,163.3552270753225,43.291572955040806,0.1175003498267561,0.0,0.0,False
25,8,cube,Inner Approx. (Cube),120.06365412028168,142.21328137719075,22.14962725690907,0.06011768049920271,0.0,0.0,False
25,8,power_energy,Outer Approx. (Power-Energy),120.06365412028168,70.08213467401029,-49.98151944627139,-0.13565794954849003,4500.454639921815,0.7242886778737242,True
25,9,fullnet,Learned Polytope Approx. (FullNet),110.20031690081203,156.14824738895564,45.94793048814361,0.12774072917616824,0.0,0.0,False
25,9,cube,Inner Approx. (Cube),110.20031690081203,144.6930285783134,34.492711677501376,0.09589385406779777,0.0,0.0,False
25,9,power_energy,Outer Approx. (Power-Energy),110.20031690081203,57.31813625860202,-52.88218064221001,-0.1470187719859302,3654.1770190016223,0.5599656637104004,True
26,0,fullnet,Learned Polytope Approx. (FullNet),110.45885417323223,166.26478579150762,55.805931618275395,0.12185155215707072,0.0,0.0,False
26,0,cube,Inner Approx. (Cube),110.45885417323223,136.7433100065154,26.284455833283175,0.05739177983439791,0.0,0.0,False
26,0,power_energy,Outer Approx. (Power-Energy),110.45885417323223,54.494761190697126,-55.9640929825351,-0.12219689551336751,3465.1641294266537,0.5748755506730608,True
26,1,fullnet,Learned Polytope Approx. (FullNet),99.8515390370471,156.48520193960638,56.63366290255928,0.12449661967396614,0.6984380639877941,8.752051131371621e-05,True
26,1,cube,Inner Approx. (Cube),99.8515390370471,140.63062797450777,40.77908893746067,0.08964383488373057,0.0,0.0,False
26,1,power_energy,Outer Approx. (Power-Energy),99.8515390370471,43.20682965923295,-56.64470937781415,-0.1245209029139697,3175.2284394908393,0.5354940445345329,True
26,2,fullnet,Learned Polytope Approx. (FullNet),108.51492175076014,167.67904320199742,59.16412145123728,0.11883057476483379,0.0,0.0,False
26,2,cube,Inner Approx. (Cube),108.51492175076014,154.0593646620693,45.54444291130916,0.09147558006004747,0.0,0.0,False
26,2,power_energy,Outer Approx. (Power-Energy),108.51492175076014,42.2319578180646,-66.28296393269554,-0.13312870212618091,3445.3806654925925,0.553117193910284,True
26,3,fullnet,Learned Polytope Approx. (FullNet),109.66420702308599,169.36228590382956,59.698078880743566,0.12084160241196994,0.0,0.0,False
26,3,cube,Inner Approx. (Cube),109.66420702308599,151.28322027500926,41.61901325192326,0.08424573028914824,0.0,0.0,False
26,3,power_energy,Outer Approx. (Power-Energy),109.66420702308599,43.26816649640711,-66.39604052667889,-0.13439970065170778,3690.519573911505,0.5493534649193783,True
26,4,fullnet,Learned Polytope Approx. (FullNet),115.9254147296023,167.44963977750302,51.52422504790073,0.10810493818059533,0.0,0.0,False
26,4,cube,Inner Approx. (Cube),115.9254147296023,140.7506439920039,24.825229262401592,0.05208675865063544,0.0,0.0,False
26,4,power_energy,Outer Approx. (Power-Energy),115.9254147296023,56.8150094022637,-59.1104053273386,-0.1240217918425971,3473.724657662389,0.5597748897746839,True
26,5,fullnet,Learned Polytope Approx. (FullNet),93.37829092747059,137.7060438921618,44.327752964691214,0.11377070323617218,0.0,0.0,False
26,5,cube,Inner Approx. (Cube),93.37829092747059,117.8738137045481,24.49552277707751,0.06286970726230212,0.0,0.0,False
26,5,power_energy,Outer Approx. (Power-Energy),93.37829092747059,42.014599019415655,-51.36369190805493,-0.1318290000812858,3477.98587236021,0.5736376753118902,True
26,6,fullnet,Learned Polytope Approx. (FullNet),115.1639398625301,168.5818121329226,53.41787227039251,0.1109621725960412,0.0,0.0,False
26,6,cube,Inner Approx. (Cube),115.1639398625301,143.85960773925902,28.69566787672892,0.05960802099302472,0.0,0.0,False
26,6,power_energy,Outer Approx. (Power-Energy),115.1639398625301,52.821632685146085,-62.342307177384015,-0.12950043786911533,3478.5782065510384,0.5422083909588222,True
26,7,fullnet,Learned Polytope Approx. (FullNet),100.57328920373483,148.9284700422662,48.35518083853138,0.11279368365864761,0.0,0.0,False
26,7,cube,Inner Approx. (Cube),100.57328920373483,127.1595448400818,26.586255636346962,0.06201531368329659,0.0,0.0,False
26,7,power_energy,Outer Approx. (Power-Energy),100.57328920373483,47.63560209576623,-52.9376871079686,-0.12348287463168192,3575.075843775094,0.5632449469651487,True
26,8,fullnet,Learned Polytope Approx. (FullNet),86.80587692299983,129.69755051238684,42.89167358938701,0.11780075516373106,0.0,0.0,False
26,8,cube,Inner Approx. (Cube),86.80587692299983,108.26276784574583,21.456890922746,0.058930737428504444,0.0,0.0,False
26,8,power_energy,Outer Approx. (Power-Energy),86.80587692299983,45.608183300866756,-41.19769362213307,-0.11314828761757956,3583.4687986559265,0.6531217938448776,True
26,9,fullnet,Learned Polytope Approx. (FullNet),77.52354212203377,121.05792764442704,43.534385522393265,0.12225326127551471,0.0,0.0,False
26,9,cube,Inner Approx. (Cube),77.52354212203377,109.89394064353955,32.37039852150578,0.09090255301769622,0.0,0.0,False
26,9,power_energy,Outer Approx. (Power-Energy),77.52354212203377,35.7544088750211,-41.769133247012675,-0.11729607984181116,3307.90841271578,0.5487866084573256,True
27,0,fullnet,Learned Polytope Approx. (FullNet),104.53835675592886,166.50683086168152,61.96847410575266,0.13503395409871088,0.0,0.0,False
27,0,cube,Inner Approx. (Cube),104.53835675592886,131.26595707343213,26.727600317503274,0.05824144625996825,0.0,0.0,False
27,0,power_energy,Outer Approx. (Power-Energy),104.53835675592886,48.63143149663527,-55.90692525929359,-0.12182538441046897,3606.1672674331408,0.6108466323487681,True
27,1,fullnet,Learned Polytope Approx. (FullNet),94.29151393701888,156.67560918049938,62.3840952434805,0.1370918046734735,0.6451298859483927,8.042460254416609e-05,True
27,1,cube,Inner Approx. (Cube),94.29151393701888,135.7396890029743,41.448175065955425,0.09108419538724848,0.0,0.0,False
27,1,power_energy,Outer Approx. (Power-Energy),94.29151393701888,37.82665883295411,-56.46485510406477,-0.1240840130265638,3194.295354160459,0.5508447546212982,True
27,2,fullnet,Learned Polytope Approx. (FullNet),101.62415474474793,167.56289573784017,65.93874099309224,0.1322722698038234,0.0,0.0,False
27,2,cube,Inner Approx. (Cube),101.62415474474793,148.26575732930405,46.641602584556125,0.0935624573389022,0.0,0.0,False
27,2,power_energy,Outer Approx. (Power-Energy),101.62415474474793,35.49101842644592,-66.13313631830201,-0.1326622243361285,3490.6177946407283,0.5265196113876913,True
27,3,fullnet,Learned Polytope Approx. (FullNet),102.49511574686952,169.08208754888005,66.58697180201054,0.1346259801891951,0.0,0.0,False
27,3,cube,Inner Approx. (Cube),102.49511574686952,144.98030265981507,42.48518691294555,0.08589683202118166,0.0,0.0,False
27,3,power_energy,Outer Approx. (Power-Energy),102.49511574686952,36.21396757491881,-66.2811481719507,-0.1340076639503332,3490.6177946407283,0.5265196113876913,True
27,4,fullnet,Learned Polytope Approx. (FullNet),109.50036565694988,165.5117584010903,56.01139274414042,0.11701669636301798,0.0,0.0,False
27,4,cube,Inner Approx. (Cube),109.50036565694988,134.77356180632995,25.27319614938007,0.052799721182515795,0.0,0.0,False
27,4,power_energy,Outer Approx. (Power-Energy),109.50036565694988,50.45665557574404,-59.043710081205845,-0.12335168893727101,3559.603791147066,0.5516035214532888,True
27,5,fullnet,Learned Polytope Approx. (FullNet),88.21683253083684,135.62175832146795,47.40492579063111,0.1212387198456851,0.0,0.0,False
27,5,cube,Inner Approx. (Cube),88.21683253083684,112.9291673667908,24.712334835953953,0.06320212066445464,0.0,0.0,False
27,5,power_energy,Outer Approx. (Power-Energy),88.21683253083684,36.927732576955925,-51.289099953880914,-0.13117254624359836,3569.278607567511,0.5898749488673749,True
27,6,fullnet,Learned Polytope Approx. (FullNet),108.60655952073442,166.2954576970248,57.68889817629038,0.11932783751741663,0.0,0.0,False
27,6,cube,Inner Approx. (Cube),108.60655952073442,137.5404320340424,28.933872513307975,0.05984888855853821,0.0,0.0,False
27,6,power_energy,Outer Approx. (Power-Energy),108.60655952073442,46.39032424317613,-62.21623527755829,-0.1286925049505815,3569.870941758339,0.535759826933784,True
27,7,fullnet,Learned Polytope Approx. (FullNet),94.98217818796016,147.22569503426593,52.243516846305766,0.12142823582577858,0.0,0.0,False
27,7,cube,Inner Approx. (Cube),94.98217818796016,121.89284313300985,26.91066494504969,0.06254775264822304,0.0,0.0,False
27,7,power_energy,Outer Approx. (Power-Energy),94.98217818796016,42.13115502037042,-52.85102316758974,-0.12284024683306852,3521.7009689628685,0.5645207375551065,True
27,8,fullnet,Learned Polytope Approx. (FullNet),82.44114437907942,129.23682819699064,46.795683817911225,0.12833891845305956,0.0,0.0,False
27,8,cube,Inner Approx. (Cube),82.44114437907942,104.32289428361537,21.88174990453595,0.060011520026844935,0.0,0.0,False
27,8,power_energy,Outer Approx. (Power-Energy),82.44114437907942,41.1668988445323,-41.27424553454712,-0.11319616681917827,3852.341624254607,0.7121927198804021,True
27,9,fullnet,Learned Polytope Approx. (FullNet),73.45076382772726,121.20699386004672,47.756230032319465,0.13415134908250467,0.0,0.0,False
27,9,cube,Inner Approx. (Cube),73.45076382772726,106.21984910338261,32.76908527565536,0.0920511731129899,0.0,0.0,False
27,9,power_energy,Outer Approx. (Power-Energy),73.45076382772726,31.662240833674346,-41.78852299405291,-0.11738754780315706,3444.073892776821,0.5835321212710312,True
28,0,fullnet,Learned Polytope Approx. (FullNet),152.21144739915192,206.19899024495794,53.98754284580602,0.11568932772572064,0.0,0.0,False
28,0,cube,Inner Approx. (Cube),152.21144739915192,177.3645894373825,25.153142038230584,0.05390039885503914,0.0,0.0,False
28,0,power_energy,Outer Approx. (Power-Energy),152.21144739915192,78.85790793980748,-73.35353945934445,-0.15718851459106417,3983.8025951059362,0.6139778607311405,True
28,1,fullnet,Learned Polytope Approx. (FullNet),142.56063968957508,199.17302616282626,56.61238647325118,0.1224101975769741,0.0,0.0,False
28,1,cube,Inner Approx. (Cube),142.56063968957508,182.26112675890982,39.70048706933474,0.08584242369566164,0.0,0.0,False
28,1,power_energy,Outer Approx. (Power-Energy),142.56063968957508,64.50154704219321,-78.05909264738187,-0.16878336259786714,4108.335077821711,0.5615765974575787,True
28,2,fullnet,Learned Polytope Approx. (FullNet),153.43406745606245,212.54762491855257,59.11355746249012,0.11648280940260851,0.0,0.0,False
28,2,cube,Inner Approx. (Cube),153.43406745606245,195.21078280222412,41.776715346161666,0.08232069562421139,0.0,0.0,False
28,2,power_energy,Outer Approx. (Power-Energy),153.43406745606245,67.37878331635015,-86.0552841397123,-0.16957127418518206,4104.287403551583,0.5610233127081176,True
28,3,fullnet,Learned Polytope Approx. (FullNet),154.68324306940673,214.08778047495707,59.40453740555034,0.11800079638959113,0.0,0.0,False
28,3,cube,Inner Approx. (Cube),154.68324306940673,193.42211010157962,38.73886703217289,0.07695063981088715,0.0,0.0,False
28,3,power_energy,Outer Approx. (Power-Energy),154.68324306940673,69.7088004959216,-84.97444257348513,-0.168792693864088,3967.7026264815654,0.542460041906742,True
28,4,fullnet,Learned Polytope Approx. (FullNet),159.18665599834983,207.27565871304725,48.089002714697415,0.09878415319810899,0.0,0.0,False
28,4,cube,Inner Approx. (Cube),159.18665599834983,182.86807940144752,23.681423403097682,0.048646243950613496,0.0,0.0,False
28,4,power_energy,Outer Approx. (Power-Energy),159.18665599834983,84.32392526262555,-74.86273073572428,-0.1537825915355563,4247.498285833043,0.5867034553692564,True
28,5,fullnet,Learned Polytope Approx. (FullNet),128.95151650661967,169.84820134215892,40.89668483553925,0.10292642418716536,0.0,0.0,False
28,5,cube,Inner Approx. (Cube),128.95151650661967,154.4861173973551,25.53460089073542,0.064264014877947,0.0,0.0,False
28,5,power_energy,Outer Approx. (Power-Energy),128.95151650661967,64.4376411576615,-64.51387534895817,-0.1623648109089384,4314.745934171064,0.6434170292337618,True
28,6,fullnet,Learned Polytope Approx. (FullNet),158.83386435938337,208.39393400408989,49.560069644706516,0.10076017374131625,0.0,0.0,False
28,6,cube,Inner Approx. (Cube),158.83386435938337,185.79013286230077,26.956268502917396,0.0548045698329973,0.0,0.0,False
28,6,power_energy,Outer Approx. (Power-Energy),158.83386435938337,80.2617081940446,-78.57215616533877,-0.15974441043375273,4247.498285833043,0.5867034553692564,True
28,7,fullnet,Learned Polytope Approx. (FullNet),139.00058650803925,184.99100251997697,45.990416011937725,0.10519601723016525,0.0,0.0,False
28,7,cube,Inner Approx. (Cube),139.00058650803925,164.85339355438435,25.852807046345106,0.059134327786674684,0.0,0.0,False
28,7,power_energy,Outer Approx. (Power-Energy),139.00058650803925,70.8355508548107,-68.16503565322854,-0.15591705591901067,4159.495069555511,0.6022205778973004,True
28,8,fullnet,Learned Polytope Approx. (FullNet),119.49869393198408,161.1252696714277,41.62657573944362,0.11255986634335693,0.0,0.0,False
28,8,cube,Inner Approx. (Cube),119.49869393198408,140.880085646314,21.381391714329922,0.05781610787935792,0.0,0.0,False
28,8,power_energy,Outer Approx. (Power-Energy),119.49869393198408,65.17905891975887,-54.319635012225206,-0.1468823881903509,4576.0660395983905,0.7310780475970077,True
28,9,fullnet,Learned Polytope Approx. (FullNet),109.90840980091038,154.32595643453638,44.417546633626,0.12304801601921006,0.0,0.0,False
28,9,cube,Inner Approx. (Cube),109.90840980091038,142.84026186267351,32.93185206176314,0.09122969112774898,0.0,0.0,False
28,9,power_energy,Outer Approx. (Power-Energy),109.90840980091038,52.71269897236295,-57.195710828547426,-0.1584468138303991,3868.4675128573617,0.589125165805591,True
29,0,fullnet,Learned Polytope Approx. (FullNet),109.8849607904059,168.0418704109814,58.156909620575505,0.12504648820516315,0.0,0.0,False
29,0,cube,Inner Approx. (Cube),109.8849607904059,136.82471284657947,26.939752056173575,0.05792469733554237,0.0,0.0,False
29,0,power_energy,Outer Approx. (Power-Energy),109.8849607904059,53.566939224724955,-56.318021565680944,-0.12109259012207733,3667.6582469977684,0.6186588240069287,True
29,1,fullnet,Learned Polytope Approx. (FullNet),98.8792497981945,156.36316931603739,57.48391951784289,0.12490731086071503,0.0,0.0,False
29,1,cube,Inner Approx. (Cube),98.8792497981945,140.47718417301985,41.59793437482536,0.0903885149742989,0.0,0.0,False
29,1,power_energy,Outer Approx. (Power-Energy),98.8792497981945,42.349809812881304,-56.52943998531319,-0.12283331394679771,3178.8904209326174,0.5411520953703212,True
29,2,fullnet,Learned Polytope Approx. (FullNet),106.66110725802668,169.62762543668612,62.96651817865944,0.1246691895110027,8.158257732368993,0.000999288402013904,True
29,2,cube,Inner Approx. (Cube),106.66110725802668,153.98175829743326,47.320651039406584,0.09369149482709106,0.0,0.0,False
29,2,power_energy,Outer Approx. (Power-Energy),106.66110725802668,40.530858440321964,-66.13024881770471,-0.13093314924721972,3412.3412916976736,0.5077422450847613,True
29,3,fullnet,Learned Polytope Approx. (FullNet),107.58859255011112,171.37427853120647,63.785685981095355,0.12719319740919685,0.0,0.0,False
29,3,cube,Inner Approx. (Cube),107.58859255011112,150.96295968559474,43.374367135483624,0.08649157497808585,0.0,0.0,False
29,3,power_energy,Outer Approx. (Power-Energy),107.58859255011112,41.23502375285793,-66.35356879725319,-0.13231373849824385,3412.3412916976736,0.5077422450847613,True
29,4,fullnet,Learned Polytope Approx. (FullNet),115.97810935051828,168.20749839634692,52.22938904582864,0.10754843760855533,0.0,0.0,False
29,4,cube,Inner Approx. (Cube),115.97810935051828,140.921882705797,24.943773355278722,0.05136310995459351,0.0,0.0,False
29,4,power_energy,Outer Approx. (Power-Energy),115.97810935051828,56.30930410672053,-59.66880524379775,-0.12286735294392928,3574.081787565008,0.549548671123996,True
29,5,fullnet,Learned Polytope Approx. (FullNet),93.45750052077643,135.11053015187645,41.65302963110001,0.10508810540456232,0.0,0.0,False
29,5,cube,Inner Approx. (Cube),93.45750052077643,117.63513300324328,24.177632482466848,0.06099872237992467,0.0,0.0,False
29,5,power_energy,Outer Approx. (Power-Energy),93.45750052077643,41.5430517918986,-51.91444872887784,-0.13097705277041055,3574.682008746701,0.5954328901545629,True
29,6,fullnet,Learned Polytope Approx. (FullNet),115.18318015124586,168.99193373537491,53.80875358412905,0.10964849240049185,5.686806696700671,0.0007208264899075826,True
29,6,cube,Inner Approx. (Cube),115.18318015124586,143.77708238302262,28.593902231776752,0.05826706739563159,0.0,0.0,False
29,6,power_energy,Outer Approx. (Power-Energy),115.18318015124586,52.41755015171461,-62.76562999953126,-0.12790031817510053,3575.2743429375287,0.5404253443346726,True
29,7,fullnet,Learned Polytope Approx. (FullNet),100.57790293149421,150.39944978646164,49.82154685496744,0.11436629961412823,0.0,0.0,False
29,7,cube,Inner Approx. (Cube),100.57790293149421,127.12503870320293,26.547135771708724,0.060939450402902696,0.0,0.0,False
29,7,power_energy,Outer Approx. (Power-Energy),100.57790293149421,47.50662065722274,-53.07128227427147,-0.12182612850528424,3480.4226087031334,0.5613532433798383,True
29,8,fullnet,Learned Polytope Approx. (FullNet),86.69808039222669,129.727550454567,43.02947006234031,0.11683298158726708,0.0,0.0,False
29,8,cube,Inner Approx. (Cube),86.69808039222669,107.77911673946315,21.081036347236463,0.057238918532552086,0.0,0.0,False
29,8,power_energy,Outer Approx. (Power-Energy),86.69808039222669,44.9383259349256,-41.759754457301085,-0.11338546852959534,3927.917468394592,0.7334633613208369,True
29,9,fullnet,Learned Polytope Approx. (FullNet),77.06484037239865,121.17570202539511,44.11086165299646,0.12290310038018164,0.0,0.0,False
29,9,cube,Inner Approx. (Cube),77.06484037239865,109.41373049372439,32.34889012132574,0.09013151729033812,0.0,0.0,False
29,9,power_energy,Outer Approx. (Power-Energy),77.06484037239865,35.05459590712395,-42.0102444652747,-0.11705029326174793,3454.7438984314736,0.58289788508196,True
30,0,fullnet,Learned Polytope Approx. (FullNet),155.29468374034957,208.13408001461778,52.83939627426821,0.11533647798080982,0.0,0.0,False
30,0,cube,Inner Approx. (Cube),155.29468374034957,181.47482955417553,26.18014581382596,0.05714535032757708,0.0,0.0,False
30,0,power_energy,Outer Approx. (Power-Energy),155.29468374034957,85.97302418957577,-69.3216595507738,-0.15131353921741506,3831.081610905919,0.5781361979203095,True
30,1,fullnet,Learned Polytope Approx. (FullNet),145.35590082342537,200.4944080346227,55.13850721119732,0.12160917358291272,0.0,0.0,False
30,1,cube,Inner Approx. (Cube),145.35590082342537,186.4528952007529,41.09699437732752,0.09064031247391989,0.0,0.0,False
30,1,power_energy,Outer Approx. (Power-Energy),145.35590082342537,71.07685958648086,-74.27904123694451,-0.16382403652599295,3978.2105813281223,0.5551301268238579,True
30,2,fullnet,Learned Polytope Approx. (FullNet),156.7627544293385,214.81605095503411,58.05329652569563,0.11669119786215656,0.0,0.0,False
30,2,cube,Inner Approx. (Cube),156.7627544293385,200.09920292666834,43.336448497329854,0.0871093010886427,0.0,0.0,False
30,2,power_energy,Outer Approx. (Power-Energy),156.7627544293385,75.3657140377334,-81.39704039160509,-0.16361376035771855,3978.2105813281223,0.5551301268238579,True
30,3,fullnet,Learned Polytope Approx. (FullNet),157.9205368661286,215.9292684669033,58.008731600774695,0.11743010396666494,0.0,0.0,False
30,3,cube,Inner Approx. (Cube),157.9205368661286,197.97941411870087,40.05887725257227,0.08109327666276034,0.0,0.0,False
30,3,power_energy,Outer Approx. (Power-Energy),157.9205368661286,77.51198454634653,-80.40855231978207,-0.16277523052400142,3891.87749896058,0.5257013955666148,True
30,4,fullnet,Learned Polytope Approx. (FullNet),162.68569132567967,208.34698457046483,45.661293244785156,0.09544938634731605,0.0,0.0,False
30,4,cube,Inner Approx. (Cube),162.68569132567967,187.07946313372312,24.393771808043454,0.05099221647735793,0.0,0.0,False
30,4,power_energy,Outer Approx. (Power-Energy),162.68569132567967,92.44716499495172,-70.23852633072795,-0.14682510633825407,3948.78640856739,0.5692055884837385,True
30,5,fullnet,Learned Polytope Approx. (FullNet),131.7498878306034,170.74664132751388,38.996753496910486,0.09991884841377911,0.0,0.0,False
30,5,cube,Inner Approx. (Cube),131.7498878306034,157.85190579349768,26.10201796289428,0.06687950514482695,0.0,0.0,False
30,5,power_energy,Outer Approx. (Power-Energy),131.7498878306034,70.92632980128977,-60.82355802931363,-0.15584425188622866,3992.0934265236183,0.5828234904325503,True
30,6,fullnet,Learned Polytope Approx. (FullNet),162.37338577780503,209.50922874829058,47.135842970485555,0.09749320258200746,0.0,0.0,False
30,6,cube,Inner Approx. (Cube),162.37338577780503,190.00478155003105,27.63139577222603,0.057151269519716545,0.0,0.0,False
30,6,power_energy,Outer Approx. (Power-Energy),162.37338577780503,88.66264672177029,-73.71073905603474,-0.1524592658660891,3948.78640856739,0.5692055884837385,True
30,7,fullnet,Learned Polytope Approx. (FullNet),142.036632743129,186.02826711630797,43.99163437317898,0.1023596608545757,0.0,0.0,False
30,7,cube,Inner Approx. (Cube),142.036632743129,168.84559774024075,26.808964997111758,0.06237905465589204,0.0,0.0,False
30,7,power_energy,Outer Approx. (Power-Energy),142.036632743129,77.8621693724646,-64.17446337066438,-0.14932103341335595,3927.355153745263,0.5584106749498041,True
30,8,fullnet,Learned Polytope Approx. (FullNet),121.87918535165124,162.39670888284013,40.517523531188885,0.111602305531099,0.0,0.0,False
30,8,cube,Inner Approx. (Cube),121.87918535165124,143.80943833009945,21.93025297844821,0.060405142762269305,0.0,0.0,False
30,8,power_energy,Outer Approx. (Power-Energy),121.87918535165124,70.7202951866713,-51.15889016497995,-0.14091310606456747,4653.185340508225,0.7282122351284608,True
30,9,fullnet,Learned Polytope Approx. (FullNet),112.07509545361879,155.47268094516886,43.397585491550075,0.12260634553011998,0.0,0.0,False
30,9,cube,Inner Approx. (Cube),112.07509545361879,146.0310555068811,33.95596005326232,0.09593197695083402,0.0,0.0,False
30,9,power_energy,Outer Approx. (Power-Energy),112.07509545361879,57.76865010380805,-54.30644534981074,-0.15342592744861142,3814.037710401747,0.5673837630992196,True
31,0,fullnet,Learned Polytope Approx. (FullNet),113.06771568100362,170.63773632684968,57.57002064584606,0.12085268995486953,0.0,0.0,False
31,0,cube,Inner Approx. (Cube),113.06771568100362,142.0434458861072,28.975730205103588,0.06082670979458824,0.0,0.0,False
31,0,power_energy,Outer Approx. (Power-Energy),113.06771568100362,53.807654010080455,-59.260061670923164,-0.12440047405713892,3630.179764991563,0.5809752754658362,True
31,1,fullnet,Learned Polytope Approx. (FullNet),101.97138211538213,160.65713295195033,58.685750836568204,0.12426201598994248,0.9559239506584731,0.00011576728890181818,True
31,1,cube,Inner Approx. (Cube),101.97138211538213,146.4975139503136,44.52613183493146,0.09428024396332475,0.0,0.0,False
31,1,power_energy,Outer Approx. (Power-Energy),101.97138211538213,42.27366435063054,-59.69771776475159,-0.12640476868235345,3226.951875467115,0.5253290883394923,True
31,2,fullnet,Learned Polytope Approx. (FullNet),110.54123050675844,171.62386052868837,61.08263002192993,0.11776497878621887,0.0,0.0,False
31,2,cube,Inner Approx. (Cube),110.54123050675844,160.5266264739758,49.98539596721736,0.09636993517775375,0.0,0.0,False
31,2,power_energy,Outer Approx. (Power-Energy),110.54123050675844,40.584478066075214,-69.95675244068323,-0.13487394803026737,3575.049902567378,0.5341852713141743,True
31,3,fullnet,Learned Polytope Approx. (FullNet),111.75418889994302,173.85731465607785,62.10312575613483,0.12077393934388232,0.0,0.0,False
31,3,cube,Inner Approx. (Cube),111.75418889994302,156.83294839671413,45.07875949677111,0.08766610857139791,0.0,0.0,False
31,3,power_energy,Outer Approx. (Power-Energy),111.75418889994302,41.65857593305316,-70.09561296688986,-0.13631718541798396,3725.159507994829,0.5328300114876059,True
31,4,fullnet,Learned Polytope Approx. (FullNet),119.19618983594503,171.8035860869922,52.60739625104716,0.10589897945264996,0.0,0.0,False
31,4,cube,Inner Approx. (Cube),119.19618983594503,145.8385405259475,26.642350690002473,0.0536311992105997,0.0,0.0,False
31,4,power_energy,Outer Approx. (Power-Energy),119.19618983594503,56.42359899092208,-62.772590845022954,-0.12636157236073753,3643.5806390465373,0.5628914409716393,True
31,5,fullnet,Learned Polytope Approx. (FullNet),96.08117695033532,141.2255788353537,45.14440188501838,0.1113675516952953,0.0,0.0,False
31,5,cube,Inner Approx. (Cube),96.08117695033532,121.82586329349601,25.744686343160694,0.06351003817712766,0.0,0.0,False
31,5,power_energy,Outer Approx. (Power-Energy),96.08117695033532,41.81229903822048,-54.26887791211484,-0.1338768886941176,3651.1251584401894,0.5808751444832486,True
31,6,fullnet,Learned Polytope Approx. (FullNet),118.50667679804718,173.89568508520597,55.38900828715879,0.1103470677159146,0.0,0.0,False
31,6,cube,Inner Approx. (Cube),118.50667679804718,148.87886861151276,30.372191813465577,0.0605080757060283,0.0,0.0,False
31,6,power_energy,Outer Approx. (Power-Energy),118.50667679804718,52.34957773739748,-66.1570990606497,-0.131799469166998,3651.7174926310176,0.5475682598197279,True
31,7,fullnet,Learned Polytope Approx. (FullNet),103.1982800423278,153.4560387048396,50.25775866251182,0.11273762234435863,0.0,0.0,False
31,7,cube,Inner Approx. (Cube),103.1982800423278,131.36864187855764,28.170361836229844,0.06319142951286734,0.0,0.0,False
31,7,power_energy,Outer Approx. (Power-Energy),103.1982800423278,47.0298149476548,-56.168465094672996,-0.12599645057846387,3652.6380794526317,0.554122873719875,True
31,8,fullnet,Learned Polytope Approx. (FullNet),88.96624418938495,132.8676779329233,43.90143374353835,0.11646836843816345,0.0,0.0,False
31,8,cube,Inner Approx. (Cube),88.96624418938495,112.07851913098307,23.112274941598116,0.06131574128233074,0.0,0.0,False
31,8,power_energy,Outer Approx. (Power-Energy),88.96624418938495,45.238313548686136,-43.727930640698816,-0.11600807314519586,3859.615439310207,0.6718596200698973,True
31,9,fullnet,Learned Polytope Approx. (FullNet),79.22260806585093,124.19843899307995,44.97583092722901,0.122180226888738,0.0,0.0,False
31,9,cube,Inner Approx. (Cube),79.22260806585093,113.96922527221054,34.7466172063596,0.09439179858084508,0.0,0.0,False
31,9,power_energy,Outer Approx. (Power-Energy),79.22260806585093,35.0913931790537,-44.13121488679723,-0.1198857638999209,3465.161153439765,0.554565637511304,True
32,0,fullnet,Learned Polytope Approx. (FullNet),147.87261960537845,202.43487336317733,54.562253757798885,0.12045773755557894,0.0,0.0,False
32,0,cube,Inner Approx. (Cube),147.87261960537845,173.13812133651828,25.265501731139835,0.05577894912936315,0.0,0.0,False
32,0,power_energy,Outer Approx. (Power-Energy),147.87261960537845,77.06152080256332,-70.81109880281512,-0.15633050631440368,3831.564175034101,0.6048170894944795,True
32,1,fullnet,Learned Polytope Approx. (FullNet),138.6312857760035,196.00051219382607,57.369226417822574,0.12782496324608678,0.0,0.0,False
32,1,cube,Inner Approx. (Cube),138.6312857760035,178.55428051285148,39.92299473684798,0.08895283505733208,0.0,0.0,False
32,1,power_energy,Outer Approx. (Power-Energy),138.6312857760035,63.014220913562795,-75.6170648624407,-0.16848315970695465,3978.9513289012034,0.5575814946339662,True
32,2,fullnet,Learned Polytope Approx. (FullNet),148.76601828263995,208.88984393529853,60.12382565265858,0.1223040589397284,0.0,0.0,False
32,2,cube,Inner Approx. (Cube),148.76601828263995,190.824125419801,42.058107137161045,0.0855547224142631,0.0,0.0,False
32,2,power_energy,Outer Approx. (Power-Energy),148.76601828263995,65.77182768667083,-82.99419059596912,-0.16882702103730185,3978.9513289012034,0.5575814946339662,True
32,3,fullnet,Learned Polytope Approx. (FullNet),149.95259533198583,209.93907278956613,59.98647745758029,0.12288327516136703,0.0,0.0,False
32,3,cube,Inner Approx. (Cube),149.95259533198583,188.82368009255097,38.87108476056514,0.07962804963553903,0.0,0.0,False
32,3,power_energy,Outer Approx. (Power-Energy),149.95259533198583,67.97052199788203,-81.9820733341038,-0.16794161122293075,3850.3063877417103,0.5365817081602767,True
32,4,fullnet,Learned Polytope Approx. (FullNet),154.23344814853155,202.98208973128905,48.7486415827575,0.10323569780201243,0.0,0.0,False
32,4,cube,Inner Approx. (Cube),154.23344814853155,178.01776274104344,23.78431459251189,0.05036838430732866,0.0,0.0,False
32,4,power_energy,Outer Approx. (Power-Energy),154.23344814853155,82.162668183361,-72.07077996517054,-0.15262532491718334,4088.379273655331,0.5801522985786044,True
32,5,fullnet,Learned Polytope Approx. (FullNet),124.94561962319935,166.55833472176326,41.61271509856391,0.10791865183049854,0.0,0.0,False
32,5,cube,Inner Approx. (Cube),124.94561962319935,150.53790075962786,25.59228113642851,0.06637116734557363,0.0,0.0,False
32,5,power_energy,Outer Approx. (Power-Energy),124.94561962319935,62.66631909996221,-62.27930052323714,-0.1615154919234329,4131.582758815225,0.6282597757978687,True
32,6,fullnet,Learned Polytope Approx. (FullNet),153.7762275739134,204.12576806527318,50.34954049135979,0.1055450482779631,0.0,0.0,False
32,6,cube,Inner Approx. (Cube),153.7762275739134,180.90702691751272,27.130799343599335,0.05687284329896347,0.0,0.0,False
32,6,power_energy,Outer Approx. (Power-Energy),153.7762275739134,78.13885519790786,-75.63737237600553,-0.15855457748246424,4088.379273655331,0.5801522985786044,True
32,7,fullnet,Learned Polytope Approx. (FullNet),134.76771940855198,181.36722233462794,46.59950292607596,0.10984801900612479,0.0,0.0,False
32,7,cube,Inner Approx. (Cube),134.76771940855198,160.74440290473498,25.976683496183,0.06123428455731565,0.0,0.0,False
32,7,power_energy,Outer Approx. (Power-Energy),134.76771940855198,69.06954985794579,-65.6981695506062,-0.15486890040245996,4031.8334498272193,0.5951290882088806,True
32,8,fullnet,Learned Polytope Approx. (FullNet),116.1621243404142,158.35252968592394,42.190405345509745,0.11734930432589637,0.0,0.0,False
32,8,cube,Inner Approx. (Cube),116.1621243404142,137.66571710545816,21.503592765043962,0.05981055718285134,0.0,0.0,False
32,8,power_energy,Outer Approx. (Power-Energy),116.1621243404142,63.73463011476891,-52.42749422564528,-0.14582296435756348,4611.951613473703,0.7517389688810956,True
32,9,fullnet,Learned Polytope Approx. (FullNet),106.90901895511331,151.86681507787677,44.957796122763455,0.12816133921599218,0.0,0.0,False
32,9,cube,Inner Approx. (Cube),106.90901895511331,140.03529477909325,33.12627582397994,0.09443318487513645,0.0,0.0,False
32,9,power_energy,Outer Approx. (Power-Energy),106.90901895511331,51.52115065157364,-55.38786830353967,-0.1578943807369247,3726.28827279902,0.5787588541208257,True
33,0,fullnet,Learned Polytope Approx. (FullNet),151.21959095522723,209.0106756277154,57.791084672488154,0.12037362958310664,0.0,0.0,False
33,0,cube,Inner Approx. (Cube),151.21959095522723,178.76984161669344,27.550250661466208,0.0573846932764671,0.0,0.0,False
33,0,power_energy,Outer Approx. (Power-Energy),151.21959095522723,80.04535220722335,-71.17423874800389,-0.148249535364586,4037.54778338222,0.6077079378136723,True
33,1,fullnet,Learned Polytope Approx. (FullNet),141.50896795313636,201.82843285823344,60.31946490509708,0.12666019011271204,0.0,0.0,False
33,1,cube,Inner Approx. (Cube),141.50896795313636,184.79175836791995,43.28279041478359,0.09088619189793089,0.0,0.0,False
33,1,power_energy,Outer Approx. (Power-Energy),141.50896795313636,65.48367371811347,-76.0252942350229,-0.15963964926302215,4131.895763003088,0.5570782382584166,True
33,2,fullnet,Learned Polytope Approx. (FullNet),152.16694763444968,215.44055571456357,63.27360808011389,0.12106239001878627,0.0,0.0,False
33,2,cube,Inner Approx. (Cube),152.16694763444968,197.7366685799753,45.5697209455256,0.08718926417424155,0.0,0.0,False
33,2,power_energy,Outer Approx. (Power-Energy),152.16694763444968,68.4374316946225,-83.72951593982718,-0.1602010004227547,4104.025890399938,0.5533207137658421,True
33,3,fullnet,Learned Polytope Approx. (FullNet),153.49639057451049,217.40214862878346,63.90575805427298,0.12327412826321038,0.0,0.0,False
33,3,cube,Inner Approx. (Cube),153.49639057451049,195.45758605302072,41.961195478510234,0.08094309419039347,0.0,0.0,False
33,3,power_energy,Outer Approx. (Power-Energy),153.49639057451049,70.856142043115,-82.64024853139549,-0.15941293722720595,3958.2974909922305,0.5337780429000598,True
33,4,fullnet,Learned Polytope Approx. (FullNet),158.0858200441417,211.06668179987784,52.98086175573613,0.10579955923801651,0.0,0.0,False
33,4,cube,Inner Approx. (Cube),158.0858200441417,183.31524633151625,25.229426287374537,0.050381630131624985,0.0,0.0,False
33,4,power_energy,Outer Approx. (Power-Energy),158.0858200441417,85.75956616706905,-72.32625387707266,-0.14443113093951693,4201.005766788698,0.568090072739054,True
33,5,fullnet,Learned Polytope Approx. (FullNet),128.10138871153018,172.9775938573179,44.876205145787736,0.10971935482404109,0.0,0.0,False
33,5,cube,Inner Approx. (Cube),128.10138871153018,154.94667436188672,26.845285650356544,0.0656349486783795,0.0,0.0,False
33,5,power_energy,Outer Approx. (Power-Energy),128.10138871153018,65.62178658914736,-62.479602122382815,-0.152758496674581,4265.221006266223,0.619774197559645,True
33,6,fullnet,Learned Polytope Approx. (FullNet),157.60882739000027,212.5019186583155,54.89309126831523,0.10844397921121879,0.0,0.0,False
33,6,cube,Inner Approx. (Cube),157.60882739000027,186.45793237321018,28.849104983209912,0.05699281400949791,0.0,0.0,False
33,6,power_energy,Outer Approx. (Power-Energy),157.60882739000027,81.6618315567444,-75.94699583325587,-0.1500369945835061,4201.005766788698,0.568090072739054,True
33,7,fullnet,Learned Polytope Approx. (FullNet),137.9269528439008,188.57242696477107,50.64547412087026,0.11259713932115137,0.0,0.0,False
33,7,cube,Inner Approx. (Cube),137.9269528439008,165.80378434234464,27.876831498443835,0.06197693939188668,0.0,0.0,False
33,7,power_energy,Outer Approx. (Power-Energy),137.9269528439008,71.96715604399665,-65.95979679990415,-0.14664458293249805,4163.456306745864,0.5940409811479943,True
33,8,fullnet,Learned Polytope Approx. (FullNet),118.78996402730684,163.722868209872,44.93290418256515,0.11804791157783281,0.0,0.0,False
33,8,cube,Inner Approx. (Cube),118.78996402730684,141.74709369896533,22.957129671658492,0.06031306595606906,0.0,0.0,False
33,8,power_energy,Outer Approx. (Power-Energy),118.78996402730684,66.11313039184466,-52.676833635462174,-0.13839279504243807,4488.768273406377,0.7066055452939499,True
33,9,fullnet,Learned Polytope Approx. (FullNet),109.10165217214129,156.46237398141645,47.36072180927516,0.1273452860358974,0.0,0.0,False
33,9,cube,Inner Approx. (Cube),109.10165217214129,144.6690801752585,35.567428003117215,0.09563503510056551,0.0,0.0,False
33,9,power_energy,Outer Approx. (Power-Energy),109.10165217214129,53.448738229873754,-55.65291394226753,-0.1496416434118048,3914.1252505662387,0.5873759563327573,True
34,0,fullnet,Learned Polytope Approx. (FullNet),151.39334334256864,203.1943967983916,51.80105345582297,0.11779146850681214,0.0,0.0,False
34,0,cube,Inner Approx. (Cube),151.39334334256864,175.39812553275016,24.004782190181515,0.05458496221083713,0.0,0.0,False
34,0,power_energy,Outer Approx. (Power-Energy),151.39334334256864,84.2947823460267,-67.09856099654195,-0.1525767818837309,3579.560937312669,0.5676327001260633,True
34,1,fullnet,Learned Polytope Approx. (FullNet),142.02262566601732,195.96514949112554,53.942523825108225,0.12373613882700696,0.0,0.0,False
34,1,cube,Inner Approx. (Cube),142.02262566601732,180.1509787482095,38.12835308219218,0.08746077965353347,0.0,0.0,False
34,1,power_energy,Outer Approx. (Power-Energy),142.02262566601732,70.09155879534175,-71.93106687067556,-0.16499918515384326,3722.072891559357,0.5563569926311505,True
34,2,fullnet,Learned Polytope Approx. (FullNet),152.87757391208504,209.37932948816115,56.50175557607611,0.11841035453368955,0.0,0.0,False
34,2,cube,Inner Approx. (Cube),152.87757391208504,192.92838690750398,40.05081299541894,0.08393422324311088,0.0,0.0,False
34,2,power_energy,Outer Approx. (Power-Energy),152.87757391208504,74.6473651982485,-78.23020871383655,-0.1639465297069841,3722.072891559357,0.5563569926311505,True
34,3,fullnet,Learned Polytope Approx. (FullNet),153.88349156059957,210.84236998583935,56.95887842523979,0.12024946483382304,0.0,0.0,False
34,3,cube,Inner Approx. (Cube),153.88349156059957,191.22843943646492,37.34494787586536,0.07884126444333021,0.0,0.0,False
34,3,power_energy,Outer Approx. (Power-Energy),153.88349156059957,76.45267491585959,-77.43081664473998,-0.16346905909316387,3716.679110427214,0.5262917628313718,True
34,4,fullnet,Learned Polytope Approx. (FullNet),158.23938685441885,205.07275617810834,46.83336932368948,0.10230675388145,0.0,0.0,False
34,4,cube,Inner Approx. (Cube),158.23938685441885,180.98805718477405,22.748670330355196,0.04969411020873669,0.0,0.0,False
34,4,power_energy,Outer Approx. (Power-Energy),158.23938685441885,90.24022041693105,-67.9991664374878,-0.1485431026066474,3808.352023933103,0.5744899320239771,True
34,5,fullnet,Learned Polytope Approx. (FullNet),128.03590145287296,167.23941661284022,39.20351515996725,0.1048639385962257,0.0,0.0,False
34,5,cube,Inner Approx. (Cube),128.03590145287296,152.7487506508379,24.712849197964943,0.0661034269569654,0.0,0.0,False
34,5,power_energy,Outer Approx. (Power-Energy),128.03590145287296,68.90182037117363,-59.134081081699335,-0.1581754243769382,3878.080287938737,0.600604793744635,True
34,6,fullnet,Learned Polytope Approx. (FullNet),157.86763584991198,205.89855574907432,48.03091989916234,0.10392917652385551,0.0,0.0,False
34,6,cube,Inner Approx. (Cube),157.86763584991198,183.9313958459765,26.063759996064533,0.05639669444585498,0.0,0.0,False
34,6,power_energy,Outer Approx. (Power-Energy),157.86763584991198,86.48480366131686,-71.38283218859512,-0.15445798212643935,3808.352023933103,0.5744899320239771,True
34,7,fullnet,Learned Polytope Approx. (FullNet),138.54429058771063,183.55399787710897,45.009707289398335,0.10949883289951902,0.0,0.0,False
34,7,cube,Inner Approx. (Cube),138.54429058771063,163.31137562614848,24.76708503843784,0.060252933630405195,0.0,0.0,False
34,7,power_energy,Outer Approx. (Power-Energy),138.54429058771063,76.53778130667743,-62.0065092810332,-0.1508483571064141,3766.080188547335,0.5716688329555274,True
34,8,fullnet,Learned Polytope Approx. (FullNet),118.81649308625148,158.97898480299278,40.1624917167413,0.1150728105783504,0.0,0.0,False
34,8,cube,Inner Approx. (Cube),118.81649308625148,139.3005117815194,20.484018695267906,0.05869042239282674,0.0,0.0,False
34,8,power_energy,Outer Approx. (Power-Energy),118.81649308625148,69.18813758672434,-49.628355499527146,-0.14219422420276792,4454.188321317841,0.7677500447430494,True
34,9,fullnet,Learned Polytope Approx. (FullNet),109.48940566654574,152.1815480445656,42.69214237801987,0.12534612127017805,0.0,0.0,False
34,9,cube,Inner Approx. (Cube),109.48940566654574,141.18912603904874,31.69972037250301,0.09307185755307112,0.0,0.0,False
34,9,power_energy,Outer Approx. (Power-Energy),109.48940566654574,56.77885332880745,-52.710552337738285,-0.15476064019091884,3672.547237887032,0.5779552048491292,True
35,0,fullnet,Learned Polytope Approx. (FullNet),155.80773390186434,211.37851523460574,55.570781332741404,0.1173925930248094,0.0,0.0,False
35,0,cube,Inner Approx. (Cube),155.80773390186434,184.19891573071192,28.39118182884758,0.05997602290258907,0.0,0.0,False
35,0,power_energy,Outer Approx. (Power-Energy),155.80773390186434,88.29215766004984,-67.5155762418145,-0.14262582555989814,3708.196630904424,0.555646426363331,True
35,1,fullnet,Learned Polytope Approx. (FullNet),145.73512165008765,203.74967591751948,58.01455426743183,0.12345089132806593,0.0,0.0,False
35,1,cube,Inner Approx. (Cube),145.73512165008765,190.1931359942486,44.458014344160944,0.09460352780032771,0.0,0.0,False
35,1,power_energy,Outer Approx. (Power-Energy),145.73512165008765,73.29095027747745,-72.4441713726102,-0.15415610169554414,3854.646953752392,0.5428401067791372,True
35,2,fullnet,Learned Polytope Approx. (FullNet),157.2342442406357,218.72013546533486,61.485891224699174,0.11929072190070943,0.0,0.0,False
35,2,cube,Inner Approx. (Cube),157.2342442406357,203.4477044548305,46.21346021419481,0.08966019554525836,0.0,0.0,False
35,2,power_energy,Outer Approx. (Power-Energy),157.2342442406357,78.13220097495818,-79.10204326567751,-0.15346837554162798,3854.646953752392,0.5428401067791372,True
35,3,fullnet,Learned Polytope Approx. (FullNet),158.58084589621893,220.24050780255544,61.65966190633651,0.12062262165996777,0.0,0.0,False
35,3,cube,Inner Approx. (Cube),158.58084589621893,201.31041743977084,42.72957154355191,0.08359035360621588,0.0,0.0,False
35,3,power_energy,Outer Approx. (Power-Energy),158.58084589621893,80.36143202516915,-78.21941387104978,-0.15301788031475524,3811.7886768297426,0.5135073380366473,True
35,4,fullnet,Learned Polytope Approx. (FullNet),163.2723752133511,215.31920016594955,52.046824952598456,0.1055562348750812,0.0,0.0,False
35,4,cube,Inner Approx. (Cube),163.2723752133511,188.8711584165242,25.5987832031731,0.051916926244230374,0.0,0.0,False
35,4,power_energy,Outer Approx. (Power-Energy),163.2723752133511,94.88226956238691,-68.39010565096419,-0.13870206418546158,3888.412298447438,0.5501410792599651,True
35,5,fullnet,Learned Polytope Approx. (FullNet),132.25000244189067,176.86154202114804,44.61153957925737,0.11077094284415441,0.0,0.0,False
35,5,cube,Inner Approx. (Cube),132.25000244189067,159.38147780795197,27.131475366061295,0.06736775137993542,0.0,0.0,False
35,5,power_energy,Outer Approx. (Power-Energy),132.25000244189067,72.87963599857807,-59.370366443312605,-0.1474172720769876,3952.659603465003,0.5737205871373406,True
35,6,fullnet,Learned Polytope Approx. (FullNet),162.87627530154992,217.17909933276957,54.30282403121964,0.10896728169310015,0.0,0.0,False
35,6,cube,Inner Approx. (Cube),162.87627530154992,192.22103472421645,29.344759422666527,0.05888494241823577,0.0,0.0,False
35,6,power_energy,Outer Approx. (Power-Energy),162.87627530154992,91.09681837863754,-71.77945692291239,-0.1440369343922143,3888.412298447438,0.5501410792599651,True
35,7,fullnet,Learned Polytope Approx. (FullNet),142.47670040389505,192.28745430469843,49.81075390080338,0.11242681119280588,0.0,0.0,False
35,7,cube,Inner Approx. (Cube),142.47670040389505,170.46593751723043,27.989237113335378,0.06317392189321751,0.0,0.0,False
35,7,power_energy,Outer Approx. (Power-Energy),142.47670040389505,79.99886799839817,-62.47783240549688,-0.1410174092441367,3833.800726709888,0.5424789914945661,True
35,8,fullnet,Learned Polytope Approx. (FullNet),122.28987260908241,165.93748317305491,43.647610563972506,0.11630516518914641,0.0,0.0,False
35,8,cube,Inner Approx. (Cube),122.28987260908241,145.8092880031275,23.519415394045097,0.06267077297501455,0.0,0.0,False
35,8,power_energy,Outer Approx. (Power-Energy),122.28987260908241,72.35687326849508,-49.93299934058733,-0.13305346298819232,4620.396466904023,0.7114201664349136,True
35,9,fullnet,Learned Polytope Approx. (FullNet),112.29356588861873,158.04519124912542,45.751625360506694,0.12466374600126127,0.0,0.0,False
35,9,cube,Inner Approx. (Cube),112.29356588861873,148.4765436323539,36.182977743735165,0.0985911541168542,0.0,0.0,False
35,9,power_energy,Outer Approx. (Power-Energy),112.29356588861873,59.29624356910287,-52.99732231951586,-0.1444067762910605,3712.0851882749157,0.5486253848346969,True
36,0,fullnet,Learned Polytope Approx. (FullNet),149.01046128654076,204.71542839943862,55.70496711289786,0.12429625949219575,0.0,0.0,False
36,0,cube,Inner Approx. (Cube),149.01046128654076,174.20104893389907,25.190587647358313,0.05620855699692137,0.0,0.0,False
36,0,power_energy,Outer Approx. (Power-Energy),149.01046128654076,80.82652806130793,-68.18393322523283,-0.15214097227964785,3760.0541719978105,0.6020622433092293,True
36,1,fullnet,Learned Polytope Approx. (FullNet),139.54167164389503,197.08722813464607,57.54555649075104,0.12960602547493902,0.0,0.0,False
36,1,cube,Inner Approx. (Cube),139.54167164389503,179.28621683907934,39.744545195184315,0.08951399293331772,0.0,0.0,False
36,1,power_energy,Outer Approx. (Power-Energy),139.54167164389503,66.78476490943436,-72.75690673446067,-0.16386553685026678,3835.36334292724,0.5496589275882037,True
36,2,fullnet,Learned Polytope Approx. (FullNet),149.73710867180517,210.31245409205917,60.575345420253996,0.12454408519072034,0.0,0.0,False
36,2,cube,Inner Approx. (Cube),149.73710867180517,191.7063559059699,41.969247234164726,0.0862895864094323,0.0,0.0,False
36,2,power_energy,Outer Approx. (Power-Energy),149.73710867180517,70.3194158792543,-79.41769279255088,-0.16328431688148085,3785.7539395234244,0.5425492357454433,True
36,3,fullnet,Learned Polytope Approx. (FullNet),150.83174054707104,212.302445498432,61.47070495136097,0.12728175130201067,0.0,0.0,False
36,3,cube,Inner Approx. (Cube),150.83174054707104,189.7103781092008,38.87863756212977,0.08050242926381879,0.0,0.0,False
36,3,power_energy,Outer Approx. (Power-Energy),150.83174054707104,72.31592940782434,-78.5158111392467,-0.16257548948899725,3674.3820469463903,0.5266962317670995,True
36,4,fullnet,Learned Polytope Approx. (FullNet),155.7871349659739,206.04998859312207,50.26285362714816,0.10761978574042368,0.0,0.0,False
36,4,cube,Inner Approx. (Cube),155.7871349659739,179.5940713672713,23.806936401297406,0.05097397401367738,0.0,0.0,False
36,4,power_energy,Outer Approx. (Power-Energy),155.7871349659739,86.46017428680494,-69.32696067916896,-0.14843870007207674,3958.4600232353187,0.5680596689711104,True
36,5,fullnet,Learned Polytope Approx. (FullNet),126.13866702045578,168.00457227193965,41.865905251483866,0.10980377565921769,0.0,0.0,False
36,5,cube,Inner Approx. (Cube),126.13866702045578,151.72386876146925,25.585201741013464,0.06710357115869352,0.0,0.0,False
36,5,power_energy,Outer Approx. (Power-Energy),126.13866702045578,65.91359912856997,-60.225067891885814,-0.15795525748550246,4058.990409896294,0.6315242509847331,True
36,6,fullnet,Learned Polytope Approx. (FullNet),155.25156273779066,207.08035761783063,51.828794880039965,0.10988786789412765,0.0,0.0,False
36,6,cube,Inner Approx. (Cube),155.25156273779066,182.31366603613162,27.062103298340958,0.057377310027530284,0.0,0.0,False
36,6,power_energy,Outer Approx. (Power-Energy),155.25156273779066,82.54005141010796,-72.7115113276827,-0.1541635874353674,3958.4600232353187,0.5680596689711104,True
36,7,fullnet,Learned Polytope Approx. (FullNet),136.2906955178522,184.58391728664446,48.29322176879225,0.11514806802590348,0.0,0.0,False
36,7,cube,Inner Approx. (Cube),136.2906955178522,162.34453602630236,26.05384050845015,0.062121541891862996,0.0,0.0,False
36,7,power_energy,Outer Approx. (Power-Energy),136.2906955178522,73.31528560932404,-62.97540990852818,-0.15015558122884187,3861.691713219067,0.5909798862377115,True
36,8,fullnet,Learned Polytope Approx. (FullNet),117.15102982781582,159.70222955478818,42.55119972697236,0.1196904056266562,0.0,0.0,False
36,8,cube,Inner Approx. (Cube),117.15102982781582,138.51258703603298,21.361557208217164,0.06008698846269771,0.0,0.0,False
36,8,power_energy,Outer Approx. (Power-Energy),117.15102982781582,66.52560115144354,-50.62542867637228,-0.14240205052214855,4477.205722436422,0.7534377779668172,True
36,9,fullnet,Learned Polytope Approx. (FullNet),107.72841925061007,153.1042209066954,45.375801656085315,0.13083143093789185,0.0,0.0,False
36,9,cube,Inner Approx. (Cube),107.72841925061007,140.72734932165244,32.998930071042366,0.09514536565845802,0.0,0.0,False
36,9,power_energy,Outer Approx. (Power-Energy),107.72841925061007,54.344876206439224,-53.38354304417085,-0.1539200426240131,3662.267577199315,0.5861507370836224,True
37,0,fullnet,Learned Polytope Approx. (FullNet),111.10940357549234,169.63239771714967,58.522994141657335,0.1299278223300435,0.0,0.0,False
37,0,cube,Inner Approx. (Cube),111.10940357549234,138.3656109352438,27.25620735975147,0.06051193584963635,0.0,0.0,False
37,0,power_energy,Outer Approx. (Power-Energy),111.10940357549234,56.58038894309759,-54.52901463239475,-0.1210607254277009,3549.70445803396,0.5898951226930361,True
37,1,fullnet,Learned Polytope Approx. (FullNet),100.34371874627806,158.94685401819953,58.603135271921474,0.13143155533104744,2.0549657275828963,0.000250103675863877,True
37,1,cube,Inner Approx. (Cube),100.34371874627806,142.43687944198683,42.093160695708775,0.0944039862946965,0.0,0.0,False
37,1,power_energy,Outer Approx. (Power-Energy),100.34371874627806,45.08954411761598,-55.25417462866208,-0.12392070963919688,3103.2502482669365,0.5238748574644774,True
37,2,fullnet,Learned Polytope Approx. (FullNet),108.81089494853954,171.56560585669212,62.754710908152575,0.1283540261302186,0.0,0.0,False
37,2,cube,Inner Approx. (Cube),108.81089494853954,156.30226813855495,47.49137319001541,0.09713547982577507,0.0,0.0,False
37,2,power_energy,Outer Approx. (Power-Energy),108.81089494853954,44.1491582547455,-64.66173669379404,-0.13225452115248834,3423.943055246348,0.5271370356834373,True
37,3,fullnet,Learned Polytope Approx. (FullNet),109.74578180360103,172.85211619599067,63.10633439238964,0.1300332263578704,0.0,0.0,False
37,3,cube,Inner Approx. (Cube),109.74578180360103,152.81293629688304,43.067154493282004,0.0887416628256841,0.0,0.0,False
37,3,power_energy,Outer Approx. (Power-Energy),109.74578180360103,45.05620820746477,-64.68957359613626,-0.13329555657783426,3517.1510297189084,0.5264831700551404,True
37,4,fullnet,Learned Polytope Approx. (FullNet),116.86390838213279,169.01129615858054,52.147387776447744,0.11094452350891348,0.0,0.0,False
37,4,cube,Inner Approx. (Cube),116.86390838213279,142.41739082066258,25.553482438529784,0.054365502358231364,0.0,0.0,False
37,4,power_energy,Outer Approx. (Power-Energy),116.86390838213279,59.40912334299324,-57.45478503913955,-0.12223610848544411,3410.1068478565107,0.5507308813094796,True
37,5,fullnet,Learned Polytope Approx. (FullNet),94.16867808930381,137.42348318654982,43.254805097246006,0.11277630557941712,0.0,0.0,False
37,5,cube,Inner Approx. (Cube),94.16867808930381,118.88837311255861,24.7196950232548,0.06445054771383252,0.0,0.0,False
37,5,power_energy,Outer Approx. (Power-Energy),94.16867808930381,44.119759008915956,-50.048919080387854,-0.13049029303079002,3420.6891370593403,0.5656023232171478,True
37,6,fullnet,Learned Polytope Approx. (FullNet),116.1968091018997,169.62864189610173,53.43183279420202,0.11254328479142471,0.0,0.0,False
37,6,cube,Inner Approx. (Cube),116.1968091018997,145.1841339645543,28.98732486265459,0.061055902198310565,0.0,0.0,False
37,6,power_energy,Outer Approx. (Power-Energy),116.1968091018997,55.530719655328724,-60.66608944657098,-0.12778077458178363,3421.2814712501686,0.540318996465443,True
37,7,fullnet,Learned Polytope Approx. (FullNet),101.38169514907355,149.98874090368048,48.60704575460693,0.11512633598587249,0.0,0.0,False
37,7,cube,Inner Approx. (Cube),101.38169514907355,128.375481812597,26.99378666352345,0.06393508810728783,0.0,0.0,False
37,7,power_energy,Outer Approx. (Power-Energy),101.38169514907355,49.87414168013741,-51.50755346893614,-0.12199622121476095,3502.6668811586446,0.5539402854474144,True
37,8,fullnet,Learned Polytope Approx. (FullNet),87.39457337503308,131.71338366669198,44.318810291658906,0.12411823272284168,0.0,0.0,False
37,8,cube,Inner Approx. (Cube),87.39457337503308,109.35772495851688,21.963151583483807,0.06150949318418299,0.0,0.0,False
37,8,power_energy,Outer Approx. (Power-Energy),87.39457337503308,47.261361401515444,-40.13321197351763,-0.11239614310183108,3710.0052070130096,0.6663466147358624,True
37,9,fullnet,Learned Polytope Approx. (FullNet),77.97354269401335,123.0370076458981,45.063464951884754,0.1294410813941814,0.0,0.0,False
37,9,cube,Inner Approx. (Cube),77.97354269401335,111.02901880903127,33.055476115017925,0.09494912517037815,0.0,0.0,False
37,9,power_energy,Outer Approx. (Power-Energy),77.97354269401335,37.2110470235904,-40.76249567042294,-0.11708690233959701,3296.5463041403227,0.5478249272676565,True
38,0,fullnet,Learned Polytope Approx. (FullNet),158.99422304726718,212.15393939241704,53.15971634514986,0.1127920268718206,0.0,0.0,False
38,0,cube,Inner Approx. (Cube),158.99422304726718,187.3709943875361,28.376771340268903,0.060208627426943356,0.0,0.0,False
38,0,power_energy,Outer Approx. (Power-Energy),158.99422304726718,94.53244984276336,-64.46177320450383,-0.13677225078254138,3543.224831431931,0.5262785715555756,True
38,1,fullnet,Learned Polytope Approx. (FullNet),148.71334489113485,203.86333613865168,55.14999124751682,0.11775793918426541,0.0,0.0,False
38,1,cube,Inner Approx. (Cube),148.71334489113485,192.97547474465065,44.2621298535158,0.09450984628562488,0.0,0.0,False
38,1,power_energy,Outer Approx. (Power-Energy),148.71334489113485,79.25613522019069,-69.45720967094417,-0.14830714724198776,3681.878283422409,0.539077397666566,True
38,2,fullnet,Learned Polytope Approx. (FullNet),160.7865263268266,218.3102583401365,57.52373201330991,0.11206652172839582,0.0,0.0,False
38,2,cube,Inner Approx. (Cube),160.7865263268266,206.8916657699528,46.105139443126205,0.08982106046245943,0.0,0.0,False
38,2,power_energy,Outer Approx. (Power-Energy),160.7865263268266,85.48033026101811,-75.30619606580848,-0.14670994322376485,3681.878283422409,0.539077397666566,True
38,3,fullnet,Learned Polytope Approx. (FullNet),162.07281088315347,221.05138819743416,58.9785773142807,0.11590251568437947,0.0,0.0,False
38,3,cube,Inner Approx. (Cube),162.07281088315347,204.5620781767823,42.48926729362884,0.0834983343642844,0.0,0.0,False
38,3,power_energy,Outer Approx. (Power-Energy),162.07281088315347,87.58830242704008,-74.48450845611339,-0.14637419725429104,3811.847820140528,0.5187303848368969,True
38,4,fullnet,Learned Polytope Approx. (FullNet),166.8990639772918,217.39718624915133,50.49812227185953,0.10301924852683905,0.0,0.0,False
38,4,cube,Inner Approx. (Cube),166.8990639772918,192.7455847729201,25.846520795628294,0.052728478398943346,0.0,0.0,False
38,4,power_energy,Outer Approx. (Power-Energy),166.8990639772918,101.88354045376545,-65.01552352352635,-0.13263563226993771,3730.0391834697407,0.5426317290943506,True
38,5,fullnet,Learned Polytope Approx. (FullNet),135.11580456511456,177.7542397643132,42.63843519919865,0.1064572200765011,0.0,0.0,False
38,5,cube,Inner Approx. (Cube),135.11580456511456,162.59622227648012,27.48041771136556,0.06861154407814675,0.0,0.0,False
38,5,power_energy,Outer Approx. (Power-Energy),135.11580456511456,78.36383373155698,-56.75197083355758,-0.14169509318476955,3818.847795104652,0.5554449163098636,True
38,6,fullnet,Learned Polytope Approx. (FullNet),166.63925297143788,220.23445971712698,53.5952067456891,0.10824148039717096,0.0,0.0,False
38,6,cube,Inner Approx. (Cube),166.63925297143788,195.71234246471442,29.07308949327654,0.058716337477787796,0.0,0.0,False
38,6,power_energy,Outer Approx. (Power-Energy),166.63925297143788,98.32204044740648,-68.3172125240314,-0.13797420831489005,3730.0391834697407,0.5426317290943506,True
38,7,fullnet,Learned Polytope Approx. (FullNet),145.81272512372612,195.7089122840072,49.89618716028107,0.11336432152484813,0.0,0.0,False
38,7,cube,Inner Approx. (Cube),145.81272512372612,174.06535545794338,28.252630334217258,0.06419008047333212,0.0,0.0,False
38,7,power_energy,Outer Approx. (Power-Energy),145.81272512372612,86.41415528418806,-59.39856983953807,-0.13495377007014595,3637.0313988790817,0.5196398942564199,True
38,8,fullnet,Learned Polytope Approx. (FullNet),124.67069602622271,166.69084896691044,42.02015294068772,0.11247957699224558,0.0,0.0,False
38,8,cube,Inner Approx. (Cube),124.67069602622271,148.57854485446046,23.907848828237746,0.06399654772295847,0.0,0.0,False
38,8,power_energy,Outer Approx. (Power-Energy),124.67069602622271,77.07266915599162,-47.598026870231095,-0.12741043412160197,4510.456701570889,0.7121507857923011,True
38,9,fullnet,Learned Polytope Approx. (FullNet),114.52187637451459,158.2448933865887,43.72301701207411,0.11959994102822429,0.0,0.0,False
38,9,cube,Inner Approx. (Cube),114.52187637451459,151.03020716831526,36.50833079380067,0.09986488829834604,0.0,0.0,False
38,9,power_energy,Outer Approx. (Power-Energy),114.52187637451459,63.73110127157412,-50.79077510294047,-0.13893308655740727,3741.2725180704483,0.5519520788035186,True
39,0,fullnet,Learned Polytope Approx. (FullNet),153.85741921645047,206.76054964463992,52.903130428189456,0.12000193307833489,0.0,0.0,False
39,0,cube,Inner Approx. (Cube),153.85741921645047,179.89499098251798,26.037571766067515,0.05906189140990895,0.0,0.0,False
39,0,power_energy,Outer Approx. (Power-Energy),153.85741921645047,89.44157680860103,-64.41584240784944,-0.14611660117739209,3522.4829431480107,0.5487682494001045,True
39,1,fullnet,Learned Polytope Approx. (FullNet),144.15084496795942,198.7888070159895,54.63796204803009,0.1250157640830767,0.0,0.0,False
39,1,cube,Inner Approx. (Cube),144.15084496795942,185.0664381377179,40.915593169758495,0.09361795263397991,0.0,0.0,False
39,1,power_energy,Outer Approx. (Power-Energy),144.15084496795942,74.79765541763419,-69.35318955032523,-0.15868531069315306,3661.9982138263467,0.5474855169120387,True
39,2,fullnet,Learned Polytope Approx. (FullNet),155.35900648268546,212.96728420337607,57.60827772069061,0.12045605787365317,0.0,0.0,False
39,2,cube,Inner Approx. (Cube),155.35900648268546,198.09134485458281,42.732338371897356,0.08935120485563601,0.0,0.0,False
39,2,power_energy,Outer Approx. (Power-Energy),155.35900648268546,80.21133895084138,-75.14766753184408,-0.15713005400324165,3661.9982138263467,0.5474855169120387,True
39,3,fullnet,Learned Polytope Approx. (FullNet),156.35847978245735,214.6852957428434,58.32681596038606,0.1228952585258165,0.0,0.0,False
39,3,cube,Inner Approx. (Cube),156.35847978245735,195.84529205500002,39.486812272542664,0.08319915844352554,0.0,0.0,False
39,3,power_energy,Outer Approx. (Power-Energy),156.35847978245735,81.99063725399814,-74.3678425284592,-0.1566938822744836,3709.736457621914,0.521603595032676,True
39,4,fullnet,Learned Polytope Approx. (FullNet),161.11361834184532,209.075775550061,47.96215720821567,0.10449023501365191,0.0,0.0,False
39,4,cube,Inner Approx. (Cube),161.11361834184532,185.56812833491736,24.454509993072037,0.05327653393959715,0.0,0.0,False
39,4,power_energy,Outer Approx. (Power-Energy),161.11361834184532,96.1420078380396,-64.97161050380572,-0.14154698716502292,3613.769564132432,0.5512191515746357,True
39,5,fullnet,Learned Polytope Approx. (FullNet),130.39188276626504,170.7577471949737,40.36586442870865,0.10772861623036852,0.0,0.0,False
39,5,cube,Inner Approx. (Cube),130.39188276626504,156.42372874118104,26.031845974915996,0.0694739177393978,0.0,0.0,False
39,5,power_energy,Outer Approx. (Power-Energy),130.39188276626504,73.66290052395414,-56.728982242310906,-0.15139858500775358,3682.6951187214054,0.5616232628398897,True
39,6,fullnet,Learned Polytope Approx. (FullNet),160.76758340663937,210.81610557338124,50.04852216674186,0.10803157801208352,0.0,0.0,False
39,6,cube,Inner Approx. (Cube),160.76758340663937,188.23660377444287,27.469020367803495,0.059292891943807394,0.0,0.0,False
39,6,power_energy,Outer Approx. (Power-Energy),160.76758340663937,92.59430479495225,-68.17327861168712,-0.14715453219859642,3613.769564132432,0.5512191515746357,True
39,7,fullnet,Learned Polytope Approx. (FullNet),140.971900442658,187.78556731000407,46.81366686734606,0.11358435191848,0.0,0.0,False
39,7,cube,Inner Approx. (Cube),140.971900442658,167.41681552897438,26.44491508631637,0.06416349631679184,0.0,0.0,False
39,7,power_energy,Outer Approx. (Power-Energy),140.971900442658,81.64202574837033,-59.32987469428768,-0.14395252108003337,3595.366728497,0.5384459239602349,True
39,8,fullnet,Learned Polytope Approx. (FullNet),120.75625020978401,161.3460384016712,40.58978819188718,0.11603847916314633,0.0,0.0,False
39,8,cube,Inner Approx. (Cube),120.75625020978401,142.98215718611573,22.225906976331714,0.06353963788533841,0.0,0.0,False
39,8,power_energy,Outer Approx. (Power-Energy),120.75625020978401,73.19678866921646,-47.559461540567554,-0.13596344875947527,4305.280176731989,0.7494735475048493,True
39,9,fullnet,Learned Polytope Approx. (FullNet),111.13803864217778,154.37782076275818,43.2397821205804,0.12666687765118242,0.0,0.0,False
39,9,cube,Inner Approx. (Cube),111.13803864217778,145.0807090907878,33.942670448610016,0.09943186283591708,0.0,0.0,False
39,9,power_energy,Outer Approx. (Power-Energy),111.13803864217778,60.41048930658938,-50.72754933558839,-0.1486015879385529,3710.208331147632,0.5740555971103074,True
