sample_id,price_id,method_id,method,true_cost,method_cost,cost_diff,normalized_cost_diff,abs_decomp_error,rel_decomp_error,is_decomp_failed
0,0,fullnet,Learned Polytope Approx. (FullNet),293.4980132875702,446.1490343404497,152.6510210528795,0.12579517451236502,0.0,0.0,False
0,0,cube,Inner Approx. (Cube),293.4980132875702,499.26674118823576,205.76872790066557,0.16956789975538328,0.0,0.0,False
0,0,power_energy,Outer Approx. (Power-Energy),293.4980132875702,120.95324217716183,-172.54477111040836,-0.14218902332471794,3527.0258166365625,0.48551342098895645,True
0,1,fullnet,Learned Polytope Approx. (FullNet),304.62812698330595,457.88803058542726,153.2599036021213,0.12682071819273016,0.0,0.0,False
0,1,cube,Inner Approx. (Cube),304.62812698330595,490.4165311259054,185.78840414259946,0.15373765930595001,0.0,0.0,False
0,1,power_energy,Outer Approx. (Power-Energy),304.62812698330595,117.41634389469158,-187.21178308861437,-0.15491548818324496,3527.025816636562,0.4855134209889563,True
0,2,fullnet,Learned Polytope Approx. (FullNet),343.9333057366722,482.91314714372646,138.97984140705427,0.11930297912431753,0.0,0.0,False
0,2,cube,Inner Approx. (Cube),343.9333057366722,447.46962577877383,103.53632004210164,0.08887757608251627,0.0,0.0,False
0,2,power_energy,Outer Approx. (Power-Energy),343.9333057366722,183.9136403322248,-160.0196654044474,-0.13736397025603503,3954.8027708819213,0.5390032059359432,True
0,3,fullnet,Learned Polytope Approx. (FullNet),324.0995621422209,438.5968098504927,114.4972477082718,0.10217105228134107,0.0,0.0,False
0,3,cube,Inner Approx. (Cube),324.0995621422209,433.33690429791096,109.23734215569004,0.0974774015957192,0.0,0.0,False
0,3,power_energy,Outer Approx. (Power-Energy),324.0995621422209,187.35282534653982,-136.7467367956811,-0.12202527374328276,4098.1433911014265,0.5350443880640445,True
0,4,fullnet,Learned Polytope Approx. (FullNet),330.87925069395203,437.562159136001,106.68290844204898,0.09777775345027157,0.0,0.0,False
0,4,cube,Inner Approx. (Cube),330.87925069395203,388.7070977290314,57.827847035079344,0.05300077634298333,0.0,0.0,False
0,4,power_energy,Outer Approx. (Power-Energy),330.87925069395203,182.9834386843302,-147.89581200962184,-0.13555048746032083,4818.951297382355,0.7851256799283528,True
0,5,fullnet,Learned Polytope Approx. (FullNet),304.9852972845208,409.85552808519026,104.87023080066945,0.09266184146473845,0.0,0.0,False
0,5,cube,Inner Approx. (Cube),304.9852972845208,411.1091879754963,106.12389069097549,0.09376955747832329,0.0,0.0,False
0,5,power_energy,Outer Approx. (Power-Energy),304.9852972845208,146.36447761362714,-158.62081967089367,-0.14015509580872773,4640.447291889305,0.5883507769594549,True
0,6,fullnet,Learned Polytope Approx. (FullNet),319.4418809801955,421.6765091022203,102.23462812202479,0.08927271237466444,0.0,0.0,False
0,6,cube,Inner Approx. (Cube),319.4418809801955,419.727186388998,100.28530540880251,0.08757053641824404,0.0,0.0,False
0,6,power_energy,Outer Approx. (Power-Energy),319.4418809801955,169.80879362400117,-149.63308735619432,-0.13066171232450327,3714.8739316617875,0.45608725543858003,True
0,7,fullnet,Learned Polytope Approx. (FullNet),308.3178122003825,417.0910717187127,108.77325951833024,0.10232113550342906,0.0,0.0,False
0,7,cube,Inner Approx. (Cube),308.3178122003825,385.73566906581016,77.41785686542767,0.07282564720217462,0.0,0.0,False
0,7,power_energy,Outer Approx. (Power-Energy),308.3178122003825,159.3647299406761,-148.95308225970638,-0.1401176040971765,4826.964530268734,0.7520231012553117,True
0,8,fullnet,Learned Polytope Approx. (FullNet),329.1145314723228,447.8810554882797,118.76652401595686,0.10884349473041448,0.0,0.0,False
0,8,cube,Inner Approx. (Cube),329.1145314723228,397.24388547169343,68.12935399937061,0.06243709702256452,0.0,0.0,False
0,8,power_energy,Outer Approx. (Power-Energy),329.1145314723228,190.71290428495362,-138.4016271873692,-0.12683807078015746,5261.853216519657,0.8277431557462999,True
0,9,fullnet,Learned Polytope Approx. (FullNet),335.4189592083526,418.1311465814993,82.71218737314672,0.06732852061531218,0.0,0.0,False
0,9,cube,Inner Approx. (Cube),335.4189592083526,427.229819128479,91.8108599201264,0.07473492808205731,0.0,0.0,False
0,9,power_energy,Outer Approx. (Power-Energy),335.4189592083526,175.53048679393294,-159.88847241441965,-0.1301507631824521,2896.8202937593924,0.32481369241419933,True
1,0,fullnet,Learned Polytope Approx. (FullNet),191.23836985671048,322.069489949229,130.83112009251855,0.10993795617139453,0.0,0.0,False
1,0,cube,Inner Approx. (Cube),191.23836985671048,400.3098406990511,209.07147084234063,0.17568366136359787,0.0,0.0,False
1,0,power_energy,Outer Approx. (Power-Energy),191.23836985671048,38.31806251279742,-152.92030734391307,-0.12849959577356443,3832.9592896139657,0.5545539161908832,True
1,1,fullnet,Learned Polytope Approx. (FullNet),196.68438912459706,338.08992001334025,141.4055308887432,0.11874531671294426,0.0,0.0,False
1,1,cube,Inner Approx. (Cube),196.68438912459706,387.6552429079278,190.97085378333074,0.16036780437736192,0.0,0.0,False
1,1,power_energy,Outer Approx. (Power-Energy),196.68438912459706,28.02344511608254,-168.66094400851452,-0.14163305414943675,3654.901070813918,0.5287923896301655,True
1,2,fullnet,Learned Polytope Approx. (FullNet),239.88741144516268,369.6927955324452,129.8053840872825,0.11233665172643832,0.0,0.0,False
1,2,cube,Inner Approx. (Cube),239.88741144516268,347.2444996642623,107.35708821909964,0.09290936515795176,0.0,0.0,False
1,2,power_energy,Outer Approx. (Power-Energy),239.88741144516268,88.27614427282086,-151.61126717234183,-0.1312079790672719,3750.6790129748492,0.5515072948386934,True
1,3,fullnet,Learned Polytope Approx. (FullNet),227.4583069446837,325.4305794343571,97.97227248967343,0.0883854339146283,0.0,0.0,False
1,3,cube,Inner Approx. (Cube),227.4583069446837,334.202869540934,106.74456259625029,0.09629933289636847,0.0,0.0,False
1,3,power_energy,Outer Approx. (Power-Energy),227.4583069446837,98.35275628981609,-129.1055506548676,-0.11647224082324166,3744.739325183356,0.5658435685613634,True
1,4,fullnet,Learned Polytope Approx. (FullNet),228.55991368619732,329.55318556337886,100.99327187718154,0.09235852707874474,0.0,0.0,False
1,4,cube,Inner Approx. (Cube),228.55991368619732,295.08174641096986,66.52183272477254,0.06083433455359493,0.0,0.0,False
1,4,power_energy,Outer Approx. (Power-Energy),228.55991368619732,91.7623503362688,-136.7975633499285,-0.1251016154256836,3921.8768600704134,0.7012602093969557,True
1,5,fullnet,Learned Polytope Approx. (FullNet),199.52898391042177,291.19825716561024,91.66927325518847,0.08097189712595926,0.0,0.0,False
1,5,cube,Inner Approx. (Cube),199.52898391042177,317.15134051728216,117.6223566068604,0.10389637684123923,0.0,0.0,False
1,5,power_energy,Outer Approx. (Power-Energy),199.52898391042177,59.42420918976042,-140.10477472066134,-0.1237552017452586,3862.7344096824067,0.5812121470089672,True
1,6,fullnet,Learned Polytope Approx. (FullNet),217.65229570191292,302.03917300859945,84.38687730668653,0.07373819898049323,0.0,0.0,False
1,6,cube,Inner Approx. (Cube),217.65229570191292,327.51382549976523,109.86152979785231,0.09599823578130584,0.0,0.0,False
1,6,power_energy,Outer Approx. (Power-Energy),217.65229570191292,73.35619303824663,-144.2961026636663,-0.12608755140510475,3353.7521946201505,0.44790043598872964,True
1,7,fullnet,Learned Polytope Approx. (FullNet),208.05546993421837,310.5295956098952,102.47412567567682,0.09643493562786273,0.0,0.0,False
1,7,cube,Inner Approx. (Cube),208.05546993421837,286.92221187586875,78.86674194165039,0.07421882482211366,0.0,0.0,False
1,7,power_energy,Outer Approx. (Power-Energy),208.05546993421837,74.60384077304181,-133.45162916117656,-0.12558681699146365,3921.8768600704134,0.7012602093969557,True
1,8,fullnet,Learned Polytope Approx. (FullNet),229.7961610384735,335.94377588635837,106.14761484788485,0.09723766044374195,0.0,0.0,False
1,8,cube,Inner Approx. (Cube),229.7961610384735,294.41748318199825,64.62132214352474,0.05919705486574041,0.0,0.0,False
1,8,power_energy,Outer Approx. (Power-Energy),229.7961610384735,99.34005299326611,-130.4561080452074,-0.11950571621501453,4098.129966403648,0.7781759567679944,True
1,9,fullnet,Learned Polytope Approx. (FullNet),226.71145396150285,281.412349647376,54.70089568587315,0.0443639062195757,403.00378063108656,0.045553758322175154,True
1,9,cube,Inner Approx. (Cube),226.71145396150285,338.8101231117038,112.09866915020092,0.0909150532758662,0.0,0.0,False
1,9,power_energy,Outer Approx. (Power-Energy),226.71145396150285,62.704275223252694,-164.00717873825016,-0.13301425882794077,2953.6541129553507,0.3420131993905864,True
2,0,fullnet,Learned Polytope Approx. (FullNet),279.9071003047866,427.67024191499695,147.76314161021037,0.12639191678870312,0.0,0.0,False
2,0,cube,Inner Approx. (Cube),279.9071003047866,464.1811304167822,184.27403011199561,0.1576221757769188,0.0,0.0,False
2,0,power_energy,Outer Approx. (Power-Energy),279.9071003047866,88.74258422658045,-191.16451607820613,-0.16351607948920174,3974.913093839561,0.5510710568726598,True
2,1,fullnet,Learned Polytope Approx. (FullNet),290.4817462680944,441.573263215159,151.09151694706458,0.12922811417528818,0.0,0.0,False
2,1,cube,Inner Approx. (Cube),290.4817462680944,457.776304530278,167.2945582621836,0.14308652605284392,0.0,0.0,False
2,1,power_energy,Outer Approx. (Power-Energy),290.4817462680944,82.55805448140174,-207.92369178669267,-0.17783650018797548,3974.9130938395615,0.5510710568726599,True
2,2,fullnet,Learned Polytope Approx. (FullNet),327.33160390095986,455.2100099070541,127.87840600609422,0.11266691874354332,0.0,0.0,False
2,2,cube,Inner Approx. (Cube),327.33160390095986,422.0440993613581,94.71249546039826,0.08344618425667868,0.0,0.0,False
2,2,power_energy,Outer Approx. (Power-Energy),327.33160390095986,148.54280931409562,-178.78879458686424,-0.15752137691655554,4312.68824210817,0.5821519219771483,True
2,3,fullnet,Learned Polytope Approx. (FullNet),308.27530080394155,416.13107072029794,107.8557699163564,0.09882595326804662,0.0,0.0,False
2,3,cube,Inner Approx. (Cube),308.27530080394155,410.005702564315,101.73040176037347,0.09321340840742207,0.0,0.0,False
2,3,power_energy,Outer Approx. (Power-Energy),308.27530080394155,155.24806209519863,-153.0272387087429,-0.14021561158106405,4373.638062166548,0.572499475287742,True
2,4,fullnet,Learned Polytope Approx. (FullNet),314.0474988080766,412.8725224024082,98.82502359433158,0.09207210078022171,0.0,0.0,False
2,4,cube,Inner Approx. (Cube),314.0474988080766,373.1538624089542,59.10636360087756,0.05506750080375971,0.0,0.0,False
2,4,power_energy,Outer Approx. (Power-Energy),314.0474988080766,148.74460458912927,-165.30289421894736,-0.1540073979467507,4731.032810581785,0.7936637983205289,True
2,5,fullnet,Learned Polytope Approx. (FullNet),287.4217866675092,387.9686490789354,100.54686241142622,0.09050288369257581,0.0,0.0,False
2,5,cube,Inner Approx. (Cube),287.4217866675092,394.2995028115927,106.87771614408348,0.09620132624264664,0.0,0.0,False
2,5,power_energy,Outer Approx. (Power-Energy),287.4217866675092,110.48911431816583,-176.93267234934336,-0.15925824717957113,4700.396507635432,0.5998700298477954,True
2,6,fullnet,Learned Polytope Approx. (FullNet),301.1785016707479,394.97213459821995,93.79363292747206,0.08353129674712502,0.0,0.0,False
2,6,cube,Inner Approx. (Cube),301.1785016707479,400.89015517635727,99.71165350560938,0.08880180304524697,0.0,0.0,False
2,6,power_energy,Outer Approx. (Power-Energy),301.1785016707479,132.4653697286279,-168.71313194212,-0.1502535539943491,3954.35230658167,0.47596372248817,True
2,7,fullnet,Learned Polytope Approx. (FullNet),292.11267426634487,396.49786163017313,104.38518736382827,0.10010473563994199,0.0,0.0,False
2,7,cube,Inner Approx. (Cube),292.11267426634487,365.4872462353253,73.37457196898043,0.0703657512636121,0.0,0.0,False
2,7,power_energy,Outer Approx. (Power-Energy),292.11267426634487,127.07626155045358,-165.0364127158913,-0.15826887782752133,4739.044149184054,0.7592455863603562,True
2,8,fullnet,Learned Polytope Approx. (FullNet),312.18315311829804,422.05547638657015,109.87232326827211,0.1025883470974826,0.0,0.0,False
2,8,cube,Inner Approx. (Cube),312.18315311829804,376.6821441911194,64.49899107282135,0.06022303603665381,0.0,0.0,False
2,8,power_energy,Outer Approx. (Power-Energy),312.18315311829804,156.13545394428874,-156.0476991740093,-0.1457025304501743,5245.550999746992,0.8425154090701361,True
2,9,fullnet,Learned Polytope Approx. (FullNet),314.6044608315707,384.3295269314577,69.72506609988699,0.057754371482972224,0.0,0.0,False
2,9,cube,Inner Approx. (Cube),314.6044608315707,408.7813831909988,94.17692235942809,0.07800822951214469,0.0,0.0,False
2,9,power_energy,Outer Approx. (Power-Energy),314.6044608315707,131.95638210110704,-182.64807873046365,-0.1512902831033308,3203.95302771116,0.3516296667122661,True
3,0,fullnet,Learned Polytope Approx. (FullNet),288.1870844709356,431.1787746219808,142.9916901510452,0.1264769321050007,0.0,0.0,False
3,0,cube,Inner Approx. (Cube),288.1870844709356,472.40317417924103,184.21608970830545,0.1629401390113981,0.0,0.0,False
3,0,power_energy,Outer Approx. (Power-Energy),288.1870844709356,118.55424347982836,-169.63284099110723,-0.15004117575047649,3468.6803960427906,0.4891084506666051,True
3,1,fullnet,Learned Polytope Approx. (FullNet),299.28426529401065,443.81955920115195,144.5352939071413,0.1279762619916124,0.0,0.0,False
3,1,cube,Inner Approx. (Cube),299.28426529401065,467.69834999196695,168.4140846979563,0.14911932195765476,0.0,0.0,False
3,1,power_energy,Outer Approx. (Power-Energy),299.28426529401065,115.32449224369401,-183.95977305031664,-0.16288398131275866,3468.68039604279,0.489108450666605,True
3,2,fullnet,Learned Polytope Approx. (FullNet),336.0479603830877,464.88351911124585,128.83555872815816,0.11781184478233998,0.0,0.0,False
3,2,cube,Inner Approx. (Cube),336.0479603830877,429.4497418759899,93.40178149290222,0.08540993101798723,0.0,0.0,False
3,2,power_energy,Outer Approx. (Power-Energy),336.0479603830877,179.82742071374753,-156.22053966934016,-0.14285365122040017,3836.290394681223,0.5356152753193504,True
3,3,fullnet,Learned Polytope Approx. (FullNet),316.5062458260761,424.15057276474437,107.64432693866826,0.1022020234807487,0.0,0.0,False
3,3,cube,Inner Approx. (Cube),316.5062458260761,415.8883291675014,99.3820833414253,0.09435750405140424,0.0,0.0,False
3,3,power_energy,Outer Approx. (Power-Energy),316.5062458260761,183.21381390028796,-133.29243192578815,-0.12655340643494606,4030.8169651094213,0.5392409099666352,True
3,4,fullnet,Learned Polytope Approx. (FullNet),324.16740660716005,422.69226138550516,98.52485477834512,0.09536749692119875,0.0,0.0,False
3,4,cube,Inner Approx. (Cube),324.16740660716005,377.9380912106145,53.77068460345447,0.052047532674950735,0.0,0.0,False
3,4,power_energy,Outer Approx. (Power-Energy),324.16740660716005,180.11371892603967,-144.05368768112038,-0.13943729881483746,4802.502036910216,0.8127198787473435,True
3,5,fullnet,Learned Polytope Approx. (FullNet),298.52778096298755,397.45751045811306,98.92972949512551,0.0926970433762323,0.0,0.0,False
3,5,cube,Inner Approx. (Cube),298.52778096298755,397.7218652156488,99.19408425266124,0.09294474348166128,0.0,0.0,False
3,5,power_energy,Outer Approx. (Power-Energy),298.52778096298755,144.25116192103496,-154.27661904195259,-0.14455701557310927,4374.795705647485,0.5684537198636443,True
3,6,fullnet,Learned Polytope Approx. (FullNet),311.9672814912925,405.55280237530627,93.58552088401376,0.08676226506898498,0.0,0.0,False
3,6,cube,Inner Approx. (Cube),311.9672814912925,406.7622695817554,94.79498809046288,0.08788355085515095,0.0,0.0,False
3,6,power_energy,Outer Approx. (Power-Energy),311.9672814912925,166.6371514259941,-145.33013006529842,-0.1347342104647021,3573.550066944269,0.4592807698435988,True
3,7,fullnet,Learned Polytope Approx. (FullNet),302.6027942541835,406.6648777714654,104.0620835172819,0.10352789144744465,0.0,0.0,False
3,7,cube,Inner Approx. (Cube),302.6027942541835,372.33821030233673,69.73541604815324,0.0693774364173347,0.0,0.0,False
3,7,power_energy,Outer Approx. (Power-Energy),302.6027942541835,157.36223778734023,-145.24055646684326,-0.14449497891485763,4810.516787477113,0.7771376030722212,True
3,8,fullnet,Learned Polytope Approx. (FullNet),322.45171014795994,434.2166324520973,111.76492230413737,0.10824694582959957,0.0,0.0,False
3,8,cube,Inner Approx. (Cube),322.45171014795994,384.3712410875431,61.91953093958318,0.05997051644855083,0.0,0.0,False
3,8,power_energy,Outer Approx. (Power-Energy),322.45171014795994,187.88629951388577,-134.56541063407417,-0.13032975297747088,4807.082843748492,0.849842501024438,True
3,9,fullnet,Learned Polytope Approx. (FullNet),326.0385925235545,398.55371487276284,72.51512234920835,0.0627151569659889,0.0,0.0,False
3,9,cube,Inner Approx. (Cube),326.0385925235545,418.19300269487593,92.15441017132144,0.0797003178339896,0.0,0.0,False
3,9,power_energy,Outer Approx. (Power-Energy),326.0385925235545,171.0176114054718,-155.0209811180827,-0.1340708647918084,2797.977846522064,0.3217398105886927,True
4,0,fullnet,Learned Polytope Approx. (FullNet),174.4153394826426,308.6121592211314,134.19681973848878,0.11760549644462506,0.0,0.0,False
4,0,cube,Inner Approx. (Cube),174.4153394826426,375.1557721459497,200.7404326633071,0.17592203962718822,0.0,0.0,False
4,0,power_energy,Outer Approx. (Power-Energy),174.4153394826426,24.739596483674028,-149.67574299896856,-0.13117069462163425,3808.059810515911,0.5760782112614968,True
4,1,fullnet,Learned Polytope Approx. (FullNet),179.14806252316663,324.1414328341816,144.99337031101498,0.1271571366124305,0.0,0.0,False
4,1,cube,Inner Approx. (Cube),179.14806252316663,361.9053007810562,182.75723825788958,0.16027551509576535,0.0,0.0,False
4,1,power_energy,Outer Approx. (Power-Energy),179.14806252316663,14.210066339086165,-164.93799618408048,-0.14464829163134754,3616.8827740913466,0.5471572040668078,True
4,2,fullnet,Learned Polytope Approx. (FullNet),218.8982179415073,352.3091087096012,133.4108907680939,0.12028050455733706,0.0,0.0,False
4,2,cube,Inner Approx. (Cube),218.8982179415073,323.2351981741417,104.3369802326344,0.09406806711294002,0.0,0.0,False
4,2,power_energy,Outer Approx. (Power-Energy),218.8982179415073,70.9914032293729,-147.9068147121344,-0.13334973028527863,3607.2802137843255,0.5370518088705606,True
4,3,fullnet,Learned Polytope Approx. (FullNet),208.28238731995506,311.9326002731457,103.65021295319062,0.09708852340523104,0.0,0.0,False
4,3,cube,Inner Approx. (Cube),208.28238731995506,313.60211607621386,105.3197287562588,0.0986523486932195,0.0,0.0,False
4,3,power_energy,Outer Approx. (Power-Energy),208.28238731995506,82.10230710126056,-126.1800802186945,-0.11819211290110085,3724.797787531009,0.5899710313275196,True
4,4,fullnet,Learned Polytope Approx. (FullNet),210.43851531211985,316.9743476792654,106.53583236714556,0.10129327014603937,0.0,0.0,False
4,4,cube,Inner Approx. (Cube),210.43851531211985,274.3075186592856,63.86900334716577,0.06072604931369434,0.0,0.0,False
4,4,power_energy,Outer Approx. (Power-Energy),210.43851531211985,76.5753848024752,-133.86313050964463,-0.12727580889948098,3890.969318358514,0.7308203617440583,True
4,5,fullnet,Learned Polytope Approx. (FullNet),181.4893301212404,279.07464725846194,97.58531713722152,0.08972927112683367,0.0,0.0,False
4,5,cube,Inner Approx. (Cube),181.4893301212404,295.27053347515874,113.78120335391833,0.10462131747263616,0.0,0.0,False
4,5,power_energy,Outer Approx. (Power-Energy),181.4893301212404,44.73979666270136,-136.74953345853905,-0.12574059627141393,3839.1985384024965,0.6036778343058694,True
4,6,fullnet,Learned Polytope Approx. (FullNet),197.21824883367498,288.4573671077233,91.23911827404834,0.08306748536645392,0.0,0.0,False
4,6,cube,Inner Approx. (Cube),197.21824883367498,304.4167994935677,107.1985506598927,0.09759754595062242,0.0,0.0,False
4,6,power_energy,Outer Approx. (Power-Energy),197.21824883367498,56.62419491876699,-140.594053914908,-0.12800205369267492,3233.5485442923414,0.44952338004508113,True
4,7,fullnet,Learned Polytope Approx. (FullNet),192.15110369425025,300.7246546126028,108.57355091835257,0.1061295142836763,0.0,0.0,False
4,7,cube,Inner Approx. (Cube),192.15110369425025,267.65877468226756,75.50767098801731,0.07380796132085746,0.0,0.0,False
4,7,power_energy,Outer Approx. (Power-Energy),192.15110369425025,61.34887801208198,-130.80222568216828,-0.12785781216008668,3890.969318358514,0.7308203617440583,True
4,8,fullnet,Learned Polytope Approx. (FullNet),211.81125917270913,325.7194645024652,113.90820532975607,0.10847553204720922,0.0,0.0,False
4,8,cube,Inner Approx. (Cube),211.81125917270913,274.6000127475067,62.78875357479757,0.05979414240519192,0.0,0.0,False
4,8,power_energy,Outer Approx. (Power-Energy),211.81125917270913,84.18971891485208,-127.62154025785705,-0.12153483096391982,4070.8198910729975,0.8191070252584968,True
4,9,fullnet,Learned Polytope Approx. (FullNet),200.77072740629555,269.53659679141504,68.76586938511949,0.05833833267361458,243.89782468193454,0.027863841361571055,True
4,9,cube,Inner Approx. (Cube),200.77072740629555,309.7136338975613,108.94290649126575,0.09242299382160139,0.0,0.0,False
4,9,power_energy,Outer Approx. (Power-Energy),200.77072740629555,41.71023115772287,-159.0604962485727,-0.13494083952332675,2877.333912812296,0.3443568940327715,True
5,0,fullnet,Learned Polytope Approx. (FullNet),286.8863743039705,438.28593968287163,151.39956537890112,0.12846130060904645,0.0,0.0,False
5,0,cube,Inner Approx. (Cube),286.8863743039705,479.2927772427534,192.4064029387829,0.16325526896439038,0.0,0.0,False
5,0,power_energy,Outer Approx. (Power-Energy),286.8863743039705,108.79155227486888,-178.09482202910164,-0.15111200889076892,3694.7963132323653,0.511958004725516,True
5,1,fullnet,Learned Polytope Approx. (FullNet),298.06665929172567,451.2231496565864,153.1564903648607,0.13054736892738236,0.0,0.0,False
5,1,cube,Inner Approx. (Cube),298.06665929172567,468.949869745519,170.8832104537933,0.1456572520398076,0.0,0.0,False
5,1,power_energy,Outer Approx. (Power-Energy),298.06665929172567,104.56157535181796,-193.5050839399077,-0.16493966088049697,3694.7963132323653,0.511958004725516,True
5,2,fullnet,Learned Polytope Approx. (FullNet),333.6388237043809,468.36056004007577,134.72173633569486,0.11863752527943103,0.0,0.0,False
5,2,cube,Inner Approx. (Cube),333.6388237043809,432.58643770126486,98.94761399688394,0.0871344177723788,0.0,0.0,False
5,2,power_energy,Outer Approx. (Power-Energy),333.6388237043809,169.8306390440967,-163.8081846602842,-0.1442513893985728,3958.4902687226795,0.5355579376212788,True
5,3,fullnet,Learned Polytope Approx. (FullNet),313.88655804949775,429.8917029854588,116.00514493596103,0.10584590077468752,0.0,0.0,False
5,3,cube,Inner Approx. (Cube),313.88655804949775,421.73536723930147,107.84880918980372,0.09840386271207069,0.0,0.0,False
5,3,power_energy,Outer Approx. (Power-Energy),313.88655804949775,174.46167814196372,-139.42487990753403,-0.12721463356097062,4097.451197084316,0.5397031156309446,True
5,4,fullnet,Learned Polytope Approx. (FullNet),319.8351351422037,428.63612044899924,108.80098530679555,0.10188957706809627,0.0,0.0,False
5,4,cube,Inner Approx. (Cube),319.8351351422037,379.3979088782279,59.56277373602421,0.05577914398342466,0.0,0.0,False
5,4,power_energy,Outer Approx. (Power-Energy),319.8351351422037,169.1862183298873,-150.64891681231637,-0.1410791857857837,4787.87832078953,0.7980562940523855,True
5,5,fullnet,Learned Polytope Approx. (FullNet),293.70655165790583,402.4938315606415,108.78727990273569,0.09831782622458204,0.0,0.0,False
5,5,cube,Inner Approx. (Cube),293.70655165790583,402.62365153083294,108.91709987292711,0.09843515260024997,0.0,0.0,False
5,5,power_energy,Outer Approx. (Power-Energy),293.70655165790583,132.74073067303027,-160.96582098487556,-0.14547481681532698,4481.305399428098,0.5773555236811168,True
5,6,fullnet,Learned Polytope Approx. (FullNet),307.6532634101798,413.1298506341716,105.47658722399177,0.09434564972297008,0.0,0.0,False
5,6,cube,Inner Approx. (Cube),307.6532634101798,409.39981758867077,101.74655417849095,0.09100924682610163,0.0,0.0,False
5,6,power_energy,Outer Approx. (Power-Energy),307.6532634101798,155.3608087496357,-152.2924546605441,-0.13622104166437055,3665.6315274869066,0.4574667957590704,True
5,7,fullnet,Learned Polytope Approx. (FullNet),297.4512402890351,410.48627449086223,113.0350342018271,0.10867663783579155,0.0,0.0,False
5,7,cube,Inner Approx. (Cube),297.4512402890351,373.880908726042,76.42966843700685,0.07348269901708016,0.0,0.0,False
5,7,power_energy,Outer Approx. (Power-Energy),297.4512402890351,145.7037648090312,-151.7474754800039,-0.14589640770834106,4795.896024391318,0.7636315394707105,True
5,8,fullnet,Learned Polytope Approx. (FullNet),317.87159100399765,437.97441636458404,120.1028253605864,0.11255449959264706,0.0,0.0,False
5,8,cube,Inner Approx. (Cube),317.87159100399765,383.886835022201,66.01524401820336,0.061866261127889656,0.0,0.0,False
5,8,power_energy,Outer Approx. (Power-Energy),317.87159100399765,176.0481970661629,-141.82339393783474,-0.13290995517614446,4961.667124730074,0.8386171549277557,True
5,9,fullnet,Learned Polytope Approx. (FullNet),321.7755755234623,412.248456007101,90.47288048363873,0.07578569614727225,0.0,0.0,False
5,9,cube,Inner Approx. (Cube),321.7755755234623,416.64284443878125,94.86726891531896,0.07946670845345866,0.0,0.0,False
5,9,power_energy,Outer Approx. (Power-Energy),321.7755755234623,159.33494901405484,-162.44062650940745,-0.1360703439174878,2940.8802336426984,0.3309831417094193,True
6,0,fullnet,Learned Polytope Approx. (FullNet),294.25087636535113,445.7474736771051,151.496597311754,0.12938017897766044,0.0,0.0,False
6,0,cube,Inner Approx. (Cube),294.25087636535113,490.91595533902074,196.6650789736696,0.16795468391879823,0.0,0.0,False
6,0,power_energy,Outer Approx. (Power-Energy),294.25087636535113,126.34153743052889,-167.90933893482224,-0.1433968861934463,3412.893692277483,0.48080635536519656,True
6,1,fullnet,Learned Polytope Approx. (FullNet),305.40623755881984,457.57068598541343,152.1644484265936,0.13044024335433876,0.0,0.0,False
6,1,cube,Inner Approx. (Cube),305.40623755881984,484.0802839290657,178.67404637024583,0.1531651205694251,0.0,0.0,False
6,1,power_energy,Outer Approx. (Power-Energy),305.40623755881984,123.22559814554009,-182.18063941327975,-0.15617108454200593,3412.8936922774824,0.48080635536519645,True
6,2,fullnet,Learned Polytope Approx. (FullNet),344.49347678589464,482.04357023602364,137.550093450129,0.12196701613780728,0.0,0.0,False
6,2,cube,Inner Approx. (Cube),344.49347678589464,443.9559488007629,99.46247201486824,0.08819434887364856,0.0,0.0,False
6,2,power_energy,Outer Approx. (Power-Energy),344.49347678589464,189.0843296438866,-155.40914714200804,-0.1378028141020822,3801.858487076942,0.5306840271643107,True
6,3,fullnet,Learned Polytope Approx. (FullNet),324.66577164832665,439.1768639534476,114.51109230512094,0.10531908471352149,0.0,0.0,False
6,3,cube,Inner Approx. (Cube),324.66577164832665,429.590664630742,104.92489298241537,0.09650238653847856,0.0,0.0,False
6,3,power_energy,Outer Approx. (Power-Energy),324.66577164832665,191.70616530488348,-132.95960634344317,-0.1222867039522191,3978.7489286805903,0.5336598124843328,True
6,4,fullnet,Learned Polytope Approx. (FullNet),332.59738517502194,439.6169214606722,107.01953628565025,0.10081403233717919,0.0,0.0,False
6,4,cube,Inner Approx. (Cube),332.59738517502194,388.7872349367911,56.18984976176915,0.05293169385245965,0.0,0.0,False
6,4,power_energy,Outer Approx. (Power-Energy),332.59738517502194,188.7773074612541,-143.82007771376783,-0.13548070257631575,4870.350698616203,0.8136512114962596,True
6,5,fullnet,Learned Polytope Approx. (FullNet),307.734997868934,413.13110818777363,105.39611031883965,0.0958901139186258,0.0,0.0,False
6,5,cube,Inner Approx. (Cube),307.734997868934,409.3660473528624,101.6310494839284,0.09246463539500649,0.0,0.0,False
6,5,power_energy,Outer Approx. (Power-Energy),307.734997868934,153.72505953523958,-154.0099383336944,-0.14011931262684077,4455.14603985123,0.5814848153057806,True
6,6,fullnet,Learned Polytope Approx. (FullNet),321.23406207178994,424.15151256108567,102.91745048929573,0.09265858692290244,0.0,0.0,False
6,6,cube,Inner Approx. (Cube),321.23406207178994,418.74093262822413,97.5068705564342,0.0877873363368368,0.0,0.0,False
6,6,power_energy,Outer Approx. (Power-Energy),321.23406207178994,176.34108485938455,-144.89297721240538,-0.1304499718922804,3592.640834516074,0.4569725109134777,True
6,7,fullnet,Learned Polytope Approx. (FullNet),310.12611765735653,420.150255884678,110.02413822732149,0.10650322688590576,0.0,0.0,False
6,7,cube,Inner Approx. (Cube),310.12611765735653,384.3810349518069,74.25491729445037,0.07187866618564599,0.0,0.0,False
6,7,power_energy,Outer Approx. (Power-Energy),310.12611765735653,164.84408045261907,-145.28203720473746,-0.14063282857888776,4878.368776635625,0.7784511882564852,True
6,8,fullnet,Learned Polytope Approx. (FullNet),330.3661733022923,450.1419748104726,119.77580150818034,0.11298739414131731,0.0,0.0,False
6,8,cube,Inner Approx. (Cube),330.3661733022923,396.129391155508,65.76321785321574,0.06203602499019909,0.0,0.0,False
6,8,power_energy,Outer Approx. (Power-Energy),330.3661733022923,196.005582031414,-134.36059127087827,-0.1267455770850871,4988.69125864358,0.8447775106834471,True
6,9,fullnet,Learned Polytope Approx. (FullNet),337.53123086202464,422.53712504821993,85.00589418619529,0.07160862451958196,0.0,0.0,False
6,9,cube,Inner Approx. (Cube),337.53123086202464,428.78969311764524,91.2584622556206,0.07687576279808638,0.0,0.0,False
6,9,power_energy,Outer Approx. (Power-Energy),337.53123086202464,183.2318595385828,-154.29937132344185,-0.12998117189975106,2803.1368382322644,0.32614747489904705,True
7,0,fullnet,Learned Polytope Approx. (FullNet),282.2029330302083,428.09760868112977,145.89467565092144,0.1288181209848177,0.0,0.0,False
7,0,cube,Inner Approx. (Cube),282.2029330302083,472.3476968234704,190.1447637932621,0.16788886282290674,0.0,0.0,False
7,0,power_energy,Outer Approx. (Power-Energy),282.2029330302083,106.3494844621247,-175.85344856808362,-0.15527030518538146,3604.8148486611417,0.5097056847895622,True
7,1,fullnet,Learned Polytope Approx. (FullNet),292.4803895224296,441.3114131492532,148.8310236268236,0.1315941072120336,0.0,0.0,False
7,1,cube,Inner Approx. (Cube),292.4803895224296,465.51621175583614,173.03582223340652,0.15299561870648448,0.0,0.0,False
7,1,power_energy,Outer Approx. (Power-Energy),292.4803895224296,101.69096053063377,-190.78942899179583,-0.16869308536519464,3604.8148486611426,0.5097056847895624,True
7,2,fullnet,Learned Polytope Approx. (FullNet),331.84893834185027,457.5333965753801,125.68445823352982,0.11442754715423283,0.0,0.0,False
7,2,cube,Inner Approx. (Cube),331.84893834185027,428.14504760797274,96.29610926612247,0.08767136158827617,0.0,0.0,False
7,2,power_energy,Outer Approx. (Power-Energy),331.84893834185027,167.36106519847988,-164.4878731433704,-0.14975553958660584,3898.273433983183,0.5452985980501759,True
7,3,fullnet,Learned Polytope Approx. (FullNet),313.17450599776265,417.4278366888125,104.25333069104983,0.09861760760957947,0.0,0.0,False
7,3,cube,Inner Approx. (Cube),313.17450599776265,415.50825732901706,102.3337513312544,0.09680179680694191,0.0,0.0,False
7,3,power_energy,Outer Approx. (Power-Energy),313.17450599776265,171.90468762132025,-141.2698183764424,-0.1336330592353976,4093.0443831919724,0.5466181011492625,True
7,4,fullnet,Learned Polytope Approx. (FullNet),320.8329277401708,416.9497514000898,96.11682365991896,0.09237280957689936,0.0,0.0,False
7,4,cube,Inner Approx. (Cube),320.8329277401708,376.6467786158197,55.81385087564888,0.05363974819779348,0.0,0.0,False
7,4,power_energy,Outer Approx. (Power-Energy),320.8329277401708,168.1597992646693,-152.67312847550153,-0.14672609109593296,4824.750932225882,0.8190459676943204,True
7,5,fullnet,Learned Polytope Approx. (FullNet),294.9668982461595,391.0754814500526,96.10858320389315,0.08935348704038198,0.0,0.0,False
7,5,cube,Inner Approx. (Cube),294.9668982461595,396.4428015717639,101.4759033256044,0.09434355923736222,0.0,0.0,False
7,5,power_energy,Outer Approx. (Power-Energy),294.9668982461595,131.4439972687317,-163.52290097742778,-0.15202951626385422,4383.93334181608,0.5673060374071092,True
7,6,fullnet,Learned Polytope Approx. (FullNet),308.07393121951344,399.19202364698094,91.1180924274675,0.08386158355258409,0.0,0.0,False
7,6,cube,Inner Approx. (Cube),308.07393121951344,405.28744959395476,97.21351837444132,0.0894715788753861,0.0,0.0,False
7,6,power_energy,Outer Approx. (Power-Energy),308.07393121951344,153.38210246980063,-154.6918287497128,-0.1423724024065001,3643.342726897637,0.46229401572891526,True
7,7,fullnet,Learned Polytope Approx. (FullNet),299.5164948781056,400.12552353564,100.6090286575344,0.09941409720841636,0.0,0.0,False
7,7,cube,Inner Approx. (Cube),299.5164948781056,371.87384491525654,72.35735003715092,0.0714979632178174,0.0,0.0,False
7,7,power_energy,Outer Approx. (Power-Energy),299.5164948781056,146.5779378932019,-152.93855698490373,-0.15112210875990334,4832.761500400948,0.7830834882320418,True
7,8,fullnet,Learned Polytope Approx. (FullNet),319.0501966634878,427.66584947848736,108.61565281499958,0.10457477042988306,0.0,0.0,False
7,8,cube,Inner Approx. (Cube),319.0501966634878,382.7338502399624,63.683653576474626,0.0613143988025301,0.0,0.0,False
7,8,power_energy,Outer Approx. (Power-Energy),319.0501966634878,176.5576279206752,-142.49256874281258,-0.1371913465329386,4864.760296633939,0.8491569155422599,True
7,9,fullnet,Learned Polytope Approx. (FullNet),321.6386630655909,388.0019419972608,66.36327893166992,0.05692723246700175,13.780688835710691,0.0016500300611376334,True
7,9,cube,Inner Approx. (Cube),321.6386630655909,413.4102761341434,91.77161306855248,0.07872281230112754,0.0,0.0,False
7,9,power_energy,Outer Approx. (Power-Energy),321.6386630655909,154.82011084663503,-166.81855221895586,-0.14309899472802023,2962.6687768610705,0.33617710245595506,True
8,0,fullnet,Learned Polytope Approx. (FullNet),282.3666319205014,427.88028103923875,145.51364911873736,0.12857987613708777,0.0,0.0,False
8,0,cube,Inner Approx. (Cube),282.3666319205014,464.70448477026554,182.33785284976415,0.16111875880038162,0.0,0.0,False
8,0,power_energy,Outer Approx. (Power-Energy),282.3666319205014,106.51074835898561,-175.85588356151578,-0.15539111185279325,3637.039058698609,0.5094383080909846,True
8,1,fullnet,Learned Polytope Approx. (FullNet),292.9633804506141,441.2892469303531,148.32586647973898,0.13124518869853824,0.0,0.0,False
8,1,cube,Inner Approx. (Cube),292.9633804506141,457.5358973707208,164.5725169201067,0.1456209328176971,0.0,0.0,False
8,1,power_energy,Outer Approx. (Power-Energy),292.9633804506141,102.0049014889668,-190.95847896164733,-0.1689683815757835,3637.039058698609,0.5094383080909846,True
8,2,fullnet,Learned Polytope Approx. (FullNet),331.87710065596633,455.17078178727473,123.2936811313084,0.11216018685582992,0.0,0.0,False
8,2,cube,Inner Approx. (Cube),331.87710065596633,426.28994007665864,94.41283942069231,0.08588730268939403,0.0,0.0,False
8,2,power_energy,Outer Approx. (Power-Energy),331.87710065596633,168.08436529887345,-163.79273535709288,-0.14900215189222715,3937.7185412020995,0.5455966181342086,True
8,3,fullnet,Learned Polytope Approx. (FullNet),312.83187035752326,415.67923083071764,102.84736047319439,0.09712350162783444,0.0,0.0,False
8,3,cube,Inner Approx. (Cube),312.83187035752326,415.86781931419097,103.03594895666771,0.09730159442280108,0.0,0.0,False
8,3,power_energy,Outer Approx. (Power-Energy),312.83187035752326,172.63260906041066,-140.1992612971126,-0.13239662272480268,4116.405692654062,0.5443149019704538,True
8,4,fullnet,Learned Polytope Approx. (FullNet),320.0604810741241,415.3019862537773,95.24150517965319,0.0913800509187245,0.0,0.0,False
8,4,cube,Inner Approx. (Cube),320.0604810741241,378.8132895492737,58.75280847514961,0.05637074529586713,0.0,0.0,False
8,4,power_energy,Outer Approx. (Power-Energy),320.0604810741241,168.86230694050732,-151.19817413361676,-0.14506802286551584,4678.595520846462,0.7980625928113529,True
8,5,fullnet,Learned Polytope Approx. (FullNet),293.67627867330657,389.6243296207668,95.94805094746022,0.08900771125931373,0.0,0.0,False
8,5,cube,Inner Approx. (Cube),293.67627867330657,401.10644097005223,107.43016229674566,0.09965927157276,0.0,0.0,False
8,5,power_energy,Outer Approx. (Power-Energy),293.67627867330657,131.57438381853174,-162.10189485477483,-0.15037636001300508,4302.604612108869,0.5511467025859794,True
8,6,fullnet,Learned Polytope Approx. (FullNet),307.3432456534141,397.40813788926175,90.06489223584765,0.08273868319145009,0.0,0.0,False
8,6,cube,Inner Approx. (Cube),307.3432456534141,407.6991505696193,100.35590491620519,0.09219258711274293,0.0,0.0,False
8,6,power_energy,Outer Approx. (Power-Energy),307.3432456534141,153.97102592125378,-153.37221973216032,-0.1408963602105758,3613.995088184633,0.4621080026072884,True
8,7,fullnet,Learned Polytope Approx. (FullNet),298.77417644432865,400.1658293974418,101.39165295311318,0.100153734642648,0.0,0.0,False
8,7,cube,Inner Approx. (Cube),298.77417644432865,371.2966340617997,72.52245761747105,0.0716370111769626,0.0,0.0,False
8,7,power_energy,Outer Approx. (Power-Energy),298.77417644432865,147.46481761495934,-151.3093588293693,-0.1494619816500443,4686.605104904067,0.7628969613438743,True
8,8,fullnet,Learned Polytope Approx. (FullNet),318.6084633343879,426.7398930684206,108.13142973403268,0.10412843306644469,0.0,0.0,False
8,8,cube,Inner Approx. (Cube),318.6084633343879,381.2983747521034,62.68991141771551,0.060369147629483456,0.0,0.0,False
8,8,power_energy,Outer Approx. (Power-Energy),318.6084633343879,177.24356526757117,-141.36489806681675,-0.1361316072718345,4783.204262675111,0.8417208434923122,True
8,9,fullnet,Learned Polytope Approx. (FullNet),320.6149213327501,385.7195373201289,65.10461598737879,0.055729005927577575,3.5659455892714504,0.00042808828384011653,True
8,9,cube,Inner Approx. (Cube),320.6149213327501,415.4333276966256,94.81840636387551,0.08116376158827605,0.0,0.0,False
8,9,power_energy,Outer Approx. (Power-Energy),320.6149213327501,155.15877027323648,-165.45615105951362,-0.14162907934112284,2917.2223500934306,0.3273449019712253,True
9,0,fullnet,Learned Polytope Approx. (FullNet),201.25356120602336,337.6963328630292,136.44277165700586,0.11217469624683266,0.0,0.0,False
9,0,cube,Inner Approx. (Cube),201.25356120602336,416.7808041347306,215.52724292870724,0.17719299245269807,0.0,0.0,False
9,0,power_energy,Outer Approx. (Power-Energy),201.25356120602336,53.37144372026253,-147.88211748576083,-0.1215794095051416,3700.6205793298814,0.532388400187141,True
9,1,fullnet,Learned Polytope Approx. (FullNet),206.98926534715835,354.16119438527437,147.17192903811602,0.12104394690245268,0.0,0.0,False
9,1,cube,Inner Approx. (Cube),206.98926534715835,405.58028491938495,198.5910195722266,0.16333441428343906,0.0,0.0,False
9,1,power_energy,Outer Approx. (Power-Energy),206.98926534715835,43.65311061411845,-163.3361547330399,-0.1343384772488538,3538.254224244428,0.5090296250371051,True
9,2,fullnet,Learned Polytope Approx. (FullNet),251.38422100011456,388.302752476503,136.9185314763884,0.11612646260103342,0.0,0.0,False
9,2,cube,Inner Approx. (Cube),251.38422100011456,362.1649415675598,110.78072056744526,0.09395786724538058,0.0,0.0,False
9,2,power_energy,Outer Approx. (Power-Energy),251.38422100011456,105.60802462795925,-145.7761963721553,-0.12363902704471608,3609.8048173447587,0.5432843479913465,True
9,3,fullnet,Learned Polytope Approx. (FullNet),238.03532163385296,341.9499054069058,103.91458377305287,0.09178492142309588,0.0,0.0,False
9,3,cube,Inner Approx. (Cube),238.03532163385296,347.1688834502897,109.13356181643672,0.09639470257438285,0.0,0.0,False
9,3,power_energy,Outer Approx. (Power-Energy),238.03532163385296,114.27025899854081,-123.76506263531215,-0.1093183087151284,3605.0136475567188,0.5396682272507389,True
9,4,fullnet,Learned Polytope Approx. (FullNet),238.98249877671174,346.6919858910829,107.70948711437114,0.09657253092605127,0.0,0.0,False
9,4,cube,Inner Approx. (Cube),238.98249877671174,306.20662873957593,67.2241299628642,0.0602732827324864,0.0,0.0,False
9,4,power_energy,Outer Approx. (Power-Energy),238.98249877671174,107.99319322705932,-130.9893055496524,-0.11744526039515385,3878.4201595849304,0.6819439690138558,True
9,5,fullnet,Learned Polytope Approx. (FullNet),210.32376766103783,308.6964130683009,98.37264540726306,0.08513405350020894,0.0,0.0,False
9,5,cube,Inner Approx. (Cube),210.32376766103783,329.95249783107954,119.6287301700417,0.10352958052815005,0.0,0.0,False
9,5,power_energy,Outer Approx. (Power-Energy),210.32376766103783,76.43669128569475,-133.8870763753431,-0.11586909629130962,3769.27125689886,0.5622622908418617,True
9,6,fullnet,Learned Polytope Approx. (FullNet),229.3770370430961,320.77283277611855,91.39579573302245,0.0782383127362246,0.0,0.0,False
9,6,cube,Inner Approx. (Cube),229.3770370430961,339.62984463331327,110.25280759021717,0.09438063940586196,0.0,0.0,False
9,6,power_energy,Outer Approx. (Power-Energy),229.3770370430961,91.35330347263667,-138.02373357045943,-0.11815361905323644,3320.3541796944,0.4434833049380687,True
9,7,fullnet,Learned Polytope Approx. (FullNet),217.3925959808438,326.3990993290197,109.0065033481759,0.10061146864612146,0.0,0.0,False
9,7,cube,Inner Approx. (Cube),217.3925959808438,296.62434137841694,79.23174539757315,0.07312978604940093,0.0,0.0,False
9,7,power_energy,Outer Approx. (Power-Energy),217.3925959808438,89.16107624992402,-128.23151973091979,-0.11835588823212935,3878.4201595849304,0.6819439690138558,True
9,8,fullnet,Learned Polytope Approx. (FullNet),240.0346963325727,354.30175393770384,114.26705760513113,0.10267722150827323,0.0,0.0,False
9,8,cube,Inner Approx. (Cube),240.0346963325727,306.0839977649023,66.04930143232957,0.05935007775442604,0.0,0.0,False
9,8,power_energy,Outer Approx. (Power-Energy),240.0346963325727,115.11891121563684,-124.91578511693587,-0.11224587389529084,4025.648523757494,0.7607101423899044,True
9,9,fullnet,Learned Polytope Approx. (FullNet),241.0229743882054,306.0419494445226,65.01897505631717,0.05181211401112127,286.43003051862524,0.03248791166384686,True
9,9,cube,Inner Approx. (Cube),241.0229743882054,351.8789942502916,110.85601986208621,0.08833859246379314,0.0,0.0,False
9,9,power_energy,Outer Approx. (Power-Energy),241.0229743882054,84.76238598189732,-156.26058840630807,-0.12452044060891283,2848.7701383399462,0.3329654508991561,True
10,0,fullnet,Learned Polytope Approx. (FullNet),188.191253871298,325.22158205019196,137.03032817889397,0.11587467558545969,0.0,0.0,False
10,0,cube,Inner Approx. (Cube),188.191253871298,388.07304514217714,199.88179127087915,0.1690227121744651,0.0,0.0,False
10,0,power_energy,Outer Approx. (Power-Energy),188.191253871298,39.49958305933911,-148.6916708119589,-0.1257356626563891,3753.3706838166468,0.5554149983804973,True
10,1,fullnet,Learned Polytope Approx. (FullNet),193.39286986454493,341.2721255996739,147.879255735129,0.12499550799758886,0.0,0.0,False
10,1,cube,Inner Approx. (Cube),193.39286986454493,376.7975715707965,183.40470170625156,0.15502352743768474,0.0,0.0,False
10,1,power_energy,Outer Approx. (Power-Energy),193.39286986454493,29.380340591461625,-164.01252927308332,-0.13863221932343317,3569.6531143843936,0.5282289029680068,True
10,2,fullnet,Learned Polytope Approx. (FullNet),236.19607082176057,372.90010886907316,136.7040380473126,0.1189088838777241,0.0,0.0,False
10,2,cube,Inner Approx. (Cube),236.19607082176057,340.5260317172123,104.3299608954517,0.09074903259837278,0.0,0.0,False
10,2,power_energy,Outer Approx. (Power-Energy),236.19607082176057,88.70894872099846,-147.48712210076212,-0.12828830315363168,3690.1571532050775,0.5421716275364012,True
10,3,fullnet,Learned Polytope Approx. (FullNet),224.10872865112856,328.80530428772556,104.696575636597,0.09477965431803397,0.0,0.0,False
10,3,cube,Inner Approx. (Cube),224.10872865112856,328.2852373464535,104.17650869532497,0.09430884842379829,0.0,0.0,False
10,3,power_energy,Outer Approx. (Power-Energy),224.10872865112856,98.58565469090239,-125.52307396022617,-0.11363345445205376,3684.2174654135847,0.5692149103846832,True
10,4,fullnet,Learned Polytope Approx. (FullNet),225.80365892941884,332.89335256625424,107.08969363683539,0.09830820666213934,0.0,0.0,False
10,4,cube,Inner Approx. (Cube),225.80365892941884,291.0597700223401,65.25611109292126,0.059905029489073086,0.0,0.0,False
10,4,power_energy,Outer Approx. (Power-Energy),225.80365892941884,92.76929772923702,-133.03436120018182,-0.12212537948221966,4060.595127586452,0.7253542696825199,True
10,5,fullnet,Learned Polytope Approx. (FullNet),197.33355484393925,295.6053748714554,98.27182002751616,0.0871479315672555,0.0,0.0,False
10,5,cube,Inner Approx. (Cube),197.33355484393925,313.26605427805544,115.93249943411618,0.10280950860863594,0.0,0.0,False
10,5,power_energy,Outer Approx. (Power-Energy),197.33355484393925,61.21966366971334,-136.1138911742259,-0.12070646569975933,3894.9746588877397,0.5990179613251124,True
10,6,fullnet,Learned Polytope Approx. (FullNet),214.588735140959,305.33430462850447,90.74556948754548,0.07962575222859561,0.0,0.0,False
10,6,cube,Inner Approx. (Cube),214.588735140959,322.69496925382145,108.10623411286247,0.09485906871760567,0.0,0.0,False
10,6,power_energy,Outer Approx. (Power-Energy),214.588735140959,74.59433329705395,-139.99440184390505,-0.12283971126704034,3273.085776803937,0.44767674482227987,True
10,7,fullnet,Learned Polytope Approx. (FullNet),205.824373599487,315.0380989962167,109.21372539672973,0.10328705719827316,0.0,0.0,False
10,7,cube,Inner Approx. (Cube),205.824373599487,280.0240822915087,74.19970869202172,0.07017313554618053,0.0,0.0,False
10,7,power_energy,Outer Approx. (Power-Energy),205.824373599487,75.63554522925523,-130.18882837023176,-0.12312391060377605,4060.595127586452,0.7253542696825199,True
10,8,fullnet,Learned Polytope Approx. (FullNet),226.95619587807852,341.6087550044168,114.6525591263383,0.10555343465470803,0.0,0.0,False
10,8,cube,Inner Approx. (Cube),226.95619587807852,288.52801112946605,61.571815251387534,0.05668531629152353,0.0,0.0,False
10,8,power_energy,Outer Approx. (Power-Energy),226.95619587807852,99.88963202917134,-127.06656384890718,-0.11698223176374609,4197.193706900595,0.7982790947500299,True
10,9,fullnet,Learned Polytope Approx. (FullNet),222.69944470301067,287.3585033982187,64.65905869520805,0.05279738836584871,351.3214830455127,0.040184071749293386,True
10,9,cube,Inner Approx. (Cube),222.69944470301067,334.04601122054237,111.3465665175317,0.0909200974196306,0.0,0.0,False
10,9,power_energy,Outer Approx. (Power-Energy),222.69944470301067,63.936816537766305,-158.76262816524437,-0.12963770748250092,2887.0291314655283,0.3430854426072335,True
11,0,fullnet,Learned Polytope Approx. (FullNet),271.49372897309115,424.7629398171097,153.26921084401857,0.13419414394088472,0.0,0.0,False
11,0,cube,Inner Approx. (Cube),271.49372897309115,451.19587216243303,179.70214318934188,0.15733737478545334,0.0,0.0,False
11,0,power_energy,Outer Approx. (Power-Energy),271.49372897309115,83.03380219500234,-188.4599267780888,-0.16500521143078886,3989.915773324702,0.5491438327987963,True
11,1,fullnet,Learned Polytope Approx. (FullNet),281.27995971959217,438.6186940462019,157.3387343266097,0.1377071154108722,0.0,0.0,False
11,1,cube,Inner Approx. (Cube),281.27995971959217,444.91091682992993,163.63095711033776,0.14321423896044314,0.0,0.0,False
11,1,power_energy,Outer Approx. (Power-Energy),281.27995971959217,75.91343235780381,-205.36652736178837,-0.17974233875705548,3989.915773324702,0.5491438327987963,True
11,2,fullnet,Learned Polytope Approx. (FullNet),318.79149124051787,447.5476301961538,128.75613895563595,0.11544667703040044,0.0,0.0,False
11,2,cube,Inner Approx. (Cube),318.79149124051787,411.16412217559616,92.37263093507829,0.08282411523449593,0.0,0.0,False
11,2,power_energy,Outer Approx. (Power-Energy),318.79149124051787,142.17212300221846,-176.61936823829942,-0.15836230666520618,4236.27605989418,0.5839285940892519,True
11,3,fullnet,Learned Polytope Approx. (FullNet),300.3441784365634,410.1966869043054,109.85250846774198,0.10231700346425117,0.0,0.0,False
11,3,cube,Inner Approx. (Cube),300.3441784365634,400.3315435998595,99.98736516329609,0.09312857512760808,0.0,0.0,False
11,3,power_energy,Outer Approx. (Power-Energy),300.3441784365634,149.18928722904383,-151.1548912075196,-0.14078618452176514,4406.6669744743185,0.5886366668570153,True
11,4,fullnet,Learned Polytope Approx. (FullNet),306.747428386893,408.66130109381766,101.91387270692468,0.09601685327843071,0.0,0.0,False
11,4,cube,Inner Approx. (Cube),306.747428386893,365.41395042020713,58.66652203331415,0.05527191430186724,0.0,0.0,False
11,4,power_energy,Outer Approx. (Power-Energy),306.747428386893,143.35705801565922,-163.39037037123376,-0.1539361502251817,4776.76169638727,0.8219830429704097,True
11,5,fullnet,Learned Polytope Approx. (FullNet),280.36891286460013,384.313306459784,103.94439359518384,0.09469715104397292,0.0,0.0,False
11,5,cube,Inner Approx. (Cube),280.36891286460013,384.6039224832281,104.23500961862794,0.09496191288937908,0.0,0.0,False
11,5,power_energy,Outer Approx. (Power-Energy),280.36891286460013,105.42532673050061,-174.94358613409952,-0.15938001682740788,4765.270128743219,0.6202504484953909,True
11,6,fullnet,Learned Polytope Approx. (FullNet),292.99524040757444,390.0177100310219,97.02246962344748,0.08754151669620051,0.0,0.0,False
11,6,cube,Inner Approx. (Cube),292.99524040757444,391.97695686876835,98.98171646119391,0.08930930760509229,0.0,0.0,False
11,6,power_energy,Outer Approx. (Power-Energy),292.99524040757444,126.32792561189399,-166.66731479568045,-0.1503807270369762,3981.820096250907,0.4813783042314388,True
11,7,fullnet,Learned Polytope Approx. (FullNet),285.8404517091003,393.34975633072486,107.50930462162455,0.10441281903667772,0.0,0.0,False
11,7,cube,Inner Approx. (Cube),285.8404517091003,358.261602638135,72.4211509290347,0.07033527519310412,0.0,0.0,False
11,7,power_energy,Outer Approx. (Power-Energy),285.8404517091003,122.41370793808929,-163.42674377101102,-0.1587197227548975,4784.773409490177,0.7854123526076429,True
11,8,fullnet,Learned Polytope Approx. (FullNet),304.9726247037306,418.18407965285564,113.21145494912503,0.10710487726428171,0.0,0.0,False
11,8,cube,Inner Approx. (Cube),304.9726247037306,368.8779692523393,63.905344548608696,0.0604583174687242,0.0,0.0,False
11,8,power_energy,Outer Approx. (Power-Energy),304.9726247037306,150.57681284416185,-154.39581185956877,-0.14606776749551922,5348.918486134787,0.8740565086780846,True
11,9,fullnet,Learned Polytope Approx. (FullNet),304.55225073195214,377.74960203784354,73.1973513058914,0.06154350166696769,0.0,0.0,False
11,9,cube,Inner Approx. (Cube),304.55225073195214,397.51564083387257,92.96339010192042,0.07816256260141506,0.0,0.0,False
11,9,power_energy,Outer Approx. (Power-Energy),304.55225073195214,124.45845272631627,-180.09379800563588,-0.15142082001645205,3181.183140920142,0.3554475168609208,True
12,0,fullnet,Learned Polytope Approx. (FullNet),304.93379565567886,443.74886526865737,138.8150696129785,0.11849510306346751,0.0,0.0,False
12,0,cube,Inner Approx. (Cube),304.93379565567886,504.34507213980487,199.411276484126,0.17022114259556523,0.0,0.0,False
12,0,power_energy,Outer Approx. (Power-Energy),304.93379565567886,127.37936767491121,-177.55442798076766,-0.15156373368982565,3535.6562917009987,0.48822910922733326,True
12,1,fullnet,Learned Polytope Approx. (FullNet),316.7258723223592,456.01972658141,139.29385425905082,0.11901146319093506,0.0,0.0,False
12,1,cube,Inner Approx. (Cube),316.7258723223592,497.0879273361382,180.362055013779,0.15409977838213948,0.0,0.0,False
12,1,power_energy,Outer Approx. (Power-Energy),316.7258723223592,124.34228187391798,-192.3835904484412,-0.16437087418526145,3535.6562917009983,0.4882291092273332,True
12,2,fullnet,Learned Polytope Approx. (FullNet),356.6765315212741,479.99354481326657,123.31701329199245,0.10899566611006847,0.0,0.0,False
12,2,cube,Inner Approx. (Cube),356.6765315212741,456.7998640124702,100.1233324911961,0.08849556948154219,0.0,0.0,False
12,2,power_energy,Outer Approx. (Power-Energy),356.6765315212741,190.94210801840228,-165.73442350287183,-0.14648695589383615,3853.298440244214,0.5270383802121277,True
12,3,fullnet,Learned Polytope Approx. (FullNet),335.8118249588812,436.37983164011814,100.56800668123697,0.09250479042423754,0.0,0.0,False
12,3,cube,Inner Approx. (Cube),335.8118249588812,441.73272148028065,105.92089652139947,0.0974285029364857,0.0,0.0,False
12,3,power_energy,Outer Approx. (Power-Energy),335.8118249588812,193.6124428471902,-142.19938211169097,-0.13079829733914988,4032.806084936839,0.5296431594642088,True
12,4,fullnet,Learned Polytope Approx. (FullNet),343.3356543887119,435.47437798156915,92.13872359285727,0.08645203156755617,0.0,0.0,False
12,4,cube,Inner Approx. (Cube),343.3356543887119,401.95025483966765,58.61460045095578,0.054996977285004946,0.0,0.0,False
12,4,power_energy,Outer Approx. (Power-Energy),343.3356543887119,189.82739334332572,-153.50826104538615,-0.1440339144312302,4877.961133543787,0.7965744062517782,True
12,5,fullnet,Learned Polytope Approx. (FullNet),318.7340584430468,409.5310636025812,90.79700515953436,0.08233495651291257,0.0,0.0,False
12,5,cube,Inner Approx. (Cube),318.7340584430468,425.52191886005187,106.78786041700505,0.09683550496068122,0.0,0.0,False
12,5,power_energy,Outer Approx. (Power-Energy),318.7340584430468,154.08241724715685,-164.65164119588997,-0.1493065293709166,4486.656217993441,0.57314164866264,True
12,6,fullnet,Learned Polytope Approx. (FullNet),333.36073426646647,419.62227131058273,86.26153704411627,0.07735072640692439,0.0,0.0,False
12,6,cube,Inner Approx. (Cube),333.36073426646647,433.93233946031046,100.571605193844,0.09018256553527124,0.0,0.0,False
12,6,power_energy,Outer Approx. (Power-Energy),333.36073426646647,177.61223266584344,-155.74850160062303,-0.13965969247031795,3664.8284843884453,0.46159416936047193,True
12,7,fullnet,Learned Polytope Approx. (FullNet),319.48952035980517,416.4822582762079,96.99273791640275,0.09360965506414334,0.0,0.0,False
12,7,cube,Inner Approx. (Cube),319.48952035980517,397.3902184623536,77.9006981025484,0.07518354090510013,0.0,0.0,False
12,7,power_energy,Outer Approx. (Power-Energy),319.48952035980517,165.63073687586902,-153.85878348393615,-0.1484922269431503,4885.977268560808,0.7628874952891412,True
12,8,fullnet,Learned Polytope Approx. (FullNet),340.8026712054098,445.99760850610147,105.19493730069166,0.09881641121561241,0.0,0.0,False
12,8,cube,Inner Approx. (Cube),340.8026712054098,408.6674145166702,67.86474331126038,0.0637497445615512,0.0,0.0,False
12,8,power_energy,Outer Approx. (Power-Energy),340.8026712054098,197.4004434918518,-143.402227713558,-0.1347069912924856,4998.799584217265,0.8239173804781055,True
12,9,fullnet,Learned Polytope Approx. (FullNet),353.7874253612514,413.1264739799899,59.3390486187385,0.049517979349903485,186.75230160343386,0.022002952104718698,True
12,9,cube,Inner Approx. (Cube),353.7874253612514,447.39459627933115,93.60717091807976,0.07811446365287042,0.0,0.0,False
12,9,power_energy,Outer Approx. (Power-Energy),353.7874253612514,185.03099770924499,-168.7564276520064,-0.14082593998645046,2979.9513986540364,0.338608923729188,True
13,0,fullnet,Learned Polytope Approx. (FullNet),198.3570199647986,318.79355718582093,120.43653722102232,0.10147469539934895,0.0,0.0,False
13,0,cube,Inner Approx. (Cube),198.3570199647986,392.06132429742104,193.70430433262243,0.1632069945985184,0.0,0.0,False
13,0,power_energy,Outer Approx. (Power-Energy),198.3570199647986,42.98901274541954,-155.36800721937908,-0.13090646386201796,3809.5417884456006,0.5563381409535316,True
13,1,fullnet,Learned Polytope Approx. (FullNet),204.66307375857508,334.89375390160143,130.23068014302635,0.10990841183204952,0.0,0.0,False
13,1,cube,Inner Approx. (Cube),204.66307375857508,383.6929978203231,179.02992406174803,0.15109261966864437,0.0,0.0,False
13,1,power_energy,Outer Approx. (Power-Energy),204.66307375857508,33.27069826663519,-171.3923754919399,-0.14464689710407014,3699.548973498771,0.540275002239221,True
13,2,fullnet,Learned Polytope Approx. (FullNet),244.2670964411252,368.92687173739296,124.65977529626775,0.10864705847965374,0.0,0.0,False
13,2,cube,Inner Approx. (Cube),244.2670964411252,345.80763641970543,101.54053997858023,0.088497520221655,0.0,0.0,False
13,2,power_energy,Outer Approx. (Power-Energy),244.2670964411252,92.89965377837936,-151.36744266274584,-0.13192408983419174,3716.8201649548605,0.5552171259535712,True
13,3,fullnet,Learned Polytope Approx. (FullNet),230.7906571114363,326.4055994516108,95.61494234017448,0.0864786546055999,0.0,0.0,False
13,3,cube,Inner Approx. (Cube),230.7906571114363,333.3797119931205,102.5890548816842,0.09278637027112924,0.0,0.0,False
13,3,power_energy,Outer Approx. (Power-Energy),230.7906571114363,102.46669595871293,-128.32396115272337,-0.11606223088717008,3711.06746919907,0.565544608919454,True
13,4,fullnet,Learned Polytope Approx. (FullNet),232.35763427895327,330.7062745865534,98.3486403076001,0.09100339717794904,0.0,0.0,False
13,4,cube,Inner Approx. (Cube),232.35763427895327,293.79594656448273,61.43831228552946,0.056849745124852934,0.0,0.0,False
13,4,power_energy,Outer Approx. (Power-Energy),232.35763427895327,96.44958377703881,-135.90805050191446,-0.12575765420674256,3939.970569192996,0.7115839978508797,True
13,5,fullnet,Learned Polytope Approx. (FullNet),203.92443123271272,292.54223864038397,88.61780740767125,0.07913575582196057,0.0,0.0,False
13,5,cube,Inner Approx. (Cube),203.92443123271272,316.6050032638834,112.6805720311707,0.10062381924116137,0.0,0.0,False
13,5,power_energy,Outer Approx. (Power-Energy),203.92443123271272,64.60066455189587,-139.32376668081685,-0.12441620824049524,3875.8826728343333,0.5880028473202668,True
13,6,fullnet,Learned Polytope Approx. (FullNet),222.06007069167222,303.48046814889506,81.42039745722283,0.07194119194567125,0.0,0.0,False
13,6,cube,Inner Approx. (Cube),222.06007069167222,327.32504196818786,105.26497127651564,0.09300970936352987,0.0,0.0,False
13,6,power_energy,Outer Approx. (Power-Energy),222.06007069167222,78.54401002348266,-143.51606066818957,-0.12680749284282591,3388.511004620705,0.4577881202172431,True
13,7,fullnet,Learned Polytope Approx. (FullNet),211.66284974140305,315.515457762712,103.85260802130895,0.09887941485841006,0.0,0.0,False
13,7,cube,Inner Approx. (Cube),211.66284974140305,280.54222330229913,68.87937356089608,0.06558094479551042,0.0,0.0,False
13,7,power_energy,Outer Approx. (Power-Energy),211.66284974140305,78.95270519293592,-132.71014454846713,-0.12635504961064584,3939.970569192996,0.7115839978508797,True
13,8,fullnet,Learned Polytope Approx. (FullNet),233.53908747145425,343.448498211484,109.90941074002973,0.101900513622194,0.0,0.0,False
13,8,cube,Inner Approx. (Cube),233.53908747145425,289.92984278858694,56.39075531713269,0.052281664433184584,0.0,0.0,False
13,8,power_energy,Outer Approx. (Power-Energy),233.53908747145425,103.89605913315313,-129.64302833830112,-0.1201961787099102,4058.5015750323537,0.793276204289717,True
13,9,fullnet,Learned Polytope Approx. (FullNet),231.29340714385282,291.0171322374242,59.7237250935714,0.04919833336239028,417.186003511279,0.047099826138596285,True
13,9,cube,Inner Approx. (Cube),231.29340714385282,343.56688240020037,112.27347525634755,0.09248699498836896,0.0,0.0,False
13,9,power_energy,Outer Approx. (Power-Energy),231.29340714385282,68.50734208393251,-162.7860650599203,-0.13409751456430455,2952.526037607584,0.3470564629994373,True
14,0,fullnet,Learned Polytope Approx. (FullNet),201.67840280518126,321.38332427677443,119.70492147159317,0.10375555802562755,0.0,0.0,False
14,0,cube,Inner Approx. (Cube),201.67840280518126,403.6085758366203,201.930173031439,0.17502519969540598,0.0,0.0,False
14,0,power_energy,Outer Approx. (Power-Energy),201.67840280518126,45.05290973708005,-156.6254930681012,-0.13575686976392465,3801.5422211300656,0.5511701872445989,True
14,1,fullnet,Learned Polytope Approx. (FullNet),207.62027792912193,334.9807635276263,127.3604855985044,0.11022618739027928,8.557084764777953,0.001022409978400389,True
14,1,cube,Inner Approx. (Cube),207.62027792912193,394.23664012506873,186.6163621959468,0.16151014196309108,0.0,0.0,False
14,1,power_energy,Outer Approx. (Power-Energy),207.62027792912193,35.22403634133734,-172.39624158778457,-0.14920310912239604,3653.9354305793513,0.5297692773890647,True
14,2,fullnet,Learned Polytope Approx. (FullNet),251.31402454623102,366.4197629277444,115.10573838151336,0.10246371065791507,0.0,0.0,False
14,2,cube,Inner Approx. (Cube),251.31402454623102,355.27048811188627,103.95646356565524,0.09253895725429899,0.0,0.0,False
14,2,power_energy,Outer Approx. (Power-Energy),251.31402454623102,95.8026141390624,-155.51141040716863,-0.1384316401946086,3702.4262416439724,0.5649739753101491,True
14,3,fullnet,Learned Polytope Approx. (FullNet),237.77288534484055,323.3180964608855,85.54521111604495,0.07947248162451578,0.0,0.0,False
14,3,cube,Inner Approx. (Cube),237.77288534484055,339.8788009356236,102.10591559078304,0.09485756589618002,0.0,0.0,False
14,3,power_energy,Outer Approx. (Power-Energy),237.77288534484055,105.11498441423737,-132.65790093060318,-0.12324071045605037,3697.68905378702,0.5588107784939427,True
14,4,fullnet,Learned Polytope Approx. (FullNet),239.4135313552757,328.6675006662225,89.25396931094681,0.08369868261301158,0.0,0.0,False
14,4,cube,Inner Approx. (Cube),239.4135313552757,303.10344789250314,63.68991653722745,0.05972577075342229,0.0,0.0,False
14,4,power_energy,Outer Approx. (Power-Energy),239.4135313552757,99.04893669603567,-140.36459465924003,-0.13162811412407227,3707.3458970708507,0.6627686657018304,True
14,5,fullnet,Learned Polytope Approx. (FullNet),211.2442990248339,290.9719513773864,79.7276523525525,0.07234188426247233,0.0,0.0,False
14,5,cube,Inner Approx. (Cube),211.2442990248339,325.7114815973317,114.46718257249782,0.10386323225590145,0.0,0.0,False
14,5,power_energy,Outer Approx. (Power-Energy),211.2442990248339,67.03987801277484,-144.20442101205907,-0.13084568812914793,3747.6840852255996,0.5642208941957562,True
14,6,fullnet,Learned Polytope Approx. (FullNet),229.89206376444628,301.24379563186847,71.35173186742219,0.06406385859837654,0.0,0.0,False
14,6,cube,Inner Approx. (Cube),229.89206376444628,336.50451631260177,106.61245254815549,0.09572304562364252,0.0,0.0,False
14,6,power_energy,Outer Approx. (Power-Energy),229.89206376444628,81.30088389197581,-148.59117987247046,-0.13341406139942932,3505.9691745916057,0.470443136294671,True
14,7,fullnet,Learned Polytope Approx. (FullNet),217.97505705201064,307.7003743089024,89.72531725689174,0.08652293758106762,0.0,0.0,False
14,7,cube,Inner Approx. (Cube),217.97505705201064,291.8999007182514,73.92484366624075,0.07128639752714881,0.0,0.0,False
14,7,power_energy,Outer Approx. (Power-Energy),217.97505705201064,81.37677483461896,-136.59828221739167,-0.13172296300873362,3707.3458970708507,0.6627686657018304,True
14,8,fullnet,Learned Polytope Approx. (FullNet),240.35433213427783,332.08887009695354,91.73453796267572,0.08611035193023761,0.0,0.0,False
14,8,cube,Inner Approx. (Cube),240.35433213427783,301.02121052484983,60.66687839057201,0.056947430757721865,0.0,0.0,False
14,8,power_energy,Outer Approx. (Power-Energy),240.35433213427783,106.74179479800543,-133.6125373362724,-0.12542083786370267,3860.8252773988015,0.7464853177363383,True
14,9,fullnet,Learned Polytope Approx. (FullNet),242.21685411735157,279.0769056504183,36.86005153306675,0.03069275300090187,558.6091304830632,0.06491216217508698,True
14,9,cube,Inner Approx. (Cube),242.21685411735157,354.0238327567785,111.80697863942694,0.09309981501459741,0.0,0.0,False
14,9,power_energy,Outer Approx. (Power-Energy),242.21685411735157,72.64613697406779,-169.5707171432838,-0.14119872113568865,3007.687904427054,0.35138033080890274,True
15,0,fullnet,Learned Polytope Approx. (FullNet),281.2182627210937,435.7189776051139,154.50071488402017,0.13183340032766946,0.0,0.0,False
15,0,cube,Inner Approx. (Cube),281.2182627210937,473.0817823897643,191.86351966867062,0.16371458355867885,0.0,0.0,False
15,0,power_energy,Outer Approx. (Power-Energy),281.2182627210937,93.9470973243262,-187.27116539676751,-0.15979598888014443,3947.9858036447754,0.5496730009393616,True
15,1,fullnet,Learned Polytope Approx. (FullNet),291.7041932012623,447.95172022648177,156.24752702521948,0.13332473230615505,0.0,0.0,False
15,1,cube,Inner Approx. (Cube),291.7041932012623,464.2977647486728,172.59357154741053,0.14727267792601662,0.0,0.0,False
15,1,power_energy,Outer Approx. (Power-Energy),291.7041932012623,87.59042844516617,-204.11376475609612,-0.1741686000682467,3947.985803644776,0.5496730009393616,True
15,2,fullnet,Learned Polytope Approx. (FullNet),329.31785546398066,462.2324071695747,132.91455170559402,0.11667151394433126,0.0,0.0,False
15,2,cube,Inner Approx. (Cube),329.31785546398066,427.44362150663716,98.1257660426565,0.08613414809916668,0.0,0.0,False
15,2,power_energy,Outer Approx. (Power-Energy),329.31785546398066,154.57217839564566,-174.745677068335,-0.153390598976318,4277.519142521383,0.5798805167229019,True
15,3,fullnet,Learned Polytope Approx. (FullNet),310.03675147252886,422.166170082722,112.12941861019311,0.10253383891698359,0.0,0.0,False
15,3,cube,Inner Approx. (Cube),310.03675147252886,415.41478237384354,105.37803090131467,0.09636020751508746,0.0,0.0,False
15,3,power_energy,Outer Approx. (Power-Energy),310.03675147252886,160.70990721253418,-149.3268442599947,-0.13654806013543302,4353.759554541303,0.5735192425111445,True
15,4,fullnet,Learned Polytope Approx. (FullNet),315.9312783891363,422.1229743304677,106.19169594133137,0.09822926268484689,0.0,0.0,False
15,4,cube,Inner Approx. (Cube),315.9312783891363,375.4833751740895,59.552096784953164,0.05508677968336108,0.0,0.0,False
15,4,power_energy,Outer Approx. (Power-Energy),315.9312783891363,154.69531176041315,-161.23596662872316,-0.14914622070795686,4754.351392282565,0.7996218290802813,True
15,5,fullnet,Learned Polytope Approx. (FullNet),289.7299116345439,396.180929207731,106.45101757318713,0.09519498532347276,0.0,0.0,False
15,5,cube,Inner Approx. (Cube),289.7299116345439,397.2916516754634,107.56174004091952,0.0961882610236467,0.0,0.0,False
15,5,power_energy,Outer Approx. (Power-Energy),289.7299116345439,117.12348442710166,-172.60642720744224,-0.1543551830629775,4747.028810480395,0.6105078436062168,True
15,6,fullnet,Learned Polytope Approx. (FullNet),303.38709613718265,405.144682931344,101.75758679416134,0.09007966106465569,0.0,0.0,False
15,6,cube,Inner Approx. (Cube),303.38709613718265,403.7758753967511,100.38877925956842,0.08886794091028238,0.0,0.0,False
15,6,power_energy,Outer Approx. (Power-Energy),303.38709613718265,139.0015266971042,-164.38556944007846,-0.14552031790058462,3950.1311801116794,0.47675253758534875,True
15,7,fullnet,Learned Polytope Approx. (FullNet),293.80321507777415,402.1672739075977,108.36405882982353,0.10310445034764096,0.0,0.0,False
15,7,cube,Inner Approx. (Cube),293.80321507777415,369.87995785406537,76.07674277629121,0.07238424651947067,0.0,0.0,False
15,7,power_energy,Outer Approx. (Power-Energy),293.80321507777415,132.48175312449183,-161.32146195328232,-0.1534914882626507,4762.364947498737,0.7648433386285491,True
15,8,fullnet,Learned Polytope Approx. (FullNet),313.9312095464561,427.66242348130277,113.73121393484666,0.10537343955538458,0.0,0.0,False
15,8,cube,Inner Approx. (Cube),313.9312095464561,380.24683583439895,66.31562628794285,0.06144228480875258,0.0,0.0,False
15,8,power_energy,Outer Approx. (Power-Energy),313.9312095464561,161.69368150809458,-152.23752803836152,-0.14105003722198317,5329.3387067335525,0.8495229304238174,True
15,9,fullnet,Learned Polytope Approx. (FullNet),317.5520108805621,393.85970911567904,76.30769823511696,0.06285495464992169,0.0,0.0,False
15,9,cube,Inner Approx. (Cube),317.5520108805621,410.52965604141923,92.97764516085715,0.07658605625916676,0.0,0.0,False
15,9,power_energy,Outer Approx. (Power-Energy),317.5520108805621,140.34566954966152,-177.20634133090056,-0.1459655684242148,3127.694277238677,0.3476110126510413,True
16,0,fullnet,Learned Polytope Approx. (FullNet),186.15176265974782,323.96162424937137,137.80986158962355,0.11397159314153074,0.0,0.0,False
16,0,cube,Inner Approx. (Cube),186.15176265974782,388.97955664117796,202.82779398143015,0.16774276199684066,0.0,0.0,False
16,0,power_energy,Outer Approx. (Power-Energy),186.15176265974782,37.65739718717515,-148.49436547257267,-0.12280789785456205,3758.2450356289623,0.5554609274824339,True
16,1,fullnet,Learned Polytope Approx. (FullNet),191.4231700025982,340.2521792650774,148.82900926247922,0.12317016286242796,0.0,0.0,False
16,1,cube,Inner Approx. (Cube),191.4231700025982,379.21919839798693,187.79602839538873,0.1554190780211598,0.0,0.0,False
16,1,power_energy,Outer Approx. (Power-Energy),191.4231700025982,27.638829361196088,-163.7843406414021,-0.1355471222383707,3561.4118887643976,0.5263693910657884,True
16,2,fullnet,Learned Polytope Approx. (FullNet),233.1778102444537,376.4023360881779,143.2245258437242,0.12261522855206254,0.0,0.0,False
16,2,cube,Inner Approx. (Cube),233.1778102444537,337.72766702869524,104.54985678424154,0.0895056521162636,0.0,0.0,False
16,2,power_energy,Outer Approx. (Power-Energy),233.1778102444537,86.46403371659707,-146.71377652785662,-0.12560239340801158,3631.600844203604,0.5289054057029355,True
16,3,fullnet,Learned Polytope Approx. (FullNet),221.6009408502162,332.7351357330292,111.134194882813,0.0990158293792158,0.0,0.0,False
16,3,cube,Inner Approx. (Cube),221.6009408502162,323.84055173529526,102.23961088507906,0.09109113426222323,0.0,0.0,False
16,3,power_energy,Outer Approx. (Power-Energy),221.6009408502162,96.60441315417881,-124.99652769603739,-0.11136657688838232,3716.3573599617166,0.5736314011037925,True
16,4,fullnet,Learned Polytope Approx. (FullNet),223.08510944146227,335.8900589034095,112.80494946194725,0.10267460568314749,0.0,0.0,False
16,4,cube,Inner Approx. (Cube),223.08510944146227,285.7690406538088,62.68393121234655,0.0570546589542005,0.0,0.0,False
16,4,power_energy,Outer Approx. (Power-Energy),223.08510944146227,90.45952776220585,-132.6255816792564,-0.12071526442205685,4192.048673114436,0.7152705912772229,True
16,5,fullnet,Learned Polytope Approx. (FullNet),194.32981449720282,297.74994156404784,103.42012706684503,0.09081943046031284,0.0,0.0,False
16,5,cube,Inner Approx. (Cube),194.32981449720282,306.23237678503426,111.90256228783144,0.0982683667315723,0.0,0.0,False
16,5,power_energy,Outer Approx. (Power-Energy),194.32981449720282,58.92135587021551,-135.4084586269873,-0.11891030731439016,3954.08901632415,0.5926697365061996,True
16,6,fullnet,Learned Polytope Approx. (FullNet),211.39779041092459,309.0120697594913,97.6142793485667,0.0847634440923442,0.0,0.0,False
16,6,cube,Inner Approx. (Cube),211.39779041092459,316.56872930641094,105.17093889548636,0.09132527596064051,0.0,0.0,False
16,6,power_energy,Outer Approx. (Power-Energy),211.39779041092459,72.15006357667458,-139.24772683425,-0.12091588430780413,3226.7480590907953,0.44036898758489745,True
16,7,fullnet,Learned Polytope Approx. (FullNet),203.25772183115174,318.1729227333688,114.91520090221707,0.10761918867205734,0.0,0.0,False
16,7,cube,Inner Approx. (Cube),203.25772183115174,276.8220193099411,73.56429747878934,0.06889367070448589,0.0,0.0,False
16,7,power_energy,Outer Approx. (Power-Energy),203.25772183115174,73.39513545651468,-129.86258637463706,-0.1216175586412239,4192.048673114436,0.7152705912772229,True
16,8,fullnet,Learned Polytope Approx. (FullNet),224.20134307479037,346.42027744715404,122.21893437236366,0.11137800926317312,0.0,0.0,False
16,8,cube,Inner Approx. (Cube),224.20134307479037,285.5846302761757,61.383287201385315,0.05593853657478661,0.0,0.0,False
16,8,power_energy,Outer Approx. (Power-Energy),224.20134307479037,97.48057143918464,-126.72077163560573,-0.11548052967035523,4238.63166374239,0.7857315585518188,True
16,9,fullnet,Learned Polytope Approx. (FullNet),218.82464421117936,294.189268142603,75.36462393142364,0.060851442388854066,372.4946505043197,0.041719257903215776,True
16,9,cube,Inner Approx. (Cube),218.82464421117936,329.2636740127878,110.43902980160846,0.08917146943595936,0.0,0.0,False
16,9,power_energy,Outer Approx. (Power-Energy),218.82464421117936,60.90873488402502,-157.91590932715434,-0.12750559025476865,2890.8868200722213,0.3422493706943532,True
17,0,fullnet,Learned Polytope Approx. (FullNet),278.5491157693306,426.4395105357379,147.89039476640727,0.132060559022749,0.0,0.0,False
17,0,cube,Inner Approx. (Cube),278.5491157693306,460.2638946072612,181.71477883793057,0.16226446155570892,0.0,0.0,False
17,0,power_energy,Outer Approx. (Power-Energy),278.5491157693306,100.21469583099335,-178.33441993833728,-0.15924592822443395,3728.1313701349727,0.5243511638892667,True
17,1,fullnet,Learned Polytope Approx. (FullNet),288.9833682248691,440.06327109062784,151.07990286575875,0.13503362140621447,0.0,0.0,False
17,1,cube,Inner Approx. (Cube),288.9833682248691,451.25573771125727,162.2723694863882,0.14503732985176912,0.0,0.0,False
17,1,power_energy,Outer Approx. (Power-Energy),288.9833682248691,95.0088326579875,-193.97453556688157,-0.17337239104170127,3728.1313701349723,0.5243511638892667,True
17,2,fullnet,Learned Polytope Approx. (FullNet),325.9667475880387,452.09343006856335,126.12668248052466,0.11576549341223877,0.0,0.0,False
17,2,cube,Inner Approx. (Cube),325.9667475880387,419.97228282838904,94.00553524035035,0.08628306839245653,0.0,0.0,False
17,2,power_energy,Outer Approx. (Power-Energy),325.9667475880387,160.5962645581295,-165.3704830299092,-0.15178545242981215,3970.5347232156414,0.5441509611124064,True
17,3,fullnet,Learned Polytope Approx. (FullNet),306.6694110384185,414.78673301844685,108.11732198002835,0.10305233160361184,0.0,0.0,False
17,3,cube,Inner Approx. (Cube),306.6694110384185,410.5975065151616,103.92809547674312,0.09905935849927491,0.0,0.0,False
17,3,power_energy,Outer Approx. (Power-Energy),306.6694110384185,165.86461579712454,-140.80479524129396,-0.13420848930446924,4140.1092815931415,0.5522995408647523,True
17,4,fullnet,Learned Polytope Approx. (FullNet),312.9466098846201,415.62797609663335,102.68136621201324,0.09914130118044884,0.0,0.0,False
17,4,cube,Inner Approx. (Cube),312.9466098846201,372.3136344646193,59.367024579999224,0.05732027417633064,0.0,0.0,False
17,4,power_energy,Outer Approx. (Power-Energy),312.9466098846201,161.23400748345338,-151.71260240116672,-0.1464821258461599,4683.134370537589,0.8093494534420069,True
17,5,fullnet,Learned Polytope Approx. (FullNet),286.79038250440567,390.6696848582927,103.87930235388706,0.09712182777859316,0.0,0.0,False
17,5,cube,Inner Approx. (Cube),286.79038250440567,394.8306333311166,108.04025082671092,0.10101210150796883,0.0,0.0,False
17,5,power_energy,Outer Approx. (Power-Energy),286.79038250440567,124.54146867586981,-162.24891382853588,-0.15169442525168458,4354.565866458936,0.5679204323258535,True
17,6,fullnet,Learned Polytope Approx. (FullNet),300.10761077658697,398.4136382618477,98.30602748526076,0.0910634284364755,0.0,0.0,False
17,6,cube,Inner Approx. (Cube),300.10761077658697,401.17351658648795,101.06590580990098,0.09361997546353279,0.0,0.0,False
17,6,power_energy,Outer Approx. (Power-Energy),300.10761077658697,146.28162351907434,-153.82598725751262,-0.14249301025204109,3641.80321078933,0.4660173249156308,True
17,7,fullnet,Learned Polytope Approx. (FullNet),291.3594135478464,397.3356438803431,105.97623033249675,0.10518034962422694,0.0,0.0,False
17,7,cube,Inner Approx. (Cube),291.3594135478464,364.2863418766333,72.92692832878691,0.07237924763484116,0.0,0.0,False
17,7,power_energy,Outer Approx. (Power-Energy),291.3594135478464,139.10140427907734,-152.25800926876903,-0.1511145527419952,4691.1507037033725,0.7731971581072513,True
17,8,fullnet,Learned Polytope Approx. (FullNet),311.141486808497,421.89247602332114,110.75098921482413,0.1071208365334983,0.0,0.0,False
17,8,cube,Inner Approx. (Cube),311.141486808497,374.0241354823213,62.88264867382429,0.06082150576837024,0.0,0.0,False
17,8,power_energy,Outer Approx. (Power-Energy),311.141486808497,168.1446514217241,-142.99683538677291,-0.13830974095013993,4765.612022200812,0.8586049949992277,True
17,9,fullnet,Learned Polytope Approx. (FullNet),313.0697223798076,390.0151757505362,76.94545337072856,0.06657269237649521,0.0,0.0,False
17,9,cube,Inner Approx. (Cube),313.0697223798076,407.5505652523235,94.4808428725159,0.08174419426342286,0.0,0.0,False
17,9,power_energy,Outer Approx. (Power-Energy),313.0697223798076,148.21656735227887,-164.85315502752874,-0.14262984875877444,2941.2236939818854,0.33331229562106857,True
18,0,fullnet,Learned Polytope Approx. (FullNet),276.50874889905003,424.08034079543796,147.57159189638793,0.1316258450670259,0.0,0.0,False
18,0,cube,Inner Approx. (Cube),276.50874889905003,459.4277770673215,182.91902816827144,0.1631538384324847,0.0,0.0,False
18,0,power_energy,Outer Approx. (Power-Energy),276.50874889905003,93.89266563304128,-182.61608326600876,-0.16288362803320225,3780.5393001707653,0.5426104405479227,True
18,1,fullnet,Learned Polytope Approx. (FullNet),287.2614496543466,435.4619773877897,148.2005277334431,0.13229640031813955,0.0,0.0,False
18,1,cube,Inner Approx. (Cube),287.2614496543466,452.16986572090667,164.90841606656005,0.14721128299227199,0.0,0.0,False
18,1,power_energy,Outer Approx. (Power-Energy),287.2614496543466,88.56736075314257,-198.69408890120405,-0.17737124913213015,3780.539300170766,0.5426104405479227,True
18,2,fullnet,Learned Polytope Approx. (FullNet),323.05181155535956,450.9681035141115,127.91629195875191,0.11772609599166989,0.0,0.0,False
18,2,cube,Inner Approx. (Cube),323.05181155535956,416.1904976901509,93.13868613479133,0.08571897868942449,0.0,0.0,False
18,2,power_energy,Outer Approx. (Power-Energy),323.05181155535956,152.44984692356286,-170.6019646317967,-0.15701129978882428,4153.757619328302,0.5812725235670239,True
18,3,fullnet,Learned Polytope Approx. (FullNet),304.4392250684494,412.919264854027,108.48003978557762,0.10395219339501671,0.0,0.0,False
18,3,cube,Inner Approx. (Cube),304.4392250684494,405.46036143551896,101.02113636706957,0.09680461700946136,0.0,0.0,False
18,3,power_energy,Outer Approx. (Power-Energy),304.4392250684494,158.3837050228821,-146.05552004556728,-0.13995931137375095,4222.4033314953,0.5741411012809441,True
18,4,fullnet,Learned Polytope Approx. (FullNet),311.5042111253814,413.7415063209291,102.23729519554769,0.09952035933700729,0.0,0.0,False
18,4,cube,Inner Approx. (Cube),311.5042111253814,365.7026905672775,54.1984794418961,0.05275816559172623,0.0,0.0,False
18,4,power_energy,Outer Approx. (Power-Energy),311.5042111253814,153.81661469750287,-157.68759642787853,-0.1534970798031722,4824.625592019383,0.8402056741942793,True
18,5,fullnet,Learned Polytope Approx. (FullNet),286.06199207329973,387.50755243097603,101.4455603576763,0.09561420500064856,0.0,0.0,False
18,5,cube,Inner Approx. (Cube),286.06199207329973,386.8824135475444,100.82042147424465,0.09502500073046104,0.0,0.0,False
18,5,power_energy,Outer Approx. (Power-Energy),286.06199207329973,117.38095684084448,-168.68103523245526,-0.1589848094443217,4613.525586711704,0.6126252618709156,True
18,6,fullnet,Learned Polytope Approx. (FullNet),298.32006704469194,396.77253012888747,98.45246308419553,0.09184069846208001,0.0,0.0,False
18,6,cube,Inner Approx. (Cube),298.32006704469194,394.28334221695945,95.96327517226752,0.08951867675461565,0.0,0.0,False
18,6,power_energy,Outer Approx. (Power-Energy),298.32006704469194,138.02587958299222,-160.29418746169972,-0.1495293228296827,3839.201157504534,0.47905728332557185,True
18,7,fullnet,Learned Polytope Approx. (FullNet),290.22259001312455,393.3338810992232,103.11129108609867,0.10288890393929402,0.0,0.0,False
18,7,cube,Inner Approx. (Cube),290.22259001312455,359.97485632058704,69.75226630746249,0.06960182684226054,0.0,0.0,False
18,7,power_energy,Outer Approx. (Power-Energy),290.22259001312455,132.12930104893118,-158.09328896419336,-0.15775231839645648,4832.641819990908,0.8023499344833352,True
18,8,fullnet,Learned Polytope Approx. (FullNet),309.3084404363951,418.1791155061336,108.87067506973852,0.1058402396468328,0.0,0.0,False
18,8,cube,Inner Approx. (Cube),309.3084404363951,370.81159494473917,61.503154508344096,0.05979120280120954,0.0,0.0,False
18,8,power_energy,Outer Approx. (Power-Energy),309.3084404363951,160.6066640840857,-148.70177635230937,-0.14456263484135257,5123.1697070164855,0.8803065785936822,True
18,9,fullnet,Learned Polytope Approx. (FullNet),311.1378877278853,388.34919733109837,77.21130960321307,0.06694433239470539,0.0,0.0,False
18,9,cube,Inner Approx. (Cube),311.1378877278853,402.09281130897006,90.95492358108476,0.07886042431397618,0.0,0.0,False
18,9,power_energy,Outer Approx. (Power-Energy),311.1378877278853,138.77858437217566,-172.35930335570964,-0.14944026405536223,3081.543747629287,0.3546092577081885,True
19,0,fullnet,Learned Polytope Approx. (FullNet),291.1388076462498,434.73342572199977,143.59461807574996,0.12612547426620838,0.0,0.0,False
19,0,cube,Inner Approx. (Cube),291.1388076462498,486.178921440619,195.04011379436918,0.17131231784935813,0.0,0.0,False
19,0,power_energy,Outer Approx. (Power-Energy),291.1388076462498,115.66230929566149,-175.47649835058832,-0.1541287331908654,3560.08222716295,0.5005986557324714,True
19,1,fullnet,Learned Polytope Approx. (FullNet),302.1151165595476,447.46948691007776,145.3543703505302,0.12805620807219623,0.0,0.0,False
19,1,cube,Inner Approx. (Cube),302.1151165595476,475.37107830203183,173.25596174248426,0.15263731962884944,0.0,0.0,False
19,1,power_energy,Outer Approx. (Power-Energy),302.1151165595476,111.78493970144781,-190.33017685809978,-0.16767958659503648,3560.0822271629504,0.5005986557324714,True
19,2,fullnet,Learned Polytope Approx. (FullNet),341.7972830033689,463.96195564139543,122.16467263802656,0.1108090032143311,0.0,0.0,False
19,2,cube,Inner Approx. (Cube),341.7972830033689,441.72377959891475,99.92649659554587,0.090637949935504,0.0,0.0,False
19,2,power_energy,Outer Approx. (Power-Energy),341.7972830033689,177.9770319129389,-163.82025109042996,-0.1485925377415657,3866.586240008309,0.538244138631767,True
19,3,fullnet,Learned Polytope Approx. (FullNet),321.99305941365975,423.57185903902337,101.57879962536362,0.09559208126825534,0.0,0.0,False
19,3,cube,Inner Approx. (Cube),321.99305941365975,431.1329230316558,109.13986361799607,0.10270752116638274,0.0,0.0,False
19,3,power_energy,Outer Approx. (Power-Energy),321.99305941365975,181.57915480975777,-140.41390460390198,-0.13213837365270206,4052.9866011128393,0.5401890101903095,True
19,4,fullnet,Learned Polytope Approx. (FullNet),329.8088190910312,424.5400312192078,94.7312121281766,0.09084426882734403,0.0,0.0,False
19,4,cube,Inner Approx. (Cube),329.8088190910312,391.84780382578606,62.03898473475488,0.059493445511854086,0.0,0.0,False
19,4,power_energy,Outer Approx. (Power-Energy),329.8088190910312,178.5624157102384,-151.24640338079277,-0.145040569198068,4705.868331450459,0.7962669622984031,True
19,5,fullnet,Learned Polytope Approx. (FullNet),304.59371275033635,398.24305276301186,93.64934001267551,0.0867950414485174,0.0,0.0,False
19,5,cube,Inner Approx. (Cube),304.59371275033635,415.7858605151324,111.19214776479606,0.10305387173779211,0.0,0.0,False
19,5,power_energy,Outer Approx. (Power-Energy),304.59371275033635,142.2349379304257,-162.35877481991065,-0.15047555688184552,4320.539681360071,0.5590356430613879,True
19,6,fullnet,Learned Polytope Approx. (FullNet),318.3295446675186,407.77668084349125,89.44713617597267,0.08208908078678509,0.0,0.0,False
19,6,cube,Inner Approx. (Cube),318.3295446675186,421.8306492329661,103.50110456544752,0.09498694868753993,0.0,0.0,False
19,6,power_energy,Outer Approx. (Power-Energy),318.3295446675186,164.7210471398562,-153.60849752766237,-0.1409724324575094,3606.5501750800036,0.4666476671923008,True
19,7,fullnet,Learned Polytope Approx. (FullNet),307.5766187204482,406.7705717307842,99.19395301033597,0.0978082577242572,0.0,0.0,False
19,7,cube,Inner Approx. (Cube),307.5766187204482,386.70074231398416,79.12412359353596,0.0780187948738785,0.0,0.0,False
19,7,power_energy,Outer Approx. (Power-Energy),307.5766187204482,156.21976755974356,-151.35685116070465,-0.14924246345052578,4713.882036332469,0.7614388441707698,True
19,8,fullnet,Learned Polytope Approx. (FullNet),327.7755047814849,435.1347115139009,107.359206732416,0.10325052027228987,0.0,0.0,False
19,8,cube,Inner Approx. (Cube),327.7755047814849,395.92766949354245,68.15216471205753,0.06554394987046847,0.0,0.0,False
19,8,power_energy,Outer Approx. (Power-Energy),327.7755047814849,186.27323023873652,-141.5022745427484,-0.1360869170975327,4786.252341504591,0.845570519449658,True
19,9,fullnet,Learned Polytope Approx. (FullNet),334.2200268945305,400.60876616927175,66.38873927474123,0.056885572033295216,38.54939760814585,0.004621786550973583,True
19,9,cube,Inner Approx. (Cube),334.2200268945305,427.9721645899682,93.75213769543768,0.0803320569182479,0.0,0.0,False
19,9,power_energy,Outer Approx. (Power-Energy),334.2200268945305,168.48130178638485,-165.73872510814567,-0.1420141772361241,2944.4901775899516,0.33650591624319626,True
20,0,fullnet,Learned Polytope Approx. (FullNet),191.11067703109683,318.05946577602754,126.94878874493071,0.11481618047418121,0.0,0.0,False
20,0,cube,Inner Approx. (Cube),191.11067703109683,390.67644261684507,199.56576558574824,0.18049308846892315,0.0,0.0,False
20,0,power_energy,Outer Approx. (Power-Energy),191.11067703109683,65.07332316303905,-126.03735386805778,-0.11399185223640837,3221.221684208154,0.49678160619264844,True
20,1,fullnet,Learned Polytope Approx. (FullNet),196.51077470136315,332.73642899623655,136.2256542948734,0.12327392356816107,0.0,0.0,False
20,1,cube,Inner Approx. (Cube),196.51077470136315,379.0885066981514,182.57773199678823,0.16521905140350115,0.0,0.0,False
20,1,power_energy,Outer Approx. (Power-Energy),196.51077470136315,57.32177750224015,-139.18899719912298,-0.12595552497852378,3112.1120406277737,0.47995455443936524,True
20,2,fullnet,Learned Polytope Approx. (FullNet),239.76557536737153,368.6928058035844,128.92723043621288,0.12021542904591342,0.0,0.0,False
20,2,cube,Inner Approx. (Cube),239.76557536737153,345.67300302238186,105.90742765501034,0.09875110798253868,0.0,0.0,False
20,2,power_energy,Outer Approx. (Power-Energy),239.76557536737153,116.16606447693559,-123.59951089043594,-0.11524771129641326,3175.4226603796205,0.5183384121102972,True
20,3,fullnet,Learned Polytope Approx. (FullNet),227.94378429162128,326.84607058734485,98.90228629572357,0.0958448359216188,0.0,0.0,False
20,3,cube,Inner Approx. (Cube),227.94378429162128,334.4531966255491,106.5094123339278,0.10321679641186161,0.0,0.0,False
20,3,power_energy,Outer Approx. (Power-Energy),227.94378429162128,122.9547878955826,-104.98899639603869,-0.10174338238315178,3173.872107178395,0.5098183586650339,True
20,4,fullnet,Learned Polytope Approx. (FullNet),231.65599469836056,335.6316653813157,103.97567068295515,0.10232575922821999,0.0,0.0,False
20,4,cube,Inner Approx. (Cube),231.65599469836056,295.877706718316,64.22171201995545,0.06320262613564773,0.0,0.0,False
20,4,power_energy,Outer Approx. (Power-Energy),231.65599469836056,120.67236100926621,-110.98363368909435,-0.10922251815784549,3329.377597249767,0.6140502963076387,True
20,5,fullnet,Learned Polytope Approx. (FullNet),203.68028190641593,299.6423416254455,95.96205971902958,0.09149280597436417,0.0,0.0,False
20,5,cube,Inner Approx. (Cube),203.68028190641593,318.8067907180432,115.12650881162728,0.10976470663560971,0.0,0.0,False
20,5,power_energy,Outer Approx. (Power-Energy),203.68028190641593,91.00628115579488,-112.67400075062105,-0.10742641955805847,3267.696570640901,0.5155825667680795,True
20,6,fullnet,Learned Polytope Approx. (FullNet),220.30471360049626,309.42506028442915,89.1203466839329,0.08413506504484612,0.0,0.0,False
20,6,cube,Inner Approx. (Cube),220.30471360049626,328.53392642874724,108.22921282825098,0.10217500492173295,0.0,0.0,False
20,6,power_energy,Outer Approx. (Power-Energy),220.30471360049626,104.58139600981904,-115.72331759067721,-0.10924989876023836,3044.293641609617,0.4352289813118555,True
20,7,fullnet,Learned Polytope Approx. (FullNet),212.52929503228103,316.0562540873798,103.52695905509876,0.10472704614287918,0.0,0.0,False
20,7,cube,Inner Approx. (Cube),212.52929503228103,284.92913753847955,72.39984250619852,0.07323910328370077,0.0,0.0,False
20,7,power_energy,Outer Approx. (Power-Energy),212.52929503228103,102.8499466471622,-109.67934838511883,-0.11095075412324255,3329.377597249767,0.6140502963076387,True
20,8,fullnet,Learned Polytope Approx. (FullNet),233.05008977284314,341.203126845509,108.15303707266588,0.10658710943490557,0.0,0.0,False
20,8,cube,Inner Approx. (Cube),233.05008977284314,292.24923049835365,59.19914072551052,0.05834200741605519,0.0,0.0,False
20,8,power_energy,Outer Approx. (Power-Energy),233.05008977284314,128.67276715884273,-104.3773226140004,-0.10286606284117618,3441.3707540875957,0.68207293073718,True
20,9,fullnet,Learned Polytope Approx. (FullNet),228.03954856609369,297.1844225235263,69.1448739574326,0.060818197950269076,164.95811350491016,0.020053527632267892,True
20,9,cube,Inner Approx. (Cube),228.03954856609369,337.2736205815604,109.23407201546672,0.0960797096664095,0.0,0.0,False
20,9,power_energy,Outer Approx. (Power-Energy),228.03954856609369,98.46743956184469,-129.572109004249,-0.11396856662296621,2419.0768795215745,0.30844475758444867,True
21,0,fullnet,Learned Polytope Approx. (FullNet),205.44930631423776,312.33037821299826,106.8810718987605,0.09490852697685116,0.0,0.0,False
21,0,cube,Inner Approx. (Cube),205.44930631423776,413.69559790399217,208.2462915897544,0.18491907343422354,0.0,0.0,False
21,0,power_energy,Outer Approx. (Power-Energy),205.44930631423776,63.40906623341473,-142.04024008082303,-0.12612925486262405,3568.79944595709,0.5251743097640063,True
21,1,fullnet,Learned Polytope Approx. (FullNet),211.95412576997904,327.13723100407594,115.1831052340969,0.10234593132889822,2.9895533752018677,0.00038081440850042814,True
21,1,cube,Inner Approx. (Cube),211.95412576997904,403.9866696334848,192.03254386350574,0.17063048879628592,0.0,0.0,False
21,1,power_energy,Outer Approx. (Power-Energy),211.95412576997904,55.16854504170763,-156.7855807282714,-0.13931180485162847,3530.7269068703804,0.5195716639054734,True
21,2,fullnet,Learned Polytope Approx. (FullNet),255.06349776351567,361.7589052692331,106.69540750571741,0.09775980883838016,0.0,0.0,False
21,2,cube,Inner Approx. (Cube),255.06349776351567,360.2345467492704,105.17104898575474,0.09636311331983385,0.0,0.0,False
21,2,power_energy,Outer Approx. (Power-Energy),255.06349776351567,116.1181242966096,-138.94537346690606,-0.1273088829842484,3397.282860102305,0.5516600768646667,True
21,3,fullnet,Learned Polytope Approx. (FullNet),241.00212077575162,320.76851653067274,79.76639575492112,0.07604278538564575,1.8872327670829634,0.00024676579366780956,True
21,3,cube,Inner Approx. (Cube),241.00212077575162,344.53842428432404,103.53630350857242,0.09870307957144628,0.0,0.0,False
21,3,power_energy,Outer Approx. (Power-Energy),241.00212077575162,123.23434194894384,-117.76777882680778,-0.11227020910141405,3397.8395377030556,0.5217024516135815,True
21,4,fullnet,Learned Polytope Approx. (FullNet),243.8920494795865,329.0388808381387,85.14683135855222,0.08247527795383167,0.0,0.0,False
21,4,cube,Inner Approx. (Cube),243.8920494795865,305.84625029368885,61.954200814102364,0.060010335687463896,0.0,0.0,False
21,4,power_energy,Outer Approx. (Power-Energy),243.8920494795865,119.48091311896155,-124.41113636062494,-0.12050763238254064,3383.3061880393893,0.5985772542941649,True
21,5,fullnet,Learned Polytope Approx. (FullNet),215.71126296997386,291.4399560351264,75.72869306515253,0.07098774097919729,1.8872327670829634,0.00024676579366780956,True
21,5,cube,Inner Approx. (Cube),215.71126296997386,329.0984044811832,113.38714151120934,0.1062886035157684,0.0,0.0,False
21,5,power_energy,Outer Approx. (Power-Energy),215.71126296997386,88.19835583629886,-127.512907133675,-0.11953003355441609,3433.0643470634577,0.5173632410735745,True
21,6,fullnet,Learned Polytope Approx. (FullNet),234.38914282519082,301.39612296525513,67.00698014006431,0.062193456070821315,7.7688281989730115,0.0010017005059951114,True
21,6,cube,Inner Approx. (Cube),234.38914282519082,339.51486995898836,105.12572713379754,0.09757389870043934,0.0,0.0,False
21,6,power_energy,Outer Approx. (Power-Energy),234.38914282519082,102.98893093053363,-131.4002118946572,-0.1219609254003777,3375.0363108671813,0.45909880213346393,True
21,7,fullnet,Learned Polytope Approx. (FullNet),223.1362606619306,309.96794959979786,86.83168893786726,0.08647982359375758,0.0,0.0,False
21,7,cube,Inner Approx. (Cube),223.1362606619306,298.1336726599309,74.99741199800027,0.07469350232512849,0.0,0.0,False
21,7,power_energy,Outer Approx. (Power-Energy),223.1362606619306,101.59430462907929,-121.54195603285132,-0.12104943535628283,3383.3061880393893,0.5985772542941649,True
21,8,fullnet,Learned Polytope Approx. (FullNet),245.30278483027064,335.4201928060321,90.11740797576147,0.08740653438030814,0.0,0.0,False
21,8,cube,Inner Approx. (Cube),245.30278483027064,307.9105174865438,62.607732656273186,0.06072439343090685,0.0,0.0,False
21,8,power_energy,Outer Approx. (Power-Energy),245.30278483027064,128.46459142470604,-116.8381934055646,-0.11332351649065815,3428.6429400887396,0.6562711589918357,True
21,9,fullnet,Learned Polytope Approx. (FullNet),245.88256026672653,285.80509776583006,39.92253749910353,0.03447139830398492,514.9726362275552,0.06086771566995869,True
21,9,cube,Inner Approx. (Cube),245.88256026672653,356.26337960470465,110.38081933797812,0.09530910174748003,0.0,0.0,False
21,9,power_energy,Outer Approx. (Power-Energy),245.88256026672653,96.72596884626348,-149.15659142046303,-0.1287903173147493,2728.20428591944,0.32953158902294055,True
22,0,fullnet,Learned Polytope Approx. (FullNet),294.0767239138902,440.35529657745053,146.27857266356034,0.12027979511374748,0.0,0.0,False
22,0,cube,Inner Approx. (Cube),294.0767239138902,496.2197807169749,202.14305680308473,0.16621522218338186,0.0,0.0,False
22,0,power_energy,Outer Approx. (Power-Energy),294.0767239138902,102.57064571007764,-191.50607820381254,-0.15746880373498465,3939.6676318647656,0.5339560445897464,True
22,1,fullnet,Learned Polytope Approx. (FullNet),305.381750917757,451.8849358070202,146.5031848892632,0.12065424054440267,0.0,0.0,False
22,1,cube,Inner Approx. (Cube),305.381750917757,488.4290116766124,183.04726075885537,0.15075049902353022,0.0,0.0,False
22,1,power_energy,Outer Approx. (Power-Energy),305.381750917757,97.51005517354584,-207.8716957442112,-0.17119492384860113,3939.667631864765,0.5339560445897464,True
22,2,fullnet,Learned Polytope Approx. (FullNet),341.9833150504743,472.78420691966176,130.80089186918747,0.11170042293044638,0.0,0.0,False
22,2,cube,Inner Approx. (Cube),341.9833150504743,443.1971887138965,101.21387366342219,0.08643390983862455,0.0,0.0,False
22,2,power_energy,Outer Approx. (Power-Energy),341.9833150504743,164.1759424573035,-177.80737259317078,-0.15184268574155874,4247.768341993718,0.5609781901662724,True
22,3,fullnet,Learned Polytope Approx. (FullNet),321.7461240657109,430.66404152249163,108.91791745678074,0.09701273360911766,0.0,0.0,False
22,3,cube,Inner Approx. (Cube),321.7461240657109,428.9861542524647,107.24003018675381,0.09551824643424267,0.0,0.0,False
22,3,power_energy,Outer Approx. (Power-Energy),321.7461240657109,169.73773900893633,-152.00838505677456,-0.13539323290602437,4328.995836570722,0.5559242441672541,True
22,4,fullnet,Learned Polytope Approx. (FullNet),326.9891381219868,428.47430279867365,101.48516467668685,0.09236907227068533,0.0,0.0,False
22,4,cube,Inner Approx. (Cube),326.9891381219868,383.64881860313915,56.65968048115235,0.05157012000592203,0.0,0.0,False
22,4,power_energy,Outer Approx. (Power-Energy),326.9891381219868,162.91727123529034,-164.07186688669645,-0.14933380832878493,4723.221566771019,0.7692144524464903,True
22,5,fullnet,Learned Polytope Approx. (FullNet),300.70503303282203,400.98839828724095,100.28336525441892,0.08806801527809843,0.0,0.0,False
22,5,cube,Inner Approx. (Cube),300.70503303282203,405.247304810914,104.54227177809196,0.09180815147958377,0.0,0.0,False
22,5,power_energy,Outer Approx. (Power-Energy),300.70503303282203,124.94242183095395,-175.76261120186808,-0.15435325977916878,4752.617990233397,0.596254995340104,True
22,6,fullnet,Learned Polytope Approx. (FullNet),315.7427091147319,412.8306096985816,97.08790058384972,0.08425592858174306,0.0,0.0,False
22,6,cube,Inner Approx. (Cube),315.7427091147319,415.1765030140557,99.4337938993238,0.0862917684594245,0.0,0.0,False
22,6,power_energy,Outer Approx. (Power-Energy),315.7427091147319,148.24354671372424,-167.49916240100765,-0.14536103242414436,3939.736065206325,0.4698382275509308,True
22,7,fullnet,Learned Polytope Approx. (FullNet),303.51935131302116,406.3485643607885,102.82921304776733,0.09598478256949404,0.0,0.0,False
22,7,cube,Inner Approx. (Cube),303.51935131302116,380.405658464848,76.88630715182683,0.07176866627493526,0.0,0.0,False
22,7,power_energy,Outer Approx. (Power-Energy),303.51935131302116,139.60069143680076,-163.9186598762204,-0.15300804568049234,4731.23510473821,0.7368197549622605,True
22,8,fullnet,Learned Polytope Approx. (FullNet),324.8687060086705,434.94090247342535,110.07219646475488,0.10001277807499563,0.0,0.0,False
22,8,cube,Inner Approx. (Cube),324.8687060086705,392.4683662792891,67.59966027061864,0.06142177623170534,0.0,0.0,False
22,8,power_energy,Outer Approx. (Power-Energy),324.8687060086705,169.9393212657174,-154.92938474295306,-0.14077050037385283,5350.093134193911,0.8202374120347716,True
22,9,fullnet,Learned Polytope Approx. (FullNet),332.6978779966824,405.5319914142809,72.83411341759853,0.05865177797581819,0.0,0.0,False
22,9,cube,Inner Approx. (Cube),332.6978779966824,425.99931945128753,93.30144145460514,0.07513368629399775,0.0,0.0,False
22,9,power_energy,Outer Approx. (Power-Energy),332.6978779966824,151.76382607084346,-180.93405192583893,-0.14570238235721172,3172.5362222974804,0.34508105849693277,True
23,0,fullnet,Learned Polytope Approx. (FullNet),205.4423446054716,315.7280933844739,110.28574877900229,0.09409689618300864,0.0,0.0,False
23,0,cube,Inner Approx. (Cube),205.4423446054716,419.53677804635123,214.09443344087964,0.18266749693304077,0.0,0.0,False
23,0,power_energy,Outer Approx. (Power-Energy),205.4423446054716,61.13391150611325,-144.30843309935835,-0.12312538834816636,3560.788543723706,0.5295931903822709,True
23,1,fullnet,Learned Polytope Approx. (FullNet),212.05152474347165,330.4574531594935,118.40592841602188,0.10140395285407725,5.4377678068211885,0.0006854904751310433,True
23,1,cube,Inner Approx. (Cube),212.05152474347165,406.15702819907494,194.1055034556033,0.16623378224755803,0.0,0.0,False
23,1,power_energy,Outer Approx. (Power-Energy),212.05152474347165,52.82540186838447,-159.22612287508719,-0.136362752044247,3487.424799633592,0.5186818602614317,True
23,2,fullnet,Learned Polytope Approx. (FullNet),253.63016935888334,370.86833641112725,117.23816705224391,0.1039436060626494,0.0,0.0,False
23,2,cube,Inner Approx. (Cube),253.63016935888334,364.04586106814526,110.41569170926192,0.09789478504084816,0.0,0.0,False
23,2,power_energy,Outer Approx. (Power-Energy),253.63016935888334,112.92537249542787,-140.70479686345547,-0.12474916952414257,3452.1656125305126,0.5451092026496466,True
23,3,fullnet,Learned Polytope Approx. (FullNet),239.9885738868258,327.485429994215,87.49685610738919,0.08044409505238824,13.492063797264763,0.0017336766384975278,True
23,3,cube,Inner Approx. (Cube),239.9885738868258,351.870624042535,111.88205015570918,0.10286369908349036,0.0,0.0,False
23,3,power_energy,Outer Approx. (Power-Energy),239.9885738868258,120.33366431407913,-119.65490957274667,-0.11001002032965693,3449.286427855285,0.5354444519820815,True
23,4,fullnet,Learned Polytope Approx. (FullNet),243.17669396447758,335.155334023454,91.9786400589764,0.08673427602470915,13.492063797264763,0.0017336766384975278,True
23,4,cube,Inner Approx. (Cube),243.17669396447758,306.0577712613465,62.88107729686891,0.0592957746657338,0.0,0.0,False
23,4,power_energy,Outer Approx. (Power-Energy),243.17669396447758,116.62182041743013,-126.55487354704745,-0.11933906967382414,3630.421981313266,0.6502642045060548,True
23,5,fullnet,Learned Polytope Approx. (FullNet),215.43480821470035,296.89300031521327,81.45819210051292,0.07415374081683618,13.492063797264763,0.0017336766384975278,True
23,5,cube,Inner Approx. (Cube),215.43480821470035,329.25109301700775,113.8162848023074,0.10361024553001796,0.0,0.0,False
23,5,power_energy,Outer Approx. (Power-Energy),215.43480821470035,85.67262658660053,-129.76218162809982,-0.11812625515189586,3593.0287500593267,0.5473594359959646,True
23,6,fullnet,Learned Polytope Approx. (FullNet),233.54498191091295,308.8418948853074,75.29691297439444,0.06783043080634667,19.354923705130176,0.002447207132232428,True
23,6,cube,Inner Approx. (Cube),233.54498191091295,341.73509286505475,108.1901109541418,0.09746192167933167,0.0,0.0,False
23,6,power_energy,Outer Approx. (Power-Energy),233.54498191091295,99.98893222626492,-133.55604968464803,-0.12031256035668003,3380.4425362371153,0.4643721758911536,True
23,7,fullnet,Learned Polytope Approx. (FullNet),222.5161314171158,318.39127058712074,95.87513917000496,0.09284388206076427,0.0,0.0,False
23,7,cube,Inner Approx. (Cube),222.5161314171158,299.0937326461817,76.57760122906592,0.0741564689090116,0.0,0.0,False
23,7,power_energy,Outer Approx. (Power-Energy),222.5161314171158,98.91151622607838,-123.60461519103741,-0.11969664309549326,3630.421981313266,0.6502642045060548,True
23,8,fullnet,Learned Polytope Approx. (FullNet),244.3420325298943,345.3475287027478,101.0054961728535,0.09533103240109363,2.894414192490302,0.0003791051144818948,True
23,8,cube,Inner Approx. (Cube),244.3420325298943,306.6340953871057,62.29206285721136,0.0587925101858743,0.0,0.0,False
23,8,power_energy,Outer Approx. (Power-Energy),244.3420325298943,125.14769884819151,-119.1943336817028,-0.11249802552122012,3726.7171768537996,0.7226788624937476,True
23,9,fullnet,Learned Polytope Approx. (FullNet),244.00330547820639,301.9504054496225,57.94709997141612,0.04873305858346561,376.5205441858383,0.04322573199246094,True
23,9,cube,Inner Approx. (Cube),244.00330547820639,352.98640299773695,108.98309751953056,0.09165393399577638,0.0,0.0,False
23,9,power_energy,Outer Approx. (Power-Energy),244.00330547820639,92.5986895239577,-151.4046159542487,-0.12733009974174897,2738.936279290179,0.33388478587660286,True
24,0,fullnet,Learned Polytope Approx. (FullNet),295.3319298218516,445.2293562877751,149.8974264659235,0.12136809582559155,0.0,0.0,False
24,0,cube,Inner Approx. (Cube),295.3319298218516,491.1430627635223,195.81113294167073,0.1585432445832213,0.0,0.0,False
24,0,power_energy,Outer Approx. (Power-Energy),295.3319298218516,104.7971800409776,-190.534749780874,-0.15427109267127573,3924.0686619227613,0.5262710720970829,True
24,1,fullnet,Learned Polytope Approx. (FullNet),306.57688749440877,458.5084482845515,151.93156079014273,0.12329492271280926,0.0,0.0,False
24,1,cube,Inner Approx. (Cube),306.57688749440877,484.56404666156925,177.98715916716048,0.14443946286906909,0.0,0.0,False
24,1,power_energy,Outer Approx. (Power-Energy),306.57688749440877,99.49977409218715,-207.0771134022216,-0.16804643195750696,3924.0686619227617,0.5262710720970829,True
24,2,fullnet,Learned Polytope Approx. (FullNet),344.83718653211616,477.1634223943084,132.32623586219222,0.11119823640089911,0.0,0.0,False
24,2,cube,Inner Approx. (Cube),344.83718653211616,443.3167438995478,98.47955736743165,0.08275572133861613,0.0,0.0,False
24,2,power_energy,Outer Approx. (Power-Energy),344.83718653211616,167.2962964642453,-177.54089006787086,-0.14919364807711444,4210.731389632247,0.5505728517630487,True
24,3,fullnet,Learned Polytope Approx. (FullNet),324.3005449207212,435.3483231125888,111.04777819186756,0.09712268765792341,0.0,0.0,False
24,3,cube,Inner Approx. (Cube),324.3005449207212,428.2575676978861,103.95702277716487,0.09092109376190673,0.0,0.0,False
24,3,power_energy,Outer Approx. (Power-Energy),324.3005449207212,172.6612721168122,-151.63927280390902,-0.13262411881633893,4319.9681120995965,0.5491493046928049,True
24,4,fullnet,Learned Polytope Approx. (FullNet),329.2246968146736,433.11163582712896,103.88693901245534,0.09284611244991815,0.0,0.0,False
24,4,cube,Inner Approx. (Cube),329.2246968146736,387.5143280236673,58.28963120899368,0.052094764802393764,0.0,0.0,False
24,4,power_energy,Outer Approx. (Power-Energy),329.2246968146736,165.5024409644663,-163.72225585020732,-0.14632229153849768,4706.585221018853,0.7570579016763652,True
24,5,fullnet,Learned Polytope Approx. (FullNet),302.66246561623075,405.6530460078595,102.99058039162873,0.08875029473319553,0.0,0.0,False
24,5,cube,Inner Approx. (Cube),302.66246561623075,409.0072617494052,106.34479613317444,0.09164073029078659,0.0,0.0,False
24,5,power_energy,Outer Approx. (Power-Energy),302.66246561623075,127.30443748099039,-175.35802813524037,-0.1511116513923401,4727.920912950214,0.5870482489180281,True
24,6,fullnet,Learned Polytope Approx. (FullNet),318.232343241785,417.46347030267054,99.23112706088557,0.0845513065462712,0.0,0.0,False
24,6,cube,Inner Approx. (Cube),318.232343241785,418.90062155237007,100.6682783105851,0.08577585190281183,0.0,0.0,False
24,6,power_energy,Outer Approx. (Power-Energy),318.232343241785,151.18893171331732,-167.04341152846766,-0.14233173715755995,3923.767161528319,0.46679937894402607,True
24,7,fullnet,Learned Polytope Approx. (FullNet),305.4529609525272,412.7139553407167,107.26099438818954,0.09846123276194604,0.0,0.0,False
24,7,cube,Inner Approx. (Cube),305.4529609525272,382.25197890715197,76.79901795462479,0.0704983766545409,0.0,0.0,False
24,7,power_energy,Outer Approx. (Power-Energy),305.4529609525272,141.82852304629782,-163.62443790622936,-0.1502005827758928,4714.598563506776,0.7255712101153048,True
24,8,fullnet,Learned Polytope Approx. (FullNet),327.19344637351537,441.6165965145439,114.42315014102854,0.10225517540879107,0.0,0.0,False
24,8,cube,Inner Approx. (Cube),327.19344637351537,393.71143518827705,66.51798881476168,0.05944433976612346,0.0,0.0,False
24,8,power_energy,Outer Approx. (Power-Energy),327.19344637351537,172.6289274300742,-154.56451894344116,-0.13812783494473818,5315.470887859551,0.8083715150463566,True
24,9,fullnet,Learned Polytope Approx. (FullNet),335.54403108758765,411.10863725160516,75.5646061640175,0.05996488298691983,0.0,0.0,False
24,9,cube,Inner Approx. (Cube),335.54403108758765,432.4296197119794,96.88558862439174,0.07688431502402233,0.0,0.0,False
24,9,power_energy,Outer Approx. (Power-Energy),335.54403108758765,155.0415066927106,-180.50252439487704,-0.14323918701685165,3176.2895025992557,0.34222425273215545,True
25,0,fullnet,Learned Polytope Approx. (FullNet),294.7189147178877,440.70492979057343,145.98601507268575,0.12376768607597644,0.0,0.0,False
25,0,cube,Inner Approx. (Cube),294.7189147178877,488.00423266678536,193.28531794889767,0.1638682756227271,0.0,0.0,False
25,0,power_energy,Outer Approx. (Power-Energy),294.7189147178877,117.67707920498822,-177.04183551289947,-0.15009696859774746,3616.1123644672375,0.49754175726859096,True
25,1,fullnet,Learned Polytope Approx. (FullNet),305.6222913623283,453.0983264035844,147.47603504125607,0.12535484248279938,0.0,0.0,False
25,1,cube,Inner Approx. (Cube),305.6222913623283,482.53888749747694,176.9165961351486,0.15037936187334117,0.0,0.0,False
25,1,power_energy,Outer Approx. (Power-Energy),305.6222913623283,113.62925317701956,-191.99303818530876,-0.1631943593600188,3616.1123644672375,0.4975417572685909,True
25,2,fullnet,Learned Polytope Approx. (FullNet),345.9820923173918,472.31911235201426,126.33702003462247,0.11086363510631955,0.0,0.0,False
25,2,cube,Inner Approx. (Cube),345.9820923173918,443.4772824337906,97.49519011639882,0.08555426729808564,0.0,0.0,False
25,2,power_energy,Outer Approx. (Power-Energy),345.9820923173918,181.1320609372498,-164.85003138014198,-0.14465968661588594,3932.604406082422,0.5356055707315058,True
25,3,fullnet,Learned Polytope Approx. (FullNet),325.7862572282029,429.660831895532,103.87457466732911,0.09476081259696044,0.0,0.0,False
25,3,cube,Inner Approx. (Cube),325.7862572282029,427.58621898714426,101.79996175894138,0.0928682223682873,0.0,0.0,False
25,3,power_energy,Outer Approx. (Power-Energy),325.7862572282029,184.72192875322696,-141.06432847497592,-0.12868760654417968,4114.3293101305835,0.536282814357474,True
25,4,fullnet,Learned Polytope Approx. (FullNet),332.7712177361342,430.3694946360756,97.59827689994142,0.0907411372901028,0.0,0.0,False
25,4,cube,Inner Approx. (Cube),332.7712177361342,390.7417318701639,57.97051413402971,0.053897574310730396,0.0,0.0,False
25,4,power_energy,Outer Approx. (Power-Energy),332.7712177361342,180.28717170870559,-152.4840460274286,-0.14177069713341997,4875.949634024317,0.7944127151832108,True
25,5,fullnet,Learned Polytope Approx. (FullNet),306.98280597009847,402.97238983485323,95.98958386475476,0.08616447965170776,0.0,0.0,False
25,5,cube,Inner Approx. (Cube),306.98280597009847,411.53672521005853,104.55391923996007,0.09385220441783454,0.0,0.0,False
25,5,power_energy,Outer Approx. (Power-Energy),306.98280597009847,143.63081241602754,-163.35199355407093,-0.14663194648793262,4452.594725800798,0.5632678177494396,True
25,6,fullnet,Learned Polytope Approx. (FullNet),321.65260750617557,413.2271920470845,91.57458454090892,0.08135197716278833,0.0,0.0,False
25,6,cube,Inner Approx. (Cube),321.65260750617557,419.78465039799755,98.13204289182198,0.0871774166631019,0.0,0.0,False
25,6,power_energy,Outer Approx. (Power-Energy),321.65260750617557,167.0983860019758,-154.55422150419977,-0.13730110337115808,3669.1978573787364,0.4616847427277127,True
25,7,fullnet,Learned Polytope Approx. (FullNet),310.01611980088796,410.8899079708121,100.87378816992413,0.09643346164571975,0.0,0.0,False
25,7,cube,Inner Approx. (Cube),310.01611980088796,384.9010671188587,74.88494731797073,0.07158861410919397,0.0,0.0,False
25,7,power_energy,Outer Approx. (Power-Energy),310.01611980088796,157.11873918649624,-152.89738061439172,-0.1461670465311727,4883.961698826131,0.7609074906735378,True
25,8,fullnet,Learned Polytope Approx. (FullNet),330.91466083088176,440.26063873859624,109.34597790771448,0.1018716398741325,0.0,0.0,False
25,8,cube,Inner Approx. (Cube),330.91466083088176,397.21921928747486,66.3045584565931,0.061772314175141486,0.0,0.0,False
25,8,power_energy,Outer Approx. (Power-Energy),330.91466083088176,188.58209078264716,-142.3325700482346,-0.1326034354052864,4944.6948458268635,0.8233956502337868,True
25,9,fullnet,Learned Polytope Approx. (FullNet),338.3577307347932,404.84947158070156,66.49174084590834,0.05506281469009039,35.53534481418353,0.0041521239618864565,True
25,9,cube,Inner Approx. (Cube),338.3577307347932,432.5930601405923,94.23532940579906,0.07803769933405863,0.0,0.0,False
25,9,power_energy,Outer Approx. (Power-Energy),338.3577307347932,171.7193364104203,-166.6383943243729,-0.13799577075596733,2947.312417698172,0.3289486160529325,True
26,0,fullnet,Learned Polytope Approx. (FullNet),197.67601082865113,318.6854670640676,121.00945623541648,0.10407449557290453,0.0,0.0,False
26,0,cube,Inner Approx. (Cube),197.67601082865113,394.56429710455336,196.88828627590223,0.16933427945097174,0.0,0.0,False
26,0,power_energy,Outer Approx. (Power-Energy),197.67601082865113,52.469172469435264,-145.20683835921585,-0.1248855166043517,3633.6567863521113,0.5408891365923999,True
26,1,fullnet,Learned Polytope Approx. (FullNet),204.06975889039575,334.8472889423643,130.77753005196854,0.11295080119027028,0.0,0.0,False
26,1,cube,Inner Approx. (Cube),204.06975889039575,385.52036554961893,181.45060665922318,0.15671645878673135,0.0,0.0,False
26,1,power_energy,Outer Approx. (Power-Energy),204.06975889039575,43.611144117759196,-160.45861477263657,-0.1385859565419849,3557.729937897412,0.5295870214176551,True
26,2,fullnet,Learned Polytope Approx. (FullNet),244.0035499095813,370.44504723948916,126.44149732990786,0.11280629404139716,0.0,0.0,False
26,2,cube,Inner Approx. (Cube),244.0035499095813,347.10166668240424,103.09811677282295,0.09198021789827725,0.0,0.0,False
26,2,power_energy,Outer Approx. (Power-Energy),244.0035499095813,102.62167365810585,-141.38187625147543,-0.12613553177826786,3478.5782065510384,0.5422083909588222,True
26,3,fullnet,Learned Polytope Approx. (FullNet),231.0419515162584,328.74798082740335,97.70602931114496,0.09025801270784217,0.0,0.0,False
26,3,cube,Inner Approx. (Cube),231.0419515162584,334.73952127479896,103.69756975854057,0.09579282501833383,0.0,0.0,False
26,3,power_energy,Outer Approx. (Power-Energy),231.0419515162584,111.12294271923669,-119.9190087970217,-0.11077772268736347,3475.3510906228735,0.5380898780626362,True
26,4,fullnet,Learned Polytope Approx. (FullNet),233.17505121861902,334.6827605655381,101.50770934691909,0.0963497473524762,0.0,0.0,False
26,4,cube,Inner Approx. (Cube),233.17505121861902,294.37662559920216,61.20157438058314,0.05809170817745324,0.0,0.0,False
26,4,power_energy,Outer Approx. (Power-Energy),233.17505121861902,106.2408934517667,-126.93415776685232,-0.12048418893423465,3614.462053076176,0.6573980883843404,True
26,5,fullnet,Learned Polytope Approx. (FullNet),205.01792238775852,296.97925182353896,91.96132943578044,0.0842785468976483,0.0,0.0,False
26,5,cube,Inner Approx. (Cube),205.01792238775852,316.3178172143837,111.29989482662518,0.10200149849290234,0.0,0.0,False
26,5,power_energy,Outer Approx. (Power-Energy),205.01792238775852,75.44343840030142,-129.57448398745709,-0.11874936228604126,3578.9557388140147,0.5521754685461028,True
26,6,fullnet,Learned Polytope Approx. (FullNet),222.75722119360705,308.20974014507726,85.45251895147021,0.07748225646276226,0.0,0.0,False
26,6,cube,Inner Approx. (Cube),222.75722119360705,328.19192279560644,105.4347016019994,0.09560067613969822,0.0,0.0,False
26,6,power_energy,Outer Approx. (Power-Energy),222.75722119360705,89.35303545226516,-133.4041857413419,-0.12096141178338883,3261.330500560193,0.4509870437478964,True
26,7,fullnet,Learned Polytope Approx. (FullNet),212.71955931551287,317.902826786162,105.18326747064913,0.10248972013007424,0.0,0.0,False
26,7,cube,Inner Approx. (Cube),212.71955931551287,282.46904674354516,69.7494874280323,0.06796333311959475,0.0,0.0,False
26,7,power_energy,Outer Approx. (Power-Energy),212.71955931551287,88.09169015956606,-124.62786915594681,-0.12143638182531992,3614.462053076176,0.6573980883843404,True
26,8,fullnet,Learned Polytope Approx. (FullNet),234.28670316057574,345.13319219796796,110.84648903739222,0.10526818867777712,0.0,0.0,False
26,8,cube,Inner Approx. (Cube),234.28670316057574,291.3873160713906,57.100612910814874,0.054227049911203834,0.0,0.0,False
26,8,power_energy,Outer Approx. (Power-Energy),234.28670316057574,113.45712974957499,-120.82957341100075,-0.1147488787614539,3704.7522138582976,0.7233534392433588,True
26,9,fullnet,Learned Polytope Approx. (FullNet),232.08955918532928,302.9617773535826,70.87221816825331,0.06015756913727209,297.55458677775175,0.034298794503317555,True
26,9,cube,Inner Approx. (Cube),232.08955918532928,343.05199958797647,110.96244040264719,0.09418684574420168,0.0,0.0,False
26,9,power_energy,Outer Approx. (Power-Energy),232.08955918532928,81.70255053104549,-150.3870086542838,-0.12765110369467897,2743.6148567593164,0.3323323711902231,True
27,0,fullnet,Learned Polytope Approx. (FullNet),182.63372294755231,318.32122717325296,135.68750422570065,0.11685018604033803,0.0,0.0,False
27,0,cube,Inner Approx. (Cube),182.63372294755231,384.3117451448858,201.67802219733346,0.17367932698361305,0.0,0.0,False
27,0,power_energy,Outer Approx. (Power-Energy),182.63372294755231,39.71935493158871,-142.9143680159636,-0.12307375381247233,3634.7823311519014,0.5483843382299849,True
27,1,fullnet,Learned Polytope Approx. (FullNet),187.59493490633898,334.2204137836088,146.62547887726984,0.12664503901393442,0.0,0.0,False
27,1,cube,Inner Approx. (Cube),187.59493490633898,372.2758480687478,184.6809131624088,0.1595147148481579,0.0,0.0,False
27,1,power_energy,Outer Approx. (Power-Energy),187.59493490633898,29.981488653014843,-157.61344625332413,-0.1361356921233372,3442.279684029599,0.5193412134615674,True
27,2,fullnet,Learned Polytope Approx. (FullNet),228.98652616701997,365.01937338900615,136.03284722198617,0.12085538652465035,0.0,0.0,False
27,2,cube,Inner Approx. (Cube),228.98652616701997,334.1276987316719,105.14117256465192,0.09341035867035968,0.0,0.0,False
27,2,power_energy,Outer Approx. (Power-Energy),228.98652616701997,88.02911280672203,-140.95741336029795,-0.12523050882978493,3569.870941758339,0.535759826933784,True
27,3,fullnet,Learned Polytope Approx. (FullNet),217.49993234452893,323.76794296178423,106.2680106172553,0.0978514262360059,0.0,0.0,False
27,3,cube,Inner Approx. (Cube),217.49993234452893,323.93569761137854,106.43576526684961,0.09800589446802774,0.0,0.0,False
27,3,power_energy,Outer Approx. (Power-Energy),217.49993234452893,97.74581938629692,-119.75411295823201,-0.11026940922791705,3563.9312539668476,0.5607977112647285,True
27,4,fullnet,Learned Polytope Approx. (FullNet),219.666638184082,329.2873464912818,109.62070830719983,0.10301989786465672,0.0,0.0,False
27,4,cube,Inner Approx. (Cube),219.666638184082,282.31345638449295,62.64681820041096,0.05887454033288862,0.0,0.0,False
27,4,power_energy,Outer Approx. (Power-Energy),219.666638184082,92.69073092125629,-126.9759072628257,-0.11933005359562406,3818.4052701315286,0.713312858915296,True
27,5,fullnet,Learned Polytope Approx. (FullNet),191.04195093245522,291.8392780109468,100.7973270784916,0.09147736751120213,0.0,0.0,False
27,5,cube,Inner Approx. (Cube),191.04195093245522,303.6391691318992,112.597218199444,0.10218621275491556,0.0,0.0,False
27,5,power_energy,Outer Approx. (Power-Energy),191.04195093245522,61.65592438592331,-129.38602654653192,-0.11742268812341183,3721.721274174747,0.5834031589564845,True
27,6,fullnet,Learned Polytope Approx. (FullNet),207.54162566850704,302.02013461929266,94.47850895078562,0.08489319279924831,0.0,0.0,False
27,6,cube,Inner Approx. (Cube),207.54162566850704,314.5184665687657,106.97684090025865,0.0961235066096442,0.0,0.0,False
27,6,power_energy,Outer Approx. (Power-Energy),207.54162566850704,74.48219921108061,-133.0594264574264,-0.11955988371801854,3159.1344306124406,0.4407100215063531,True
27,7,fullnet,Learned Polytope Approx. (FullNet),200.55051547324268,313.2977294193644,112.74721394612169,0.10900941821604482,0.0,0.0,False
27,7,cube,Inner Approx. (Cube),200.55051547324268,272.7184287629723,72.1679132897296,0.06977540256860602,0.0,0.0,False
27,7,power_energy,Outer Approx. (Power-Energy),200.55051547324268,75.85182895676905,-124.69868651647363,-0.12056467555785072,3818.4052701315286,0.713312858915296,True
27,8,fullnet,Learned Polytope Approx. (FullNet),220.94647014761432,339.80761647643294,118.86114632881862,0.11200960990132988,0.0,0.0,False
27,8,cube,Inner Approx. (Cube),220.94647014761432,280.4352810319625,59.4888108843482,0.05605968566226309,0.0,0.0,False
27,8,power_energy,Outer Approx. (Power-Energy),220.94647014761432,99.87525285395144,-121.07121729366288,-0.11409228531101875,3943.526864277682,0.7970297999724932,True
27,9,fullnet,Learned Polytope Approx. (FullNet),213.41885185397015,291.0778748735738,77.65902301960367,0.0653031051430032,243.73521138895683,0.028007279369608718,True
27,9,cube,Inner Approx. (Cube),213.41885185397015,322.07139854432853,108.65254669035838,0.09136541260356108,0.0,0.0,False
27,9,power_energy,Outer Approx. (Power-Energy),213.41885185397015,63.51659926743582,-149.90225258653433,-0.12605209518745028,2751.632748382639,0.3337237417194131,True
28,0,fullnet,Learned Polytope Approx. (FullNet),294.8298921704741,435.98355379853206,141.15366162805793,0.11937902547733417,0.0,0.0,False
28,0,cube,Inner Approx. (Cube),294.8298921704741,480.16305182183146,185.33315965135733,0.15674330890624474,0.0,0.0,False
28,0,power_energy,Outer Approx. (Power-Energy),294.8298921704741,101.6695811073203,-193.1603110631538,-0.16336302884143108,3922.4509561237946,0.5363788834165787,True
28,1,fullnet,Learned Polytope Approx. (FullNet),306.2548574672737,449.2890300026916,143.0341725354179,0.12109170860235668,0.0,0.0,False
28,1,cube,Inner Approx. (Cube),306.2548574672737,475.0128983857784,168.75804091850466,0.14286935179876697,0.0,0.0,False
28,1,power_energy,Outer Approx. (Power-Energy),306.2548574672737,96.43524426371832,-209.8196132035554,-0.17763178554280643,3922.4509561237937,0.5363788834165787,True
28,2,fullnet,Learned Polytope Approx. (FullNet),343.96623910613573,465.1408682188264,121.1746291126907,0.10583676504946027,0.0,0.0,False
28,2,cube,Inner Approx. (Cube),343.96623910613573,437.8868674227363,93.92062831660058,0.0820324810996322,0.0,0.0,False
28,2,power_energy,Outer Approx. (Power-Energy),343.96623910613573,163.06865579363082,-180.8975833125049,-0.15800019495215945,4247.498285833043,0.5667062636812749,True
28,3,fullnet,Learned Polytope Approx. (FullNet),323.0478524224129,425.246733487734,102.19888106532107,0.09288297728728233,0.0,0.0,False
28,3,cube,Inner Approx. (Cube),323.0478524224129,424.42983038920056,101.38197796678764,0.09214053870912907,0.0,0.0,False
28,3,power_energy,Outer Approx. (Power-Energy),323.0478524224129,168.52711736965864,-154.52073505275428,-0.14043545070856256,4349.337779647082,0.5637087940262228,True
28,4,fullnet,Learned Polytope Approx. (FullNet),328.87361076125933,423.15651338086013,94.2829026196008,0.08724001935634648,0.0,0.0,False
28,4,cube,Inner Approx. (Cube),328.87361076125933,387.86558097552415,58.991970214264825,0.054585301050029005,0.0,0.0,False
28,4,power_energy,Outer Approx. (Power-Energy),328.87361076125933,162.20467357853744,-166.6689371827219,-0.15421885518933462,4806.61553024409,0.7911852410508791,True
28,5,fullnet,Learned Polytope Approx. (FullNet),303.1359498279386,397.583446669921,94.4474968419824,0.08440728217445732,0.0,0.0,False
28,5,cube,Inner Approx. (Cube),303.1359498279386,411.0181596483145,107.88220982037592,0.09641382175694461,0.0,0.0,False
28,5,power_energy,Outer Approx. (Power-Energy),303.1359498279386,124.55998517620976,-178.57596465172884,-0.15959249680436546,4727.07571210587,0.5983249316883255,True
28,6,fullnet,Learned Polytope Approx. (FullNet),318.0345414127274,406.6090080654531,88.57446665272573,0.07831050202516641,0.0,0.0,False
28,6,cube,Inner Approx. (Cube),318.0345414127274,417.59260796137596,99.55806654864858,0.08802132789178556,0.0,0.0,False
28,6,power_energy,Outer Approx. (Power-Energy),318.0345414127274,147.57632294486854,-170.45821846785884,-0.15070560588154255,3983.816143920636,0.48545405107857753,True
28,7,fullnet,Learned Polytope Approx. (FullNet),305.39349973843593,404.03412390127755,98.64062416284162,0.09384130849215137,0.0,0.0,False
28,7,cube,Inner Approx. (Cube),305.39349973843593,379.49292658893114,74.0994268504952,0.07049415221348908,0.0,0.0,False
28,7,power_energy,Outer Approx. (Power-Energy),305.39349973843593,139.16765624630264,-166.2258434921333,-0.15813819905236887,4814.629807417368,0.7574855766813062,True
28,8,fullnet,Learned Polytope Approx. (FullNet),326.68975657051465,431.6387435010684,104.94898693055376,0.09720404283664168,0.0,0.0,False
28,8,cube,Inner Approx. (Cube),326.68975657051465,391.48302370811336,64.79326713759872,0.060011703767437995,0.0,0.0,False
28,8,power_energy,Outer Approx. (Power-Energy),326.68975657051465,169.38666486433866,-157.303091706176,-0.14569455991663116,5169.170818248063,0.834522646121996,True
28,9,fullnet,Learned Polytope Approx. (FullNet),335.7352387219763,398.4336722787929,62.69843355681661,0.05161642080466617,0.0,0.0,False
28,9,cube,Inner Approx. (Cube),335.7352387219763,431.10309359286276,95.36785487088645,0.07851148823029606,0.0,0.0,False
28,9,power_energy,Outer Approx. (Power-Energy),335.7352387219763,150.42973619680254,-185.30550252517378,-0.15255256396624295,3246.440246916808,0.35647927139128704,True
29,0,fullnet,Learned Polytope Approx. (FullNet),193.46640428188294,322.4051367451731,128.93873246329014,0.109775017578035,0.0,0.0,False
29,0,cube,Inner Approx. (Cube),193.46640428188294,394.6095091913637,201.14310490948077,0.17124790553858807,0.0,0.0,False
29,0,power_energy,Outer Approx. (Power-Energy),193.46640428188294,51.2588404183282,-142.20756386355475,-0.12107174876483127,3580.058710090059,0.5328215546800531,True
29,1,fullnet,Learned Polytope Approx. (FullNet),198.48827122237992,337.2760486294368,138.78777740705686,0.11810969056715061,5.213192226817514,0.0006355837500641383,True
29,1,cube,Inner Approx. (Cube),198.48827122237992,386.21413023912106,187.72585901674114,0.15975645358805535,0.0,0.0,False
29,1,power_energy,Outer Approx. (Power-Energy),198.48827122237992,41.95682695625962,-156.5314442661203,-0.13320971624235123,3386.3284962258836,0.5039886102792579,True
29,2,fullnet,Learned Polytope Approx. (FullNet),244.12808435876298,371.1767253514528,127.0486409926898,0.11134084478191024,0.0,0.0,False
29,2,cube,Inner Approx. (Cube),244.12808435876298,347.6245085843583,103.49642422559532,0.0907005318210982,0.0,0.0,False
29,2,power_energy,Outer Approx. (Power-Energy),244.12808435876298,102.1130054501129,-142.01507890865008,-0.12445689095067572,3575.2743429375287,0.5404253443346726,True
29,3,fullnet,Learned Polytope Approx. (FullNet),231.93189850014807,326.7708994773551,94.83900097720704,0.08656578258972386,5.822966932823192,0.0007411350502844341,True
29,3,cube,Inner Approx. (Cube),231.93189850014807,332.8052935178123,100.87339501766422,0.0920737702022514,0.0,0.0,False
29,3,power_energy,Outer Approx. (Power-Energy),231.93189850014807,110.53935568404785,-121.39254281610022,-0.11080294352697584,3569.334655146036,0.5558608428551866,True
29,4,fullnet,Learned Polytope Approx. (FullNet),234.95971821687894,333.95843232287535,98.99871410599641,0.09148077691791874,12.471560435317372,0.0015600570497827522,True
29,4,cube,Inner Approx. (Cube),234.95971821687894,297.3470819459075,62.38736372902858,0.05764968318357811,0.0,0.0,False
29,4,power_energy,Outer Approx. (Power-Energy),234.95971821687894,106.30645157797807,-128.65326663890087,-0.11888337026836124,3895.426932562628,0.7052206866543169,True
29,5,fullnet,Learned Polytope Approx. (FullNet),206.75353197493212,295.6400264873306,88.88649451239849,0.07937252526994731,5.822966932823192,0.0007411350502844341,True
29,5,cube,Inner Approx. (Cube),206.75353197493212,318.7600059350831,112.00647396015097,0.1000178568585547,0.0,0.0,False
29,5,power_energy,Outer Approx. (Power-Energy),206.75353197493212,74.93023326971873,-131.8232987052134,-0.11771358703079346,3778.125552731228,0.576757094760621,True
29,6,fullnet,Learned Polytope Approx. (FullNet),224.20111495430208,306.263626028792,82.06251107448989,0.07250687562559645,12.471560435317372,0.0015600570497827522,True
29,6,cube,Inner Approx. (Cube),224.20111495430208,329.0326001445383,104.83148519023624,0.09262455363369788,0.0,0.0,False
29,6,power_energy,Outer Approx. (Power-Energy),224.20111495430208,88.65799365458076,-135.54312129972132,-0.11976002329569364,3253.885330260238,0.4453269773905665,True
29,7,fullnet,Learned Polytope Approx. (FullNet),215.1036761766945,315.50184620461545,100.39817002792094,0.09558629403541764,8.217473822098555,0.001050851473770507,True
29,7,cube,Inner Approx. (Cube),215.1036761766945,287.80691604551726,72.70323986882275,0.06921872441993852,0.0,0.0,False
29,7,power_energy,Outer Approx. (Power-Energy),215.1036761766945,89.50857748014106,-125.59509869655345,-0.11957558618924424,3895.426932562628,0.7052206866543169,True
29,8,fullnet,Learned Polytope Approx. (FullNet),236.24776749706598,340.44074888503155,104.19298138796557,0.09659107102633026,10.59560064941877,0.0013779077439422596,True
29,8,cube,Inner Approx. (Cube),236.24776749706598,297.1106244187017,60.86285692163574,0.05642230846522359,0.0,0.0,False
29,8,power_energy,Outer Approx. (Power-Energy),236.24776749706598,114.7897119954854,-121.45805550158057,-0.11259648691680653,4058.2871558581155,0.7899777577685657,True
29,9,fullnet,Learned Polytope Approx. (FullNet),233.35586315518657,287.29605293166514,53.940189776478576,0.044276637260471076,429.40606874641014,0.04964294902479734,True
29,9,cube,Inner Approx. (Cube),233.35586315518657,343.921712141771,110.56584898658446,0.09075763376549655,0.0,0.0,False
29,9,power_energy,Outer Approx. (Power-Energy),233.35586315518657,79.00537229579876,-154.3504908593878,-0.12669812106847445,2790.9054504977225,0.3369417655304064,True
30,0,fullnet,Learned Polytope Approx. (FullNet),302.3455418455121,440.693079765221,138.34753791970888,0.11989004698543061,0.0,0.0,False
30,0,cube,Inner Approx. (Cube),302.3455418455121,490.1666100136524,187.8210681681403,0.16276311834765386,0.0,0.0,False
30,0,power_energy,Outer Approx. (Power-Energy),302.3455418455121,118.50863283869359,-183.83690900681853,-0.15931050158098964,3710.6414088433758,0.5013097054730516,True
30,1,fullnet,Learned Polytope Approx. (FullNet),313.93016574196326,454.72660740040624,140.79644165844297,0.12179958142996859,0.0,0.0,False
30,1,cube,Inner Approx. (Cube),313.93016574196326,487.03281352273416,173.1026477807709,0.14974689555908155,0.0,0.0,False
30,1,power_energy,Outer Approx. (Power-Energy),313.93016574196326,114.47452413140026,-199.45564161056302,-0.17254423035026764,3710.641408843376,0.5013097054730518,True
30,2,fullnet,Learned Polytope Approx. (FullNet),352.0374179843598,469.624629826487,117.5872118421272,0.10470080011030292,0.0,0.0,False
30,2,cube,Inner Approx. (Cube),352.0374179843598,448.17128250986195,96.13386452550213,0.08559853045099172,0.0,0.0,False
30,2,power_energy,Outer Approx. (Power-Energy),352.0374179843598,181.94211943532045,-170.09529854903937,-0.15145451256209574,3948.78640856739,0.5216203925015349,True
30,3,fullnet,Learned Polytope Approx. (FullNet),330.48209406751874,429.43853857380094,98.9564445062822,0.091771517785348,0.0,0.0,False
30,3,cube,Inner Approx. (Cube),330.48209406751874,432.03717762004146,101.55508355252272,0.09418147754733826,0.0,0.0,False
30,3,power_energy,Outer Approx. (Power-Energy),330.48209406751874,185.67522405813062,-144.80687000938812,-0.13429288322564464,4125.124059609415,0.5309236623069705,True
30,4,fullnet,Learned Polytope Approx. (FullNet),336.26720790861725,429.0156809166369,92.74847300801963,0.08697653411414902,0.0,0.0,False
30,4,cube,Inner Approx. (Cube),336.26720790861725,396.68704810634597,60.41984019772872,0.05665978233059205,0.0,0.0,False
30,4,power_energy,Outer Approx. (Power-Energy),336.26720790861725,180.01655383009785,-156.2506540785194,-0.14652683655118884,4777.0827175596905,0.7783104966073716,True
30,5,fullnet,Learned Polytope Approx. (FullNet),310.50708225714106,404.8984131238223,94.39133086668124,0.08569249173324378,0.0,0.0,False
30,5,cube,Inner Approx. (Cube),310.50708225714106,418.74944518085334,108.24236292371228,0.09826705169702321,0.0,0.0,False
30,5,power_energy,Outer Approx. (Power-Energy),310.50708225714106,143.48455833845765,-167.02252391868342,-0.151630198650154,4363.420178125845,0.5496690921594968,True
30,6,fullnet,Learned Polytope Approx. (FullNet),326.1419911748711,412.37664878831606,86.23465761344494,0.07748541539465904,0.0,0.0,False
30,6,cube,Inner Approx. (Cube),326.1419911748711,426.2482437999459,100.10625262507477,0.08994961866755564,0.0,0.0,False
30,6,power_energy,Outer Approx. (Power-Energy),326.1419911748711,167.60968001276774,-158.53231116210338,-0.1424478547701188,3670.515443496641,0.4643717860283682,True
30,7,fullnet,Learned Polytope Approx. (FullNet),312.1530477129809,410.7566654688687,98.6036177558878,0.09523641302306166,0.0,0.0,False
30,7,cube,Inner Approx. (Cube),312.1530477129809,386.96741998373886,74.81437227075799,0.07225954401874417,0.0,0.0,False
30,7,power_energy,Outer Approx. (Power-Energy),312.1530477129809,155.42554507811354,-156.72750263486734,-0.15137543137575132,4785.101316963842,0.7454891761742918,True
30,8,fullnet,Learned Polytope Approx. (FullNet),334.080507450664,435.01366595648597,100.93315850582195,0.09482159686535566,0.0,0.0,False
30,8,cube,Inner Approx. (Cube),334.080507450664,400.84747630676827,66.76696885610426,0.06272418993437223,0.0,0.0,False
30,8,power_energy,Outer Approx. (Power-Energy),334.080507450664,186.95383841651886,-147.12666903414515,-0.1382180633779891,4798.561173673446,0.8105945849388769,True
30,9,fullnet,Learned Polytope Approx. (FullNet),345.6561301447511,403.9150105900087,58.2588804452576,0.048715372686806764,0.0,0.0,False
30,9,cube,Inner Approx. (Cube),345.6561301447511,440.37239715505757,94.71626701030647,0.0792005993188594,0.0,0.0,False
30,9,power_energy,Outer Approx. (Power-Energy),345.6561301447511,174.5122961909034,-171.1438339538477,-0.14310840837294775,3007.1473642339165,0.33264552732075725,True
31,0,fullnet,Learned Polytope Approx. (FullNet),201.97724084047104,327.2378122991654,125.26057145869436,0.1033703441768472,0.0,0.0,False
31,0,cube,Inner Approx. (Cube),201.97724084047104,415.982772061848,214.00553122137694,0.17660645453304194,0.0,0.0,False
31,0,power_energy,Outer Approx. (Power-Energy),201.97724084047104,49.39637982860833,-152.5808610118627,-0.12591620758170488,3740.6372599471206,0.535043879305304,True
31,1,fullnet,Learned Polytope Approx. (FullNet),207.9788439376715,343.1211975020242,135.14235356435267,0.11169226881526956,0.0,0.0,False
31,1,cube,Inner Approx. (Cube),207.9788439376715,404.3510434611332,196.3721995234617,0.16229742873743838,0.0,0.0,False
31,1,power_energy,Outer Approx. (Power-Energy),207.9788439376715,39.74880459060371,-168.23003934706782,-0.13903853441925274,3611.9292336480626,0.5166340638371902,True
31,2,fullnet,Learned Polytope Approx. (FullNet),251.33876558407084,379.77462581624,128.43586023216918,0.10979998584433878,0.0,0.0,False
31,2,cube,Inner Approx. (Cube),251.33876558407084,361.58234033823123,110.24357475416039,0.09424737706085184,0.0,0.0,False
31,2,power_energy,Outer Approx. (Power-Energy),251.33876558407084,101.08861157092875,-150.2501540131421,-0.12844905429006206,3651.7174926310176,0.5475682598197279,True
31,3,fullnet,Learned Polytope Approx. (FullNet),237.74148165050698,334.75931463329135,97.01783298278437,0.0864613301520997,0.0,0.0,False
31,3,cube,Inner Approx. (Cube),237.74148165050698,346.9399146386144,109.19843298810744,0.09731656002203283,0.0,0.0,False
31,3,power_energy,Outer Approx. (Power-Energy),237.74148165050698,110.16091467305226,-127.58056697745472,-0.11369853544746947,3646.9577311973276,0.543348517245206,True
31,4,fullnet,Learned Polytope Approx. (FullNet),238.67840744328328,339.1027603296229,100.42435288633965,0.09126306360242152,0.0,0.0,False
31,4,cube,Inner Approx. (Cube),238.67840744328328,305.37192714527555,66.69351970199227,0.06060935177069205,0.0,0.0,False
31,4,power_energy,Outer Approx. (Power-Energy),238.67840744328328,103.58345219727087,-135.0949552460124,-0.12277081343941834,3827.6175350403396,0.6726221648941586,True
31,5,fullnet,Learned Polytope Approx. (FullNet),209.88830235552103,300.3337715285405,90.44546917301949,0.07930559003486537,0.0,0.0,False
31,5,cube,Inner Approx. (Cube),209.88830235552103,328.5284122673152,118.64010991179418,0.10402758705753759,0.0,0.0,False
31,5,power_energy,Outer Approx. (Power-Energy),209.88830235552103,71.5350928782471,-138.35320947727394,-0.12131268720407738,3751.9947287245327,0.5569972250074378,True
31,6,fullnet,Learned Polytope Approx. (FullNet),228.95778057464562,312.90222397774954,83.94444340310392,0.07277019302203085,0.0,0.0,False
31,6,cube,Inner Approx. (Cube),228.95778057464562,339.54541400602017,110.58763343137454,0.09586677931744025,0.0,0.0,False
31,6,power_energy,Outer Approx. (Power-Energy),228.95778057464562,86.40936339843587,-142.54841717620974,-0.12357310874151557,3362.8326063202967,0.44573862699705,True
31,7,fullnet,Learned Polytope Approx. (FullNet),217.13990669969036,317.1539282639233,100.01402156423296,0.09333174153896273,2.2084246975878727,0.00026873292255441967,True
31,7,cube,Inner Approx. (Cube),217.13990669969036,296.0813579533583,78.94145125366794,0.07366710197115817,0.0,0.0,False
31,7,power_energy,Outer Approx. (Power-Energy),217.13990669969036,85.18177890024674,-131.95812779944362,-0.12314155240556283,3827.6175350403396,0.6726221648941586,True
31,8,fullnet,Learned Polytope Approx. (FullNet),239.808535504416,345.97413179166347,106.16559628724747,0.0964539931726159,0.0,0.0,False
31,8,cube,Inner Approx. (Cube),239.808535504416,304.72518866129235,64.91665315687635,0.058978337986639734,0.0,0.0,False
31,8,power_energy,Outer Approx. (Power-Energy),239.808535504416,111.0402529471228,-128.76828255729322,-0.11698907632022165,3982.953127489906,0.7556091957806668,True
31,9,fullnet,Learned Polytope Approx. (FullNet),240.5700545769423,298.4477334086467,57.87767883170437,0.04661887745412757,372.71248724740764,0.04190795575015312,True
31,9,cube,Inner Approx. (Cube),240.5700545769423,351.73588623414594,111.16583165720363,0.0895410180180638,0.0,0.0,False
31,9,power_energy,Outer Approx. (Power-Energy),240.5700545769423,78.913415075732,-161.6566395012103,-0.13020997418481087,2900.97980179731,0.33547758659796545,True
32,0,fullnet,Learned Polytope Approx. (FullNet),284.7329091264353,427.3909383786623,142.65802925222704,0.12476282787979708,0.0,0.0,False
32,0,cube,Inner Approx. (Cube),284.7329091264353,470.508240422422,185.7753312959867,0.16247144170072458,0.0,0.0,False
32,0,power_energy,Outer Approx. (Power-Energy),284.7329091264353,98.08588322372677,-186.64702590270852,-0.1632337898472134,3820.5516454251842,0.5325406297663048,True
32,1,fullnet,Learned Polytope Approx. (FullNet),295.5511473958091,441.0503053747783,145.4991579789692,0.12738717911932998,0.0,0.0,False
32,1,cube,Inner Approx. (Cube),295.5511473958091,465.0699058020038,169.5187584061947,0.14841677945859777,0.0,0.0,False
32,1,power_energy,Outer Approx. (Power-Energy),295.5511473958091,92.83209758264476,-202.71904981316433,-0.1774842429891077,3820.551645425185,0.5325406297663049,True
32,2,fullnet,Learned Polytope Approx. (FullNet),332.40108310626323,454.7427799257791,122.34169681951585,0.11034933035860688,0.0,0.0,False
32,2,cube,Inner Approx. (Cube),332.40108310626323,426.68630164855233,94.2852185422891,0.0850430474591621,0.0,0.0,False
32,2,power_energy,Outer Approx. (Power-Energy),332.40108310626323,158.42466517554112,-173.9764179307221,-0.1569226332144662,4088.379273655331,0.5558135556981486,True
32,3,fullnet,Learned Polytope Approx. (FullNet),312.65133904185393,416.65585490226,104.00451586040606,0.0974269097269925,0.0,0.0,False
32,3,cube,Inner Approx. (Cube),312.65133904185393,413.4984443488699,100.84710530701597,0.09446918476273163,0.0,0.0,False
32,3,power_energy,Outer Approx. (Power-Energy),312.65133904185393,164.02543146191,-148.62590757994394,-0.1392262899460892,4197.627860001669,0.5543606809657158,True
32,4,fullnet,Learned Polytope Approx. (FullNet),318.86104749307714,416.1145445965035,97.25349710342635,0.09266312201440327,0.0,0.0,False
32,4,cube,Inner Approx. (Cube),318.86104749307714,375.8770478511903,57.01600035811316,0.05432483926350206,0.0,0.0,False
32,4,power_energy,Outer Approx. (Power-Energy),318.86104749307714,158.46052809634568,-160.40051939673145,-0.15282959834571683,4829.317202747492,0.8129120372486027,True
32,5,fullnet,Learned Polytope Approx. (FullNet),292.9015804257822,390.4488094611962,97.54722903541403,0.08989489068312317,0.0,0.0,False
32,5,cube,Inner Approx. (Cube),292.9015804257822,396.64473263069476,103.74315220491258,0.0956047590362354,0.0,0.0,False
32,5,power_energy,Outer Approx. (Power-Energy),292.9015804257822,121.43079965278473,-171.47078077299744,-0.15801932300242258,4478.430693000443,0.5775464204082615,True
32,6,fullnet,Learned Polytope Approx. (FullNet),306.68282069171283,399.02311384406096,92.34029315234812,0.08426521319589907,0.0,0.0,False
32,6,cube,Inner Approx. (Cube),306.68282069171283,403.90264468731783,97.219823995605,0.08871803322457958,0.0,0.0,False
32,6,power_energy,Outer Approx. (Power-Energy),306.68282069171283,143.53860972811643,-163.1442109635964,-0.14887738872393436,3780.043606339361,0.47417286701278905,True
32,7,fullnet,Learned Polytope Approx. (FullNet),296.5714297763899,398.7948560412121,102.2234262648222,0.10008146687674899,0.0,0.0,False
32,7,cube,Inner Approx. (Cube),296.5714297763899,368.42112633988734,71.84969656349745,0.07034417930871771,0.0,0.0,False
32,7,power_energy,Outer Approx. (Power-Energy),296.5714297763899,136.12459472656224,-160.44683504982765,-0.15708487960400558,4837.33208898373,0.7775012977333421,True
32,8,fullnet,Learned Polytope Approx. (FullNet),316.8310755027941,423.32097589608514,106.48990039329107,0.10157138886625243,0.0,0.0,False
32,8,cube,Inner Approx. (Cube),316.8310755027941,380.2682741818134,63.43719867901933,0.060507187553143084,0.0,0.0,False
32,8,power_energy,Outer Approx. (Power-Energy),316.8310755027941,165.80027265922178,-151.0308028435723,-0.14405505451457107,4901.105789372662,0.8482904988191974,True
32,9,fullnet,Learned Polytope Approx. (FullNet),321.1249738931517,391.0559764764497,69.93100258329798,0.05950702366502823,0.0,0.0,False
32,9,cube,Inner Approx. (Cube),321.1249738931517,413.8006663922283,92.6756924990766,0.07886136939258719,0.0,0.0,False
32,9,power_energy,Outer Approx. (Power-Energy),321.1249738931517,144.85626565642357,-176.26870823672814,-0.1499939340917177,3101.294331685662,0.3466709094293347,True
33,0,fullnet,Learned Polytope Approx. (FullNet),291.96504791560085,442.6518661043508,150.68681818874995,0.1233872509704381,0.0,0.0,False
33,0,cube,Inner Approx. (Cube),291.96504791560085,488.06098262777357,196.09593471217272,0.1605697074332406,0.0,0.0,False
33,0,power_energy,Outer Approx. (Power-Energy),291.96504791560085,103.92097061417519,-188.04407730142566,-0.15397658559909597,3887.043277663507,0.5242725315090703,True
33,1,fullnet,Learned Polytope Approx. (FullNet),303.16222226878165,456.0802666823428,152.91804441356118,0.1254330452618836,0.0,0.0,False
33,1,cube,Inner Approx. (Cube),303.16222226878165,483.14578647331473,179.98356420453308,0.1476338952792692,0.0,0.0,False
33,1,power_energy,Outer Approx. (Power-Energy),303.16222226878165,98.80689136696034,-204.3553309018213,-0.16762515874969008,3887.043277663507,0.5242725315090703,True
33,2,fullnet,Learned Polytope Approx. (FullNet),340.86305623894793,473.7688064661777,132.90575022722976,0.11270257748952954,0.0,0.0,False
33,2,cube,Inner Approx. (Cube),340.86305623894793,440.151898405032,99.28884216608407,0.0841958185325839,0.0,0.0,False
33,2,power_energy,Outer Approx. (Power-Energy),340.86305623894793,166.1063706934826,-174.75668554546533,-0.14819169871000756,4201.005766788698,0.5524307616930795,True
33,3,fullnet,Learned Polytope Approx. (FullNet),320.69575868952325,432.7916818274206,112.09592313789733,0.09885416542668063,0.0,0.0,False
33,3,cube,Inner Approx. (Cube),320.69575868952325,424.72714158393205,104.03138289440881,0.09174227970413541,0.0,0.0,False
33,3,power_energy,Outer Approx. (Power-Energy),320.69575868952325,171.50990748613629,-149.18585120338696,-0.13156270452438873,4305.269334699606,0.5503903242231228,True
33,4,fullnet,Learned Polytope Approx. (FullNet),325.6685481363978,429.30017526092456,103.63162712452674,0.09344605058594202,0.0,0.0,False
33,4,cube,Inner Approx. (Cube),325.6685481363978,383.173850243834,57.505302107436194,0.051853314656868564,0.0,0.0,False
33,4,power_energy,Outer Approx. (Power-Energy),325.6685481363978,164.57023383257513,-161.0983143038227,-0.1452645456358191,4700.733527939272,0.7611222769603938,True
33,5,fullnet,Learned Polytope Approx. (FullNet),299.00993476345076,403.3362988569472,104.32636409349647,0.09069670152671974,0.0,0.0,False
33,5,cube,Inner Approx. (Cube),299.00993476345076,403.721799543147,104.71186477969621,0.09103183868000221,0.0,0.0,False
33,5,power_energy,Outer Approx. (Power-Energy),299.00993476345076,126.51819780455705,-172.4917369588937,-0.1499566453668971,4710.809355671256,0.5882477626155647,True
33,6,fullnet,Learned Polytope Approx. (FullNet),314.22476979998277,413.29495442614314,99.07018462616037,0.08516659876515868,0.0,0.0,False
33,6,cube,Inner Approx. (Cube),314.22476979998277,412.7631726109543,98.53840281097155,0.084709447618669,0.0,0.0,False
33,6,power_energy,Outer Approx. (Power-Energy),314.22476979998277,150.11308150627045,-164.11168829371232,-0.14108012781367804,3899.3716904382363,0.46477990902363525,True
33,7,fullnet,Learned Polytope Approx. (FullNet),302.26709499344076,410.8892525082301,108.62215751478931,0.10079166259507005,0.0,0.0,False
33,7,cube,Inner Approx. (Cube),302.26709499344076,375.9396599980351,73.67256500459433,0.06836156162195009,0.0,0.0,False
33,7,power_energy,Outer Approx. (Power-Energy),302.26709499344076,141.04650906691583,-161.22058592652493,-0.1495983073055177,4708.747148326787,0.7292585915493703,True
33,8,fullnet,Learned Polytope Approx. (FullNet),323.6647278466099,439.8670974062327,116.20236955962281,0.10497478105549668,0.0,0.0,False
33,8,cube,Inner Approx. (Cube),323.6647278466099,388.86666063300515,65.20193278639528,0.05890205720060767,0.0,0.0,False
33,8,power_energy,Outer Approx. (Power-Energy),323.6647278466099,171.6497262199856,-152.01500162662427,-0.1373271609983652,5273.125332701734,0.8090658087637799,True
33,9,fullnet,Learned Polytope Approx. (FullNet),330.7113340830458,407.1400063986599,76.42867231561411,0.06118683866683483,0.0,0.0,False
33,9,cube,Inner Approx. (Cube),330.7113340830458,424.13905125560484,93.42771717255903,0.07479583884489609,0.0,0.0,False
33,9,power_energy,Outer Approx. (Power-Energy),330.7113340830458,153.69458786303758,-177.01674622000823,-0.14171507582343457,3134.715330505999,0.33965628579961754,True
34,0,fullnet,Learned Polytope Approx. (FullNet),293.7852014740715,428.59392758344006,134.80872610936854,0.12158674984823198,0.0,0.0,False
34,0,cube,Inner Approx. (Cube),293.7852014740715,473.77718654158167,179.99198506751014,0.16233845608284542,0.0,0.0,False
34,0,power_energy,Outer Approx. (Power-Energy),293.7852014740715,116.65204486635656,-177.13315660771497,-0.15976002016974197,3535.000787208657,0.5006642559228466,True
34,1,fullnet,Learned Polytope Approx. (FullNet),305.2930286975066,441.40635813069355,136.11332943318695,0.12297612489933382,0.0,0.0,False
34,1,cube,Inner Approx. (Cube),305.2930286975066,469.2885910665258,163.99556236901918,0.14816725771687556,0.0,0.0,False
34,1,power_energy,Outer Approx. (Power-Energy),305.2930286975066,113.39437934823539,-191.8986493492712,-0.17337723181603093,3535.0007872086585,0.5006642559228468,True
34,2,fullnet,Learned Polytope Approx. (FullNet),342.1430612386256,459.0917753565584,116.94871411793281,0.10889899909780214,0.0,0.0,False
34,2,cube,Inner Approx. (Cube),342.1430612386256,432.95096850474397,90.80790726611838,0.08455749416341785,0.0,0.0,False
34,2,power_energy,Outer Approx. (Power-Energy),342.1430612386256,178.03188892878794,-164.11117230983766,-0.15281521083922595,3808.3520239331033,0.5340253197351124,True
34,3,fullnet,Learned Polytope Approx. (FullNet),321.65336328402475,420.166338713017,98.51297542899226,0.09524570240229412,0.0,0.0,False
34,3,cube,Inner Approx. (Cube),321.65336328402475,418.9385009752168,97.28513769119206,0.09405858702725281,0.0,0.0,False
34,3,power_energy,Outer Approx. (Power-Energy),321.65336328402475,181.44122884811998,-140.21213443590477,-0.13556187062179015,4067.514559707138,0.5463410879237428,True
34,4,fullnet,Learned Polytope Approx. (FullNet),329.7775256789064,420.18587972298377,90.40835404407738,0.08893746924918619,0.0,0.0,False
34,4,cube,Inner Approx. (Cube),329.7775256789064,383.9505120074446,54.17298632853823,0.05329162726911273,0.0,0.0,False
34,4,power_energy,Outer Approx. (Power-Energy),329.7775256789064,179.13938100708523,-150.63814467182115,-0.14818736057259535,4613.0523279597555,0.7851978241315832,True
34,5,fullnet,Learned Polytope Approx. (FullNet),304.9103139679854,394.66450237050685,89.75418840252144,0.08550217428138729,0.0,0.0,False
34,5,cube,Inner Approx. (Cube),304.9103139679854,405.04968176769944,100.13936779971402,0.09539536628241137,0.0,0.0,False
34,5,power_energy,Outer Approx. (Power-Energy),304.9103139679854,142.86365748530875,-162.04665648267667,-0.1543698596232717,4275.242959845259,0.5576377522047424,True
34,6,fullnet,Learned Polytope Approx. (FullNet),318.36279014230263,402.9341071017483,84.57131695944565,0.07979601002175778,0.0,0.0,False
34,6,cube,Inner Approx. (Cube),318.36279014230263,412.8858302621601,94.52304011985746,0.08918581060181469,0.0,0.0,False
34,6,power_energy,Outer Approx. (Power-Energy),318.36279014230263,165.0688396147703,-153.29395052753233,-0.14463823022213926,3575.906493549421,0.4699005765203393,True
34,7,fullnet,Learned Polytope Approx. (FullNet),307.6586415832303,402.784135593442,95.1254940102117,0.09614067360659687,0.0,0.0,False
34,7,cube,Inner Approx. (Cube),307.6586415832303,376.99801605496236,69.33937447173207,0.07007936451249083,0.0,0.0,False
34,7,power_energy,Outer Approx. (Power-Energy),307.6586415832303,157.11595688043639,-150.5426847027939,-0.15214927674718232,4621.066917767406,0.7506743978333786,True
34,8,fullnet,Learned Polytope Approx. (FullNet),327.7666654501816,429.7553791282704,101.9887136780888,0.10043949496231162,0.0,0.0,False
34,8,cube,Inner Approx. (Cube),327.7666654501816,389.0027623234348,61.23609687325319,0.060305914464475835,0.0,0.0,False
34,8,power_energy,Outer Approx. (Power-Energy),327.7666654501816,186.62651107657018,-141.14015437361144,-0.13899622137536385,4626.320363364566,0.8283948630066308,True
34,9,fullnet,Learned Polytope Approx. (FullNet),334.3140501148464,395.57327854786206,61.259228433015664,0.05394355944692844,57.886556653227785,0.007037690012972769,True
34,9,cube,Inner Approx. (Cube),334.3140501148464,427.193402109732,92.87935199488561,0.08178756040335684,0.0,0.0,False
34,9,power_energy,Outer Approx. (Power-Energy),334.3140501148464,168.81866598324484,-165.49538413160155,-0.14573167701348125,2924.453206638258,0.33729153767905284,True
35,0,fullnet,Learned Polytope Approx. (FullNet),303.1172356829691,449.489542382937,146.37230669996785,0.12149663240667818,0.0,0.0,False
35,0,cube,Inner Approx. (Cube),303.1172356829691,506.6513933126257,203.5341576296566,0.1689439436274096,0.0,0.0,False
35,0,power_energy,Outer Approx. (Power-Energy),303.1172356829691,123.95185479600569,-179.16538088696342,-0.14871659067480325,3631.06976757566,0.48924560127133004,True
35,1,fullnet,Learned Polytope Approx. (FullNet),314.9838803416668,463.54741146177787,148.56353112011107,0.1235408438868438,0.0,0.0,False
35,1,cube,Inner Approx. (Cube),314.9838803416668,500.31663980692554,185.33275946525873,0.154116998509576,0.0,0.0,False
35,1,power_energy,Outer Approx. (Power-Energy),314.9838803416668,120.67250359637265,-194.31137674529415,-0.1615833393224891,3631.069767575661,0.48924560127133015,True
35,2,fullnet,Learned Polytope Approx. (FullNet),352.93544349605895,484.2348649903345,131.29942149427552,0.11312217515670782,0.0,0.0,False
35,2,cube,Inner Approx. (Cube),352.93544349605895,453.8942512354717,100.95880773941275,0.08698195165473874,0.0,0.0,False
35,2,power_energy,Outer Approx. (Power-Energy),352.93544349605895,187.5721866910591,-165.36325680499985,-0.14247017304333223,3888.4122984474384,0.512496714496493,True
35,3,fullnet,Learned Polytope Approx. (FullNet),331.8899805122478,442.7197242154423,110.82974370319448,0.0993354981565255,0.0,0.0,False
35,3,cube,Inner Approx. (Cube),331.8899805122478,436.9218906105178,105.03191009826998,0.09413896273083525,0.0,0.0,False
35,3,power_energy,Outer Approx. (Power-Energy),331.8899805122478,190.90408361995452,-140.98589689229328,-0.12636413144061817,4040.396153293589,0.5194738891091792,True
35,4,fullnet,Learned Polytope Approx. (FullNet),337.47667501196327,441.2000574719752,103.72338246001192,0.09516664880231678,0.0,0.0,False
35,4,cube,Inner Approx. (Cube),337.47667501196327,395.53366304126837,58.0569880293051,0.05326753581754099,0.0,0.0,False
35,4,power_energy,Outer Approx. (Power-Energy),337.47667501196327,185.2045434963497,-152.27213151561358,-0.1397103345324603,4749.836785048501,0.7641442953757055,True
35,5,fullnet,Learned Polytope Approx. (FullNet),311.7635768123837,415.30724845107954,103.54367163869586,0.09170115039855875,0.0,0.0,False
35,5,cube,Inner Approx. (Cube),311.7635768123837,417.1038304298017,105.340253617418,0.09329225327937035,0.0,0.0,False
35,5,power_energy,Outer Approx. (Power-Energy),311.7635768123837,148.9158503022603,-162.84772651012338,-0.14422246791553195,4476.041207561337,0.5638295620400156,True
35,6,fullnet,Learned Polytope Approx. (FullNet),327.2594496915138,426.5079524235843,99.2485027320705,0.08690880800074362,0.0,0.0,False
35,6,cube,Inner Approx. (Cube),327.2594496915138,426.64836564986297,99.38891595834917,0.08703176346896223,0.0,0.0,False
35,6,power_energy,Outer Approx. (Power-Energy),327.2594496915138,173.22554097818679,-154.033908713327,-0.13488267358661976,3634.310620621362,0.44918132011859563,True
35,7,fullnet,Learned Polytope Approx. (FullNet),313.1545456869567,420.5664632612606,107.41191757430391,0.10127541094486407,0.0,0.0,False
35,7,cube,Inner Approx. (Cube),313.1545456869567,391.9636531066134,78.8091074196567,0.07430669631796108,0.0,0.0,False
35,7,power_energy,Outer Approx. (Power-Energy),313.1545456869567,159.84829514811457,-153.3062505388421,-0.14454777341626973,4757.856836168241,0.7323259745700209,True
35,8,fullnet,Learned Polytope Approx. (FullNet),335.11387723487906,449.3505542298293,114.23667699495024,0.10482330566853149,0.0,0.0,False
35,8,cube,Inner Approx. (Cube),335.11387723487906,404.14016722061024,69.02628998573118,0.06333836106471162,0.0,0.0,False
35,8,power_energy,Outer Approx. (Power-Energy),335.11387723487906,191.7174137284225,-143.39646350645654,-0.13158025707092447,5006.532220382261,0.8015035326141839,True
35,9,fullnet,Learned Polytope Approx. (FullNet),346.89276236505384,424.99045649322755,78.09769412817371,0.06372808153627618,0.0,0.0,False
35,9,cube,Inner Approx. (Cube),346.89276236505384,441.07977040804667,94.18700804299283,0.07685703650060008,0.0,0.0,False
35,9,power_energy,Outer Approx. (Power-Energy),346.89276236505384,181.6742702209461,-165.21849214410773,-0.1348190577993256,2958.6494947235933,0.32854407122235585,True
36,0,fullnet,Learned Polytope Approx. (FullNet),286.77411286992486,430.93844959467134,144.16433672474648,0.12750994757155626,0.0,0.0,False
36,0,cube,Inner Approx. (Cube),286.77411286992486,471.12213801847327,184.3480251485484,0.16305146997965128,0.0,0.0,False
36,0,power_energy,Outer Approx. (Power-Energy),286.77411286992486,108.89097803886698,-177.88313483105787,-0.1573334273335495,3610.5408388325236,0.5176512992760917,True
36,1,fullnet,Learned Polytope Approx. (FullNet),297.48283307432234,443.7080474940904,146.22521441976806,0.12945886777746882,0.0,0.0,False
36,1,cube,Inner Approx. (Cube),297.48283307432234,464.6567950194187,167.17396194509638,0.14800560847979208,0.0,0.0,False
36,1,power_energy,Outer Approx. (Power-Energy),297.48283307432234,104.36314988269515,-193.1196831916272,-0.170976364307192,3610.540838832524,0.5176512992760918,True
36,2,fullnet,Learned Polytope Approx. (FullNet),336.0350459258717,461.3052991311268,125.27025320525507,0.11429532252259586,0.0,0.0,False
36,2,cube,Inner Approx. (Cube),336.0350459258717,430.7321032577599,94.69705733188817,0.08640064526695526,0.0,0.0,False
36,2,power_energy,Outer Approx. (Power-Energy),336.0350459258717,169.4458092810803,-166.5892366447914,-0.1519943485698226,3958.4600232353177,0.561666675185788,True
36,3,fullnet,Learned Polytope Approx. (FullNet),316.94804569729354,420.75745481484114,103.8094091175476,0.09842648522118523,0.0,0.0,False
36,3,cube,Inner Approx. (Cube),316.94804569729354,418.7515233523638,101.80347765507025,0.09652456915091195,0.0,0.0,False
36,3,power_energy,Outer Approx. (Power-Energy),316.94804569729354,173.69098292576734,-143.2570627715262,-0.13582862374012455,4098.275072069967,0.5560406870140544,True
36,4,fullnet,Learned Polytope Approx. (FullNet),325.30057442980444,421.4006410568963,96.10006662709185,0.09249939481090808,0.0,0.0,False
36,4,cube,Inner Approx. (Cube),325.30057442980444,380.9595740523776,55.65899962257316,0.053573571398723374,0.0,0.0,False
36,4,power_energy,Outer Approx. (Power-Energy),325.30057442980444,170.5357603919257,-154.76481403787875,-0.1489660948111221,4905.607413153184,0.8388707027280217,True
36,5,fullnet,Learned Polytope Approx. (FullNet),300.56791213321503,394.96356529623745,94.39565316302242,0.08795679333565011,0.0,0.0,False
36,5,cube,Inner Approx. (Cube),300.56791213321503,401.8014198841981,101.23350775098305,0.09432822827676751,0.0,0.0,False
36,5,power_energy,Outer Approx. (Power-Energy),300.56791213321503,134.54829345650748,-166.01961867670755,-0.1546951877581886,4587.369681789025,0.6037106335314684,True
36,6,fullnet,Learned Polytope Approx. (FullNet),313.16277928807386,403.9496125735026,90.78683328542871,0.08376919434411181,0.0,0.0,False
36,6,cube,Inner Approx. (Cube),313.16277928807386,410.12180965477035,96.95903036669648,0.08946429305082995,0.0,0.0,False
36,6,power_energy,Outer Approx. (Power-Energy),313.16277928807386,155.90359817999033,-157.25918110808354,-0.14510336386799902,3762.1427708800106,0.4741100829880587,True
36,7,fullnet,Learned Polytope Approx. (FullNet),303.62815552890925,404.6905782105216,101.06242268161236,0.09999971662348796,0.0,0.0,False
36,7,cube,Inner Approx. (Cube),303.62815552890925,374.2481193970078,70.61996386809858,0.06987737071195005,0.0,0.0,False
36,7,power_energy,Outer Approx. (Power-Energy),303.62815552890925,148.63013880451797,-154.99801672439128,-0.15336815938474282,4913.620557120584,0.8017397022332248,True
36,8,fullnet,Learned Polytope Approx. (FullNet),323.04137862440984,430.89977882880055,107.8584002043907,0.10393885623521573,0.0,0.0,False
36,8,cube,Inner Approx. (Cube),323.04137862440984,385.1559421649323,62.114563540522454,0.05985733774761402,0.0,0.0,False
36,8,power_energy,Outer Approx. (Power-Energy),323.04137862440984,178.42354169511393,-144.61783692929592,-0.1393624653541826,5027.918756578185,0.8694392266543922,True
36,9,fullnet,Learned Polytope Approx. (FullNet),328.1305603023716,393.8046434691902,65.6740831668186,0.05649533486358136,103.75731792089834,0.012456619948696051,True
36,9,cube,Inner Approx. (Cube),328.1305603023716,419.53760790044635,91.40704759807477,0.0786318059412768,0.0,0.0,False
36,9,power_energy,Outer Approx. (Power-Energy),328.1305603023716,158.2246695530666,-169.90589074930497,-0.14615948529947398,3006.8576230651943,0.348353849195843,True
37,0,fullnet,Learned Polytope Approx. (FullNet),198.4962519186474,327.92808420878436,129.43183229013695,0.11416214320637048,0.0,0.0,False
37,0,cube,Inner Approx. (Cube),198.4962519186474,403.59140914233484,205.09515722368744,0.1808991056961796,0.0,0.0,False
37,0,power_energy,Outer Approx. (Power-Energy),198.4962519186474,57.84990860040704,-140.64634331824035,-0.12405362501055198,3501.4121148173886,0.5241272081585475,True
37,1,fullnet,Learned Polytope Approx. (FullNet),204.34354563144933,344.14413485972,139.80058922827067,0.12329908785620662,0.0,0.0,False
37,1,cube,Inner Approx. (Cube),204.34354563144933,391.78121599724,187.43767036579067,0.16531327881786068,0.0,0.0,False
37,1,power_energy,Outer Approx. (Power-Energy),204.34354563144933,49.06126866358571,-155.28227696786362,-0.13695337921008321,3376.296720998351,0.505398655246275,True
37,2,fullnet,Learned Polytope Approx. (FullNet),246.4232282155626,374.2941340602742,127.87090584471159,0.11587826953804842,0.0,0.0,False
37,2,cube,Inner Approx. (Cube),246.4232282155626,352.4715155787264,106.04828736316378,0.09610233028333032,0.0,0.0,False
37,2,power_energy,Outer Approx. (Power-Energy),246.4232282155626,108.88077500752851,-137.5424532080341,-0.12464275090942549,3421.2814712501686,0.540318996465443,True
37,3,fullnet,Learned Polytope Approx. (FullNet),233.13991074195837,331.74925217546553,98.60934143350715,0.09293696462077346,0.0,0.0,False
37,3,cube,Inner Approx. (Cube),233.13991074195837,339.64058507128084,106.50067432932246,0.10037435863930735,0.0,0.0,False
37,3,power_energy,Outer Approx. (Power-Energy),233.13991074195837,116.78972040759245,-116.35019033436592,-0.10965729377694555,3419.320955582554,0.5318543531641117,True
37,4,fullnet,Learned Polytope Approx. (FullNet),235.38508638684755,338.3353452509425,102.95025886409496,0.09831357313299123,0.0,0.0,False
37,4,cube,Inner Approx. (Cube),235.38508638684755,299.0588898805613,63.67380349371376,0.06080605532715357,0.0,0.0,False
37,4,power_energy,Outer Approx. (Power-Energy),235.38508638684755,112.34651087139153,-123.03857551545602,-0.11749714984288,3611.8518918155773,0.6564076139734494,True
37,5,fullnet,Learned Polytope Approx. (FullNet),207.44837190452142,302.09507220016366,94.64670029564223,0.08748907733866357,0.0,0.0,False
37,5,cube,Inner Approx. (Cube),207.44837190452142,322.17822511233027,114.72985320780884,0.10605344897389583,0.0,0.0,False
37,5,power_energy,Outer Approx. (Power-Energy),207.44837190452142,82.04495543678948,-125.40341646773194,-0.11591982781869034,3571.2687662327726,0.5533680021477467,True
37,6,fullnet,Learned Polytope Approx. (FullNet),225.34830334756202,312.09070967215445,86.74240632459242,0.0793677592337841,0.0,0.0,False
37,6,cube,Inner Approx. (Cube),225.34830334756202,332.86300325221157,107.51469990464955,0.098374038462725,0.0,0.0,False
37,6,power_energy,Outer Approx. (Power-Energy),225.34830334756202,96.12940658441191,-129.2188967631501,-0.1182329926192659,3268.332207295338,0.45572686140134694,True
37,7,fullnet,Learned Polytope Approx. (FullNet),214.73944402769243,319.5537468840986,104.81430285640616,0.10299367269091,0.0,0.0,False
37,7,cube,Inner Approx. (Cube),214.73944402769243,289.7484846649751,75.00904063728265,0.07370612950447425,0.0,0.0,False
37,7,power_energy,Outer Approx. (Power-Energy),214.73944402769243,93.64752609054037,-121.09191793715206,-0.11898854470863195,3611.8518918155773,0.6564076139734494,True
37,8,fullnet,Learned Polytope Approx. (FullNet),236.45301134964598,345.8720610511818,109.41904970153581,0.10469356216280402,0.0,0.0,False
37,8,cube,Inner Approx. (Cube),236.45301134964598,298.2397792329141,61.78676788326811,0.059118378763756335,0.0,0.0,False
37,8,power_energy,Outer Approx. (Power-Energy),236.45301134964598,119.262231192626,-117.19078015701997,-0.11212965439512733,3748.3316936706738,0.7277961495078543,True
37,9,fullnet,Learned Polytope Approx. (FullNet),235.9312800195377,297.74781910097397,61.816539081436275,0.05271491490381225,293.34947136900786,0.035201294537508684,True
37,9,cube,Inner Approx. (Cube),235.9312800195377,345.33254577451027,109.40126575497257,0.09329345350514136,0.0,0.0,False
37,9,power_energy,Outer Approx. (Power-Energy),235.9312800195377,90.34554013869895,-145.58573988083873,-0.12415026792290368,2696.2616491800204,0.33078229674213705,True
38,0,fullnet,Learned Polytope Approx. (FullNet),311.0106218566586,449.8233871992707,138.81276534261212,0.11534329030329424,0.0,0.0,False
38,0,cube,Inner Approx. (Cube),311.0106218566586,512.1723240391443,201.16170218248573,0.16715071236763715,0.0,0.0,False
38,0,power_energy,Outer Approx. (Power-Energy),311.0106218566586,139.0983559162106,-171.91226594044798,-0.14284656276478067,3444.6409547801827,0.4625938243870008,True
38,1,fullnet,Learned Polytope Approx. (FullNet),323.2806514208561,461.41350495208724,138.13285353123115,0.11523544386116907,0.0,0.0,False
38,1,cube,Inner Approx. (Cube),323.2806514208561,505.3376954927074,182.0570440718513,0.15187859908308388,0.0,0.0,False
38,1,power_energy,Outer Approx. (Power-Energy),323.2806514208561,137.33815610656077,-185.94249531429531,-0.1551199836420638,3444.640954780183,0.46259382438700086,True
38,2,fullnet,Learned Polytope Approx. (FullNet),361.8491896166831,488.44601608471373,126.59682646803066,0.10965306897247085,0.0,0.0,False
38,2,cube,Inner Approx. (Cube),361.8491896166831,463.16517100788667,101.3159813912036,0.08775581983730624,0.0,0.0,False
38,2,power_energy,Outer Approx. (Power-Energy),361.8491896166831,204.3484388154483,-157.50075080123477,-0.13642080273777654,3730.0391834697407,0.4964565038058248,True
38,3,fullnet,Learned Polytope Approx. (FullNet),339.96703477003564,444.03286942942464,104.065834659389,0.09371899258363052,0.0,0.0,False
38,3,cube,Inner Approx. (Cube),339.96703477003564,447.97515842233105,108.00812365229541,0.09726931583907746,0.0,0.0,False
38,3,power_energy,Outer Approx. (Power-Energy),339.96703477003564,205.99978773853937,-133.96724703149627,-0.12064742931326154,4018.311579554183,0.5145089408345368,True
38,4,fullnet,Learned Polytope Approx. (FullNet),346.51340651441507,443.52142681350836,97.00802029909329,0.08970346203362678,0.0,0.0,False
38,4,cube,Inner Approx. (Cube),346.51340651441507,405.17035754294864,58.65695102853357,0.0542401706928303,0.0,0.0,False
38,4,power_energy,Outer Approx. (Power-Energy),346.51340651441507,201.86112758587194,-144.65227892854313,-0.1337601795288409,4799.009803041421,0.7605960795960256,True
38,5,fullnet,Learned Polytope Approx. (FullNet),320.9929238745582,416.38207654938196,95.38915267482378,0.08510204938319169,0.0,0.0,False
38,5,cube,Inner Approx. (Cube),320.9929238745582,429.0453712775315,108.05244740297331,0.09639968966083014,0.0,0.0,False
38,5,power_energy,Outer Approx. (Power-Energy),320.9929238745582,165.9791675879358,-155.0137562866224,-0.13829652505195136,4322.391630089792,0.5389706472179931,True
38,6,fullnet,Learned Polytope Approx. (FullNet),337.1877729682354,429.18912503358234,92.00135206534696,0.08114469194691426,0.0,0.0,False
38,6,cube,Inner Approx. (Cube),337.1877729682354,438.2325525905875,101.04477962235211,0.08912094584735905,0.0,0.0,False
38,6,power_energy,Outer Approx. (Power-Energy),337.1877729682354,191.1591247066416,-146.0286482615938,-0.12879647323220714,3518.178170718704,0.4435374698213691,True
38,7,fullnet,Learned Polytope Approx. (FullNet),322.24355685370114,422.8333012864672,100.58974443276605,0.09542618065010376,0.0,0.0,False
38,7,cube,Inner Approx. (Cube),322.24355685370114,399.95119841639536,77.70764156269422,0.0737186825900683,0.0,0.0,False
38,7,power_energy,Outer Approx. (Power-Energy),322.24355685370114,176.47873128701508,-145.76482556668606,-0.13828229364132355,4807.027067605694,0.7293894134170379,True
38,8,fullnet,Learned Polytope Approx. (FullNet),344.533771876052,453.6885397060238,109.15476782997177,0.10086394207211052,0.0,0.0,False
38,8,cube,Inner Approx. (Cube),344.533771876052,412.4085055494975,67.87473367344546,0.06271932359438837,0.0,0.0,False
38,8,power_energy,Outer Approx. (Power-Energy),344.533771876052,209.4592224762913,-135.0745493997607,-0.12481499248201387,4784.502744224605,0.7908115028872884,True
38,9,fullnet,Learned Polytope Approx. (FullNet),357.5757445069834,428.1440112989054,70.56826679192199,0.05804451154731901,0.0,0.0,False
38,9,cube,Inner Approx. (Cube),357.5757445069834,452.5582749525484,94.98253044556498,0.07812597412229881,0.0,0.0,False
38,9,power_energy,Outer Approx. (Power-Energy),357.5757445069834,201.15966346682228,-156.41608104016115,-0.1286569081949071,2829.0737190379464,0.31542033564084243,True
39,0,fullnet,Learned Polytope Approx. (FullNet),299.2474646681004,437.1310879438437,137.88362327574328,0.12387399685572795,0.0,0.0,False
39,0,cube,Inner Approx. (Cube),299.2474646681004,490.61545146091294,191.36798679281253,0.17192409679322782,0.0,0.0,False
39,0,power_energy,Outer Approx. (Power-Energy),299.2474646681004,128.9182113899467,-170.32925327815371,-0.15302299782782353,3408.0676376696233,0.4792737554360141,True
39,1,fullnet,Learned Polytope Approx. (FullNet),310.8076150605929,449.32732800013525,138.51971293954233,0.12473993084079132,0.0,0.0,False
39,1,cube,Inner Approx. (Cube),310.8076150605929,482.78512403824715,171.97750897765422,0.1548693837201872,0.0,0.0,False
39,1,power_energy,Outer Approx. (Power-Energy),310.8076150605929,126.2551157491479,-184.55249931144502,-0.16619342844474785,3408.0676376696233,0.4792737554360141,True
39,2,fullnet,Learned Polytope Approx. (FullNet),348.70818702561195,468.52529816800677,119.81711114239482,0.1112073705677314,0.0,0.0,False
39,2,cube,Inner Approx. (Cube),348.70818702561195,445.5937358676752,96.88554884206326,0.08992360965816236,0.0,0.0,False
39,2,power_energy,Outer Approx. (Power-Energy),348.70818702561195,191.84351188317478,-156.86467514243716,-0.1455927946453337,3613.769564132433,0.5036035072494053,True
39,3,fullnet,Learned Polytope Approx. (FullNet),327.95369490945814,428.36438172609604,100.4106868166379,0.09681008030830796,0.0,0.0,False
39,3,cube,Inner Approx. (Cube),327.95369490945814,432.1440611202512,104.19036621079306,0.1004542249435898,0.0,0.0,False
39,3,power_energy,Outer Approx. (Power-Energy),327.95369490945814,194.0267339213458,-133.92696098811234,-0.1291245011836571,3992.6332712121985,0.5349580111534902,True
39,4,fullnet,Learned Polytope Approx. (FullNet),336.081109350727,430.9843989849662,94.90328963423923,0.09287965250915066,0.0,0.0,False
39,4,cube,Inner Approx. (Cube),336.081109350727,394.7887350054499,58.707625654722904,0.05745579411907677,0.0,0.0,False
39,4,power_energy,Outer Approx. (Power-Energy),336.081109350727,192.55495013529963,-143.52615921542736,-0.14046572932591458,4459.3444601282245,0.7432098418872836,True
39,5,fullnet,Learned Polytope Approx. (FullNet),311.4923031108376,404.61548324461165,93.12318013377404,0.08830407961098787,0.0,0.0,False
39,5,cube,Inner Approx. (Cube),311.4923031108376,417.1848935661762,105.69259045533857,0.10022302619447182,0.0,0.0,False
39,5,power_energy,Outer Approx. (Power-Energy),311.4923031108376,156.86684740940245,-154.62545570143516,-0.14662362830103495,4096.907201442934,0.534371031749247,True
39,6,fullnet,Learned Polytope Approx. (FullNet),325.36056648002113,414.7761102104148,89.41554373039367,0.08400184155511434,0.0,0.0,False
39,6,cube,Inner Approx. (Cube),325.36056648002113,424.8459056367959,99.48533915677478,0.09346195692889979,0.0,0.0,False
39,6,power_energy,Outer Approx. (Power-Energy),325.36056648002113,179.7694025228148,-145.59116395720633,-0.13677628493132776,3390.4090318147137,0.44717581505554393,True
39,7,fullnet,Learned Polytope Approx. (FullNet),313.33893477826564,410.4047279956619,97.06579321739628,0.09747180486065304,0.0,0.0,False
39,7,cube,Inner Approx. (Cube),313.33893477826564,389.8905461886999,76.55161141043425,0.07687181531041262,0.0,0.0,False
39,7,power_energy,Outer Approx. (Power-Energy),313.33893477826564,169.44948414860508,-143.88945062966056,-0.1444913186035473,4467.36315253617,0.7112391942647078,True
39,8,fullnet,Learned Polytope Approx. (FullNet),333.8912512487474,437.7567274086766,103.86547615992924,0.10165111217354146,0.0,0.0,False
39,8,cube,Inner Approx. (Cube),333.8912512487474,401.2475707211242,67.35631947237681,0.06592031384654592,0.0,0.0,False
39,8,power_energy,Outer Approx. (Power-Energy),333.8912512487474,199.2244377039359,-134.66681354481148,-0.1317957792695142,4470.171658570281,0.7764489076489772,True
39,9,fullnet,Learned Polytope Approx. (FullNet),342.9630782959356,409.5571327853767,66.59405448944113,0.058494086567548675,0.0,0.0,False
39,9,cube,Inner Approx. (Cube),342.9630782959356,435.72501114366,92.76193284772444,0.08147911359006167,0.0,0.0,False
39,9,power_energy,Outer Approx. (Power-Energy),342.9630782959356,186.8178624451447,-156.1452158507909,-0.1371529612231812,2744.8051092330807,0.3196334016238917,True
